site_id,lat,lon,bin_age,Picea,Abies,Larix,Pinus,Tsuga,Betula,Quercus,Fagus,Fraxinus,Ulmus,Carya,Acer,Alnus,Populus,Other,n_grains
203,36.02963,-85.501848,250.0,0.0,0.0,0.0,0.02822639313254765,0.00014549687181725592,0.01033027789902517,0.22071875454677725,0.0030554343081623746,0.01818710897715699,0.008875309180852612,0.02429797759348174,0.04117561472428343,0.33988069256510983,0.0011639749745380474,0.30394296522624764,6873.0
203,36.02963,-85.501848,750.0,0.0,0.0,0.0,0.028189910979228485,0.001483679525222552,0.005934718100890208,0.2922848664688427,0.002967359050445104,0.025222551928783383,0.004451038575667656,0.040059347181008904,0.004451038575667656,0.2878338278931751,0.005934718100890208,0.30118694362017806,674.0
203,36.02963,-85.501848,1250.0,0.0,0.0,0.0,0.0322061191626409,0.0,0.001610305958132045,0.33816425120772947,0.00322061191626409,0.037037037037037035,0.011272141706924315,0.04508856682769726,0.00644122383252818,0.3333333333333333,0.0,0.19162640901771336,621.0
203,36.02963,-85.501848,1750.0,0.0015822784810126582,0.0,0.0,0.03481012658227848,0.0,0.004746835443037975,0.4208860759493671,0.0,0.023734177215189875,0.011075949367088608,0.04272151898734177,0.007911392405063292,0.28164556962025317,0.0015822784810126582,0.16930379746835442,632.0
203,36.02963,-85.501848,2250.0,0.0,0.0,0.0,0.03474320241691843,0.0,0.0030211480362537764,0.31268882175226587,0.0,0.028700906344410877,0.0030211480362537764,0.028700906344410877,0.0030211480362537764,0.34441087613293053,0.0030211480362537764,0.23867069486404835,662.0
203,36.02963,-85.501848,2750.0,0.0,0.0,0.0,0.022113022113022112,0.0,0.002457002457002457,0.2800982800982801,0.0,0.04054054054054054,0.006142506142506142,0.028255528255528257,0.0036855036855036856,0.4631449631449631,0.002457002457002457,0.1511056511056511,814.0
203,36.02963,-85.501848,3250.0,0.002797202797202797,0.0,0.0,0.026573426573426574,0.009790209790209791,0.002797202797202797,0.3356643356643357,0.002797202797202797,0.032167832167832165,0.004195804195804196,0.025174825174825177,0.004195804195804196,0.34265734265734266,0.0,0.2111888111888112,715.0
203,36.02963,-85.501848,3750.0,0.0013175230566534915,0.0,0.0,0.013175230566534914,0.0013175230566534915,0.0,0.3096179183135705,0.0013175230566534915,0.034255599472990776,0.003952569169960474,0.03689064558629776,0.002635046113306983,0.35968379446640314,0.0013175230566534915,0.23451910408432147,759.0
203,36.02963,-85.501848,4250.0,0.0,0.0,0.0,0.01639344262295082,0.0,0.0,0.3224043715846995,0.0,0.02459016393442623,0.004098360655737705,0.023224043715846996,0.00273224043715847,0.3797814207650273,0.0,0.226775956284153,732.0
203,36.02963,-85.501848,4750.0,0.0012062726176115801,0.0,0.0,0.013268998793727383,0.0036188178528347406,0.008443908323281062,0.23039806996381182,0.0,0.05548854041013269,0.0012062726176115801,0.020506634499396863,0.0036188178528347406,0.47165259348612787,0.009650180940892641,0.18094089264173704,829.0
203,36.02963,-85.501848,5250.0,0.0023952095808383233,0.0,0.0,0.016766467065868262,0.003592814371257485,0.022754491017964073,0.19041916167664671,0.005988023952095809,0.04790419161676647,0.0,0.04431137724550898,0.00718562874251497,0.4802395209580838,0.0,0.1784431137724551,835.0
203,36.02963,-85.501848,5750.0,0.013262599469496022,0.0,0.0,0.006631299734748011,0.001326259946949602,0.011936339522546418,0.21750663129973474,0.003978779840848806,0.04376657824933687,0.007957559681697613,0.03580901856763926,0.007957559681697613,0.4482758620689655,0.021220159151193633,0.18037135278514588,754.0
203,36.02963,-85.501848,6750.0,0.002285714285714286,0.0,0.0,0.011428571428571429,0.004571428571428572,0.012571428571428572,0.23085714285714284,0.0034285714285714284,0.027428571428571427,0.002285714285714286,0.04,0.005714285714285714,0.464,0.0,0.19542857142857142,875.0
203,36.02963,-85.501848,7250.0,0.01288659793814433,0.0,0.0,0.014175257731958763,0.003865979381443299,0.010309278350515464,0.18170103092783504,0.005154639175257732,0.06701030927835051,0.001288659793814433,0.030927835051546393,0.011597938144329897,0.41365979381443296,0.014175257731958763,0.23324742268041238,776.0
203,36.02963,-85.501848,8750.0,0.008645533141210375,0.0,0.0,0.012968299711815562,0.004322766570605188,0.001440922190201729,0.32132564841498557,0.008645533141210375,0.02881844380403458,0.004322766570605188,0.023054755043227664,0.005763688760806916,0.2953890489913545,0.001440922190201729,0.2838616714697406,694.0
203,36.02963,-85.501848,9250.0,0.033846153846153845,0.003076923076923077,0.0,0.007692307692307693,0.0,0.012307692307692308,0.23384615384615384,0.004615384615384616,0.04,0.003076923076923077,0.016923076923076923,0.012307692307692308,0.0,0.0,0.6323076923076923,650.0
203,36.02963,-85.501848,9750.0,0.02711323763955343,0.0,0.0,0.006379585326953748,0.003189792663476874,0.001594896331738437,0.2551834130781499,0.014354066985645933,0.03827751196172249,0.006379585326953748,0.023923444976076555,0.003189792663476874,0.007974481658692184,0.0,0.6124401913875598,627.0
203,36.02963,-85.501848,11250.0,0.07756232686980609,0.002770083102493075,0.0,0.0221606648199446,0.0,0.013850415512465374,0.43490304709141275,0.002770083102493075,0.04986149584487535,0.0221606648199446,0.019390581717451522,0.008310249307479225,0.00554016620498615,0.0,0.3407202216066482,361.0
203,36.02963,-85.501848,12250.0,0.09116022099447514,0.0,0.0,0.022099447513812154,0.0,0.0055248618784530384,0.39226519337016574,0.0055248618784530384,0.03314917127071823,0.016574585635359115,0.03038674033149171,0.022099447513812154,0.0,0.0,0.3812154696132597,362.0
203,36.02963,-85.501848,12750.0,0.08765315739868049,0.01413760603204524,0.0,0.14278982092365694,0.0,0.015080113100848256,0.3477851083883129,0.008011310084825637,0.04806786050895382,0.01885014137606032,0.015551366635249765,0.010838831291234684,0.021677662582469368,0.000942507068803016,0.26861451460885954,2122.0
203,36.02963,-85.501848,13250.0,0.16434540389972144,0.036211699164345405,0.0,0.20612813370473537,0.0,0.019498607242339833,0.21448467966573817,0.011142061281337047,0.06685236768802229,0.011142061281337047,0.008356545961002786,0.016713091922005572,0.03064066852367688,0.0,0.21448467966573817,359.0
203,36.02963,-85.501848,13750.0,0.16802168021680217,0.008130081300813009,0.0,0.19241192411924118,0.0,0.008130081300813009,0.2791327913279133,0.005420054200542005,0.08943089430894309,0.024390243902439025,0.016260162601626018,0.0027100271002710027,0.04336043360433604,0.0,0.16260162601626016,369.0
203,36.02963,-85.501848,14250.0,0.22206303724928367,0.015759312320916905,0.0,0.19484240687679083,0.0,0.024355300859598854,0.25358166189111747,0.004297994269340974,0.09025787965616046,0.01002865329512894,0.01002865329512894,0.0014326647564469914,0.025787965616045846,0.0,0.14756446991404013,698.0
203,36.02963,-85.501848,14750.0,0.18994413407821228,0.0,0.0,0.39385474860335196,0.0,0.0111731843575419,0.164804469273743,0.002793296089385475,0.03910614525139665,0.00558659217877095,0.013966480446927373,0.002793296089385475,0.03910614525139665,0.0,0.13687150837988826,358.0
254,42.25,-77.91667,250.0,0.0007334066740007334,0.0,0.0,0.1664833149981665,0.2508250825082508,0.08177484415108177,0.10231023102310231,0.06894022735606894,0.012467913458012467,0.01796846351301797,0.0088008800880088,0.033736707004033736,0.004033736707004034,0.008067473414008068,0.24385771910524387,2727.0
254,42.25,-77.91667,750.0,0.0,0.0,0.0,0.1761006289308176,0.32075471698113206,0.10377358490566038,0.1320754716981132,0.07232704402515723,0.006289308176100629,0.009433962264150943,0.006289308176100629,0.04716981132075472,0.0,0.0,0.12578616352201258,318.0
254,42.25,-77.91667,1250.0,0.0,0.0,0.0,0.1339421613394216,0.2770167427701674,0.0852359208523592,0.1126331811263318,0.1719939117199391,0.0136986301369863,0.0213089802130898,0.0060882800608828,0.0487062404870624,0.0030441400304414,0.0045662100456621,0.121765601217656,657.0
254,42.25,-77.91667,1750.0,0.0,0.0,0.0,0.09146341463414634,0.18902439024390244,0.051829268292682924,0.10365853658536585,0.27134146341463417,0.009146341463414634,0.04878048780487805,0.024390243902439025,0.0701219512195122,0.003048780487804878,0.006097560975609756,0.13109756097560976,328.0
254,42.25,-77.91667,2250.0,0.0,0.0,0.0,0.11800302571860817,0.09379727685325265,0.09984871406959153,0.15431164901664146,0.17700453857791226,0.012102874432677761,0.019667170953101363,0.01059001512859304,0.1361573373676248,0.0045385779122541605,0.0030257186081694403,0.17095310136157338,661.0
254,42.25,-77.91667,2750.0,0.0,0.0,0.0,0.16863905325443787,0.06804733727810651,0.1227810650887574,0.13757396449704143,0.14053254437869822,0.02514792899408284,0.03994082840236687,0.008875739644970414,0.09911242603550297,0.010355029585798817,0.0029585798816568047,0.1760355029585799,676.0
254,42.25,-77.91667,3250.0,0.0,0.0,0.0,0.12857142857142856,0.03571428571428571,0.10142857142857142,0.18142857142857144,0.18142857142857144,0.007142857142857143,0.027142857142857142,0.01,0.10142857142857142,0.002857142857142857,0.002857142857142857,0.22,700.0
254,42.25,-77.91667,3750.0,0.0056657223796034,0.0,0.0,0.12039660056657224,0.05807365439093484,0.11473087818696884,0.15864022662889518,0.18838526912181303,0.021246458923512748,0.028328611898016998,0.012747875354107648,0.09348441926345609,0.0028328611898017,0.007082152974504249,0.18838526912181303,706.0
254,42.25,-77.91667,4250.0,0.0,0.0,0.0,0.049959049959049956,0.14742014742014742,0.12694512694512694,0.10647010647010648,0.2031122031122031,0.020475020475020474,0.03276003276003276,0.010647010647010647,0.07534807534807535,0.009828009828009828,0.00819000819000819,0.20884520884520885,1221.0
254,42.25,-77.91667,4750.0,0.0028169014084507044,0.0,0.0,0.03943661971830986,0.5915492957746479,0.022535211267605635,0.04788732394366197,0.04507042253521127,0.0028169014084507044,0.014084507042253521,0.0028169014084507044,0.030985915492957747,0.0,0.0,0.2,355.0
254,42.25,-77.91667,5750.0,0.0,0.0,0.0,0.08358208955223881,0.4298507462686567,0.050746268656716415,0.09253731343283582,0.08656716417910448,0.020895522388059702,0.020895522388059702,0.005970149253731343,0.0626865671641791,0.008955223880597015,0.0029850746268656717,0.13432835820895522,335.0
254,42.25,-77.91667,6750.0,0.0028089887640449437,0.0,0.0,0.16853932584269662,0.37359550561797755,0.06179775280898876,0.10112359550561797,0.06741573033707865,0.025280898876404494,0.016853932584269662,0.0028089887640449437,0.05056179775280899,0.016853932584269662,0.0,0.11235955056179775,356.0
254,42.25,-77.91667,8250.0,0.0,0.0022727272727272726,0.0,0.28863636363636364,0.18409090909090908,0.011363636363636364,0.10909090909090909,0.006818181818181818,0.011363636363636364,0.031818181818181815,0.0022727272727272726,0.015909090909090907,0.2159090909090909,0.0,0.12045454545454545,440.0
254,42.25,-77.91667,9250.0,0.002793296089385475,0.0111731843575419,0.0,0.39106145251396646,0.19553072625698323,0.04748603351955307,0.1005586592178771,0.019553072625698324,0.008379888268156424,0.019553072625698324,0.00558659217877095,0.025139664804469275,0.06424581005586592,0.0,0.10893854748603352,358.0
254,42.25,-77.91667,10250.0,0.013404825737265416,0.04825737265415549,0.0,0.5951742627345844,0.05093833780160858,0.03485254691689008,0.08310991957104558,0.002680965147453083,0.002680965147453083,0.0160857908847185,0.005361930294906166,0.013404825737265416,0.08579088471849866,0.0,0.04825737265415549,373.0
254,42.25,-77.91667,10750.0,0.026004728132387706,0.04964539007092199,0.0,0.3049645390070922,0.08274231678486997,0.030732860520094562,0.10638297872340426,0.0070921985815602835,0.026004728132387706,0.016548463356973995,0.002364066193853428,0.002364066193853428,0.0425531914893617,0.002364066193853428,0.30023640661938533,423.0
254,42.25,-77.91667,11250.0,0.19092904169714703,0.019019751280175568,0.0,0.1250914411119239,0.001463057790782736,0.01755669348939283,0.10168251645940014,0.0021945866861741038,0.06217995610826628,0.0073152889539136795,0.000731528895391368,0.0021945866861741038,0.0021945866861741038,0.0,0.46744696415508413,1367.0
254,42.25,-77.91667,11750.0,0.3076923076923077,0.011655011655011656,0.0,0.17482517482517482,0.0,0.009324009324009324,0.11188811188811189,0.0,0.04195804195804196,0.0,0.004662004662004662,0.011655011655011656,0.002331002331002331,0.0,0.32400932400932403,429.0
254,42.25,-77.91667,12250.0,0.39003250270855905,0.0065005417118093175,0.0,0.08775731310942579,0.0,0.020585048754062838,0.08125677139761647,0.0,0.05742145178764897,0.0032502708559046588,0.0010834236186348862,0.0010834236186348862,0.01950162513542795,0.0,0.3315276273022752,923.0
254,42.25,-77.91667,12750.0,0.21779141104294478,0.003067484662576687,0.0,0.09815950920245399,0.0,0.03067484662576687,0.06901840490797546,0.0,0.04754601226993865,0.006134969325153374,0.003067484662576687,0.0015337423312883436,0.027607361963190184,0.0,0.495398773006135,652.0
254,42.25,-77.91667,13250.0,0.1526433358153388,0.0029784065524944155,0.0,0.11913626209977662,0.0007446016381236039,0.014892032762472078,0.040208488458674606,0.0,0.026061057334326135,0.0007446016381236039,0.004467609828741623,0.0037230081906180195,0.034996276991809384,0.0,0.5994043186895012,1343.0
254,42.25,-77.91667,13750.0,0.13962264150943396,0.0037735849056603774,0.0,0.12547169811320755,0.0,0.01509433962264151,0.04150943396226415,0.0,0.033962264150943396,0.0009433962264150943,0.002830188679245283,0.002830188679245283,0.02830188679245283,0.0,0.6056603773584905,1060.0
254,42.25,-77.91667,14250.0,0.178117048346056,0.005089058524173028,0.0,0.19592875318066158,0.01272264631043257,0.015267175572519083,0.04580152671755725,0.002544529262086514,0.027989821882951654,0.0,0.0,0.0,0.015267175572519083,0.0,0.5012722646310432,393.0
254,42.25,-77.91667,14750.0,0.1517509727626459,0.0038910505836575876,0.0,0.13618677042801555,0.005836575875486381,0.020428015564202335,0.07879377431906615,0.0,0.021400778210116732,0.0048638132295719845,0.0019455252918287938,0.0038910505836575876,0.013618677042801557,0.0,0.5573929961089494,1028.0
260,42.5,-73.31667,250.0,0.02336448598130841,0.0,0.0,0.04672897196261682,0.0630841121495327,0.17523364485981308,0.16238317757009346,0.04906542056074766,0.014018691588785047,0.010514018691588784,0.009345794392523364,0.02453271028037383,0.04789719626168224,0.007009345794392523,0.36682242990654207,856.0
260,42.5,-73.31667,750.0,0.02857142857142857,0.0,0.006644518272425249,0.021926910299003323,0.09833887043189368,0.2425249169435216,0.19601328903654486,0.08172757475083056,0.019933554817275746,0.006644518272425249,0.007308970099667774,0.030564784053156147,0.02524916943521595,0.004651162790697674,0.22990033222591363,1505.0
260,42.5,-73.31667,1250.0,0.017266187050359712,0.0028776978417266188,0.002158273381294964,0.0618705035971223,0.06978417266187051,0.21151079136690648,0.2381294964028777,0.1237410071942446,0.014388489208633094,0.011510791366906475,0.017266187050359712,0.03381294964028777,0.02805755395683453,0.002158273381294964,0.16546762589928057,1390.0
260,42.5,-73.31667,1750.0,0.015337423312883436,0.0,0.0,0.0705521472392638,0.10020449897750511,0.18404907975460122,0.1901840490797546,0.14314928425357873,0.03680981595092025,0.013292433537832311,0.023517382413087935,0.03578732106339468,0.019427402862985686,0.002044989775051125,0.1656441717791411,978.0
260,42.5,-73.31667,2250.0,0.0,0.0,0.0015873015873015873,0.07936507936507936,0.05555555555555555,0.22063492063492063,0.2126984126984127,0.1619047619047619,0.050793650793650794,0.012698412698412698,0.01746031746031746,0.05238095238095238,0.015873015873015872,0.004761904761904762,0.11428571428571428,630.0
260,42.5,-73.31667,2750.0,0.0017241379310344827,0.0,0.0,0.05,0.039655172413793106,0.20862068965517241,0.22413793103448276,0.11724137931034483,0.027586206896551724,0.017241379310344827,0.015517241379310345,0.05517241379310345,0.006896551724137931,0.006896551724137931,0.2293103448275862,580.0
260,42.5,-73.31667,3250.0,0.003816793893129771,0.0,0.0,0.0982824427480916,0.03244274809160305,0.18797709923664122,0.2729007633587786,0.13263358778625955,0.03148854961832061,0.019083969465648856,0.025763358778625955,0.04103053435114504,0.01431297709923664,0.0009541984732824427,0.13931297709923665,1048.0
260,42.5,-73.31667,3750.0,0.0017953321364452424,0.0,0.0,0.11131059245960502,0.02872531418312388,0.19748653500897667,0.2872531418312388,0.1490125673249551,0.03052064631956912,0.012567324955116697,0.02154398563734291,0.03411131059245961,0.008976660682226212,0.003590664272890485,0.11310592459605028,557.0
260,42.5,-73.31667,4250.0,0.0,0.0,0.0,0.12035398230088495,0.04601769911504425,0.2088495575221239,0.3168141592920354,0.10088495575221239,0.023008849557522124,0.021238938053097345,0.02831858407079646,0.049557522123893805,0.010619469026548672,0.0,0.0743362831858407,565.0
260,42.5,-73.31667,4750.0,0.0,0.0,0.0,0.06471581316826111,0.03939223410241981,0.21553179516038268,0.27405740011254925,0.15081598199212154,0.04276871131119865,0.021384355655599326,0.029262802476083285,0.05458638154192459,0.0039392234102419805,0.0061902082160945416,0.09735509285312324,1777.0
260,42.5,-73.31667,5250.0,0.001697792869269949,0.0,0.0,0.04584040747028863,0.05263157894736842,0.23938879456706283,0.2631578947368421,0.13242784380305603,0.03904923599320883,0.01697792869269949,0.035653650254668934,0.030560271646859084,0.003395585738539898,0.001697792869269949,0.13752122241086587,589.0
260,42.5,-73.31667,5750.0,0.0009328358208955224,0.0,0.0,0.04757462686567164,0.16324626865671643,0.2042910447761194,0.24720149253731344,0.12126865671641791,0.030783582089552237,0.025186567164179104,0.029850746268656716,0.03731343283582089,0.0018656716417910447,0.0,0.09048507462686567,1072.0
260,42.5,-73.31667,6250.0,0.0,0.0,0.0,0.040923399790136414,0.15949632738719832,0.15005246589716684,0.23924449108079748,0.15424973767051417,0.03672612801678909,0.023084994753410283,0.024134312696747113,0.04407135362014691,0.007345225603357817,0.004197271773347324,0.11647429171038824,953.0
260,42.5,-73.31667,6750.0,0.0,0.0,0.0,0.03812316715542522,0.13294232649071358,0.15542521994134897,0.27370478983382207,0.10263929618768329,0.047898338220918865,0.02737047898338221,0.02932551319648094,0.03812316715542522,0.005865102639296188,0.006842619745845552,0.14173998044965788,1023.0
260,42.5,-73.31667,7250.0,0.006521739130434782,0.002173913043478261,0.0,0.05,0.16304347826086957,0.27608695652173915,0.17173913043478262,0.14347826086956522,0.02608695652173913,0.021739130434782608,0.017391304347826087,0.03695652173913044,0.006521739130434782,0.0,0.0782608695652174,460.0
260,42.5,-73.31667,7750.0,0.0006887052341597796,0.0,0.0,0.06473829201101929,0.20798898071625344,0.16873278236914602,0.2327823691460055,0.11294765840220386,0.03236914600550964,0.014462809917355372,0.011707988980716254,0.03994490358126722,0.005509641873278237,0.0013774104683195593,0.10674931129476584,1452.0
260,42.5,-73.31667,8250.0,0.0,0.0,0.0,0.07757404795486601,0.14950634696755993,0.18758815232722145,0.29760225669957685,0.10860366713681241,0.03385049365303244,0.021156558533145273,0.004231311706629055,0.039492242595204514,0.009873060648801129,0.007052186177715092,0.06346967559943582,709.0
260,42.5,-73.31667,8750.0,0.0049285362247412515,0.0,0.0,0.14046328240512568,0.21685559388861508,0.09019221291276491,0.2799408575653031,0.051256776737309016,0.050763923114834894,0.023164120256283883,0.003942828979793002,0.025135534746180386,0.007885657959586003,0.0049285362247412515,0.10054213898472154,2029.0
260,42.5,-73.31667,9750.0,0.020444978953698137,0.0024052916416115455,0.0,0.30246542393265186,0.05772699939867709,0.06975345760673482,0.2946482260974143,0.0006013229104028864,0.0487071557426338,0.02465423932651834,0.0024052916416115455,0.020444978953698137,0.025856885147324114,0.0012026458208057728,0.12868310282621767,1663.0
260,42.5,-73.31667,10250.0,0.03956639566395664,0.0032520325203252032,0.007588075880758808,0.3907859078590786,0.008672086720867209,0.17831978319783198,0.11273712737127371,0.005420054200542005,0.02926829268292683,0.016802168021680216,0.005962059620596206,0.03035230352303523,0.05962059620596206,0.016260162601626018,0.0953929539295393,1845.0
260,42.5,-73.31667,10750.0,0.4015748031496063,0.0036341611144760752,0.0006056935190793458,0.22955784373107208,0.008479709267110842,0.04845548152634767,0.05511811023622047,0.0012113870381586917,0.018170805572380374,0.004845548152634767,0.0024227740763173833,0.0024227740763173833,0.06359781950333132,0.01029678982434888,0.14960629921259844,1651.0
260,42.5,-73.31667,11250.0,0.3148717948717949,0.0041025641025641026,0.006153846153846154,0.2205128205128205,0.0,0.013333333333333334,0.043076923076923075,0.0020512820512820513,0.0041025641025641026,0.0010256410256410256,0.0020512820512820513,0.006153846153846154,0.022564102564102566,0.015384615384615385,0.3446153846153846,975.0
260,42.5,-73.31667,11750.0,0.1507537688442211,0.005025125628140704,0.005025125628140704,0.271356783919598,0.0,0.005025125628140704,0.03015075376884422,0.0,0.0,0.0,0.0,0.0,0.01507537688442211,0.0,0.5175879396984925,199.0
316,38.15472,-79.61639,750.0,0.0,0.0,0.0,0.09862385321100918,0.0022935779816513763,0.0481651376146789,0.47706422018348627,0.0045871559633027525,0.0045871559633027525,0.0,0.027522935779816515,0.0,0.0022935779816513763,0.0,0.3348623853211009,436.0
316,38.15472,-79.61639,1250.0,0.004807692307692308,0.0,0.0,0.07932692307692307,0.007211538461538462,0.028846153846153848,0.5264423076923077,0.007211538461538462,0.004807692307692308,0.004807692307692308,0.026442307692307692,0.007211538461538462,0.004807692307692308,0.002403846153846154,0.2956730769230769,416.0
316,38.15472,-79.61639,1750.0,0.002288329519450801,0.0,0.0,0.057208237986270026,0.002288329519450801,0.016018306636155607,0.43707093821510296,0.002288329519450801,0.0,0.002288329519450801,0.02745995423340961,0.009153318077803204,0.0,0.011441647597254004,0.43249427917620137,437.0
316,38.15472,-79.61639,2250.0,0.003003003003003003,0.003003003003003003,0.0,0.08708708708708708,0.003003003003003003,0.024024024024024024,0.5045045045045045,0.0,0.003003003003003003,0.0,0.04504504504504504,0.006006006006006006,0.0,0.003003003003003003,0.3183183183183183,333.0
316,38.15472,-79.61639,3250.0,0.00554016620498615,0.00554016620498615,0.0,0.10249307479224377,0.0,0.024930747922437674,0.5290858725761773,0.0,0.002770083102493075,0.0,0.038781163434903045,0.0,0.002770083102493075,0.01662049861495845,0.27146814404432135,361.0
316,38.15472,-79.61639,3750.0,0.0,0.0,0.0,0.09340659340659341,0.0,0.038461538461538464,0.532967032967033,0.0027472527472527475,0.0,0.0,0.046703296703296704,0.0027472527472527475,0.0,0.0,0.28296703296703296,364.0
316,38.15472,-79.61639,4250.0,0.002074688796680498,0.0,0.0,0.1016597510373444,0.01037344398340249,0.008298755186721992,0.46680497925311204,0.008298755186721992,0.002074688796680498,0.0,0.06016597510373444,0.002074688796680498,0.002074688796680498,0.006224066390041493,0.32987551867219916,482.0
316,38.15472,-79.61639,4750.0,0.0,0.0,0.0,0.07321772639691715,0.02119460500963391,0.017341040462427744,0.43545279383429675,0.005780346820809248,0.0,0.0,0.04816955684007707,0.0,0.0038535645472061657,0.0038535645472061657,0.3911368015414258,519.0
316,38.15472,-79.61639,5250.0,0.0,0.0,0.0,0.09782608695652174,0.034782608695652174,0.017391304347826087,0.5456521739130434,0.017391304347826087,0.004347826086956522,0.004347826086956522,0.06304347826086956,0.002173913043478261,0.0,0.004347826086956522,0.20869565217391303,460.0
316,38.15472,-79.61639,6250.0,0.0,0.0,0.0,0.08189655172413793,0.034482758620689655,0.008620689655172414,0.6314655172413793,0.01293103448275862,0.0,0.0021551724137931034,0.034482758620689655,0.004310344827586207,0.0,0.0021551724137931034,0.1875,464.0
316,38.15472,-79.61639,6750.0,0.0,0.0,0.0,0.02252252252252252,0.02252252252252252,0.01126126126126126,0.5202702702702703,0.006756756756756757,0.0,0.0022522522522522522,0.018018018018018018,0.0045045045045045045,0.0,0.0022522522522522522,0.38963963963963966,444.0
316,38.15472,-79.61639,7250.0,0.0,0.0,0.0,0.06367924528301887,0.0330188679245283,0.01179245283018868,0.4834905660377358,0.0,0.0,0.0023584905660377358,0.030660377358490566,0.0047169811320754715,0.0,0.01650943396226415,0.35377358490566035,424.0
316,38.15472,-79.61639,7750.0,0.0,0.0,0.0,0.05128205128205128,0.10826210826210826,0.011396011396011397,0.46438746438746437,0.002849002849002849,0.0,0.0,0.019943019943019943,0.002849002849002849,0.0,0.02849002849002849,0.31054131054131057,351.0
316,38.15472,-79.61639,8750.0,0.038461538461538464,0.01809954751131222,0.0,0.027149321266968326,0.011312217194570135,0.0,0.19004524886877827,0.0,0.0,0.0,0.020361990950226245,0.004524886877828055,0.19683257918552036,0.01809954751131222,0.4751131221719457,442.0
316,38.15472,-79.61639,9750.0,0.0029850746268656717,0.008955223880597015,0.0,0.03283582089552239,0.03582089552238806,0.0029850746268656717,0.16716417910447762,0.0,0.0,0.0,0.0029850746268656717,0.0,0.33432835820895523,0.0,0.41194029850746267,335.0
316,38.15472,-79.61639,10250.0,0.07577639751552795,0.08819875776397515,0.002484472049689441,0.1267080745341615,0.02732919254658385,0.007453416149068323,0.08944099378881988,0.0,0.0,0.0012422360248447205,0.0037267080745341614,0.007453416149068323,0.28819875776397513,0.004968944099378882,0.27701863354037265,805.0
316,38.15472,-79.61639,10750.0,0.13953488372093023,0.07822410147991543,0.0,0.160676532769556,0.0,0.023255813953488372,0.046511627906976744,0.0,0.0,0.0021141649048625794,0.0021141649048625794,0.010570824524312896,0.20718816067653276,0.0021141649048625794,0.3276955602536998,473.0
316,38.15472,-79.61639,11250.0,0.06845965770171149,0.02444987775061125,0.0,0.17359413202933985,0.0,0.012224938875305624,0.019559902200488997,0.0,0.0,0.0,0.0024449877750611247,0.0024449877750611247,0.5134474327628362,0.0,0.18337408312958436,409.0
316,38.15472,-79.61639,11750.0,0.11170212765957446,0.015957446808510637,0.0,0.17819148936170212,0.0,0.0026595744680851063,0.010638297872340425,0.0,0.0,0.0,0.0,0.0,0.48936170212765956,0.0,0.19148936170212766,376.0
316,38.15472,-79.61639,12250.0,0.12421580928481807,0.10037641154328733,0.0,0.18444165621079048,0.0,0.011292346298619825,0.07904642409033877,0.0037641154328732747,0.002509410288582183,0.0,0.002509410288582183,0.0037641154328732747,0.19573400250941028,0.002509410288582183,0.28983688833124216,797.0
316,38.15472,-79.61639,12750.0,0.09416688464556631,0.037143604499084486,0.0,0.16583834684802512,0.0,0.00837038974627256,0.011509285901124771,0.0007847240387130526,0.0018310227569971226,0.0007847240387130526,0.0002615746795710175,0.0007847240387130526,0.4982997645827884,0.0015694480774261052,0.17865550614700498,3823.0
316,38.15472,-79.61639,13250.0,0.07496012759170653,0.024720893141945772,0.0,0.12360446570972887,0.0,0.015151515151515152,0.01674641148325359,0.0,0.0007974481658692185,0.0007974481658692185,0.0007974481658692185,0.001594896331738437,0.5733652312599681,0.001594896331738437,0.16586921850079744,1254.0
316,38.15472,-79.61639,13750.0,0.08695652173913043,0.028985507246376812,0.0,0.17270531400966183,0.0,0.012077294685990338,0.008454106280193236,0.0012077294685990338,0.0,0.0,0.0012077294685990338,0.0024154589371980675,0.4758454106280193,0.012077294685990338,0.19806763285024154,828.0
316,38.15472,-79.61639,14250.0,0.22535211267605634,0.045567522783761395,0.0,0.31980115990057995,0.0,0.013256006628003313,0.018227009113504555,0.0,0.0008285004142502071,0.0,0.0,0.0024855012427506215,0.207953603976802,0.00579950289975145,0.16072908036454017,1207.0
316,38.15472,-79.61639,14750.0,0.25833333333333336,0.06111111111111111,0.0,0.31666666666666665,0.0,0.005555555555555556,0.04722222222222222,0.0,0.005555555555555556,0.0,0.0,0.002777777777777778,0.1111111111111111,0.002777777777777778,0.18888888888888888,360.0
367,38.46667,-98.66667,250.0,0.0,0.0,0.0,0.02185792349726776,0.0,0.0,0.00546448087431694,0.0,0.0,0.00273224043715847,0.0,0.0,0.0,0.00546448087431694,0.9644808743169399,366.0
367,38.46667,-98.66667,750.0,0.0,0.0,0.0,0.024390243902439025,0.0,0.0,0.0027100271002710027,0.0,0.0,0.0,0.0,0.0,0.0,0.005420054200542005,0.967479674796748,369.0
367,38.46667,-98.66667,1750.0,0.0,0.0,0.0,0.013297872340425532,0.0,0.0,0.005319148936170213,0.0,0.0,0.0026595744680851063,0.0,0.0,0.0,0.0026595744680851063,0.976063829787234,376.0
367,38.46667,-98.66667,2250.0,0.0,0.0,0.0,0.01366120218579235,0.0,0.0,0.00273224043715847,0.0,0.0,0.00273224043715847,0.0,0.0,0.0,0.00273224043715847,0.9781420765027322,366.0
367,38.46667,-98.66667,3250.0,0.0,0.0,0.0,0.011111111111111112,0.0,0.0,0.002777777777777778,0.0,0.0,0.002777777777777778,0.0,0.0,0.0,0.0,0.9833333333333333,360.0
367,38.46667,-98.66667,3750.0,0.0,0.0,0.0,0.014450867052023121,0.0,0.0,0.008670520231213872,0.0,0.0,0.0,0.0,0.0,0.0,0.0,0.976878612716763,346.0
367,38.46667,-98.66667,4750.0,0.0,0.0,0.0,0.035422343324250684,0.0,0.0,0.008174386920980926,0.0,0.0,0.0027247956403269754,0.0,0.0,0.0,0.0027247956403269754,0.9509536784741145,367.0
367,38.46667,-98.66667,5750.0,0.0013123359580052493,0.0,0.0,0.023622047244094488,0.0,0.0,0.007874015748031496,0.0,0.0,0.0013123359580052493,0.0,0.0,0.0,0.0026246719160104987,0.963254593175853,762.0
367,38.46667,-98.66667,6250.0,0.0,0.0,0.0,0.01694915254237288,0.0,0.0,0.011299435028248588,0.0,0.0,0.005649717514124294,0.0,0.002824858757062147,0.0,0.005649717514124294,0.9576271186440678,354.0
367,38.46667,-98.66667,6750.0,0.0,0.0,0.0,0.013297872340425532,0.0,0.0,0.007978723404255319,0.0,0.0,0.0026595744680851063,0.0,0.0026595744680851063,0.0,0.0026595744680851063,0.9707446808510638,376.0
367,38.46667,-98.66667,7250.0,0.0,0.0,0.0,0.02925531914893617,0.0,0.0,0.007978723404255319,0.0,0.0,0.0,0.0,0.0,0.0,0.0026595744680851063,0.9601063829787234,376.0
367,38.46667,-98.66667,7750.0,0.0,0.0,0.0,0.03333333333333333,0.0,0.0,0.004761904761904762,0.0,0.0,0.0,0.0,0.002380952380952381,0.0,0.002380952380952381,0.9571428571428572,420.0
367,38.46667,-98.66667,8250.0,0.0,0.0,0.0,0.012853470437017995,0.0,0.0,0.005141388174807198,0.0,0.0,0.005141388174807198,0.0,0.005141388174807198,0.0,0.005141388174807198,0.9665809768637532,389.0
367,38.46667,-98.66667,8750.0,0.0,0.0,0.0,0.013262599469496022,0.0,0.0,0.0,0.0,0.0,0.0,0.0,0.0,0.0,0.0,0.986737400530504,377.0
367,38.46667,-98.66667,9250.0,0.0,0.0,0.0,0.01875,0.0,0.0,0.003125,0.0,0.0,0.0,0.0,0.0,0.0,0.0,0.978125,320.0
367,38.46667,-98.66667,9750.0,0.0,0.0,0.0,0.011834319526627219,0.0,0.0,0.0,0.0,0.0,0.0,0.0,0.0,0.0029585798816568047,0.0029585798816568047,0.9822485207100592,338.0
367,38.46667,-98.66667,10250.0,0.0,0.0,0.0,0.027923211169284468,0.0,0.0017452006980802793,0.006980802792321117,0.0,0.0,0.0017452006980802793,0.0,0.0,0.0,0.0034904013961605585,0.9581151832460733,573.0
367,38.46667,-98.66667,10750.0,0.002967359050445104,0.0,0.0,0.10682492581602374,0.0,0.011869436201780416,0.008902077151335312,0.0,0.0,0.0,0.002967359050445104,0.0,0.011869436201780416,0.008902077151335312,0.8456973293768546,337.0
490,41.63794,-86.545192,250.0,0.0,0.0,0.0,0.023915687069314958,0.00040535062829347385,0.009728415079043373,0.5553303607620592,0.06526145115524928,0.03486015403323875,0.047020672882042966,0.0883664369679773,0.004864207539521687,0.006890960680989056,0.0008107012565869477,0.16254560194568302,2467.0
490,41.63794,-86.545192,750.0,0.0,0.0,0.0,0.012903225806451613,0.0,0.002150537634408602,0.4021505376344086,0.13333333333333333,0.021505376344086023,0.09247311827956989,0.07956989247311828,0.030107526881720432,0.010752688172043012,0.0064516129032258064,0.2086021505376344,465.0
490,41.63794,-86.545192,1250.0,0.0,0.0,0.0,0.0111731843575419,0.002793296089385475,0.01675977653631285,0.4553072625698324,0.13128491620111732,0.025139664804469275,0.10893854748603352,0.061452513966480445,0.027932960893854747,0.0,0.0,0.15921787709497207,358.0
490,41.63794,-86.545192,1750.0,0.0,0.0,0.002577319587628866,0.01804123711340206,0.0,0.023195876288659795,0.5154639175257731,0.10824742268041238,0.03350515463917526,0.09536082474226804,0.06958762886597938,0.015463917525773196,0.002577319587628866,0.0,0.11597938144329897,388.0
490,41.63794,-86.545192,2250.0,0.0,0.0,0.0,0.024149286498353458,0.0010976948408342481,0.012074643249176729,0.6125137211855104,0.036223929747530186,0.020856201975850714,0.050493962678375415,0.08781558726673985,0.01646542261251372,0.006586169045005488,0.0010976948408342481,0.13062568605927552,911.0
490,41.63794,-86.545192,2750.0,0.0,0.0,0.0,0.034383954154727794,0.0,0.008595988538681949,0.6160458452722063,0.02005730659025788,0.008595988538681949,0.04011461318051576,0.05730659025787966,0.03724928366762178,0.0057306590257879654,0.0,0.17191977077363896,349.0
490,41.63794,-86.545192,3250.0,0.0,0.0,0.0,0.03151862464183381,0.0014326647564469914,0.0071633237822349575,0.505730659025788,0.04297994269340974,0.014326647564469915,0.044412607449856735,0.050143266475644696,0.024355300859598854,0.0014326647564469914,0.004297994269340974,0.2722063037249284,698.0
490,41.63794,-86.545192,3750.0,0.0,0.0,0.0,0.03545051698670606,0.0,0.011816838995568686,0.5420974889217134,0.03545051698670606,0.0413589364844904,0.05760709010339734,0.05760709010339734,0.011816838995568686,0.004431314623338257,0.0,0.20236336779911374,677.0
490,41.63794,-86.545192,4250.0,0.0,0.0,0.0,0.03415559772296015,0.0,0.007590132827324478,0.4952561669829222,0.029411764705882353,0.016129032258064516,0.055977229601518026,0.0635673624288425,0.027514231499051234,0.0018975332068311196,0.0,0.2685009487666034,1054.0
490,41.63794,-86.545192,4750.0,0.0,0.0,0.0,0.049723756906077346,0.0027624309392265192,0.008287292817679558,0.48066298342541436,0.04143646408839779,0.011049723756906077,0.058011049723756904,0.06353591160220995,0.013812154696132596,0.0055248618784530384,0.0,0.26519337016574585,362.0
490,41.63794,-86.545192,5250.0,0.0,0.0,0.0,0.04076086956521739,0.0,0.005434782608695652,0.5108695652173914,0.059782608695652176,0.010869565217391304,0.07065217391304347,0.03260869565217391,0.024456521739130436,0.005434782608695652,0.0,0.2391304347826087,368.0
490,41.63794,-86.545192,5750.0,0.0,0.0,0.0,0.03824362606232295,0.0028328611898017,0.009915014164305949,0.4801699716713881,0.031161473087818695,0.042492917847025496,0.08640226628895184,0.028328611898016998,0.0084985835694051,0.00141643059490085,0.00141643059490085,0.26912181303116145,706.0
490,41.63794,-86.545192,6250.0,0.0,0.0,0.0013404825737265416,0.03351206434316354,0.0,0.005361930294906166,0.46380697050938335,0.049597855227882036,0.04289544235924933,0.10589812332439678,0.0388739946380697,0.012064343163538873,0.0013404825737265416,0.0013404825737265416,0.24396782841823056,746.0
490,41.63794,-86.545192,6750.0,0.0,0.0,0.0031201248049922,0.0452418096723869,0.0,0.0093603744149766,0.46957878315132606,0.0530421216848674,0.0327613104524181,0.11076443057722309,0.0374414976599064,0.014040561622464899,0.0046801872074883,0.0015600624024961,0.21840873634945399,641.0
490,41.63794,-86.545192,7250.0,0.0,0.0,0.001447178002894356,0.04486251808972504,0.0,0.005788712011577424,0.45296671490593343,0.01881331403762663,0.053545586107091175,0.12590448625180897,0.0361794500723589,0.023154848046309694,0.002894356005788712,0.0,0.23444283646888567,691.0
490,41.63794,-86.545192,7750.0,0.0013513513513513514,0.0,0.0,0.05540540540540541,0.0,0.006756756756756757,0.47162162162162163,0.012162162162162163,0.03513513513513514,0.10270270270270271,0.032432432432432434,0.022972972972972974,0.002702702702702703,0.008108108108108109,0.24864864864864866,740.0
490,41.63794,-86.545192,8250.0,0.0021929824561403508,0.0,0.0,0.041666666666666664,0.0021929824561403508,0.0043859649122807015,0.44298245614035087,0.006578947368421052,0.05043859649122807,0.08771929824561403,0.043859649122807015,0.015350877192982455,0.0021929824561403508,0.0043859649122807015,0.29605263157894735,456.0
490,41.63794,-86.545192,8750.0,0.009478672985781991,0.0,0.0,0.0924170616113744,0.001184834123222749,0.009478672985781991,0.46327014218009477,0.002369668246445498,0.023696682464454975,0.07819905213270142,0.03909952606635071,0.011848341232227487,0.001184834123222749,0.0,0.2677725118483412,844.0
490,41.63794,-86.545192,9250.0,0.0044286979627989375,0.0008857395925597874,0.0008857395925597874,0.08503100088573959,0.0,0.012400354295837024,0.43135518157661645,0.001771479185119575,0.026572187776793623,0.07440212577502214,0.03897254207263064,0.01771479185119575,0.001771479185119575,0.0070859167404783,0.2967227635075288,1129.0
490,41.63794,-86.545192,9750.0,0.007817589576547232,0.0013029315960912053,0.0006514657980456026,0.16742671009771987,0.0,0.011074918566775244,0.39609120521172636,0.0026058631921824105,0.050814332247557006,0.08143322475570032,0.023452768729641693,0.007817589576547232,0.009120521172638436,0.003257328990228013,0.23713355048859935,1535.0
490,41.63794,-86.545192,10250.0,0.09248554913294797,0.025289017341040464,0.0036127167630057803,0.40101156069364163,0.0,0.028179190751445087,0.1416184971098266,0.0,0.028179190751445087,0.06936416184971098,0.01083815028901734,0.006502890173410405,0.017341040462427744,0.006502890173410405,0.16907514450867053,1384.0
490,41.63794,-86.545192,10750.0,0.17688022284122562,0.05988857938718663,0.0,0.009749303621169917,0.0,0.011142061281337047,0.12952646239554316,0.0,0.18523676880222842,0.023676880222841225,0.013927576601671309,0.0,0.001392757660167131,0.04317548746518106,0.34540389972144847,718.0
490,41.63794,-86.545192,11250.0,0.23148148148148148,0.046296296296296294,0.0,0.015432098765432098,0.0,0.012345679012345678,0.14814814814814814,0.0,0.17592592592592593,0.012345679012345678,0.015432098765432098,0.0,0.0030864197530864196,0.009259259259259259,0.33024691358024694,324.0
490,41.63794,-86.545192,11750.0,0.25696594427244585,0.006191950464396285,0.0,0.0030959752321981426,0.0,0.009287925696594427,0.15789473684210525,0.0,0.22291021671826625,0.009287925696594427,0.0,0.0030959752321981426,0.0,0.02476780185758514,0.3065015479876161,323.0
490,41.63794,-86.545192,12250.0,0.29439252336448596,0.0,0.004672897196261682,0.002336448598130841,0.0,0.011682242990654205,0.08644859813084112,0.0,0.13551401869158877,0.009345794392523364,0.004672897196261682,0.007009345794392523,0.004672897196261682,0.02102803738317757,0.4182242990654206,428.0
490,41.63794,-86.545192,12750.0,0.4861407249466951,0.0,0.0,0.006396588486140725,0.0,0.01279317697228145,0.053304904051172705,0.0,0.046908315565031986,0.008528784648187633,0.0021321961620469083,0.0,0.014925373134328358,0.0042643923240938165,0.3646055437100213,469.0
490,41.63794,-86.545192,13250.0,0.5680345572354212,0.008639308855291577,0.004319654427645789,0.004319654427645789,0.0,0.01511879049676026,0.047516198704103674,0.0,0.05183585313174946,0.0064794816414686825,0.0,0.0,0.008639308855291577,0.0064794816414686825,0.2786177105831533,463.0
490,41.63794,-86.545192,13750.0,0.6566455696202531,0.004746835443037975,0.0015822784810126582,0.00949367088607595,0.0,0.006329113924050633,0.03955696202531646,0.0,0.04113924050632911,0.007911392405063292,0.0,0.0,0.011075949367088608,0.01740506329113924,0.20411392405063292,632.0
490,41.63794,-86.545192,14750.0,0.6571428571428571,0.00816326530612245,0.0,0.0163265306122449,0.0,0.012244897959183673,0.04897959183673469,0.0,0.02857142857142857,0.00816326530612245,0.0,0.0,0.02040816326530612,0.012244897959183673,0.18775510204081633,245.0
518,38.2,-80.28333,250.0,0.060669456066945605,0.0,0.0,0.0794979079497908,0.0502092050209205,0.1684100418410042,0.348326359832636,0.043933054393305436,0.011506276150627616,0.012552301255230125,0.04288702928870293,0.007322175732217573,0.01882845188284519,0.0,0.15585774058577406,956.0
518,38.2,-80.28333,750.0,0.08626198083067092,0.0,0.0,0.07348242811501597,0.04792332268370607,0.2012779552715655,0.3226837060702875,0.06389776357827476,0.009584664536741214,0.006389776357827476,0.051118210862619806,0.012779552715654952,0.02875399361022364,0.0,0.09584664536741214,313.0
518,38.2,-80.28333,1250.0,0.06687898089171974,0.0,0.0,0.12420382165605096,0.03503184713375796,0.12738853503184713,0.3630573248407643,0.04777070063694268,0.0,0.006369426751592357,0.08280254777070063,0.012738853503184714,0.054140127388535034,0.0,0.07961783439490445,314.0
518,38.2,-80.28333,1750.0,0.0578125,0.0,0.0,0.0953125,0.0390625,0.1640625,0.35625,0.05625,0.00625,0.0078125,0.0828125,0.0125,0.04375,0.0,0.078125,640.0
518,38.2,-80.28333,2250.0,0.08387096774193549,0.0,0.0,0.0967741935483871,0.035483870967741936,0.22903225806451613,0.3387096774193548,0.03870967741935484,0.0064516129032258064,0.0032258064516129032,0.06451612903225806,0.00967741935483871,0.02258064516129032,0.0,0.07096774193548387,310.0
518,38.2,-80.28333,2750.0,0.07854984894259819,0.0,0.0,0.10574018126888217,0.015105740181268883,0.1903323262839879,0.34441087613293053,0.03323262839879154,0.01812688821752266,0.0030211480362537764,0.03625377643504532,0.012084592145015106,0.08157099697885196,0.0,0.08157099697885196,331.0
518,38.2,-80.28333,3250.0,0.07342143906020558,0.0,0.0,0.0763582966226138,0.013215859030837005,0.19530102790014683,0.3039647577092511,0.06901615271659324,0.007342143906020558,0.005873715124816446,0.055800293685756244,0.007342143906020558,0.1277533039647577,0.0,0.06461086637298091,681.0
518,38.2,-80.28333,3750.0,0.05956112852664577,0.0,0.0,0.11598746081504702,0.003134796238244514,0.23510971786833856,0.30407523510971785,0.05329153605015674,0.0219435736677116,0.003134796238244514,0.05642633228840126,0.012539184952978056,0.03761755485893417,0.0,0.09717868338557993,319.0
518,38.2,-80.28333,4250.0,0.03886255924170616,0.0,0.0,0.06729857819905213,0.03222748815165877,0.23222748815165878,0.29289099526066353,0.06255924170616113,0.0018957345971563982,0.007582938388625593,0.055924170616113746,0.006635071090047393,0.04834123222748815,0.0,0.15355450236966825,1055.0
518,38.2,-80.28333,4750.0,0.019174041297935103,0.0,0.0,0.08112094395280237,0.13274336283185842,0.15339233038348082,0.2743362831858407,0.06047197640117994,0.01032448377581121,0.008849557522123894,0.03982300884955752,0.014749262536873156,0.06637168141592921,0.0,0.13864306784660768,678.0
518,38.2,-80.28333,5250.0,0.008676789587852495,0.0021691973969631237,0.0,0.028199566160520606,0.08026030368763558,0.09978308026030369,0.2472885032537961,0.06290672451193059,0.015184381778741865,0.004338394793926247,0.028199566160520606,0.0021691973969631237,0.19088937093275488,0.0,0.2299349240780911,461.0
518,38.2,-80.28333,5750.0,0.010548523206751054,0.0,0.0,0.0189873417721519,0.08227848101265822,0.11181434599156118,0.2320675105485232,0.06751054852320675,0.002109704641350211,0.012658227848101266,0.02531645569620253,0.002109704641350211,0.06540084388185655,0.0,0.3691983122362869,474.0
518,38.2,-80.28333,6750.0,0.00510204081632653,0.0,0.0,0.030612244897959183,0.19642857142857142,0.07653061224489796,0.2780612244897959,0.03826530612244898,0.007653061224489796,0.01020408163265306,0.02806122448979592,0.002551020408163265,0.15051020408163265,0.0,0.1760204081632653,392.0
518,38.2,-80.28333,7250.0,0.012915129151291513,0.0,0.0,0.016605166051660517,0.06273062730627306,0.10516605166051661,0.2047970479704797,0.025830258302583026,0.00922509225092251,0.0036900369003690036,0.005535055350553505,0.01107011070110701,0.33210332103321033,0.0,0.21033210332103322,542.0
518,38.2,-80.28333,8250.0,0.008695652173913044,0.0,0.0,0.01956521739130435,0.10434782608695652,0.11304347826086956,0.24565217391304348,0.02826086956521739,0.002173913043478261,0.004347826086956522,0.01956521739130435,0.002173913043478261,0.2608695652173913,0.0,0.19130434782608696,460.0
518,38.2,-80.28333,8750.0,0.012640449438202247,0.0014044943820224719,0.0,0.018258426966292134,0.10674157303370786,0.042134831460674156,0.1348314606741573,0.008426966292134831,0.0014044943820224719,0.0014044943820224719,0.008426966292134831,0.0028089887640449437,0.3960674157303371,0.0,0.2654494382022472,712.0
518,38.2,-80.28333,9250.0,0.05333333333333334,0.0022222222222222222,0.0,0.044444444444444446,0.2288888888888889,0.07111111111111111,0.1288888888888889,0.006666666666666667,0.0022222222222222222,0.0,0.011111111111111112,0.0,0.26666666666666666,0.0,0.18444444444444444,450.0
518,38.2,-80.28333,10250.0,0.08823529411764706,0.02100840336134454,0.0,0.04831932773109244,0.22478991596638656,0.07142857142857142,0.0819327731092437,0.0021008403361344537,0.0,0.0,0.023109243697478993,0.0021008403361344537,0.25840336134453784,0.0,0.17857142857142858,476.0
518,38.2,-80.28333,10750.0,0.09900990099009901,0.04702970297029703,0.0,0.05693069306930693,0.26732673267326734,0.08415841584158416,0.06683168316831684,0.0,0.0,0.0,0.012376237623762377,0.0,0.22277227722772278,0.0,0.14356435643564355,404.0
518,38.2,-80.28333,12250.0,0.28976697061803447,0.04154002026342452,0.0,0.22087132725430597,0.10739614994934144,0.03951367781155015,0.0547112462006079,0.0010131712259371835,0.0010131712259371835,0.005065856129685917,0.0070921985815602835,0.0010131712259371835,0.06281661600810537,0.0,0.16818642350557245,987.0
518,38.2,-80.28333,13250.0,0.32142857142857145,0.048701298701298704,0.0,0.4090909090909091,0.0,0.003246753246753247,0.00974025974025974,0.0,0.0,0.0,0.0,0.0,0.022727272727272728,0.0,0.18506493506493507,308.0
518,38.2,-80.28333,13750.0,0.40476190476190477,0.027210884353741496,0.0,0.36054421768707484,0.0,0.0,0.006802721088435374,0.0,0.0,0.0,0.0,0.0,0.003401360544217687,0.0,0.19727891156462585,294.0
518,38.2,-80.28333,14750.0,0.15384615384615385,0.010033444816053512,0.0,0.1605351170568562,0.0,0.0033444816053511705,0.0033444816053511705,0.0,0.0,0.0,0.0,0.0,0.0,0.0,0.6688963210702341,299.0
523,39.96667,-77.55,250.0,0.001037344398340249,0.0,0.0,0.17946058091286307,0.011410788381742738,0.011410788381742738,0.4512448132780083,0.004149377593360996,0.004149377593360996,0.0031120331950207467,0.03423236514522822,0.014522821576763486,0.0031120331950207467,0.0,0.2821576763485477,964.0
523,39.96667,-77.55,1250.0,0.0,0.0,0.0,0.15047021943573669,0.009404388714733543,0.012539184952978056,0.45768025078369906,0.006269592476489028,0.009404388714733543,0.0,0.01567398119122257,0.012539184952978056,0.009404388714733543,0.0,0.3166144200626959,319.0
523,39.96667,-77.55,2250.0,0.0,0.0,0.0,0.19003115264797507,0.006230529595015576,0.012461059190031152,0.43613707165109034,0.0,0.0,0.006230529595015576,0.03426791277258567,0.009345794392523364,0.006230529595015576,0.003115264797507788,0.29595015576323985,321.0
523,39.96667,-77.55,3250.0,0.0,0.0,0.0,0.15822784810126583,0.0031645569620253164,0.0031645569620253164,0.5063291139240507,0.0031645569620253164,0.0,0.0031645569620253164,0.04113924050632911,0.00949367088607595,0.012658227848101266,0.0,0.25949367088607594,316.0
523,39.96667,-77.55,3750.0,0.0,0.0,0.0,0.18115942028985507,0.007246376811594203,0.007246376811594203,0.45893719806763283,0.00966183574879227,0.004830917874396135,0.0,0.021739130434782608,0.012077294685990338,0.004830917874396135,0.0024154589371980675,0.2898550724637681,414.0
523,39.96667,-77.55,4250.0,0.0,0.0,0.0,0.20606060606060606,0.00909090909090909,0.006060606060606061,0.3787878787878788,0.0,0.0030303030303030303,0.006060606060606061,0.01818181818181818,0.021212121212121213,0.0,0.0,0.3515151515151515,330.0
523,39.96667,-77.55,5250.0,0.0,0.0,0.0,0.10543130990415335,0.02875399361022364,0.012779552715654952,0.5814696485623003,0.009584664536741214,0.003194888178913738,0.0,0.02875399361022364,0.006389776357827476,0.006389776357827476,0.0,0.21725239616613418,313.0
523,39.96667,-77.55,5750.0,0.0,0.0,0.0,0.05384615384615385,0.017948717948717947,0.015384615384615385,0.5538461538461539,0.01282051282051282,0.0,0.010256410256410256,0.038461538461538464,0.007692307692307693,0.002564102564102564,0.0,0.28717948717948716,390.0
523,39.96667,-77.55,6750.0,0.0,0.0,0.0,0.0364741641337386,0.030395136778115502,0.0243161094224924,0.6200607902735562,0.0121580547112462,0.0060790273556231,0.00303951367781155,0.0121580547112462,0.00303951367781155,0.0,0.0,0.25227963525835867,329.0
523,39.96667,-77.55,7250.0,0.0,0.003067484662576687,0.0,0.049079754601226995,0.015337423312883436,0.006134969325153374,0.6380368098159509,0.009202453987730062,0.0,0.003067484662576687,0.015337423312883436,0.009202453987730062,0.0,0.0,0.25153374233128833,326.0
523,39.96667,-77.55,7750.0,0.0,0.007853403141361256,0.0,0.08376963350785341,0.031413612565445025,0.005235602094240838,0.5942408376963351,0.002617801047120419,0.010471204188481676,0.005235602094240838,0.007853403141361256,0.005235602094240838,0.002617801047120419,0.0,0.24345549738219896,382.0
523,39.96667,-77.55,8250.0,0.0,0.011764705882352941,0.0,0.13529411764705881,0.020588235294117647,0.0058823529411764705,0.4823529411764706,0.0058823529411764705,0.0058823529411764705,0.01764705882352941,0.0,0.0029411764705882353,0.01764705882352941,0.0,0.29411764705882354,340.0
523,39.96667,-77.55,8750.0,0.027972027972027972,0.03146853146853147,0.0,0.3146853146853147,0.03146853146853147,0.013986013986013986,0.36013986013986016,0.0034965034965034965,0.0,0.0034965034965034965,0.006993006993006993,0.013986013986013986,0.03146853146853147,0.0,0.16083916083916083,286.0
523,39.96667,-77.55,9250.0,0.017921146953405017,0.02867383512544803,0.0,0.4121863799283154,0.025089605734767026,0.02867383512544803,0.2831541218637993,0.0,0.0035842293906810036,0.007168458781362007,0.0035842293906810036,0.007168458781362007,0.017921146953405017,0.0035842293906810036,0.16129032258064516,279.0
523,39.96667,-77.55,9750.0,0.029069767441860465,0.046511627906976744,0.0,0.37209302325581395,0.01744186046511628,0.020348837209302327,0.19767441860465115,0.005813953488372093,0.0029069767441860465,0.0029069767441860465,0.0029069767441860465,0.005813953488372093,0.0377906976744186,0.0,0.25872093023255816,344.0
523,39.96667,-77.55,10250.0,0.041666666666666664,0.08333333333333333,0.0,0.5486111111111112,0.006944444444444444,0.010416666666666666,0.09027777777777778,0.0,0.03125,0.003472222222222222,0.0,0.0,0.003472222222222222,0.006944444444444444,0.1736111111111111,288.0
523,39.96667,-77.55,10750.0,0.043478260869565216,0.07023411371237458,0.0,0.6387959866220736,0.0,0.013377926421404682,0.033444816053511704,0.0,0.010033444816053512,0.0,0.0,0.0,0.0,0.006688963210702341,0.18394648829431437,299.0
523,39.96667,-77.55,11750.0,0.12425531914893617,0.05106382978723404,0.0,0.3021276595744681,0.0,0.02893617021276596,0.06297872340425532,0.000851063829787234,0.015319148936170212,0.002553191489361702,0.001702127659574468,0.001702127659574468,0.1225531914893617,0.00425531914893617,0.2817021276595745,1175.0
523,39.96667,-77.55,12250.0,0.2090443686006826,0.08703071672354949,0.0017064846416382253,0.2773037542662116,0.0,0.017918088737201365,0.02901023890784983,0.0,0.004266211604095563,0.0,0.0,0.0,0.12457337883959044,0.0017064846416382253,0.24744027303754265,1172.0
523,39.96667,-77.55,12750.0,0.3044067796610169,0.0711864406779661,0.0013559322033898306,0.2664406779661017,0.0,0.01694915254237288,0.017627118644067796,0.0013559322033898306,0.003389830508474576,0.0,0.0,0.0,0.10983050847457627,0.0006779661016949153,0.20677966101694914,1475.0
523,39.96667,-77.55,13250.0,0.44091829844699526,0.062120189061444966,0.0,0.1512491559756921,0.0,0.02025658338960162,0.020931802835921675,0.0013504388926401081,0.006076975016880486,0.0,0.0027008777852802163,0.0,0.019581363943281565,0.0,0.27481431465226197,1481.0
523,39.96667,-77.55,13750.0,0.4743049705139006,0.005054759898904802,0.0016849199663016006,0.16764953664700927,0.0,0.03369839932603201,0.02274641954507161,0.0,0.003369839932603201,0.0016849199663016006,0.0016849199663016006,0.0008424599831508003,0.011794439764111205,0.0,0.2754844144903117,1187.0
523,39.96667,-77.55,14250.0,0.5562080536912751,0.003355704697986577,0.0,0.19379194630872484,0.0,0.015100671140939598,0.015939597315436243,0.0,0.0008389261744966443,0.0008389261744966443,0.0,0.0,0.010067114093959731,0.0,0.20385906040268456,1192.0
523,39.96667,-77.55,14750.0,0.6023489932885906,0.0025167785234899327,0.0008389261744966443,0.20553691275167785,0.0,0.016778523489932886,0.012583892617449664,0.0,0.0008389261744966443,0.0,0.0016778523489932886,0.0,0.010067114093959731,0.0,0.14681208053691275,1192.0
539,36.799032,-91.090148,250.0,0.0,0.0,0.0,0.18510858324715615,0.0,0.0,0.41158221302998965,0.0,0.012409513960703205,0.0062047569803516025,0.04136504653567735,0.004136504653567736,0.002068252326783868,0.010341261633919338,0.3267838676318511,483.5
539,36.799032,-91.090148,750.0,0.0,0.0,0.0,0.12396694214876033,0.0,0.0,0.512396694214876,0.0027548209366391185,0.011019283746556474,0.008264462809917356,0.02203856749311295,0.011019283746556474,0.0,0.0,0.3085399449035813,363.0
539,36.799032,-91.090148,1750.0,0.0,0.0,0.0,0.14411441144114412,0.0,0.0022002200220022,0.45324532453245325,0.0,0.019801980198019802,0.0022002200220022,0.04400440044004401,0.011001100110011002,0.0044004400440044,0.0022002200220022,0.31683168316831684,454.5
539,36.799032,-91.090148,2250.0,0.0,0.0,0.0,0.14302461899179367,0.0,0.0035169988276670576,0.4806565064478312,0.0,0.009378663540445486,0.004689331770222743,0.017584994138335287,0.0011723329425556857,0.0011723329425556857,0.0011723329425556857,0.3376318874560375,853.0
539,36.799032,-91.090148,2750.0,0.0,0.0,0.0,0.15480225988700566,0.0,0.0022598870056497176,0.49491525423728816,0.004519774011299435,0.011299435028248588,0.0022598870056497176,0.04293785310734463,0.004519774011299435,0.0022598870056497176,0.0,0.280225988700565,442.5
539,36.799032,-91.090148,3250.0,0.0,0.0,0.0,0.05485232067510549,0.0,0.0,0.4831223628691983,0.0,0.004219409282700422,0.014767932489451477,0.03375527426160337,0.010548523206751054,0.0,0.0,0.3987341772151899,474.0
539,36.799032,-91.090148,3750.0,0.0,0.0,0.0,0.04624715693707354,0.0,0.0,0.45489006823351025,0.0,0.016679302501895376,0.0075815011372251705,0.01819560272934041,0.003032600454890068,0.001516300227445034,0.003032600454890068,0.4488248673237301,659.5
539,36.799032,-91.090148,4250.0,0.0,0.0,0.0,0.06955736224028906,0.0,0.0036133694670280035,0.46070460704607047,0.0,0.012646793134598013,0.016260162601626018,0.036133694670280034,0.0018066847335140017,0.0,0.0018066847335140017,0.3974706413730804,553.5
539,36.799032,-91.090148,4750.0,0.0,0.0,0.0,0.016877637130801686,0.0,0.002109704641350211,0.5822784810126582,0.0,0.0189873417721519,0.008438818565400843,0.04430379746835443,0.004219409282700422,0.0,0.002109704641350211,0.3206751054852321,474.0
539,36.799032,-91.090148,5250.0,0.0,0.0,0.0,0.008,0.0,0.002,0.626,0.0,0.026,0.012,0.034,0.0,0.002,0.004,0.286,500.0
539,36.799032,-91.090148,6250.0,0.0,0.0,0.0,0.0044444444444444444,0.0,0.002962962962962963,0.4888888888888889,0.0,0.0014814814814814814,0.017777777777777778,0.04296296296296296,0.0,0.0014814814814814814,0.007407407407407408,0.4325925925925926,675.0
539,36.799032,-91.090148,6750.0,0.0,0.0,0.0,0.0008312551953449709,0.0,0.0,0.515378221113882,0.0,0.00997506234413965,0.006650041562759767,0.046550290939318374,0.0,0.0016625103906899418,0.0016625103906899418,0.4172901080631754,601.5
539,36.799032,-91.090148,7250.0,0.0,0.0,0.0,0.002838221381267739,0.0,0.005676442762535478,0.5402081362346263,0.0,0.00946073793755913,0.006622516556291391,0.04730368968779565,0.003784295175023652,0.0,0.000946073793755913,0.38315988647114474,1057.0
539,36.799032,-91.090148,7750.0,0.0,0.0,0.0,0.0,0.0,0.005025125628140704,0.6482412060301508,0.0,0.01507537688442211,0.01507537688442211,0.04773869346733668,0.002512562814070352,0.0,0.0,0.2663316582914573,398.0
539,36.799032,-91.090148,8250.0,0.0,0.0,0.0,0.0,0.0,0.010570824524312896,0.6701902748414377,0.0,0.004228329809725159,0.023255813953488372,0.03171247357293869,0.008456659619450317,0.0021141649048625794,0.012684989429175475,0.23678646934460887,473.0
539,36.799032,-91.090148,8750.0,0.0,0.0,0.0,0.005376344086021506,0.0,0.016129032258064516,0.6747311827956989,0.005376344086021506,0.008064516129032258,0.013440860215053764,0.053763440860215055,0.002688172043010753,0.0,0.005376344086021506,0.21505376344086022,372.0
539,36.799032,-91.090148,9250.0,0.00375234521575985,0.0,0.001876172607879925,0.005628517823639775,0.0,0.005628517823639775,0.3170731707317073,0.0,0.024390243902439025,0.016885553470919325,0.07879924953095685,0.009380863039399626,0.005628517823639775,0.0075046904315197,0.5234521575984991,533.0
539,36.799032,-91.090148,10250.0,0.01777362020579981,0.0,0.0,0.0037418147801683817,0.0,0.011225444340505144,0.40411599625818523,0.0037418147801683817,0.018709073900841908,0.02806361085126286,0.12722170252572498,0.009354536950420954,0.005612722170252572,0.007483629560336763,0.362956033676333,534.5
539,36.799032,-91.090148,10750.0,0.04860267314702309,0.002430133657351154,0.0,0.006075334143377886,0.0,0.007290400972053463,0.45929526123936815,0.0,0.024301336573511544,0.01701093560145808,0.09720534629404617,0.02187120291616039,0.007290400972053463,0.002430133657351154,0.30619684082624543,411.5
539,36.799032,-91.090148,11250.0,0.02383654937570942,0.0,0.0,0.009080590238365494,0.0,0.01362088535754824,0.3927355278093076,0.0,0.0340522133938706,0.03859250851305335,0.08399545970488081,0.011350737797956867,0.004540295119182747,0.0,0.38819523269012485,440.5
539,36.799032,-91.090148,11750.0,0.024361948955916472,0.0,0.0,0.0034802784222737818,0.0,0.018561484918793503,0.4245939675174014,0.0,0.08120649651972157,0.02320185614849188,0.07192575406032482,0.01160092807424594,0.004640371229698376,0.002320185614849188,0.33410672853828305,431.0
539,36.799032,-91.090148,12250.0,0.08553326293558607,0.0021119324181626186,0.0,0.006335797254487857,0.0,0.01900739176346357,0.36536430834213307,0.0,0.06969376979936642,0.027455121436114043,0.06335797254487856,0.004223864836325237,0.006335797254487857,0.0,0.3505807814149947,473.5
539,36.799032,-91.090148,12750.0,0.07719298245614035,0.006432748538011696,0.0,0.015789473684210527,0.0,0.019883040935672516,0.35555555555555557,0.0,0.19298245614035087,0.011695906432748537,0.0011695906432748538,0.010526315789473684,0.025730994152046785,0.0,0.2830409356725146,855.0
539,36.799032,-91.090148,13250.0,0.186558516801854,0.005793742757821553,0.0011587485515643105,0.027809965237543453,0.0,0.004634994206257242,0.23522595596755505,0.0011587485515643105,0.2190034762456547,0.009269988412514484,0.004634994206257242,0.004634994206257242,0.013904982618771726,0.002317497103128621,0.28389339513325607,863.0
539,36.799032,-91.090148,13750.0,0.19265033407572382,0.0077951002227171495,0.0,0.0400890868596882,0.0,0.008908685968819599,0.22605790645879734,0.0,0.15033407572383073,0.0066815144766146995,0.0,0.0022271714922048997,0.044543429844097995,0.0,0.3207126948775056,898.0
539,36.799032,-91.090148,14250.0,0.28840315725561627,0.013964784456587736,0.0,0.054037644201578625,0.0,0.0230722525804493,0.19429265330904674,0.0,0.12750455373406194,0.0036429872495446266,0.0024286581663630845,0.006071645415907711,0.03885853066180935,0.0,0.24772313296903462,823.5
539,36.799032,-91.090148,14750.0,0.3509090909090909,0.014242424242424242,0.0012121212121212121,0.14939393939393938,0.0,0.00787878787878788,0.1315151515151515,0.0,0.06545454545454546,0.0018181818181818182,0.0012121212121212121,0.0018181818181818182,0.03151515151515152,0.0,0.24303030303030304,1650.0
679,43.48,-85.0,250.0,0.04668838219326819,0.0010857763300760044,0.004885993485342019,0.32193268186753526,0.01248642779587405,0.04777415852334419,0.23778501628664495,0.043973941368078175,0.021715526601520086,0.03637350705754615,0.00760043431053203,0.026601520086862108,0.014657980456026058,0.02062975027144408,0.15580890336590664,1842.0
679,43.48,-85.0,750.0,0.007217847769028871,0.0,0.009186351706036745,0.36023622047244097,0.001968503937007874,0.03346456692913386,0.24671916010498687,0.04002624671916011,0.03871391076115486,0.043963254593175856,0.007217847769028871,0.024934383202099737,0.007874015748031496,0.03280839895013123,0.14566929133858267,1524.0
679,43.48,-85.0,1250.0,0.01791044776119403,0.0,0.006965174129353234,0.27562189054726366,0.004975124378109453,0.03582089552238806,0.2935323383084577,0.04975124378109453,0.030845771144278607,0.06069651741293532,0.010945273631840797,0.03781094527363184,0.009950248756218905,0.026865671641791045,0.1383084577114428,1005.0
679,43.48,-85.0,1750.0,0.002398081534772182,0.0,0.004796163069544364,0.3381294964028777,0.002398081534772182,0.06235011990407674,0.2302158273381295,0.03597122302158273,0.06474820143884892,0.045563549160671464,0.014388489208633094,0.045563549160671464,0.007194244604316547,0.023980815347721823,0.1223021582733813,417.0
679,43.48,-85.0,2250.0,0.004819277108433735,0.0,0.004819277108433735,0.3132530120481928,0.0024096385542168677,0.03614457831325301,0.2289156626506024,0.10602409638554217,0.04819277108433735,0.10843373493975904,0.024096385542168676,0.05542168674698795,0.014457831325301205,0.00963855421686747,0.043373493975903614,415.0
679,43.48,-85.0,2750.0,0.009328358208955223,0.0,0.0037313432835820895,0.21455223880597016,0.0,0.029850746268656716,0.31156716417910446,0.14365671641791045,0.020522388059701493,0.08582089552238806,0.014925373134328358,0.05223880597014925,0.005597014925373134,0.014925373134328358,0.09328358208955224,536.0
679,43.48,-85.0,3250.0,0.0,0.0,0.0,0.2116279069767442,0.0,0.02558139534883721,0.26046511627906976,0.19534883720930232,0.046511627906976744,0.08604651162790698,0.002325581395348837,0.06511627906976744,0.004651162790697674,0.0,0.10232558139534884,430.0
679,43.48,-85.0,3750.0,0.007736943907156673,0.0,0.0,0.19148936170212766,0.0038684719535783366,0.027079303675048357,0.47195357833655704,0.0425531914893617,0.025145067698259187,0.04061895551257253,0.007736943907156673,0.027079303675048357,0.009671179883945842,0.03481624758220503,0.1102514506769826,517.0
679,43.48,-85.0,4250.0,0.0,0.008237232289950576,0.0,0.13673805601317957,0.004942339373970346,0.016474464579901153,0.31795716639209226,0.11037891268533773,0.06260296540362438,0.11202635914332784,0.014827018121911038,0.06754530477759473,0.0016474464579901153,0.039538714991762765,0.1070840197693575,607.0
679,43.48,-85.0,4750.0,0.0,0.0,0.0,0.15981012658227847,0.0,0.020569620253164556,0.4129746835443038,0.12974683544303797,0.058544303797468354,0.09968354430379747,0.007911392405063292,0.04430379746835443,0.0015822784810126582,0.0015822784810126582,0.06329113924050633,632.0
679,43.48,-85.0,5250.0,0.0,0.0,0.0,0.12314225053078556,0.0021231422505307855,0.012738853503184714,0.24628450106157113,0.12951167728237792,0.08280254777070063,0.16985138004246284,0.012738853503184714,0.06581740976645435,0.0021231422505307855,0.04670912951167728,0.10615711252653928,471.0
679,43.48,-85.0,5750.0,0.0,0.0,0.0,0.08,0.0,0.01263157894736842,0.29894736842105263,0.12421052631578948,0.05473684210526316,0.23789473684210527,0.00631578947368421,0.04,0.0,0.05052631578947368,0.09473684210526316,475.0
679,43.48,-85.0,6250.0,0.0,0.0,0.002336448598130841,0.08177570093457943,0.007009345794392523,0.018691588785046728,0.40654205607476634,0.1261682242990654,0.08878504672897196,0.14719626168224298,0.0,0.02570093457943925,0.011682242990654205,0.0,0.08411214953271028,428.0
679,43.48,-85.0,6750.0,0.0,0.0,0.0,0.17523364485981308,0.007009345794392523,0.018691588785046728,0.2967289719626168,0.09345794392523364,0.0397196261682243,0.19158878504672897,0.007009345794392523,0.04906542056074766,0.004672897196261682,0.016355140186915886,0.10046728971962617,428.0
679,43.48,-85.0,7250.0,0.004454342984409799,0.0,0.0,0.18040089086859687,0.004454342984409799,0.044543429844097995,0.41870824053452116,0.0066815144766146995,0.0334075723830735,0.10244988864142539,0.0066815144766146995,0.0334075723830735,0.0,0.0,0.16481069042316257,449.0
679,43.48,-85.0,7750.0,0.0,0.013186813186813187,0.0,0.36043956043956044,0.0,0.046153846153846156,0.3098901098901099,0.008791208791208791,0.026373626373626374,0.06153846153846154,0.006593406593406593,0.015384615384615385,0.002197802197802198,0.006593406593406593,0.14285714285714285,455.0
679,43.48,-85.0,8250.0,0.0,0.0,0.0,0.5701357466063348,0.0,0.027149321266968326,0.2850678733031674,0.0,0.013574660633484163,0.02262443438914027,0.004524886877828055,0.004524886877828055,0.0,0.0,0.07239819004524888,221.0
679,43.48,-85.0,8750.0,0.0,0.0,0.00477326968973747,0.6205250596658711,0.0,0.03341288782816229,0.2100238663484487,0.00477326968973747,0.02386634844868735,0.03341288782816229,0.002386634844868735,0.007159904534606206,0.002386634844868735,0.0,0.057279236276849645,419.0
679,43.48,-85.0,9250.0,0.046357615894039736,0.0033112582781456954,0.0,0.5529801324503312,0.0,0.046357615894039736,0.15894039735099338,0.006622516556291391,0.026490066225165563,0.0695364238410596,0.009933774834437087,0.019867549668874173,0.0,0.0,0.059602649006622516,302.0
679,43.48,-85.0,9750.0,0.0,0.0,0.017777777777777778,0.6666666666666666,0.0,0.013333333333333334,0.12444444444444444,0.0044444444444444444,0.02666666666666667,0.06666666666666667,0.008888888888888889,0.008888888888888889,0.0044444444444444444,0.0,0.057777777777777775,225.0
679,43.48,-85.0,10250.0,0.08717105263157894,0.003289473684210526,0.011513157894736841,0.6085526315789473,0.0,0.023026315789473683,0.08552631578947369,0.001644736842105263,0.049342105263157895,0.047697368421052634,0.003289473684210526,0.001644736842105263,0.001644736842105263,0.006578947368421052,0.06907894736842106,608.0
679,43.48,-85.0,10750.0,0.3775280898876405,0.008988764044943821,0.00599250936329588,0.36479400749063673,0.000749063670411985,0.0149812734082397,0.0599250936329588,0.000749063670411985,0.03146067415730337,0.00599250936329588,0.0022471910112359553,0.0022471910112359553,0.00749063670411985,0.0,0.11685393258426967,1335.0
679,43.48,-85.0,11250.0,0.3172972972972973,0.036756756756756756,0.001081081081081081,0.3345945945945946,0.0,0.009189189189189189,0.043243243243243246,0.0016216216216216215,0.09351351351351352,0.013513513513513514,0.001081081081081081,0.001081081081081081,0.004324324324324324,0.002162162162162162,0.14054054054054055,1850.0
679,43.48,-85.0,11750.0,0.15816326530612246,0.030612244897959183,0.0,0.4336734693877551,0.0,0.0,0.05102040816326531,0.0,0.15306122448979592,0.0,0.0,0.0,0.0,0.02040816326530612,0.15306122448979592,196.0
785,44.37,-80.25,250.0,0.012681159420289856,0.016304347826086956,0.005434782608695652,0.151268115942029,0.09103260869565218,0.13858695652173914,0.06204710144927536,0.0384963768115942,0.028079710144927536,0.08016304347826086,0.006793478260869565,0.0792572463768116,0.007246376811594203,0.00588768115942029,0.2767210144927536,2208.0
785,44.37,-80.25,750.0,0.013742071881606765,0.010570824524312896,0.003171247357293869,0.13002114164904863,0.12367864693446089,0.18816067653276955,0.07188160676532769,0.06553911205073996,0.05708245243128964,0.11416490486257928,0.007399577167019027,0.09619450317124736,0.009513742071881607,0.005285412262156448,0.10359408033826638,946.0
785,44.37,-80.25,1250.0,0.011288805268109126,0.012229539040451553,0.005644402634054563,0.09971777986829727,0.12417685794920037,0.1458137347130762,0.08560677328316087,0.13264346190028223,0.03386641580432737,0.1213546566321731,0.007525870178739417,0.12982126058325494,0.0037629350893697085,0.004703668861712135,0.08184383819379115,1063.0
785,44.37,-80.25,1750.0,0.007429420505200594,0.017830609212481426,0.004457652303120356,0.10104011887072809,0.09212481426448738,0.1589895988112927,0.0549777117384844,0.14561664190193166,0.05349182763744428,0.15453194650817237,0.008915304606240713,0.1337295690936107,0.004457652303120356,0.0,0.06240713224368499,673.0
785,44.37,-80.25,2250.0,0.006809338521400778,0.010700389105058366,0.0029182879377431907,0.0963035019455253,0.12743190661478598,0.13813229571984437,0.07879377431906615,0.1575875486381323,0.033073929961089495,0.1264591439688716,0.008754863813229572,0.12159533073929961,0.007782101167315175,0.0048638132295719845,0.07879377431906615,1028.0
785,44.37,-80.25,2750.0,0.00911854103343465,0.011144883485309016,0.005065856129685917,0.10131712259371833,0.0851063829787234,0.17426545086119555,0.06585612968591692,0.11854103343465046,0.05065856129685917,0.1519756838905775,0.0070921985815602835,0.12056737588652482,0.0070921985815602835,0.004052684903748734,0.08814589665653495,987.0
785,44.37,-80.25,3250.0,0.014427412082957619,0.009918845807033363,0.0018034265103697023,0.1532912533814247,0.06582506762849413,0.1496844003606853,0.06582506762849413,0.1145175834084761,0.03606853020739405,0.12804328223624886,0.014427412082957619,0.14156898106402163,0.009918845807033363,0.0009017132551848512,0.09377817853922453,1109.0
785,44.37,-80.25,3750.0,0.005780346820809248,0.0072254335260115606,0.004335260115606936,0.19508670520231214,0.03468208092485549,0.1907514450867052,0.09248554913294797,0.09971098265895954,0.014450867052023121,0.12427745664739884,0.01300578034682081,0.12861271676300579,0.001445086705202312,0.0,0.08815028901734104,692.0
785,44.37,-80.25,4250.0,0.005865102639296188,0.002932551319648094,0.0017595307917888563,0.13607038123167156,0.029912023460410556,0.17653958944281525,0.07096774193548387,0.10439882697947214,0.03636363636363636,0.1348973607038123,0.005865102639296188,0.16774193548387098,0.0093841642228739,0.005278592375366569,0.11202346041055719,1705.0
785,44.37,-80.25,4750.0,0.005319148936170213,0.0013297872340425532,0.0013297872340425532,0.13364361702127658,0.10837765957446809,0.15625,0.06316489361702128,0.11369680851063829,0.05319148936170213,0.1422872340425532,0.007313829787234043,0.11303191489361702,0.003989361702127659,0.008643617021276596,0.0884308510638298,1504.0
785,44.37,-80.25,5250.0,0.00834597875569044,0.0007587253414264037,0.0007587253414264037,0.1456752655538695,0.334597875569044,0.05235204855842185,0.07738998482549317,0.07738998482549317,0.03490136570561457,0.1054628224582701,0.00834597875569044,0.09787556904400607,0.002276176024279211,0.0015174506828528073,0.05235204855842185,1318.0
785,44.37,-80.25,5750.0,0.01166407465007776,0.0007776049766718507,0.0007776049766718507,0.14930015552099535,0.3608087091757387,0.03188180404354588,0.06220839813374806,0.053654743390357695,0.03732503888024884,0.12286158631415241,0.0038880248833592537,0.08864696734059098,0.0015552099533437014,0.0015552099533437014,0.07309486780715396,1286.0
785,44.37,-80.25,6250.0,0.005653710247349823,0.0,0.0,0.18021201413427562,0.37809187279151946,0.022614840989399292,0.06925795053003533,0.0353356890459364,0.0480565371024735,0.08480565371024736,0.0077738515901060075,0.09045936395759717,0.0021201413427561835,0.0028268551236749115,0.07279151943462897,1415.0
785,44.37,-80.25,6750.0,0.010970464135021098,0.016033755274261603,0.002531645569620253,0.47932489451476795,0.08523206751054853,0.04725738396624472,0.10464135021097046,0.01181434599156118,0.02362869198312236,0.06329113924050633,0.0008438818565400844,0.05822784810126582,0.0008438818565400844,0.0033755274261603376,0.0919831223628692,1185.0
785,44.37,-80.25,7250.0,0.004008016032064128,0.006680026720106881,0.0013360053440213762,0.633934535738143,0.019372077488309953,0.06012024048096192,0.08082832331329326,0.002004008016032064,0.015364061456245824,0.04275217100868404,0.002004008016032064,0.05678022712090848,0.0006680026720106881,0.002004008016032064,0.07214428857715431,1497.0
785,44.37,-80.25,7750.0,0.01794616151545364,0.014955134596211365,0.003988035892323031,0.7138584247258225,0.0029910269192422734,0.09471585244267199,0.058823529411764705,0.0,0.013958125623130608,0.01694915254237288,0.0,0.023928215353938187,0.004985044865403789,0.0009970089730807576,0.031904287138584245,1003.0
785,44.37,-80.25,8250.0,0.015197568389057751,0.013171225937183385,0.0070921985815602835,0.7578520770010132,0.00303951367781155,0.0851063829787234,0.04559270516717325,0.0010131712259371835,0.0182370820668693,0.015197568389057751,0.0010131712259371835,0.016210739614994935,0.0,0.0,0.02127659574468085,987.0
785,44.37,-80.25,8750.0,0.01639344262295082,0.04918032786885246,0.00468384074941452,0.6463700234192038,0.00234192037470726,0.14754098360655737,0.06791569086651054,0.0,0.00936768149882904,0.01405152224824356,0.0,0.00702576112412178,0.00702576112412178,0.00702576112412178,0.02107728337236534,427.0
785,44.37,-80.25,9250.0,0.05757575757575758,0.051515151515151514,0.015151515151515152,0.4909090909090909,0.006060606060606061,0.20454545454545456,0.08484848484848485,0.0,0.00909090909090909,0.01818181818181818,0.0030303030303030303,0.006060606060606061,0.0030303030303030303,0.0,0.05,660.0
785,44.37,-80.25,9750.0,0.14995131450827653,0.05744888023369036,0.011684518013631937,0.3184031158714703,0.005842259006815969,0.16358325219084713,0.0934761441090555,0.0,0.01557935735150925,0.03018500486854917,0.0038948393378773127,0.007789678675754625,0.0009737098344693282,0.0311587147030185,0.11002921129503408,1027.0
785,44.37,-80.25,10250.0,0.2927400468384075,0.01053864168618267,0.00585480093676815,0.22014051522248243,0.00468384074941452,0.11475409836065574,0.03629976580796253,0.00351288056206089,0.0,0.00702576112412178,0.00234192037470726,0.0,0.00936768149882904,0.00117096018735363,0.29156908665105385,854.0
785,44.37,-80.25,10750.0,0.3397745571658615,0.005636070853462158,0.0024154589371980675,0.1280193236714976,0.001610305958132045,0.02254428341384863,0.04106280193236715,0.0008051529790660225,0.004830917874396135,0.010466988727858293,0.005636070853462158,0.0,0.004025764895330112,0.0024154589371980675,0.4307568438003221,1242.0
785,44.37,-80.25,11250.0,0.7335423197492164,0.012539184952978056,0.006269592476489028,0.15987460815047022,0.0,0.0,0.018808777429467086,0.0,0.0,0.0,0.0,0.0,0.0,0.0,0.06896551724137931,319.0
785,44.37,-80.25,11750.0,0.4573170731707317,0.012195121951219513,0.012195121951219513,0.20121951219512196,0.0,0.0,0.03048780487804878,0.0,0.006097560975609756,0.006097560975609756,0.0,0.012195121951219513,0.018292682926829267,0.006097560975609756,0.23780487804878048,164.0
785,44.37,-80.25,12250.0,0.4926372155287818,0.004016064257028112,0.0,0.24230254350736277,0.0,0.004016064257028112,0.03614457831325301,0.0,0.0013386880856760374,0.00535475234270415,0.0013386880856760374,0.0013386880856760374,0.004016064257028112,0.01606425702811245,0.19143239625167335,747.0
785,44.37,-80.25,12750.0,0.372,0.016,0.0013333333333333333,0.304,0.0,0.008,0.048,0.0,0.005333333333333333,0.005333333333333333,0.0,0.0,0.018666666666666668,0.008,0.21333333333333335,750.0
785,44.37,-80.25,13250.0,0.336,0.012,0.005333333333333333,0.30533333333333335,0.0013333333333333333,0.0,0.072,0.0,0.0026666666666666666,0.0013333333333333333,0.013333333333333334,0.0013333333333333333,0.016,0.018666666666666668,0.21466666666666667,750.0
785,44.37,-80.25,13750.0,0.38764044943820225,0.0028089887640449437,0.0,0.34269662921348315,0.0,0.0056179775280898875,0.03932584269662921,0.0,0.0,0.0028089887640449437,0.014044943820224719,0.0028089887640449437,0.019662921348314606,0.008426966292134831,0.17415730337078653,356.0
785,44.37,-80.25,14250.0,0.4459279038718291,0.00801068090787717,0.0,0.2883845126835781,0.0,0.017356475300400534,0.017356475300400534,0.0,0.0026702269692923898,0.021361815754339118,0.0026702269692923898,0.004005340453938585,0.004005340453938585,0.0053404539385847796,0.1829105473965287,749.0
785,44.37,-80.25,14750.0,0.38392857142857145,0.026785714285714284,0.0,0.26785714285714285,0.017857142857142856,0.008928571428571428,0.0625,0.008928571428571428,0.0,0.03571428571428571,0.017857142857142856,0.008928571428571428,0.008928571428571428,0.0,0.15178571428571427,112.0
805,41.92,-82.76,250.0,0.003667481662591687,0.0012224938875305623,0.0024449877750611247,0.30317848410757947,0.02444987775061125,0.019559902200488997,0.28117359413202936,0.008557457212713936,0.040342298288508556,0.02689486552567237,0.022004889975550123,0.028117359413202935,0.009779951100244499,0.0,0.22860635696821516,818.0
805,41.92,-82.76,1250.0,0.0029154518950437317,0.0,0.0,0.24198250728862974,0.03206997084548105,0.011661807580174927,0.3498542274052478,0.023323615160349854,0.08163265306122448,0.037900874635568516,0.043731778425655975,0.04081632653061224,0.0029154518950437317,0.0,0.13119533527696792,343.0
805,41.92,-82.76,1750.0,0.019886363636363636,0.0,0.0,0.21306818181818182,0.014204545454545454,0.019886363636363636,0.29261363636363635,0.03409090909090909,0.08522727272727272,0.056818181818181816,0.045454545454545456,0.07102272727272728,0.0,0.0,0.14772727272727273,352.0
805,41.92,-82.76,2250.0,0.020460358056265986,0.0,0.0025575447570332483,0.21483375959079284,0.0076726342710997444,0.010230179028132993,0.2557544757033248,0.07672634271099744,0.08439897698209718,0.08184143222506395,0.028132992327365727,0.030690537084398978,0.005115089514066497,0.0,0.1815856777493606,391.0
805,41.92,-82.76,2750.0,0.013368983957219251,0.008021390374331552,0.0,0.24064171122994651,0.00267379679144385,0.013368983957219251,0.3074866310160428,0.008021390374331552,0.09358288770053476,0.029411764705882353,0.06149732620320856,0.034759358288770054,0.0,0.0,0.18716577540106952,374.0
805,41.92,-82.76,3250.0,0.024,0.0034285714285714284,0.001142857142857143,0.232,0.010285714285714285,0.013714285714285714,0.23885714285714285,0.024,0.04114285714285714,0.06857142857142857,0.036571428571428574,0.026285714285714287,0.0,0.0,0.28,875.0
805,41.92,-82.76,3750.0,0.016981132075471698,0.0018867924528301887,0.0018867924528301887,0.1811320754716981,0.007547169811320755,0.013207547169811321,0.2528301886792453,0.020754716981132074,0.06037735849056604,0.04150943396226415,0.03018867924528302,0.018867924528301886,0.0018867924528301887,0.0,0.35094339622641507,530.0
805,41.92,-82.76,4250.0,0.018556701030927835,0.002061855670103093,0.0,0.15876288659793814,0.006185567010309278,0.012371134020618556,0.18969072164948453,0.0288659793814433,0.05979381443298969,0.041237113402061855,0.03505154639175258,0.03505154639175258,0.0,0.0,0.41237113402061853,485.0
805,41.92,-82.76,4750.0,0.0014749262536873156,0.0,0.0,0.09144542772861357,0.004424778761061947,0.0058997050147492625,0.17699115044247787,0.016224188790560472,0.06342182890855458,0.03982300884955752,0.028023598820058997,0.008849557522123894,0.0,0.0,0.5634218289085545,678.0
805,41.92,-82.76,5250.0,0.0,0.0,0.0,0.09386281588447654,0.008122743682310469,0.007220216606498195,0.21299638989169675,0.018050541516245487,0.07220216606498195,0.029783393501805054,0.03790613718411552,0.023465703971119134,0.0018050541516245488,0.0,0.49458483754512633,1108.0
805,41.92,-82.76,5750.0,0.0011890606420927466,0.0,0.0,0.14982164090368608,0.0023781212841854932,0.011890606420927468,0.33055885850178357,0.009512485136741973,0.11533888228299644,0.02140309155766944,0.0356718192627824,0.04042806183115339,0.0011890606420927466,0.0,0.2806183115338882,841.0
805,41.92,-82.76,6250.0,0.0013717421124828531,0.0,0.0,0.2194787379972565,0.0013717421124828531,0.010973936899862825,0.4403292181069959,0.0013717421124828531,0.09739368998628258,0.023319615912208505,0.01783264746227709,0.03566529492455418,0.0013717421124828531,0.00411522633744856,0.14540466392318244,729.0
805,41.92,-82.76,6750.0,0.002932551319648094,0.0,0.0,0.31671554252199413,0.002932551319648094,0.008797653958944282,0.3548387096774194,0.0,0.12316715542521994,0.017595307917888565,0.017595307917888565,0.020527859237536656,0.005865102639296188,0.0,0.12903225806451613,341.0
805,41.92,-82.76,7250.0,0.001447178002894356,0.0,0.001447178002894356,0.3053545586107091,0.001447178002894356,0.010130246020260492,0.4196816208393632,0.001447178002894356,0.07814761215629522,0.03328509406657019,0.020260492040520984,0.02170767004341534,0.001447178002894356,0.0,0.10419681620839363,691.0
805,41.92,-82.76,7750.0,0.0027662517289073307,0.0013831258644536654,0.0027662517289073307,0.355463347164592,0.005532503457814661,0.0027662517289073307,0.367911479944675,0.0013831258644536654,0.04979253112033195,0.02074688796680498,0.029045643153526972,0.02627939142461964,0.005532503457814661,0.0013831258644536654,0.1272475795297372,723.0
805,41.92,-82.76,8250.0,0.01078167115902965,0.0,0.0,0.3288409703504043,0.008086253369272238,0.008086253369272238,0.3584905660377358,0.0026954177897574125,0.029649595687331536,0.029649595687331536,0.03773584905660377,0.018867924528301886,0.0,0.0,0.16711590296495957,371.0
805,41.92,-82.76,8750.0,0.004273504273504274,0.002849002849002849,0.0014245014245014246,0.47150997150997154,0.002849002849002849,0.008547008547008548,0.2535612535612536,0.0014245014245014246,0.04843304843304843,0.03276353276353276,0.019943019943019943,0.037037037037037035,0.0,0.0014245014245014246,0.11396011396011396,702.0
805,41.92,-82.76,9250.0,0.004866180048661801,0.0,0.0,0.45498783454987834,0.004866180048661801,0.01338199513381995,0.25669099756691,0.0,0.043795620437956206,0.03527980535279805,0.014598540145985401,0.025547445255474453,0.0012165450121654502,0.0,0.14476885644768855,822.0
805,41.92,-82.76,9750.0,0.02195121951219512,0.0024390243902439024,0.004878048780487805,0.5146341463414634,0.0024390243902439024,0.004878048780487805,0.24634146341463414,0.004878048780487805,0.046341463414634146,0.01707317073170732,0.014634146341463415,0.012195121951219513,0.0,0.0024390243902439024,0.1048780487804878,410.0
805,41.92,-82.76,10250.0,0.047435897435897434,0.015384615384615385,0.0038461538461538464,0.4064102564102564,0.00641025641025641,0.023076923076923078,0.19230769230769232,0.001282051282051282,0.06282051282051282,0.046153846153846156,0.008974358974358974,0.01282051282051282,0.005128205128205128,0.001282051282051282,0.16666666666666666,780.0
805,41.92,-82.76,10750.0,0.21203830369357046,0.028727770177838577,0.03419972640218878,0.45690834473324216,0.006839945280437756,0.019151846785225718,0.06155950752393981,0.0,0.009575923392612859,0.02188782489740082,0.004103967168262654,0.004103967168262654,0.004103967168262654,0.004103967168262654,0.1326949384404925,731.0
805,41.92,-82.76,11750.0,0.42328042328042326,0.0,0.10317460317460317,0.15608465608465608,0.005291005291005291,0.03439153439153439,0.04497354497354497,0.0,0.0026455026455026454,0.013227513227513227,0.0,0.0,0.0,0.005291005291005291,0.21164021164021163,378.0
805,41.92,-82.76,12250.0,0.3053435114503817,0.0030534351145038168,0.05648854961832061,0.021374045801526718,0.0,0.010687022900763359,0.02900763358778626,0.0,0.0061068702290076335,0.021374045801526718,0.0,0.0061068702290076335,0.007633587786259542,0.0,0.5328244274809161,655.0
805,41.92,-82.76,13250.0,0.2487864077669903,0.0,0.0012135922330097086,0.02063106796116505,0.0,0.012135922330097087,0.05218446601941747,0.0,0.006067961165048544,0.010922330097087379,0.0024271844660194173,0.0012135922330097086,0.0,0.00849514563106796,0.6359223300970874,824.0
805,41.92,-82.76,14750.0,0.3232830820770519,0.0016750418760469012,0.0033500837520938024,0.048576214405360134,0.0016750418760469012,0.006700167504187605,0.04187604690117253,0.0,0.0033500837520938024,0.006700167504187605,0.0033500837520938024,0.0,0.005025125628140704,0.018425460636515914,0.5360134003350083,597.0
847,42.33,-83.63,250.0,0.0009319664492078285,0.0009319664492078285,0.0009319664492078285,0.04007455731593663,0.003727865796831314,0.017707362534948742,0.48835041938490215,0.028890959925442685,0.035414725069897485,0.04007455731593663,0.047530288909599254,0.0195712954333644,0.0027958993476234857,0.0,0.27306616961789376,1073.0
847,42.33,-83.63,750.0,0.00234192037470726,0.0,0.00234192037470726,0.0234192037470726,0.00468384074941452,0.02107728337236534,0.5761124121779859,0.07962529274004684,0.04215456674473068,0.053864168618266976,0.06088992974238876,0.02576112412177986,0.00468384074941452,0.0,0.10304449648711944,427.0
847,42.33,-83.63,1250.0,0.0,0.0,0.0,0.0375,0.0075,0.0175,0.5275,0.055,0.0475,0.07,0.04,0.0325,0.0125,0.0075,0.145,400.0
847,42.33,-83.63,1750.0,0.0,0.0,0.005128205128205128,0.020512820512820513,0.005128205128205128,0.0,0.517948717948718,0.07692307692307693,0.06153846153846154,0.06153846153846154,0.05128205128205128,0.07179487179487179,0.0,0.010256410256410256,0.11794871794871795,195.0
847,42.33,-83.63,2250.0,0.0,0.0,0.0,0.025380710659898477,0.0,0.005076142131979695,0.350253807106599,0.14213197969543148,0.1065989847715736,0.1065989847715736,0.04568527918781726,0.05583756345177665,0.0,0.005076142131979695,0.15736040609137056,197.0
847,42.33,-83.63,2750.0,0.004807692307692308,0.0,0.0,0.009615384615384616,0.009615384615384616,0.014423076923076924,0.2932692307692308,0.17307692307692307,0.10096153846153846,0.10576923076923077,0.028846153846153848,0.0673076923076923,0.0,0.0,0.19230769230769232,208.0
847,42.33,-83.63,3250.0,0.0,0.0,0.0,0.015151515151515152,0.0,0.0,0.43434343434343436,0.1111111111111111,0.09090909090909091,0.13131313131313133,0.010101010101010102,0.0707070707070707,0.0,0.0,0.13636363636363635,198.0
847,42.33,-83.63,4250.0,0.0,0.0,0.0,0.029411764705882353,0.0,0.0196078431372549,0.4264705882352941,0.04411764705882353,0.06862745098039216,0.16176470588235295,0.03431372549019608,0.04411764705882353,0.00980392156862745,0.004901960784313725,0.1568627450980392,204.0
847,42.33,-83.63,5250.0,0.0,0.0,0.0,0.01507537688442211,0.0,0.010050251256281407,0.3768844221105528,0.10050251256281408,0.09045226130653267,0.20603015075376885,0.035175879396984924,0.010050251256281407,0.005025125628140704,0.005025125628140704,0.1457286432160804,199.0
847,42.33,-83.63,6250.0,0.0,0.0,0.0,0.03482587064676617,0.0,0.009950248756218905,0.4975124378109453,0.08955223880597014,0.06965174129353234,0.08955223880597014,0.009950248756218905,0.024875621890547265,0.0,0.0,0.17412935323383086,201.0
847,42.33,-83.63,6750.0,0.0,0.0,0.0051813471502590676,0.010362694300518135,0.0,0.0051813471502590676,0.3005181347150259,0.14507772020725387,0.07772020725388601,0.20725388601036268,0.03626943005181347,0.046632124352331605,0.0,0.0,0.16580310880829016,193.0
847,42.33,-83.63,7750.0,0.016853932584269662,0.0,0.0,0.0,0.0,0.028089887640449437,0.398876404494382,0.033707865168539325,0.033707865168539325,0.23595505617977527,0.056179775280898875,0.033707865168539325,0.0,0.0,0.16292134831460675,178.0
847,42.33,-83.63,8250.0,0.0,0.0,0.0,0.09547738693467336,0.0,0.010050251256281407,0.5326633165829145,0.0,0.04020100502512563,0.15577889447236182,0.020100502512562814,0.020100502512562814,0.005025125628140704,0.0,0.12060301507537688,199.0
847,42.33,-83.63,9250.0,0.0,0.0,0.0,0.1488833746898263,0.0,0.019851116625310174,0.48635235732009924,0.0,0.08436724565756824,0.04714640198511166,0.019851116625310174,0.02481389578163772,0.0,0.0024813895781637717,0.1662531017369727,403.0
847,42.33,-83.63,9750.0,0.007389162561576354,0.0049261083743842365,0.007389162561576354,0.33497536945812806,0.0024630541871921183,0.022167487684729065,0.2438423645320197,0.0,0.08866995073891626,0.10098522167487685,0.034482758620689655,0.012315270935960592,0.0049261083743842365,0.019704433497536946,0.11576354679802955,406.0
847,42.33,-83.63,10250.0,0.03755868544600939,0.014084507042253521,0.023474178403755867,0.5821596244131455,0.0,0.028169014084507043,0.10328638497652583,0.0,0.03755868544600939,0.03286384976525822,0.009389671361502348,0.009389671361502348,0.004694835680751174,0.014084507042253521,0.10328638497652583,213.0
847,42.33,-83.63,11250.0,0.205,0.0,0.01,0.62,0.005,0.015,0.015,0.0,0.0,0.025,0.0,0.0,0.015,0.035,0.055,200.0
847,42.33,-83.63,11750.0,0.4585365853658537,0.02926829268292683,0.00975609756097561,0.08780487804878048,0.0,0.014634146341463415,0.0975609756097561,0.0,0.024390243902439025,0.00975609756097561,0.0,0.0,0.0,0.014634146341463415,0.25365853658536586,205.0
847,42.33,-83.63,12250.0,0.2608695652173913,0.007246376811594203,0.007246376811594203,0.014492753623188406,0.0,0.0,0.057971014492753624,0.0,0.09420289855072464,0.014492753623188406,0.007246376811594203,0.007246376811594203,0.0,0.036231884057971016,0.4927536231884058,138.0
860,44.05,-87.73333,250.0,0.005836575875486381,0.00324254215304799,0.0012970168612191958,0.122568093385214,0.005836575875486381,0.11154345006485085,0.1575875486381323,0.03955901426718547,0.0946822308690013,0.05901426718547341,0.007782101167315175,0.026588845654993514,0.05901426718547341,0.020103761348897537,0.2853437094682231,1542.0
860,44.05,-87.73333,1250.0,0.003115264797507788,0.0,0.003115264797507788,0.1806853582554517,0.03115264797507788,0.14641744548286603,0.2367601246105919,0.08099688473520249,0.056074766355140186,0.0529595015576324,0.009345794392523364,0.021806853582554516,0.040498442367601244,0.0,0.13707165109034267,321.0
860,44.05,-87.73333,1750.0,0.0031446540880503146,0.0,0.0,0.1761006289308176,0.012578616352201259,0.12264150943396226,0.29559748427672955,0.031446540880503145,0.0880503144654088,0.03459119496855346,0.015723270440251572,0.0220125786163522,0.06918238993710692,0.006289308176100629,0.12264150943396226,318.0
860,44.05,-87.73333,2250.0,0.0,0.0015873015873015873,0.0015873015873015873,0.24126984126984127,0.009523809523809525,0.06507936507936508,0.3047619047619048,0.03492063492063492,0.06031746031746032,0.03650793650793651,0.006349206349206349,0.015873015873015872,0.10317460317460317,0.006349206349206349,0.1126984126984127,630.0
860,44.05,-87.73333,2750.0,0.0032520325203252032,0.0,0.0065040650406504065,0.1951219512195122,0.008130081300813009,0.0975609756097561,0.3105691056910569,0.030894308943089432,0.0975609756097561,0.03577235772357724,0.008130081300813009,0.024390243902439025,0.05365853658536585,0.0016260162601626016,0.12682926829268293,615.0
860,44.05,-87.73333,3250.0,0.0,0.0,0.006299212598425197,0.10866141732283464,0.007874015748031496,0.10078740157480315,0.2677165354330709,0.08818897637795275,0.11338582677165354,0.047244094488188976,0.015748031496062992,0.04251968503937008,0.06614173228346457,0.006299212598425197,0.12913385826771653,635.0
860,44.05,-87.73333,3750.0,0.004291845493562232,0.0,0.002145922746781116,0.12339055793991416,0.003218884120171674,0.09012875536480687,0.3948497854077253,0.04291845493562232,0.0815450643776824,0.034334763948497854,0.00536480686695279,0.016094420600858368,0.046137339055793994,0.008583690987124463,0.14699570815450644,932.0
860,44.05,-87.73333,4250.0,0.0010482180293501049,0.0031446540880503146,0.0041928721174004195,0.1331236897274633,0.0020964360587002098,0.07127882599580712,0.31341719077568136,0.05241090146750524,0.11320754716981132,0.05870020964360587,0.0041928721174004195,0.02410901467505241,0.04612159329140461,0.0031446540880503146,0.16981132075471697,954.0
860,44.05,-87.73333,4750.0,0.0006365372374283895,0.0,0.002546148949713558,0.13558243157224698,0.002546148949713558,0.02991725015913431,0.43093570973901973,0.021642266072565246,0.08784213876511776,0.08465945257797582,0.0120942075111394,0.028007638446849142,0.01782304264799491,0.001273074474856779,0.14449395289624442,1571.0
860,44.05,-87.73333,5750.0,0.0,0.0,0.0,0.10635155096011817,0.0029542097488921715,0.019202363367799114,0.4254062038404727,0.005908419497784343,0.10930576070901034,0.08567208271787297,0.011816838995568686,0.028064992614475627,0.014771048744460856,0.0029542097488921715,0.18759231905465287,677.0
860,44.05,-87.73333,6250.0,0.0,0.0,0.001557632398753894,0.09345794392523364,0.0,0.018691588785046728,0.367601246105919,0.006230529595015576,0.059190031152647975,0.17289719626168223,0.009345794392523364,0.04672897196261682,0.021806853582554516,0.0,0.20249221183800623,642.0
860,44.05,-87.73333,6750.0,0.0021413276231263384,0.0010706638115631692,0.0,0.043897216274089934,0.0,0.016059957173447537,0.42505353319057815,0.008565310492505354,0.07922912205567452,0.15417558886509636,0.027837259100642397,0.05032119914346895,0.01284796573875803,0.004282655246252677,0.1745182012847966,934.0
860,44.05,-87.73333,7250.0,0.001443001443001443,0.001443001443001443,0.0,0.1645021645021645,0.0,0.024531024531024532,0.2886002886002886,0.002886002886002886,0.04040404040404041,0.13131313131313133,0.015873015873015872,0.03751803751803752,0.008658008658008658,0.001443001443001443,0.2813852813852814,693.0
860,44.05,-87.73333,7750.0,0.0,0.0,0.0046439628482972135,0.18575851393188855,0.0,0.02786377708978328,0.3142414860681115,0.0,0.06501547987616099,0.10371517027863777,0.006191950464396285,0.03869969040247678,0.020123839009287926,0.006191950464396285,0.22755417956656346,646.0
860,44.05,-87.73333,8250.0,0.0,0.0,0.0030581039755351682,0.27675840978593275,0.0,0.0672782874617737,0.26146788990825687,0.0,0.0856269113149847,0.06880733944954129,0.012232415902140673,0.03669724770642202,0.009174311926605505,0.010703363914373088,0.16819571865443425,654.0
860,44.05,-87.73333,8750.0,0.001607717041800643,0.001607717041800643,0.003215434083601286,0.3327974276527331,0.0,0.05144694533762058,0.2491961414790997,0.0,0.06109324758842444,0.06913183279742766,0.00964630225080386,0.01607717041800643,0.00964630225080386,0.00482315112540193,0.18971061093247588,622.0
860,44.05,-87.73333,9250.0,0.008902077151335312,0.0,0.0,0.29080118694362017,0.0,0.08902077151335312,0.2195845697329377,0.0,0.0771513353115727,0.06824925816023739,0.005934718100890208,0.026706231454005934,0.02373887240356083,0.01483679525222552,0.17507418397626112,337.0
860,44.05,-87.73333,9750.0,0.009448818897637795,0.0031496062992125984,0.006299212598425197,0.42362204724409447,0.0,0.08346456692913386,0.14803149606299212,0.0,0.05354330708661417,0.13700787401574804,0.009448818897637795,0.011023622047244094,0.006299212598425197,0.009448818897637795,0.09921259842519685,635.0
860,44.05,-87.73333,10250.0,0.04878048780487805,0.027439024390243903,0.009146341463414634,0.23628048780487804,0.0,0.18140243902439024,0.11432926829268293,0.001524390243902439,0.13414634146341464,0.08536585365853659,0.012195121951219513,0.009146341463414634,0.0,0.007621951219512195,0.1326219512195122,656.0
860,44.05,-87.73333,10750.0,0.26292466765140327,0.0103397341211226,0.01772525849335303,0.155096011816839,0.0,0.08567208271787297,0.0930576070901034,0.0,0.1536189069423929,0.053175775480059084,0.0103397341211226,0.0014771048744460858,0.01772525849335303,0.01772525849335303,0.12112259970457903,677.0
860,44.05,-87.73333,11250.0,0.403125,0.0,0.021875,0.1375,0.0,0.046875,0.09375,0.0,0.1,0.021875,0.0,0.003125,0.009375,0.01875,0.14375,320.0
860,44.05,-87.73333,11750.0,0.4409937888198758,0.0,0.006211180124223602,0.012422360248447204,0.0,0.07453416149068323,0.049689440993788817,0.0,0.07453416149068323,0.018633540372670808,0.0,0.0,0.09937888198757763,0.006211180124223602,0.21739130434782608,161.0
860,44.05,-87.73333,12250.0,0.27314814814814814,0.009259259259259259,0.004629629629629629,0.004629629629629629,0.0,0.032407407407407406,0.08333333333333333,0.0,0.12962962962962962,0.037037037037037035,0.0,0.0,0.046296296296296294,0.05092592592592592,0.3287037037037037,216.0
860,44.05,-87.73333,13250.0,0.22418879056047197,0.0,0.008849557522123894,0.0029498525073746312,0.0,0.0,0.07964601769911504,0.0,0.2890855457227139,0.017699115044247787,0.0058997050147492625,0.0,0.0058997050147492625,0.02064896755162242,0.34513274336283184,339.0
860,44.05,-87.73333,13750.0,0.16246498599439776,0.0028011204481792717,0.0,0.0028011204481792717,0.0,0.014005602240896359,0.12324929971988796,0.0,0.23529411764705882,0.028011204481792718,0.0028011204481792717,0.0,0.028011204481792718,0.025210084033613446,0.3753501400560224,357.0
860,44.05,-87.73333,14750.0,0.15849056603773584,0.0,0.0037735849056603774,0.0,0.0,0.01509433962264151,0.05660377358490566,0.0,0.2641509433962264,0.0037735849056603774,0.007547169811320755,0.0037735849056603774,0.007547169811320755,0.026415094339622643,0.4528301886792453,265.0
999,37.98472,-78.99722,250.0,0.001658374792703151,0.0,0.0,0.351575456053068,0.003316749585406302,0.03648424543946932,0.45107794361525705,0.001658374792703151,0.004975124378109453,0.003316749585406302,0.04311774461028192,0.008291873963515755,0.029850746268656716,0.0,0.06467661691542288,603.0
999,37.98472,-78.99722,750.0,0.0,0.0,0.0,0.2913907284768212,0.0033112582781456954,0.023178807947019868,0.5066225165562914,0.006622516556291391,0.006622516556291391,0.0,0.06291390728476821,0.0,0.056291390728476824,0.0,0.04304635761589404,302.0
999,37.98472,-78.99722,1250.0,0.0,0.0,0.0,0.29042904290429045,0.0,0.006600660066006601,0.5610561056105611,0.0,0.0,0.0,0.036303630363036306,0.0,0.04950495049504951,0.0,0.056105610561056105,303.0
999,37.98472,-78.99722,1750.0,0.0,0.0,0.0,0.28052805280528054,0.0,0.019801980198019802,0.5445544554455446,0.0033003300330033004,0.0,0.0,0.0231023102310231,0.0,0.0627062706270627,0.0,0.066006600660066,303.0
999,37.98472,-78.99722,2250.0,0.0,0.0,0.0,0.2607260726072607,0.0,0.0297029702970297,0.5214521452145214,0.0033003300330033004,0.0033003300330033004,0.0033003300330033004,0.0627062706270627,0.0033003300330033004,0.066006600660066,0.0,0.0462046204620462,303.0
999,37.98472,-78.99722,2750.0,0.006600660066006601,0.0,0.0,0.31683168316831684,0.006600660066006601,0.0297029702970297,0.47854785478547857,0.006600660066006601,0.0,0.0,0.052805280528052806,0.0033003300330033004,0.04950495049504951,0.0,0.04950495049504951,303.0
999,37.98472,-78.99722,3250.0,0.0029411764705882353,0.0,0.0,0.21764705882352942,0.0,0.011764705882352941,0.46176470588235297,0.0029411764705882353,0.0029411764705882353,0.0,0.04411764705882353,0.11470588235294117,0.06764705882352941,0.0,0.07352941176470588,340.0
999,37.98472,-78.99722,3750.0,0.001652892561983471,0.0,0.0,0.22479338842975208,0.011570247933884297,0.026446280991735537,0.5454545454545454,0.003305785123966942,0.0,0.006611570247933884,0.06942148760330578,0.0,0.047933884297520664,0.0,0.0628099173553719,605.0
999,37.98472,-78.99722,4250.0,0.0,0.0,0.0,0.22727272727272727,0.012987012987012988,0.006493506493506494,0.6071428571428571,0.006493506493506494,0.0,0.003246753246753247,0.032467532467532464,0.0,0.045454545454545456,0.0,0.05844155844155844,308.0
999,37.98472,-78.99722,4750.0,0.003278688524590164,0.0,0.0,0.08524590163934426,0.013114754098360656,0.013114754098360656,0.6950819672131148,0.009836065573770493,0.003278688524590164,0.0,0.04590163934426229,0.0,0.036065573770491806,0.0,0.09508196721311475,305.0
999,37.98472,-78.99722,5250.0,0.003236245954692557,0.0,0.0,0.08737864077669903,0.006472491909385114,0.016181229773462782,0.6925566343042071,0.0,0.0,0.0,0.038834951456310676,0.0,0.05825242718446602,0.0,0.0970873786407767,309.0
999,37.98472,-78.99722,6250.0,0.009523809523809525,0.0,0.0,0.08253968253968254,0.01904761904761905,0.006349206349206349,0.653968253968254,0.0031746031746031746,0.0,0.0,0.05714285714285714,0.0,0.06349206349206349,0.0,0.10476190476190476,315.0
999,37.98472,-78.99722,6750.0,0.015822784810126583,0.0,0.0,0.11075949367088607,0.02531645569620253,0.006329113924050633,0.6424050632911392,0.0031645569620253164,0.0031645569620253164,0.006329113924050633,0.0189873417721519,0.0,0.0379746835443038,0.0,0.12974683544303797,316.0
999,37.98472,-78.99722,7250.0,0.06200317965023847,0.0,0.0,0.1271860095389507,0.025437201907790145,0.009538950715421303,0.5945945945945946,0.003179650238473768,0.001589825119236884,0.006359300476947536,0.017488076311605722,0.0047694753577106515,0.003179650238473768,0.0,0.14467408585055644,629.0
999,37.98472,-78.99722,7750.0,0.11920529801324503,0.0,0.0,0.1390728476821192,0.046357615894039736,0.009933774834437087,0.5397350993377483,0.019867549668874173,0.0,0.0033112582781456954,0.016556291390728478,0.0,0.006622516556291391,0.0,0.09933774834437085,302.0
999,37.98472,-78.99722,8250.0,0.12871287128712872,0.0,0.0,0.22112211221122113,0.019801980198019802,0.033003300330033,0.49174917491749176,0.0,0.0,0.0,0.009900990099009901,0.013201320132013201,0.033003300330033,0.0,0.04950495049504951,303.0
999,37.98472,-78.99722,8750.0,0.12418300653594772,0.0,0.0,0.21568627450980393,0.0392156862745098,0.02287581699346405,0.5065359477124183,0.0,0.0,0.006535947712418301,0.02287581699346405,0.0,0.006535947712418301,0.0,0.05555555555555555,306.0
999,37.98472,-78.99722,9250.0,0.18811881188118812,0.0033003300330033004,0.0,0.5511551155115512,0.009900990099009901,0.0033003300330033004,0.07590759075907591,0.0,0.0,0.0,0.0,0.0033003300330033004,0.0594059405940594,0.0,0.10561056105610561,303.0
999,37.98472,-78.99722,9750.0,0.21935483870967742,0.0032258064516129032,0.0,0.5225806451612903,0.0,0.016129032258064516,0.07096774193548387,0.0032258064516129032,0.0,0.0,0.0,0.0,0.025806451612903226,0.0,0.13870967741935483,310.0
999,37.98472,-78.99722,10250.0,0.1830065359477124,0.0,0.0,0.5065359477124183,0.0,0.03594771241830065,0.11437908496732026,0.0,0.0,0.0,0.0,0.0032679738562091504,0.03594771241830065,0.0,0.12091503267973856,306.0
999,37.98472,-78.99722,10750.0,0.28253968253968254,0.006349206349206349,0.0,0.526984126984127,0.0,0.03492063492063492,0.04126984126984127,0.0,0.0031746031746031746,0.0,0.006349206349206349,0.0,0.015873015873015872,0.0,0.08253968253968254,315.0
999,37.98472,-78.99722,11750.0,0.29042904290429045,0.0,0.0,0.5874587458745875,0.0,0.0033003300330033004,0.026402640264026403,0.0,0.0033003300330033004,0.0,0.0,0.0,0.019801980198019802,0.0,0.06930693069306931,303.0
999,37.98472,-78.99722,12250.0,0.3026315789473684,0.009868421052631578,0.0,0.48355263157894735,0.0,0.003289473684210526,0.039473684210526314,0.0,0.0,0.0,0.003289473684210526,0.0,0.029605263157894735,0.0,0.12828947368421054,304.0
999,37.98472,-78.99722,12750.0,0.2679738562091503,0.0,0.0,0.5490196078431373,0.0,0.0196078431372549,0.0196078431372549,0.0,0.0,0.0,0.0,0.0,0.02287581699346405,0.0,0.12091503267973856,306.0
999,37.98472,-78.99722,13250.0,0.37662337662337664,0.006493506493506494,0.0,0.5097402597402597,0.0,0.012987012987012988,0.003246753246753247,0.0,0.0,0.0,0.0,0.0,0.00974025974025974,0.0,0.08116883116883117,308.0
999,37.98472,-78.99722,13750.0,0.22653721682847897,0.0,0.0,0.47572815533980584,0.0,0.05501618122977346,0.03559870550161812,0.0,0.0,0.0,0.006472491909385114,0.003236245954692557,0.032362459546925564,0.0,0.1650485436893204,309.0
999,37.98472,-78.99722,14250.0,0.2750809061488673,0.003236245954692557,0.0,0.5663430420711975,0.0,0.006472491909385114,0.006472491909385114,0.0,0.0,0.0,0.0,0.0,0.009708737864077669,0.0,0.13268608414239483,309.0
1004,43.43860600000001,-89.672484,1750.0,0.04895104895104895,0.006993006993006993,0.0,0.3076923076923077,0.0034965034965034965,0.006993006993006993,0.1888111888111888,0.0,0.01048951048951049,0.006993006993006993,0.0,0.01048951048951049,0.006993006993006993,0.017482517482517484,0.38461538461538464,286.0
1004,43.43860600000001,-89.672484,2750.0,0.03180212014134275,0.007067137809187279,0.0,0.21201413427561838,0.01060070671378092,0.02120141342756184,0.22968197879858657,0.0,0.01060070671378092,0.0035335689045936395,0.01060070671378092,0.0176678445229682,0.03180212014134275,0.01060070671378092,0.4028268551236749,283.0
1004,43.43860600000001,-89.672484,3250.0,0.028368794326241134,0.0,0.0,0.1879432624113475,0.0,0.0035460992907801418,0.15602836879432624,0.0,0.0070921985815602835,0.010638297872340425,0.010638297872340425,0.010638297872340425,0.010638297872340425,0.0070921985815602835,0.5673758865248227,282.0
1004,43.43860600000001,-89.672484,4250.0,0.013986013986013986,0.01048951048951049,0.0,0.16433566433566432,0.0034965034965034965,0.0034965034965034965,0.13636363636363635,0.0,0.01048951048951049,0.01048951048951049,0.006993006993006993,0.013986013986013986,0.006993006993006993,0.0,0.6188811188811189,286.0
1004,43.43860600000001,-89.672484,5250.0,0.05434782608695652,0.007246376811594203,0.0,0.38768115942028986,0.0,0.0,0.18115942028985507,0.0036231884057971015,0.010869565217391304,0.021739130434782608,0.0,0.014492753623188406,0.028985507246376812,0.0,0.2898550724637681,276.0
1004,43.43860600000001,-89.672484,5750.0,0.01056338028169014,0.0035211267605633804,0.0,0.2711267605633803,0.0,0.0,0.13028169014084506,0.01056338028169014,0.01056338028169014,0.02464788732394366,0.0035211267605633804,0.017605633802816902,0.29577464788732394,0.0,0.22183098591549297,284.0
1004,43.43860600000001,-89.672484,6250.0,0.030612244897959183,0.006802721088435374,0.0,0.6326530612244898,0.0,0.0,0.14965986394557823,0.0,0.003401360544217687,0.030612244897959183,0.0,0.01020408163265306,0.02040816326530612,0.0,0.11564625850340136,294.0
1004,43.43860600000001,-89.672484,6750.0,0.013513513513513514,0.005067567567567568,0.0,0.28885135135135137,0.0,0.005067567567567568,0.20777027027027026,0.0033783783783783786,0.011824324324324325,0.08952702702702703,0.010135135135135136,0.028716216216216218,0.057432432432432436,0.005067567567567568,0.27364864864864863,592.0
1004,43.43860600000001,-89.672484,7250.0,0.01020408163265306,0.0,0.0,0.22108843537414966,0.0,0.01020408163265306,0.23809523809523808,0.003401360544217687,0.006802721088435374,0.11224489795918367,0.006802721088435374,0.013605442176870748,0.04421768707482993,0.0,0.3333333333333333,294.0
1004,43.43860600000001,-89.672484,8250.0,0.006802721088435374,0.0,0.0,0.3843537414965986,0.0,0.0,0.1360544217687075,0.0,0.013605442176870748,0.04421768707482993,0.0,0.02040816326530612,0.023809523809523808,0.003401360544217687,0.3673469387755102,294.0
1004,43.43860600000001,-89.672484,8750.0,0.010416666666666666,0.003472222222222222,0.0,0.2569444444444444,0.0,0.006944444444444444,0.19791666666666666,0.003472222222222222,0.024305555555555556,0.1701388888888889,0.013888888888888888,0.04861111111111111,0.041666666666666664,0.0,0.2222222222222222,288.0
1004,43.43860600000001,-89.672484,9250.0,0.01694915254237288,0.010169491525423728,0.0,0.22372881355932203,0.0,0.02711864406779661,0.2135593220338983,0.003389830508474576,0.02711864406779661,0.16610169491525423,0.03389830508474576,0.030508474576271188,0.013559322033898305,0.003389830508474576,0.2305084745762712,295.0
1004,43.43860600000001,-89.672484,9750.0,0.22580645161290322,0.01867572156196944,0.0,0.14261460101867574,0.0,0.003395585738539898,0.15280135823429541,0.003395585738539898,0.07640067911714771,0.07470288624787776,0.015280135823429542,0.013582342954159592,0.011884550084889643,0.001697792869269949,0.2597623089983022,589.0
1004,43.43860600000001,-89.672484,10250.0,0.5011494252873563,0.02528735632183908,0.0,0.02413793103448276,0.0,0.009195402298850575,0.0764367816091954,0.0005747126436781609,0.15057471264367817,0.008045977011494253,0.0034482758620689655,0.007471264367816092,0.0034482758620689655,0.006896551724137931,0.18333333333333332,1740.0
1004,43.43860600000001,-89.672484,10750.0,0.4248299319727891,0.020068027210884354,0.0010204081632653062,0.07448979591836735,0.0,0.014625850340136054,0.07448979591836735,0.0006802721088435374,0.0891156462585034,0.01054421768707483,0.0037414965986394557,0.0020408163265306124,0.02142857142857143,0.0037414965986394557,0.25918367346938775,2940.0
1004,43.43860600000001,-89.672484,11250.0,0.34324324324324323,0.014004914004914005,0.004668304668304668,0.0886977886977887,0.002457002457002457,0.015233415233415233,0.04152334152334152,0.0,0.03660933660933661,0.0022113022113022115,0.0009828009828009828,0.0012285012285012285,0.04914004914004914,0.007125307125307125,0.3928746928746929,4070.0
1004,43.43860600000001,-89.672484,11750.0,0.44703832752613243,0.018118466898954706,0.0017421602787456446,0.08257839721254355,0.0031358885017421603,0.003484320557491289,0.02857142857142857,0.0,0.020905923344947737,0.0006968641114982578,0.0,0.0017421602787456446,0.028222996515679444,0.004529616724738676,0.3592334494773519,2870.0
1004,43.43860600000001,-89.672484,12750.0,0.696969696969697,0.0,0.0,0.16363636363636364,0.0,0.0,0.01818181818181818,0.0,0.012121212121212121,0.0,0.0,0.0,0.0,0.012121212121212121,0.09696969696969697,165.0
1004,43.43860600000001,-89.672484,13750.0,0.6418918918918919,0.013513513513513514,0.0,0.10135135135135136,0.0,0.0,0.0,0.0,0.006756756756756757,0.006756756756756757,0.0,0.006756756756756757,0.0,0.006756756756756757,0.21621621621621623,148.0
1004,43.43860600000001,-89.672484,14250.0,0.5755395683453237,0.007194244604316547,0.0,0.11510791366906475,0.0,0.007194244604316547,0.014388489208633094,0.0,0.0,0.0,0.0,0.0,0.0,0.0,0.2805755395683453,139.0
1153,47.13556,-93.64361,250.0,0.013943808532778356,0.009781477627471384,0.0033298647242455777,0.3157127991675338,0.0,0.3712799167533819,0.03995837669094693,0.0,0.011238293444328824,0.010822060353798128,0.0008324661810613944,0.022476586888657647,0.03995837669094693,0.02830385015608741,0.1323621227887617,2402.5
1153,47.13556,-93.64361,750.0,0.02211874272409779,0.005820721769499418,0.004656577415599534,0.31548311990686845,0.0,0.4190919674039581,0.04190919674039581,0.0,0.009313154831199068,0.002328288707799767,0.002328288707799767,0.01629802095459837,0.030267753201396973,0.020954598370197905,0.10942956926658906,429.5
1153,47.13556,-93.64361,1250.0,0.010680907877169559,0.004450378282153983,0.0053404539385847796,0.36181575433911883,0.0,0.3729417000445038,0.040943480195816645,0.0,0.015131286159323543,0.014241210502892745,0.0,0.022251891410769914,0.04183355585224744,0.019581664441477527,0.09078771695594126,1123.5
1153,47.13556,-93.64361,1750.0,0.009857328145265888,0.008300907911802853,0.008819714656290532,0.4827496757457847,0.0,0.30557717250324257,0.0357976653696498,0.0,0.010894941634241245,0.011413748378728923,0.0,0.014007782101167316,0.029053177691309988,0.013488975356679637,0.07003891050583658,1927.5
1153,47.13556,-93.64361,2250.0,0.01515847496554892,0.010564997703261369,0.0018373909049150207,0.5140101056499771,0.0,0.28112080845199816,0.03491042719338539,0.0,0.004593477262287551,0.007349563619660083,0.0,0.009186954524575103,0.035829122645842905,0.016536518144235186,0.06890215893431327,1088.5
1153,47.13556,-93.64361,2750.0,0.011111111111111112,0.009150326797385621,0.00261437908496732,0.4947712418300654,0.0,0.3045751633986928,0.032679738562091505,0.0,0.006535947712418301,0.009150326797385621,0.0,0.006535947712418301,0.03137254901960784,0.009150326797385621,0.08235294117647059,765.0
1153,47.13556,-93.64361,3250.0,0.00878972278566599,0.014198782961460446,0.005409060175794456,0.5050709939148073,0.0,0.1839080459770115,0.08248816768086545,0.0,0.013522650439486139,0.02434077079107505,0.0,0.01757944557133198,0.029749830966869506,0.008113590263691683,0.1068289384719405,739.5
1153,47.13556,-93.64361,3750.0,0.010376134889753566,0.0038910505836575876,0.0,0.44357976653696496,0.0,0.29831387808041504,0.020752269779507133,0.0,0.01297016861219196,0.023346303501945526,0.0,0.005188067444876783,0.057068741893644616,0.028534370946822308,0.0959792477302205,385.5
1153,47.13556,-93.64361,4250.0,0.0046204620462046205,0.0013201320132013201,0.0026402640264026403,0.30627062706270625,0.0,0.16237623762376238,0.1716171617161716,0.0,0.013201320132013201,0.015841584158415842,0.0,0.007920792079207921,0.15973597359735975,0.014521452145214522,0.13993399339933993,757.5
1153,47.13556,-93.64361,4750.0,0.0026109660574412533,0.0,0.0026109660574412533,0.12532637075718014,0.0,0.2741514360313316,0.20887728459530025,0.0,0.02349869451697128,0.007832898172323759,0.0,0.010443864229765013,0.14360313315926893,0.044386422976501305,0.1566579634464752,383.0
1153,47.13556,-93.64361,5250.0,0.0036068530207394047,0.0009017132551848512,0.0018034265103697023,0.24075743913435527,0.0,0.15689810640216412,0.13435527502254282,0.0,0.016230838593327322,0.015329125338142471,0.0,0.005410279531109108,0.24436429215509467,0.014427412082957619,0.1659152389540126,1109.0
1153,47.13556,-93.64361,5750.0,0.008680555555555556,0.002170138888888889,0.0008680555555555555,0.3372395833333333,0.0,0.18836805555555555,0.11284722222222222,0.0,0.025173611111111112,0.03211805555555555,0.0,0.005208333333333333,0.020833333333333332,0.0026041666666666665,0.2638888888888889,1152.0
1153,47.13556,-93.64361,6250.0,0.001374885426214482,0.001374885426214482,0.0,0.13290559120073328,0.0,0.2447296058661778,0.29697525206232817,0.0,0.02933088909257562,0.025664527956003668,0.0,0.0018331805682859762,0.03391384051329056,0.005499541704857928,0.22639780018331807,1091.0
1153,47.13556,-93.64361,6750.0,0.0,0.0,0.0,0.085383502170767,0.0,0.15918958031837915,0.2865412445730825,0.0,0.02170767004341534,0.023154848046309694,0.0,0.001447178002894356,0.049204052098408106,0.011577424023154847,0.361794500723589,691.0
1153,47.13556,-93.64361,7250.0,0.004335260115606936,0.0,0.0,0.14595375722543352,0.0,0.11560693641618497,0.15606936416184972,0.0,0.005780346820809248,0.023121387283236993,0.0,0.002890173410404624,0.13583815028901733,0.011560693641618497,0.3988439306358382,346.0
1153,47.13556,-93.64361,7750.0,0.0014792899408284023,0.0,0.0029585798816568047,0.2514792899408284,0.0,0.10502958579881656,0.09763313609467456,0.0,0.013313609467455622,0.016272189349112426,0.0,0.0,0.14940828402366865,0.016272189349112426,0.34615384615384615,676.0
1153,47.13556,-93.64361,8250.0,0.006153846153846154,0.003076923076923077,0.009230769230769232,0.28,0.0,0.1753846153846154,0.046153846153846156,0.0,0.015384615384615385,0.04,0.0,0.021538461538461538,0.055384615384615386,0.006153846153846154,0.3415384615384615,325.0
1153,47.13556,-93.64361,8750.0,0.009316770186335404,0.0,0.0,0.46273291925465837,0.0,0.11180124223602485,0.037267080745341616,0.0,0.006211180124223602,0.024844720496894408,0.0,0.0,0.043478260869565216,0.012422360248447204,0.2919254658385093,322.0
1153,47.13556,-93.64361,9250.0,0.014539579967689823,0.004038772213247173,0.0016155088852988692,0.41922455573505657,0.0,0.11954765751211632,0.0210016155088853,0.0,0.017770597738287562,0.033925686591276254,0.0016155088852988692,0.0032310177705977385,0.01938610662358643,0.01938610662358643,0.3247172859450727,619.0
1153,47.13556,-93.64361,9750.0,0.0992063492063492,0.0015873015873015873,0.01746031746031746,0.43412698412698414,0.0,0.0746031746031746,0.009523809523809525,0.0,0.012698412698412698,0.0380952380952381,0.0,0.0,0.011111111111111112,0.023809523809523808,0.2777777777777778,630.0
1153,47.13556,-93.64361,10250.0,0.332892998678996,0.001321003963011889,0.04095112285336856,0.02906208718626156,0.0,0.11360634081902246,0.019815059445178335,0.0,0.02774108322324967,0.01453104359313078,0.0,0.001321003963011889,0.03038309114927345,0.013210039630118891,0.3751651254953765,757.0
1153,47.13556,-93.64361,10750.0,0.3031674208144796,0.0,0.00904977375565611,0.07239819004524888,0.0,0.049773755656108594,0.01809954751131222,0.0,0.05429864253393665,0.013574660633484163,0.0,0.0,0.0,0.01809954751131222,0.46153846153846156,221.0
1153,47.13556,-93.64361,11250.0,0.29093050647820967,0.002355712603062426,0.004711425206124852,0.09658421672555949,0.0,0.009422850412249705,0.014134275618374558,0.0,0.009422850412249705,0.002355712603062426,0.0,0.0,0.002355712603062426,0.02591283863368669,0.541813898704358,424.5
1153,47.13556,-93.64361,12250.0,0.2,0.0,0.009523809523809525,0.02857142857142857,0.0,0.01904761904761905,0.01904761904761905,0.0,0.06190476190476191,0.02857142857142857,0.0,0.004761904761904762,0.004761904761904762,0.01904761904761905,0.6047619047619047,210.0
1160,37.432336,-85.72495599999999,250.0,0.0014026758739749676,0.0,0.0,0.02729823047043591,0.0010789814415192059,0.0021579628830384117,0.36706948640483383,0.0008631851532153647,0.031937850668968495,0.017263703064307294,0.039922313336210616,0.010142425550280535,0.0036685369011653,0.006473888649115235,0.4907207596029348,4634.0
1160,37.432336,-85.72495599999999,750.0,0.0018779342723004694,0.0,0.0,0.019092331768388107,0.0,0.0012519561815336462,0.3618153364632238,0.0,0.05508607198748044,0.003129890453834116,0.04006259780907668,0.009389671361502348,0.003129890453834116,0.006259780907668232,0.49890453834115805,1597.5
1160,37.432336,-85.72495599999999,1750.0,0.0,0.0,0.0,0.013039117352056168,0.0,0.0,0.36710130391173523,0.0,0.08625877632898696,0.00802407221664995,0.03610832497492478,0.020060180541624874,0.0020060180541624875,0.00802407221664995,0.4593781344032096,498.5
1160,37.432336,-85.72495599999999,2250.0,0.0,0.0,0.0,0.0,0.0,0.0,0.35040983606557374,0.0,0.05942622950819672,0.0020491803278688526,0.02459016393442623,0.00819672131147541,0.0,0.006147540983606557,0.5491803278688525,488.0
1160,37.432336,-85.72495599999999,3250.0,0.0,0.0,0.0,0.013415892672858616,0.0,0.0,0.3632610939112487,0.0,0.053663570691434466,0.0041279669762641896,0.05985552115583075,0.0020639834881320948,0.0020639834881320948,0.0041279669762641896,0.49742002063983487,484.5
1160,37.432336,-85.72495599999999,3750.0,0.005012531328320802,0.0,0.0,0.020050125313283207,0.0,0.002506265664160401,0.3233082706766917,0.0,0.07518796992481203,0.005012531328320802,0.02506265664160401,0.010025062656641603,0.0,0.002506265664160401,0.531328320802005,399.0
1160,37.432336,-85.72495599999999,4750.0,0.0035252643948296123,0.0,0.0,0.0023501762632197414,0.0,0.0,0.35487661574618096,0.0,0.05875440658049354,0.004700352526439483,0.03290246768507638,0.009400705052878966,0.004700352526439483,0.004700352526439483,0.5240893066980024,425.5
1160,37.432336,-85.72495599999999,5250.0,0.004807692307692308,0.0,0.0,0.002403846153846154,0.0,0.002403846153846154,0.3581730769230769,0.0,0.09375,0.004807692307692308,0.03125,0.014423076923076924,0.004807692307692308,0.002403846153846154,0.4807692307692308,416.0
1160,37.432336,-85.72495599999999,6250.0,0.00966183574879227,0.0,0.0,0.004830917874396135,0.0,0.0,0.4468599033816425,0.0024154589371980675,0.03864734299516908,0.007246376811594203,0.03864734299516908,0.016908212560386472,0.0024154589371980675,0.012077294685990338,0.42028985507246375,414.0
1160,37.432336,-85.72495599999999,6750.0,0.04090909090909091,0.0,0.0,0.025,0.0022727272727272726,0.0,0.32727272727272727,0.0,0.05,0.01818181818181818,0.02727272727272727,0.011363636363636364,0.075,0.006818181818181818,0.4159090909090909,440.0
1160,37.432336,-85.72495599999999,7750.0,0.10051546391752578,0.0,0.0,0.007731958762886598,0.0,0.002577319587628866,0.3943298969072165,0.002577319587628866,0.01288659793814433,0.03350515463917526,0.020618556701030927,0.007731958762886598,0.03608247422680412,0.002577319587628866,0.3788659793814433,388.0
1160,37.432336,-85.72495599999999,8250.0,0.1279373368146214,0.0,0.0,0.018276762402088774,0.0026109660574412533,0.005221932114882507,0.3577023498694517,0.0,0.028720626631853787,0.020887728459530026,0.04699738903394256,0.010443864229765013,0.031331592689295036,0.0,0.34986945169712796,383.0
1160,37.432336,-85.72495599999999,9250.0,0.2182741116751269,0.0025380710659898475,0.0,0.01015228426395939,0.0,0.0025380710659898475,0.3020304568527919,0.0025380710659898475,0.012690355329949238,0.03553299492385787,0.02030456852791878,0.007614213197969543,0.025380710659898477,0.0,0.3604060913705584,394.0
1160,37.432336,-85.72495599999999,9750.0,0.061899679829242264,0.0,0.0,0.0096051227321238,0.0,0.0021344717182497333,0.31163287086446106,0.004268943436499467,0.061899679829242264,0.03415154749199573,0.008537886872998933,0.010672358591248666,0.017075773745997867,0.0021344717182497333,0.4759871931696905,468.5
1160,37.432336,-85.72495599999999,10250.0,0.24161490683229814,0.005279503105590062,0.0,0.033850931677018636,0.0,0.007453416149068323,0.23975155279503105,0.0018633540372670807,0.12049689440993788,0.018633540372670808,0.016149068322981366,0.006211180124223602,0.040372670807453416,0.004347826086956522,0.2639751552795031,1610.0
1160,37.432336,-85.72495599999999,10750.0,0.13733515234197363,0.008185538881309686,0.0,0.02819463392451114,0.001364256480218281,0.004092769440654843,0.3256025466120964,0.0036380172805820826,0.061391541609822645,0.008185538881309686,0.02819463392451114,0.01227830832196453,0.040927694406548434,0.002273760800363802,0.3383356070941337,2199.0
1160,37.432336,-85.72495599999999,11250.0,0.3766686012768427,0.019733023795705164,0.0,0.1044689495066744,0.0005803830528148578,0.0023215322112594312,0.1085316308763784,0.0,0.04352872896111434,0.006384213580963436,0.005803830528148578,0.0046430644225188625,0.012188044109112013,0.00522344747533372,0.3099245502031341,1723.0
1160,37.432336,-85.72495599999999,11750.0,0.3595733875063484,0.013712544438801422,0.0,0.16048755713560184,0.002031488065007618,0.002031488065007618,0.03961401726764855,0.0,0.027425088877602845,0.006094464195022855,0.001015744032503809,0.002031488065007618,0.01218892839004571,0.002031488065007618,0.37176231589639414,984.5
1160,37.432336,-85.72495599999999,12250.0,0.3217477656405164,0.011916583912611719,0.0,0.17974180734856007,0.0019860973187686196,0.0019860973187686196,0.04965243296921549,0.0,0.029791459781529295,0.0019860973187686196,0.0019860973187686196,0.0,0.01787487586891758,0.0,0.381330685203575,503.5
1160,37.432336,-85.72495599999999,12750.0,0.34408602150537637,0.004301075268817204,0.0,0.21935483870967742,0.0,0.002150537634408602,0.04516129032258064,0.0,0.021505376344086023,0.002150537634408602,0.0,0.0,0.021505376344086023,0.002150537634408602,0.33763440860215055,465.0
1160,37.432336,-85.72495599999999,13750.0,0.2973568281938326,0.013215859030837005,0.0,0.2599118942731278,0.0,0.0,0.05506607929515418,0.0,0.024229074889867842,0.011013215859030838,0.0022026431718061676,0.0,0.004405286343612335,0.0,0.33259911894273125,454.0
1160,37.432336,-85.72495599999999,14250.0,0.31125827814569534,0.004415011037527594,0.0,0.282560706401766,0.002207505518763797,0.004415011037527594,0.024282560706401765,0.0,0.019867549668874173,0.004415011037527594,0.002207505518763797,0.006622516556291391,0.019867549668874173,0.0,0.31788079470198677,453.0
1448,44.23806,-87.84806,250.0,0.005263157894736842,0.0006578947368421052,0.007236842105263158,0.18157894736842106,0.026973684210526316,0.14276315789473684,0.24407894736842106,0.07039473684210526,0.04342105263157895,0.046052631578947366,0.0125,0.026973684210526316,0.042105263157894736,0.0,0.15,1520.0
1448,44.23806,-87.84806,750.0,0.005516154452324665,0.0015760441292356187,0.013396375098502758,0.2198581560283688,0.018124507486209612,0.1095350669818755,0.2844759653270292,0.08037825059101655,0.03152088258471237,0.04728132387706856,0.006304176516942475,0.018124507486209612,0.037037037037037035,0.0,0.12687155240346729,1269.0
1448,44.23806,-87.84806,1250.0,0.0048543689320388345,0.0008090614886731392,0.011326860841423949,0.2936893203883495,0.01779935275080906,0.08495145631067962,0.27103559870550165,0.03317152103559871,0.0412621359223301,0.050970873786407765,0.007281553398058253,0.02912621359223301,0.019417475728155338,0.0024271844660194173,0.13187702265372167,1236.0
1448,44.23806,-87.84806,1750.0,0.0030959752321981426,0.0,0.005159958720330237,0.22910216718266255,0.013415892672858616,0.0846233230134159,0.3137254901960784,0.0412796697626419,0.030959752321981424,0.06811145510835913,0.009287925696594427,0.025799793601651185,0.033023735810113516,0.0,0.14241486068111456,969.0
1448,44.23806,-87.84806,2250.0,0.00482315112540193,0.0,0.00482315112540193,0.2347266881028939,0.00482315112540193,0.10932475884244373,0.22347266881028938,0.08681672025723473,0.03054662379421222,0.05627009646302251,0.012861736334405145,0.01929260450160772,0.04019292604501608,0.0,0.1720257234726688,622.0
1448,44.23806,-87.84806,2750.0,0.004153686396677051,0.0010384215991692627,0.008307372793354102,0.2502596053997923,0.006230529595015576,0.07372793354101766,0.2731048805815161,0.0695742471443406,0.03842159916926272,0.04569055036344756,0.012461059190031152,0.02284527518172378,0.021806853582554516,0.0,0.17237798546209762,963.0
1448,44.23806,-87.84806,3250.0,0.005302226935312832,0.0,0.005302226935312832,0.21527041357370094,0.0042417815482502655,0.05620360551431601,0.344644750795334,0.027571580063626724,0.03499469777306469,0.051961823966065745,0.003181336161187699,0.031813361611876985,0.031813361611876985,0.0010604453870625664,0.18663838812301167,943.0
1448,44.23806,-87.84806,3750.0,0.0030816640986132513,0.0,0.004622496147919877,0.1987673343605547,0.004622496147919877,0.032357473035439135,0.32973805855161786,0.0847457627118644,0.04468412942989214,0.08166409861325115,0.015408320493066256,0.030816640986132512,0.020030816640986132,0.0015408320493066256,0.14791987673343607,649.0
1448,44.23806,-87.84806,4250.0,0.0,0.0010638297872340426,0.002127659574468085,0.2393617021276596,0.0031914893617021275,0.03297872340425532,0.34574468085106386,0.04148936170212766,0.029787234042553193,0.0925531914893617,0.01276595744680851,0.018085106382978722,0.019148936170212766,0.0,0.16170212765957448,940.0
1448,44.23806,-87.84806,4750.0,0.002793296089385475,0.0,0.01675977653631285,0.15083798882681565,0.002793296089385475,0.0335195530726257,0.388268156424581,0.002793296089385475,0.04189944134078212,0.0782122905027933,0.013966480446927373,0.0335195530726257,0.025139664804469275,0.008379888268156424,0.2011173184357542,358.0
1448,44.23806,-87.84806,5250.0,0.0016025641025641025,0.0016025641025641025,0.003205128205128205,0.10737179487179487,0.0016025641025641025,0.03685897435897436,0.375,0.008012820512820512,0.03205128205128205,0.11698717948717949,0.00641025641025641,0.03205128205128205,0.02564102564102564,0.0,0.2516025641025641,624.0
1448,44.23806,-87.84806,5750.0,0.0016260162601626016,0.0,0.0,0.12195121951219512,0.004878048780487805,0.01788617886178862,0.3382113821138211,0.00975609756097561,0.03414634146341464,0.14471544715447154,0.014634146341463415,0.056910569105691054,0.008130081300813009,0.0,0.24715447154471545,615.0
1448,44.23806,-87.84806,6250.0,0.0,0.001579778830963665,0.004739336492890996,0.1911532385466035,0.0,0.01579778830963665,0.30647709320695105,0.001579778830963665,0.052132701421800945,0.19747235387045814,0.030015797788309637,0.014218009478672985,0.00315955766192733,0.0,0.18167456556082148,633.0
1448,44.23806,-87.84806,6750.0,0.0,0.0,0.006269592476489028,0.2006269592476489,0.001567398119122257,0.012539184952978056,0.2884012539184953,0.003134796238244514,0.03918495297805643,0.1896551724137931,0.006269592476489028,0.047021943573667714,0.006269592476489028,0.0,0.19905956112852666,638.0
1448,44.23806,-87.84806,7250.0,0.003194888178913738,0.0,0.003194888178913738,0.2108626198083067,0.0,0.003194888178913738,0.3354632587859425,0.0,0.03514376996805112,0.1757188498402556,0.012779552715654952,0.04472843450479233,0.012779552715654952,0.0,0.16293929712460065,313.0
1448,44.23806,-87.84806,7750.0,0.0030211480362537764,0.0,0.0015105740181268882,0.2688821752265861,0.0,0.01812688821752266,0.22205438066465258,0.0,0.03474320241691843,0.13595166163141995,0.004531722054380665,0.027190332326283987,0.0075528700906344415,0.0,0.2764350453172205,662.0
1448,44.23806,-87.84806,8250.0,0.00778816199376947,0.0,0.00778816199376947,0.34890965732087226,0.0,0.03894080996884735,0.14485981308411214,0.0,0.021806853582554516,0.1277258566978193,0.004672897196261682,0.03426791277258567,0.003115264797507788,0.0,0.2601246105919003,642.0
1448,44.23806,-87.84806,8750.0,0.003076923076923077,0.0,0.0015384615384615385,0.36,0.0,0.05384615384615385,0.19538461538461538,0.0,0.016923076923076923,0.07230769230769231,0.006153846153846154,0.06307692307692307,0.003076923076923077,0.0,0.2246153846153846,650.0
1448,44.23806,-87.84806,9250.0,0.009389671361502348,0.006259780907668232,0.001564945226917058,0.4131455399061033,0.0,0.07981220657276995,0.18153364632237873,0.0,0.03286384976525822,0.07355242566510173,0.001564945226917058,0.03129890453834116,0.00782472613458529,0.0,0.16118935837245696,639.0
1448,44.23806,-87.84806,9750.0,0.023668639053254437,0.014792899408284023,0.011834319526627219,0.5177514792899408,0.0,0.13313609467455623,0.10946745562130178,0.0,0.008875739644970414,0.08284023668639054,0.014792899408284023,0.0,0.0,0.0,0.08284023668639054,338.0
1448,44.23806,-87.84806,10250.0,0.045420699925539834,0.03127326880119136,0.023827252419955324,0.2911392405063291,0.0,0.18242740134028296,0.13849590469099032,0.0,0.06329113924050633,0.09009679821295608,0.006701414743112435,0.0029784065524944155,0.0022338049143708115,0.0,0.12211466865227104,1343.0
1448,44.23806,-87.84806,10750.0,0.2897196261682243,0.021806853582554516,0.03115264797507788,0.2507788161993769,0.0,0.048286604361370715,0.11059190031152648,0.0,0.06697819314641744,0.06386292834890965,0.001557632398753894,0.0,0.009345794392523364,0.0,0.1059190031152648,642.0
1448,44.23806,-87.84806,11250.0,0.5144694533762058,0.006430868167202572,0.03215434083601286,0.12218649517684887,0.0,0.03536977491961415,0.06752411575562701,0.0,0.08681672025723473,0.03536977491961415,0.0,0.006430868167202572,0.006430868167202572,0.0,0.08681672025723473,311.0
1448,44.23806,-87.84806,11750.0,0.6225806451612903,0.012903225806451613,0.05161290322580645,0.04838709677419355,0.0,0.035483870967741936,0.04516129032258064,0.0,0.025806451612903226,0.025806451612903226,0.0,0.0,0.0064516129032258064,0.0,0.12580645161290321,310.0
1448,44.23806,-87.84806,12250.0,0.6491803278688525,0.009836065573770493,0.03278688524590164,0.02622950819672131,0.0,0.01639344262295082,0.04262295081967213,0.0,0.02622950819672131,0.003278688524590164,0.0,0.0,0.022950819672131147,0.0,0.17049180327868851,305.0
1448,44.23806,-87.84806,12750.0,0.5660847880299252,0.007481296758104738,0.034912718204488775,0.00914380714879468,0.0,0.023275145469659187,0.051537822111388194,0.0,0.017456359102244388,0.012468827930174564,0.004156275976724855,0.0016625103906899418,0.007481296758104738,0.0,0.26433915211970077,1203.0
1448,44.23806,-87.84806,13250.0,0.5419287211740041,0.006289308176100629,0.023060796645702306,0.0031446540880503146,0.0,0.0031446540880503146,0.06918238993710692,0.0,0.09958071278825996,0.019916142557651992,0.0031446540880503146,0.0,0.005241090146750524,0.0,0.22536687631027252,954.0
1448,44.23806,-87.84806,13750.0,0.5826359832635983,0.0031380753138075313,0.04707112970711297,0.007322175732217573,0.0,0.005230125523012552,0.06694560669456066,0.0,0.06171548117154812,0.0031380753138075313,0.006276150627615063,0.0010460251046025104,0.0031380753138075313,0.0,0.21234309623430964,956.0
1448,44.23806,-87.84806,14250.0,0.47491638795986624,0.0,0.046822742474916385,0.013377926421404682,0.0,0.013377926421404682,0.056856187290969896,0.0,0.11036789297658862,0.010033444816053512,0.0,0.0,0.0,0.0,0.27424749163879597,299.0
1633,45.047734000000005,-92.824634,250.0,0.006233303650934996,0.0,0.0017809439002671415,0.16295636687444345,0.004452359750667854,0.06945681211041853,0.3143365983971505,0.0,0.01068566340160285,0.02315227070347284,0.003561887800534283,0.016918967052537846,0.028495102404274265,0.008904719501335707,0.3490650044523598,1123.0
1633,45.047734000000005,-92.824634,750.0,0.0,0.0,0.0,0.10185185185185185,0.004629629629629629,0.08333333333333333,0.5277777777777778,0.004629629629629629,0.0,0.018518518518518517,0.004629629629629629,0.013888888888888888,0.032407407407407406,0.009259259259259259,0.19907407407407407,216.0
1633,45.047734000000005,-92.824634,1250.0,0.0022371364653243847,0.0022371364653243847,0.0,0.11409395973154363,0.0,0.06711409395973154,0.4272930648769575,0.0,0.006711409395973154,0.02237136465324385,0.0,0.0022371364653243847,0.026845637583892617,0.0,0.3288590604026846,447.0
1633,45.047734000000005,-92.824634,2250.0,0.0,0.0,0.0,0.1032258064516129,0.0,0.054838709677419356,0.4290322580645161,0.0,0.016129032258064516,0.03225806451612903,0.0064516129032258064,0.00967741935483871,0.03225806451612903,0.016129032258064516,0.3,310.0
1633,45.047734000000005,-92.824634,2750.0,0.0,0.0,0.0,0.14012738853503184,0.0031847133757961785,0.07006369426751592,0.40445859872611467,0.0,0.009554140127388535,0.03184713375796178,0.0031847133757961785,0.012738853503184714,0.041401273885350316,0.006369426751592357,0.2770700636942675,314.0
1633,45.047734000000005,-92.824634,3250.0,0.007874015748031496,0.0,0.003937007874015748,0.1377952755905512,0.0,0.06299212598425197,0.37401574803149606,0.0,0.01968503937007874,0.007874015748031496,0.003937007874015748,0.015748031496062992,0.051181102362204724,0.0,0.31496062992125984,254.0
1633,45.047734000000005,-92.824634,3750.0,0.004724409448818898,0.0,0.0,0.11653543307086614,0.0,0.03464566929133858,0.4818897637795276,0.0015748031496062992,0.007874015748031496,0.01732283464566929,0.0,0.015748031496062992,0.025196850393700787,0.0031496062992125984,0.29133858267716534,635.0
1633,45.047734000000005,-92.824634,4250.0,0.008097165991902834,0.004048582995951417,0.0,0.17813765182186234,0.0,0.012145748987854251,0.2793522267206478,0.0,0.02834008097165992,0.016194331983805668,0.004048582995951417,0.0,0.032388663967611336,0.004048582995951417,0.4331983805668016,247.0
1633,45.047734000000005,-92.824634,5250.0,0.0,0.0,0.0,0.10256410256410256,0.0,0.008547008547008548,0.2777777777777778,0.0,0.008547008547008548,0.03418803418803419,0.0,0.01282051282051282,0.017094017094017096,0.004273504273504274,0.5341880341880342,234.0
1633,45.047734000000005,-92.824634,6250.0,0.0,0.0034965034965034965,0.0,0.11888111888111888,0.0,0.013986013986013986,0.26573426573426573,0.0,0.017482517482517484,0.05244755244755245,0.0,0.01048951048951049,0.013986013986013986,0.0,0.5034965034965035,286.0
1633,45.047734000000005,-92.824634,7250.0,0.005263157894736842,0.0,0.0,0.14912280701754385,0.0,0.0,0.15263157894736842,0.0017543859649122807,0.007017543859649123,0.06315789473684211,0.008771929824561403,0.005263157894736842,0.02280701754385965,0.005263157894736842,0.5789473684210527,570.0
1633,45.047734000000005,-92.824634,7750.0,0.0,0.0028011204481792717,0.0028011204481792717,0.18207282913165265,0.0,0.0196078431372549,0.14565826330532214,0.0028011204481792717,0.036414565826330535,0.11484593837535013,0.0028011204481792717,0.0196078431372549,0.011204481792717087,0.0,0.45938375350140054,357.0
1633,45.047734000000005,-92.824634,8750.0,0.014814814814814815,0.0,0.0,0.26666666666666666,0.0,0.019753086419753086,0.12098765432098765,0.0,0.02962962962962963,0.17777777777777778,0.009876543209876543,0.0049382716049382715,0.019753086419753086,0.0049382716049382715,0.3308641975308642,405.0
1633,45.047734000000005,-92.824634,9250.0,0.008813559322033898,0.005423728813559322,0.0013559322033898306,0.4040677966101695,0.0,0.03389830508474576,0.10779661016949152,0.0,0.02847457627118644,0.15593220338983052,0.006779661016949152,0.01423728813559322,0.030508474576271188,0.0006779661016949153,0.20203389830508475,1475.0
1633,45.047734000000005,-92.824634,9750.0,0.0027548209366391185,0.0027548209366391185,0.0027548209366391185,0.4986225895316804,0.0,0.07988980716253444,0.08539944903581267,0.0,0.05234159779614325,0.14600550964187328,0.008264462809917356,0.005509641873278237,0.02203856749311295,0.0,0.09366391184573003,363.0
1633,45.047734000000005,-92.824634,10250.0,0.041666666666666664,0.018518518518518517,0.0,0.5185185185185185,0.0,0.11342592592592593,0.046296296296296294,0.0,0.07407407407407407,0.04398148148148148,0.0,0.0023148148148148147,0.041666666666666664,0.004629629629629629,0.09490740740740741,432.0
1633,45.047734000000005,-92.824634,10750.0,0.40669856459330145,0.009569377990430622,0.03349282296650718,0.0023923444976076554,0.0,0.17942583732057416,0.050239234449760764,0.0,0.04066985645933014,0.02631578947368421,0.0,0.0,0.045454545454545456,0.028708133971291867,0.17703349282296652,418.0
1633,45.047734000000005,-92.824634,11250.0,0.4666666666666667,0.0016666666666666668,0.03,0.01,0.0,0.16,0.025,0.0,0.03166666666666667,0.008333333333333333,0.0,0.0016666666666666668,0.005,0.011666666666666667,0.24833333333333332,600.0
1633,45.047734000000005,-92.824634,12250.0,0.358974358974359,0.01098901098901099,0.02564102564102564,0.02197802197802198,0.0,0.007326007326007326,0.06227106227106227,0.0,0.17582417582417584,0.01098901098901099,0.0,0.01098901098901099,0.003663003663003663,0.01098901098901099,0.30036630036630035,273.0
1633,45.047734000000005,-92.824634,13250.0,0.43457943925233644,0.0,0.018691588785046728,0.04205607476635514,0.0,0.009345794392523364,0.028037383177570093,0.0,0.19626168224299065,0.014018691588785047,0.0,0.0,0.0,0.0,0.2570093457943925,214.0
1643,45.28333,-91.48333,250.0,0.025343439128375177,0.00023685457129322596,0.0009474182851729038,0.20937944102321174,0.006631927996210327,0.1222169587873046,0.23235433443865466,0.00023685457129322596,0.013027001421127428,0.018948365703458078,0.0033159639981051635,0.010658455708195168,0.050686878256750355,0.028422548555187114,0.27759355755566084,4222.0
1643,45.28333,-91.48333,750.0,0.013084112149532711,0.0,0.004485981308411215,0.3095327102803738,0.015700934579439253,0.23289719626168223,0.19439252336448598,0.0,0.0097196261682243,0.017196261682242992,0.0029906542056074765,0.022429906542056073,0.03850467289719626,0.024672897196261683,0.11439252336448598,2675.0
1643,45.28333,-91.48333,1250.0,0.011441647597254004,0.0,0.006864988558352402,0.3112128146453089,0.011441647597254004,0.19679633867276888,0.20137299771167047,0.0,0.013729977116704805,0.013729977116704805,0.002288329519450801,0.018306636155606407,0.057208237986270026,0.018306636155606407,0.13729977116704806,437.0
1643,45.28333,-91.48333,1750.0,0.01842374616171955,0.0,0.00511770726714432,0.21903787103377687,0.011258955987717503,0.2507676560900716,0.2016376663254862,0.0010235414534288639,0.027635619242579325,0.015353121801432957,0.0010235414534288639,0.017400204708290685,0.07062436028659161,0.028659160696008188,0.13203684749232344,977.0
1643,45.28333,-91.48333,2250.0,0.024390243902439025,0.0,0.004434589800443459,0.23503325942350334,0.015521064301552107,0.21286031042128603,0.20620842572062084,0.0,0.022172949002217297,0.019955654101995565,0.004434589800443459,0.022172949002217297,0.07317073170731707,0.017738359201773836,0.1419068736141907,451.0
1643,45.28333,-91.48333,3250.0,0.008976660682226212,0.0,0.005385996409335727,0.2800718132854578,0.01436265709156194,0.14542190305206462,0.2764811490125673,0.0,0.005385996409335727,0.01615798922800718,0.003590664272890485,0.02154398563734291,0.05565529622980251,0.05206463195691203,0.11490125673249552,557.0
1643,45.28333,-91.48333,4750.0,0.012867647058823529,0.0,0.003676470588235294,0.5477941176470589,0.011029411764705883,0.09191176470588236,0.13419117647058823,0.0,0.007352941176470588,0.012867647058823529,0.001838235294117647,0.003676470588235294,0.03860294117647059,0.007352941176470588,0.12683823529411764,544.0
1643,45.28333,-91.48333,5750.0,0.02877697841726619,0.004796163069544364,0.004796163069544364,0.4028776978417266,0.02158273381294964,0.07673860911270983,0.19184652278177458,0.0,0.009592326139088728,0.014388489208633094,0.0,0.014388489208633094,0.04316546762589928,0.03836930455635491,0.1486810551558753,417.0
1643,45.28333,-91.48333,7750.0,0.008130081300813009,0.0,0.0040650406504065045,0.4024390243902439,0.012195121951219513,0.13211382113821138,0.22764227642276422,0.006097560975609756,0.012195121951219513,0.016260162601626018,0.0040650406504065045,0.02032520325203252,0.036585365853658534,0.026422764227642278,0.09146341463414634,492.0
1643,45.28333,-91.48333,9250.0,0.04449648711943794,0.00468384074941452,0.00234192037470726,0.3840749414519906,0.00702576112412178,0.10772833723653395,0.26697892271662765,0.00234192037470726,0.0117096018735363,0.01639344262295082,0.00468384074941452,0.0117096018735363,0.00936768149882904,0.00936768149882904,0.117096018735363,427.0
1643,45.28333,-91.48333,10750.0,0.02702702702702703,0.0019305019305019305,0.005791505791505791,0.444015444015444,0.011583011583011582,0.0945945945945946,0.2722007722007722,0.0,0.0,0.013513513513513514,0.0019305019305019305,0.007722007722007722,0.025096525096525095,0.015444015444015444,0.07915057915057915,518.0
1643,45.28333,-91.48333,12750.0,0.018604651162790697,0.004651162790697674,0.0069767441860465115,0.386046511627907,0.020930232558139535,0.12558139534883722,0.2441860465116279,0.004651162790697674,0.013953488372093023,0.018604651162790697,0.002325581395348837,0.0069767441860465115,0.023255813953488372,0.018604651162790697,0.10465116279069768,430.0
1643,45.28333,-91.48333,14250.0,0.02850877192982456,0.0,0.0021929824561403508,0.39035087719298245,0.008771929824561403,0.14035087719298245,0.21052631578947367,0.0,0.013157894736842105,0.019736842105263157,0.0,0.006578947368421052,0.041666666666666664,0.013157894736842105,0.125,456.0
1824,43.34114,-95.12645,250.0,0.009843659525188187,0.0005790387955993051,0.0,0.04371742906774754,0.0,0.009843659525188187,0.18268674001158078,0.0,0.013028372900984365,0.017081644470179503,0.007237984944991315,0.003474232773595831,0.0026056745801968733,0.0008685581933989577,0.7090330052113492,3454.0
1824,43.34114,-95.12645,750.0,0.01717791411042945,0.0006134969325153375,0.0,0.08773006134969324,0.0,0.012269938650306749,0.17607361963190185,0.0,0.011656441717791411,0.01717791411042945,0.007361963190184049,0.0018404907975460123,0.007975460122699387,0.0006134969325153375,0.6595092024539877,1630.0
1824,43.34114,-95.12645,1250.0,0.019762845849802372,0.0,0.0,0.08201581027667984,0.0,0.012845849802371542,0.1600790513833992,0.0,0.01383399209486166,0.014822134387351778,0.012845849802371542,0.0009881422924901185,0.004940711462450593,0.0,0.6778656126482213,1012.0
1824,43.34114,-95.12645,1750.0,0.03257650542941757,0.0,0.0,0.034550839091806514,0.0,0.01579466929911155,0.1934846989141165,0.0,0.006910167818361303,0.02171767028627838,0.009871668311944718,0.0019743336623889436,0.004935834155972359,0.0,0.6781836130306022,1013.0
1824,43.34114,-95.12645,2250.0,0.016832440703902066,0.0,0.0,0.060443764345830146,0.0,0.016067329762815608,0.18439173680183626,0.0,0.008416220351951033,0.026013771996939557,0.0038255547054322878,0.0022953328232593728,0.01224177505738332,0.0007651109410864575,0.6687069625095639,1307.0
1824,43.34114,-95.12645,2750.0,0.014537902388369679,0.0,0.0,0.058151609553478714,0.0,0.015057113187954309,0.15680166147455868,0.0,0.009865005192107996,0.030114226375908618,0.004153686396677051,0.0020768431983385254,0.007268951194184839,0.0,0.7019730010384216,1926.0
1824,43.34114,-95.12645,3250.0,0.014669926650366748,0.0,0.0,0.06601466992665037,0.0,0.007334963325183374,0.1784841075794621,0.0,0.012836185819070905,0.02628361858190709,0.006112469437652812,0.0018337408312958435,0.007946210268948655,0.0,0.6784841075794621,1636.0
1824,43.34114,-95.12645,3750.0,0.012422360248447204,0.0015527950310559005,0.0,0.03260869565217391,0.0,0.010869565217391304,0.14440993788819875,0.0,0.015527950310559006,0.026397515527950312,0.003105590062111801,0.0,0.0015527950310559005,0.0,0.7515527950310559,644.0
1824,43.34114,-95.12645,4250.0,0.0,0.0,0.0,0.09771986970684039,0.0,0.009771986970684038,0.05537459283387622,0.0,0.009771986970684038,0.006514657980456026,0.0,0.003257328990228013,0.003257328990228013,0.0,0.8143322475570033,307.0
1824,43.34114,-95.12645,4750.0,0.018645731108930325,0.0009813542688910696,0.0,0.05691854759568204,0.0,0.005888125613346418,0.06084396467124632,0.0,0.003925417075564278,0.008832188420019628,0.003925417075564278,0.0,0.004906771344455349,0.0,0.8351324828263003,1019.0
1824,43.34114,-95.12645,5250.0,0.009572901325478646,0.0007363770250368188,0.0007363770250368188,0.042709867452135494,0.0,0.0014727540500736377,0.03755522827687776,0.0,0.005154639175257732,0.011045655375552283,0.0,0.0014727540500736377,0.0,0.0,0.8895434462444771,1358.0
1824,43.34114,-95.12645,5750.0,0.006069802731411229,0.0,0.0,0.03793626707132018,0.0,0.0010116337885685382,0.035407182599898834,0.0,0.00556398583712696,0.012645422357106728,0.0010116337885685382,0.0,0.0010116337885685382,0.0,0.8993424380374304,1977.0
1824,43.34114,-95.12645,6250.0,0.006578947368421052,0.0,0.0,0.035287081339712915,0.0,0.0005980861244019139,0.02332535885167464,0.0,0.005382775119617225,0.007177033492822967,0.0,0.0023923444976076554,0.0011961722488038277,0.0,0.9180622009569378,1672.0
1824,43.34114,-95.12645,6750.0,0.00870195794053662,0.0,0.0,0.04568527918781726,0.0007251631617113851,0.0007251631617113851,0.023930384336475707,0.0,0.007976794778825236,0.010877447425670777,0.0007251631617113851,0.0007251631617113851,0.0029006526468455403,0.0,0.8970268310369833,1379.0
1824,43.34114,-95.12645,7250.0,0.00902061855670103,0.0,0.0,0.027706185567010308,0.0,0.002577319587628866,0.019329896907216496,0.0,0.002577319587628866,0.009664948453608248,0.0,0.0,0.001288659793814433,0.0,0.9278350515463918,1552.0
1824,43.34114,-95.12645,7750.0,0.01249290176036343,0.0,0.0,0.030664395229982964,0.0,0.0056785917092561046,0.044293015332197615,0.0,0.0056785917092561046,0.02498580352072686,0.0017035775127768314,0.0,0.005110732538330494,0.0,0.8693923906871096,1761.0
1824,43.34114,-95.12645,8250.0,0.024434389140271493,0.0018099547511312218,0.0,0.041176470588235294,0.00045248868778280545,0.008144796380090498,0.06877828054298643,0.0,0.006334841628959276,0.055656108597285064,0.0022624434389140274,0.006334841628959276,0.004524886877828055,0.0,0.7800904977375566,2210.0
1824,43.34114,-95.12645,8750.0,0.031124944419742107,0.0022232103156958646,0.0013339261894175188,0.04579813250333482,0.0,0.011560693641618497,0.10938194753223655,0.0,0.016896398399288574,0.11160515784793242,0.008892841262783458,0.014673188083592708,0.00755891507336594,0.0,0.6389506447309915,2249.0
1824,43.34114,-95.12645,9250.0,0.010301109350237718,0.000792393026941363,0.0,0.04120443740095087,0.0,0.01664025356576862,0.15213946117274169,0.0,0.022979397781299524,0.3082408874801902,0.020602218700475437,0.010301109350237718,0.008716323296354992,0.0,0.4080824088748019,1262.0
1824,43.34114,-95.12645,9750.0,0.0045871559633027525,0.0015290519877675841,0.0,0.039755351681957186,0.0,0.0045871559633027525,0.22018348623853212,0.0,0.022935779816513763,0.3623853211009174,0.0290519877675841,0.02599388379204893,0.00764525993883792,0.0,0.28134556574923547,654.0
1824,43.34114,-95.12645,10250.0,0.011673151750972763,0.005836575875486381,0.0019455252918287938,0.030155642023346304,0.0,0.07879377431906615,0.26556420233463035,0.0,0.0943579766536965,0.29863813229571984,0.017509727626459144,0.023346303501945526,0.007782101167315175,0.0,0.16439688715953307,1028.0
1824,43.34114,-95.12645,10750.0,0.18637274549098196,0.026052104208416832,0.006012024048096192,0.018036072144288578,0.0,0.19839679358717435,0.05811623246492986,0.0,0.0811623246492986,0.12725450901803606,0.0,0.004008016032064128,0.12024048096192384,0.0,0.1743486973947896,998.0
1824,43.34114,-95.12645,11250.0,0.3590504451038576,0.002967359050445104,0.011869436201780416,0.005934718100890208,0.0,0.07418397626112759,0.04154302670623145,0.0,0.05934718100890208,0.026706231454005934,0.002967359050445104,0.0,0.09792284866468842,0.0,0.31750741839762614,337.0
1824,43.34114,-95.12645,11750.0,0.4420731707317073,0.01524390243902439,0.0,0.012195121951219513,0.0,0.012195121951219513,0.024390243902439025,0.0,0.15853658536585366,0.018292682926829267,0.0,0.0,0.009146341463414634,0.0,0.3079268292682927,328.0
1824,43.34114,-95.12645,12250.0,0.46264367816091956,0.022988505747126436,0.014367816091954023,0.0028735632183908046,0.0,0.0028735632183908046,0.06321839080459771,0.0,0.08045977011494253,0.017241379310344827,0.0,0.0,0.005747126436781609,0.0,0.3275862068965517,348.0
1824,43.34114,-95.12645,12750.0,0.44036697247706424,0.01834862385321101,0.019877675840978593,0.00764525993883792,0.0,0.04281345565749235,0.05198776758409786,0.0,0.09174311926605505,0.013761467889908258,0.0,0.0030581039755351682,0.012232415902140673,0.0,0.2981651376146789,654.0
1824,43.34114,-95.12645,13250.0,0.670846394984326,0.017241379310344827,0.0219435736677116,0.003134796238244514,0.0,0.03134796238244514,0.023510971786833857,0.0,0.0438871473354232,0.02664576802507837,0.0,0.006269592476489028,0.0109717868338558,0.0,0.14420062695924765,638.0
1824,43.34114,-95.12645,13750.0,0.6506410256410257,0.00641025641025641,0.04807692307692308,0.019230769230769232,0.0,0.003205128205128205,0.019230769230769232,0.0,0.019230769230769232,0.0,0.0,0.003205128205128205,0.00641025641025641,0.0,0.22435897435897437,312.0
1824,43.34114,-95.12645,14250.0,0.5615763546798029,0.0049261083743842365,0.024630541871921183,0.019704433497536946,0.0,0.006568144499178982,0.011494252873563218,0.0,0.0049261083743842365,0.003284072249589491,0.0,0.0,0.011494252873563218,0.0,0.35139573070607555,609.0
1961,44.03333,-70.35,250.0,0.025295109612141653,0.003372681281618887,0.0008431703204047217,0.1357504215851602,0.09021922428330523,0.25674536256323777,0.2145868465430017,0.09949409780775717,0.01770657672849916,0.0096964586846543,0.0021079258010118043,0.01812816188870152,0.01433389544688027,0.002529510961214165,0.10919055649241147,2372.0
1961,44.03333,-70.35,750.0,0.012674271229404309,0.0038022813688212928,0.0,0.12167300380228137,0.19011406844106463,0.2788339670468948,0.06717363751584284,0.1850443599493029,0.022813688212927757,0.012674271229404309,0.0012674271229404308,0.02788339670468948,0.005069708491761723,0.0012674271229404308,0.0697084917617237,789.0
1961,44.03333,-70.35,1250.0,0.006688963210702341,0.006688963210702341,0.0,0.14046822742474915,0.2508361204013378,0.23076923076923078,0.05351170568561873,0.22408026755852842,0.013377926421404682,0.013377926421404682,0.0,0.010033444816053512,0.013377926421404682,0.010033444816053512,0.026755852842809364,299.0
1961,44.03333,-70.35,1750.0,0.001584786053882726,0.0,0.0,0.19175911251980982,0.2218700475435816,0.21236133122028525,0.0919175911251981,0.1774960380348653,0.01584786053882726,0.006339144215530904,0.001584786053882726,0.028526148969889066,0.006339144215530904,0.003169572107765452,0.04120443740095087,631.0
1961,44.03333,-70.35,2250.0,0.004267425320056899,0.001422475106685633,0.0,0.16642958748221906,0.17496443812233287,0.26173541963015645,0.09672830725462304,0.17923186344238975,0.012802275960170697,0.004267425320056899,0.002844950213371266,0.032716927453769556,0.007112375533428165,0.001422475106685633,0.05405405405405406,703.0
1961,44.03333,-70.35,2750.0,0.0,0.0,0.0,0.09685230024213075,0.2736077481840194,0.22033898305084745,0.0847457627118644,0.1937046004842615,0.024213075060532687,0.009685230024213076,0.002421307506053269,0.04600484261501211,0.012106537530266344,0.0,0.03631961259079903,413.0
1961,44.03333,-70.35,3250.0,0.00243605359317905,0.0,0.00243605359317905,0.19488428745432398,0.13763702801461633,0.16930572472594396,0.1120584652862363,0.24604141291108406,0.0194884287454324,0.013398294762484775,0.00243605359317905,0.024360535931790498,0.0097442143727162,0.00243605359317905,0.06333739342265529,821.0
1961,44.03333,-70.35,3750.0,0.0009066183136899365,0.0,0.0009066183136899365,0.242973708068903,0.056210335448776065,0.20036264732547598,0.22212148685403446,0.13327289211242066,0.014505893019038985,0.006346328195829556,0.001813236627379873,0.04079782411604715,0.009066183136899365,0.0,0.07071622846781506,1103.0
1961,44.03333,-70.35,4250.0,0.0009057971014492754,0.0,0.0,0.20471014492753623,0.022644927536231884,0.2536231884057971,0.26358695652173914,0.13949275362318841,0.014492753623188406,0.010869565217391304,0.0009057971014492754,0.021739130434782608,0.006340579710144928,0.002717391304347826,0.057971014492753624,1104.0
1961,44.03333,-70.35,4750.0,0.0007955449482895784,0.0007955449482895784,0.0,0.21320604614160701,0.15354017501988862,0.20843277645186953,0.14558472553699284,0.13046937151949084,0.020684168655529037,0.015115354017501989,0.0031821797931583136,0.0294351630867144,0.011137629276054098,0.002386634844868735,0.06523468575974542,1257.0
1961,44.03333,-70.35,5250.0,0.0019193857965451055,0.0,0.0,0.15706973768394114,0.2434420985284709,0.2108125399872041,0.15355086372360843,0.10268714011516315,0.024632117722328855,0.01727447216890595,0.0006397952655150352,0.024632117722328855,0.010236724248240563,0.0022392834293026233,0.0508637236084453,3126.0
1961,44.03333,-70.35,5750.0,0.002793296089385475,0.0,0.0,0.24162011173184358,0.22625698324022347,0.1340782122905028,0.18994413407821228,0.051675977653631286,0.029329608938547486,0.040502793296089384,0.002793296089385475,0.02653631284916201,0.013966480446927373,0.002793296089385475,0.03770949720670391,716.0
1961,44.03333,-70.35,6250.0,0.012658227848101266,0.0,0.0,0.2310126582278481,0.16772151898734178,0.17721518987341772,0.23417721518987342,0.015822784810126583,0.03164556962025317,0.028481012658227847,0.0031645569620253164,0.015822784810126583,0.028481012658227847,0.0031645569620253164,0.05063291139240506,316.0
1961,44.03333,-70.35,6750.0,0.0011299435028248588,0.0,0.0,0.43954802259887005,0.15593220338983052,0.09943502824858758,0.1536723163841808,0.013559322033898305,0.0192090395480226,0.007909604519774011,0.0011299435028248588,0.010169491525423728,0.015819209039548022,0.0022598870056497176,0.08022598870056497,885.0
1961,44.03333,-70.35,7250.0,0.0,0.0,0.0,0.3190789473684211,0.09868421052631579,0.14802631578947367,0.24671052631578946,0.003289473684210526,0.023026315789473683,0.01644736842105263,0.0,0.019736842105263157,0.023026315789473683,0.009868421052631578,0.09210526315789473,304.0
1961,44.03333,-70.35,7750.0,0.0013157894736842105,0.005263157894736842,0.0,0.4368421052631579,0.056578947368421055,0.16578947368421051,0.2013157894736842,0.0013157894736842105,0.02236842105263158,0.013157894736842105,0.0,0.005263157894736842,0.018421052631578946,0.006578947368421052,0.06578947368421052,760.0
1961,44.03333,-70.35,8250.0,0.0,0.0028368794326241137,0.0,0.4085106382978723,0.02553191489361702,0.18156028368794327,0.23120567375886525,0.0028368794326241137,0.01702127659574468,0.02127659574468085,0.0014184397163120568,0.00425531914893617,0.028368794326241134,0.005673758865248227,0.06950354609929078,705.0
1961,44.03333,-70.35,8750.0,0.0,0.014124293785310734,0.002824858757062147,0.2937853107344633,0.00847457627118644,0.23163841807909605,0.2824858757062147,0.002824858757062147,0.031073446327683617,0.00847457627118644,0.0,0.014124293785310734,0.01977401129943503,0.014124293785310734,0.07627118644067797,354.0
1961,44.03333,-70.35,9250.0,0.015472312703583062,0.010586319218241042,0.0016286644951140066,0.39006514657980457,0.008957654723127036,0.3697068403908795,0.12052117263843648,0.0008143322475570033,0.009771986970684038,0.007328990228013029,0.0,0.008957654723127036,0.015472312703583062,0.009771986970684038,0.030944625407166124,1228.0
1961,44.03333,-70.35,9750.0,0.22291021671826625,0.03715170278637771,0.021671826625386997,0.1609907120743034,0.0,0.1238390092879257,0.04024767801857585,0.0,0.018575851393188854,0.0030959752321981426,0.0,0.006191950464396285,0.16718266253869968,0.043343653250773995,0.15479876160990713,323.0
1961,44.03333,-70.35,10250.0,0.49682539682539684,0.004761904761904762,0.0015873015873015873,0.12222222222222222,0.0,0.14761904761904762,0.004761904761904762,0.0,0.0015873015873015873,0.0,0.0,0.004761904761904762,0.08253968253968254,0.0015873015873015873,0.13174603174603175,630.0
1961,44.03333,-70.35,10750.0,0.6612377850162866,0.006514657980456026,0.0,0.11726384364820847,0.0,0.04234527687296417,0.05211726384364821,0.0,0.006514657980456026,0.0,0.0,0.0,0.013029315960912053,0.006514657980456026,0.09446254071661238,307.0
1961,44.03333,-70.35,11250.0,0.4956521739130435,0.0,0.0,0.1565217391304348,0.0,0.0782608695652174,0.013043478260869565,0.0,0.0,0.0,0.0,0.0,0.0,0.017391304347826087,0.2391304347826087,230.0
1961,44.03333,-70.35,12250.0,0.3431372549019608,0.0,0.0032679738562091504,0.16666666666666666,0.0,0.10130718954248366,0.016339869281045753,0.0,0.0,0.0,0.0,0.0,0.0,0.13398692810457516,0.23529411764705882,306.0
1961,44.03333,-70.35,13250.0,0.4189189189189189,0.0,0.0,0.20270270270270271,0.0,0.060810810810810814,0.006756756756756757,0.0,0.0,0.013513513513513514,0.006756756756756757,0.0,0.0,0.006756756756756757,0.28378378378378377,148.0
1966,47.0798,-94.1142,250.0,0.01602136181575434,0.009345794392523364,0.00801068090787717,0.5727636849132176,0.0020026702269692926,0.13050734312416556,0.04305740987983979,0.0,0.00801068090787717,0.00801068090787717,0.0010013351134846463,0.007009345794392523,0.038050734312416554,0.004672897196261682,0.15153538050734314,2996.0
1966,47.0798,-94.1142,750.0,0.00697350069735007,0.005578800557880056,0.008368200836820083,0.5746164574616457,0.0,0.15760111576011157,0.0502092050209205,0.0,0.002789400278940028,0.009762900976290097,0.0,0.005578800557880056,0.0599721059972106,0.005578800557880056,0.11297071129707113,717.0
1966,47.0798,-94.1142,1250.0,0.010958904109589041,0.005479452054794521,0.009589041095890411,0.6027397260273972,0.0,0.15753424657534246,0.05342465753424658,0.0,0.0013698630136986301,0.00821917808219178,0.0,0.0027397260273972603,0.03287671232876712,0.009589041095890411,0.10547945205479452,730.0
1966,47.0798,-94.1142,1750.0,0.0029411764705882353,0.0029411764705882353,0.008823529411764706,0.6176470588235294,0.0,0.1588235294117647,0.06470588235294118,0.0,0.0029411764705882353,0.0058823529411764705,0.0,0.0058823529411764705,0.04411764705882353,0.0,0.08529411764705883,340.0
1966,47.0798,-94.1142,2250.0,0.0074962518740629685,0.004497751124437781,0.013493253373313344,0.7106446776611695,0.0,0.10194902548725637,0.053973013493253376,0.0,0.0029985007496251873,0.01199400299850075,0.0,0.0,0.031484257871064465,0.0,0.06146926536731634,667.0
1966,47.0798,-94.1142,2750.0,0.007662835249042145,0.011494252873563218,0.008939974457215836,0.6666666666666666,0.0,0.10983397190293742,0.04086845466155811,0.0,0.0038314176245210726,0.010217113665389528,0.0,0.001277139208173691,0.02937420178799489,0.006385696040868455,0.10344827586206896,783.0
1966,47.0798,-94.1142,3250.0,0.0027548209366391185,0.0018365472910927456,0.0018365472910927456,0.6290174471992653,0.0,0.11753902662993572,0.06978879706152434,0.0,0.011019283746556474,0.011937557392102846,0.0009182736455463728,0.0018365472910927456,0.03489439853076217,0.0009182736455463728,0.11570247933884298,1089.0
1966,47.0798,-94.1142,3750.0,0.0024125452352231603,0.0006031363088057901,0.012062726176115802,0.28950542822677927,0.0,0.1519903498190591,0.1574185765983112,0.0,0.015078407720144753,0.012062726176115802,0.0,0.0012062726176115801,0.07961399276236429,0.0048250904704463205,0.2732207478890229,1658.0
1966,47.0798,-94.1142,4250.0,0.003676470588235294,0.0014705882352941176,0.010294117647058823,0.27058823529411763,0.0,0.11397058823529412,0.1588235294117647,0.0007352941176470588,0.021323529411764706,0.016911764705882352,0.0,0.0014705882352941176,0.07352941176470588,0.004411764705882353,0.32279411764705884,1360.0
1966,47.0798,-94.1142,4750.0,0.001445086705202312,0.001445086705202312,0.010115606936416185,0.197495183044316,0.0004816955684007707,0.09489402697495183,0.21772639691714837,0.0,0.03468208092485549,0.042870905587668595,0.0,0.003371868978805395,0.04238921001926782,0.005780346820809248,0.3473025048169557,2076.0
1966,47.0798,-94.1142,5250.0,0.0018083182640144665,0.0,0.0024110910186859553,0.1416515973477999,0.0,0.08318264014466546,0.2591922845087402,0.0006027727546714888,0.027727546714888487,0.04219409282700422,0.0,0.0012055455093429777,0.027124773960216998,0.004822182037371911,0.40807715491259794,1659.0
1966,47.0798,-94.1142,5750.0,0.0,0.0,0.000697350069735007,0.22594142259414227,0.0,0.043235704323570434,0.20432357043235705,0.0,0.01603905160390516,0.021617852161785217,0.0,0.000697350069735007,0.038354253835425386,0.002789400278940028,0.44630404463040446,1434.0
1966,47.0798,-94.1142,6250.0,0.0034158838599487617,0.0008539709649871904,0.0,0.2049530315969257,0.0,0.11016225448334757,0.2075149444918873,0.0,0.017079419299743808,0.032450896669513236,0.0025619128949615714,0.0025619128949615714,0.025619128949615714,0.008539709649871904,0.3842869342442357,1171.0
1966,47.0798,-94.1142,6750.0,0.0,0.0,0.0,0.1440922190201729,0.0,0.05475504322766571,0.3025936599423631,0.0,0.02089337175792507,0.0446685878962536,0.001440922190201729,0.002161383285302594,0.018011527377521614,0.010806916426512969,0.40057636887608067,1388.0
1966,47.0798,-94.1142,7250.0,0.0013550135501355014,0.00045167118337850043,0.00045167118337850043,0.19828364950316169,0.0,0.03071364046973803,0.18473351400180668,0.0,0.011743450767841012,0.03387533875338753,0.0009033423667570009,0.002258355916892502,0.016260162601626018,0.00993676603432701,0.50903342366757,2214.0
1966,47.0798,-94.1142,7750.0,0.002290950744558992,0.001145475372279496,0.003436426116838488,0.5189003436426117,0.0,0.10652920962199312,0.045819014891179836,0.0,0.010309278350515464,0.019473081328751432,0.001145475372279496,0.0,0.016036655211912942,0.008018327605956471,0.26689576174112256,873.0
1966,47.0798,-94.1142,8250.0,0.015957446808510637,0.005319148936170213,0.007978723404255319,0.4867021276595745,0.0,0.1702127659574468,0.02127659574468085,0.0,0.010638297872340425,0.026595744680851064,0.005319148936170213,0.0,0.0,0.010638297872340425,0.2393617021276596,376.0
1966,47.0798,-94.1142,8750.0,0.01164294954721863,0.00258732212160414,0.00517464424320828,0.5498059508408797,0.0,0.08796895213454076,0.019404915912031046,0.0,0.01034928848641656,0.02069857697283312,0.00129366106080207,0.0038809831824062097,0.04139715394566624,0.01034928848641656,0.23544631306597671,773.0
1966,47.0798,-94.1142,9250.0,0.014124293785310734,0.00423728813559322,0.005649717514124294,0.6440677966101694,0.0,0.08898305084745763,0.025423728813559324,0.0,0.011299435028248588,0.025423728813559324,0.0014124293785310734,0.0,0.014124293785310734,0.00423728813559322,0.16101694915254236,708.0
1966,47.0798,-94.1142,9750.0,0.044715447154471545,0.018970189701897018,0.016260162601626018,0.44986449864498645,0.0,0.22628726287262874,0.03387533875338753,0.0,0.008130081300813009,0.05555555555555555,0.0013550135501355014,0.006775067750677507,0.009485094850948509,0.0040650406504065045,0.12466124661246612,738.0
1966,47.0798,-94.1142,10250.0,0.41654571843251087,0.001451378809869376,0.02902757619738752,0.251088534107402,0.0,0.07982583454281568,0.03483309143686502,0.0,0.011611030478955007,0.02902757619738752,0.001451378809869376,0.001451378809869376,0.005805515239477504,0.01451378809869376,0.12336719883889695,689.0
1966,47.0798,-94.1142,10750.0,0.574025974025974,0.0,0.033766233766233764,0.01818181818181818,0.0,0.033766233766233764,0.012987012987012988,0.0,0.012987012987012988,0.007792207792207792,0.0,0.0025974025974025974,0.012987012987012988,0.02077922077922078,0.2701298701298701,385.0
1966,47.0798,-94.1142,11250.0,0.40444444444444444,0.0,0.0022222222222222222,0.042222222222222223,0.0,0.035555555555555556,0.011111111111111112,0.0,0.008888888888888889,0.0,0.0,0.0,0.0044444444444444444,0.008888888888888889,0.4822222222222222,450.0
2053,46.21194,-95.28417,250.0,0.013078149920255184,0.0,0.01467304625199362,0.1448165869218501,0.0006379585326953748,0.10717703349282297,0.18373205741626794,0.0,0.013397129186602871,0.026794258373205742,0.0,0.007655502392344498,0.056140350877192984,0.012759170653907496,0.41913875598086126,1567.5
2053,46.21194,-95.28417,750.0,0.01335559265442404,0.0,0.00667779632721202,0.1302170283806344,0.0,0.09515859766277128,0.2621035058430718,0.0,0.00333889816360601,0.01669449081803005,0.0,0.00667779632721202,0.02337228714524207,0.011686143572621035,0.4307178631051753,599.0
2053,46.21194,-95.28417,1250.0,0.0,0.0,0.003179650238473768,0.06200317965023847,0.0,0.0794912559618442,0.2893481717011129,0.0,0.009538950715421303,0.009538950715421303,0.0,0.0,0.019077901430842606,0.006359300476947536,0.5214626391096979,314.5
2053,46.21194,-95.28417,1750.0,0.0017931858936043037,0.0,0.001195457262402869,0.07053197848176927,0.0,0.04184100418410042,0.1315002988643156,0.0,0.011954572624028692,0.005977286312014346,0.0,0.0035863717872086074,0.016736401673640166,0.001195457262402869,0.7136879856545129,836.5
2053,46.21194,-95.28417,2250.0,0.006734006734006734,0.0,0.0,0.08417508417508418,0.0,0.04713804713804714,0.151996151996152,0.0,0.010582010582010581,0.010582010582010581,0.0,0.002886002886002886,0.021164021164021163,0.006734006734006734,0.658008658008658,1039.5
2053,46.21194,-95.28417,2750.0,0.0015,0.0,0.0,0.0505,0.0,0.047,0.117,0.001,0.007,0.012,0.0,0.004,0.022,0.005,0.733,1000.0
2053,46.21194,-95.28417,3250.0,0.006743088334457181,0.0,0.0,0.09507754551584625,0.0,0.06877950101146325,0.19420094403236682,0.0013486176668914363,0.009440323668240054,0.012137559002022926,0.0026972353337828725,0.024275118004045852,0.02157788267026298,0.01078894133513149,0.5529332434254889,741.5
2053,46.21194,-95.28417,3750.0,0.00293470286133529,0.0,0.0,0.08437270726338958,0.0,0.05135730007336757,0.13206162876008803,0.0,0.016140865737344093,0.019075568598679385,0.0,0.00586940572267058,0.016140865737344093,0.004402054292002935,0.6676449009537784,681.5
2053,46.21194,-95.28417,4250.0,0.0,0.0007423904974016332,0.0,0.0801781737193764,0.0,0.026726057906458798,0.08611729769858946,0.0,0.011878247958426132,0.013363028953229399,0.0014847809948032665,0.002969561989606533,0.022271714922048998,0.014847809948032665,0.7394209354120267,673.5
2053,46.21194,-95.28417,4750.0,0.001488095238095238,0.0,0.0,0.043154761904761904,0.0,0.005952380952380952,0.11011904761904762,0.0,0.01488095238095238,0.011904761904761904,0.0,0.001488095238095238,0.008928571428571428,0.008928571428571428,0.7931547619047619,672.0
2053,46.21194,-95.28417,5250.0,0.0040128410914927765,0.0,0.0,0.06821829855537721,0.0,0.01765650080256822,0.09630818619582665,0.0,0.008025682182985553,0.02086677367576244,0.0,0.0016051364365971107,0.014446227929373997,0.009630818619582664,0.7592295345104334,623.0
2053,46.21194,-95.28417,5750.0,0.003787878787878788,0.0,0.0,0.0946969696969697,0.0,0.007575757575757576,0.125,0.0,0.022727272727272728,0.03787878787878788,0.0,0.011363636363636364,0.007575757575757576,0.01893939393939394,0.6704545454545454,264.0
2053,46.21194,-95.28417,6250.0,0.002430133657351154,0.0,0.002430133657351154,0.08262454434993925,0.0,0.02187120291616039,0.11786148238153099,0.0,0.014580801944106925,0.024301336573511544,0.001215066828675577,0.004860267314702308,0.007290400972053463,0.0,0.7205346294046172,823.0
2053,46.21194,-95.28417,6750.0,0.0053475935828877,0.0015278838808250573,0.0,0.05042016806722689,0.0,0.0106951871657754,0.10084033613445378,0.0,0.0106951871657754,0.025974025974025976,0.0,0.0015278838808250573,0.006111535523300229,0.012223071046600458,0.774637127578304,654.5
2053,46.21194,-95.28417,7250.0,0.00574300071787509,0.0,0.0,0.12706389088298636,0.0,0.01148600143575018,0.05886575735821967,0.0,0.012921751615218953,0.027279253409906678,0.0,0.004307250538406317,0.002871500358937545,0.010050251256281407,0.7394113424264178,696.5
2053,46.21194,-95.28417,7750.0,0.00904977375565611,0.0,0.0,0.13423831070889894,0.0,0.033182503770739065,0.09049773755656108,0.0,0.0,0.048265460030165915,0.0,0.0030165912518853697,0.00904977375565611,0.015082956259426848,0.6576168929110106,331.5
2053,46.21194,-95.28417,8250.0,0.005785123966942148,0.0,0.0,0.2190082644628099,0.0,0.04297520661157025,0.07603305785123966,0.0,0.01652892561983471,0.04132231404958678,0.001652892561983471,0.001652892561983471,0.013223140495867768,0.01818181818181818,0.5636363636363636,605.0
2053,46.21194,-95.28417,8750.0,0.006201550387596899,0.0,0.0,0.5131782945736434,0.0,0.06201550387596899,0.06201550387596899,0.0,0.012403100775193798,0.13023255813953488,0.0031007751937984496,0.006201550387596899,0.006201550387596899,0.015503875968992248,0.18294573643410852,322.5
2053,46.21194,-95.28417,9250.0,0.02545968882602546,0.0,0.002828854314002829,0.57001414427157,0.0,0.11315417256011315,0.0594059405940594,0.0,0.02545968882602546,0.09052333804809053,0.005657708628005658,0.008486562942008486,0.016973125884016973,0.008486562942008486,0.07355021216407355,353.5
2053,46.21194,-95.28417,9750.0,0.26717557251908397,0.0030534351145038168,0.021374045801526718,0.06412213740458016,0.0,0.11908396946564885,0.03969465648854962,0.0,0.06717557251908397,0.0549618320610687,0.0030534351145038168,0.0061068702290076335,0.0183206106870229,0.06412213740458016,0.2717557251908397,327.5
2053,46.21194,-95.28417,10250.0,0.4928406466512702,0.0009237875288683603,0.020323325635103928,0.02956120092378753,0.0,0.10900692840646652,0.03602771362586605,0.0,0.03787528868360277,0.03418013856812933,0.0018475750577367205,0.009237875288683603,0.018475750577367205,0.021247113163972285,0.1884526558891455,1082.5
2053,46.21194,-95.28417,10750.0,0.6382922301776717,0.0005303632988597189,0.012728719172633254,0.013259082471492973,0.0,0.045080880403076104,0.011137629276054098,0.0,0.015380535666931849,0.007425086184036065,0.0,0.0026518164942985947,0.01485017236807213,0.016441262264651285,0.2222222222222222,1885.5
2053,46.21194,-95.28417,11250.0,0.5248565965583174,0.0,0.0057361376673040155,0.0038240917782026767,0.0,0.006692160611854685,0.019120458891013385,0.0,0.055449330783938815,0.0028680688336520078,0.0009560229445506692,0.0009560229445506692,0.0028680688336520078,0.04110898661567878,0.3355640535372849,1046.0
2385,40.353714,-83.813074,250.0,0.0,0.0,0.0,0.019373219373219373,0.0017094017094017094,0.004558404558404558,0.4182336182336182,0.02962962962962963,0.046153846153846156,0.022222222222222223,0.07122507122507123,0.011965811965811967,0.002849002849002849,0.005698005698005698,0.3663817663817664,1755.0
2385,40.353714,-83.813074,750.0,0.0,0.0,0.002004008016032064,0.01603206412825651,0.0,0.003006012024048096,0.5420841683366734,0.045090180360721446,0.04609218436873747,0.0531062124248497,0.09418837675350701,0.01903807615230461,0.001002004008016032,0.009018036072144289,0.16933867735470942,998.0
2385,40.353714,-83.813074,1250.0,0.0,0.0,0.0021551724137931034,0.011853448275862068,0.0021551724137931034,0.00646551724137931,0.5625,0.03017241379310345,0.040948275862068964,0.03987068965517242,0.15517241379310345,0.011853448275862068,0.0021551724137931034,0.0,0.13469827586206898,928.0
2385,40.353714,-83.813074,1750.0,0.0,0.0,0.006589785831960461,0.011532125205930808,0.014827018121911038,0.008237232289950576,0.5255354200988468,0.014827018121911038,0.016474464579901153,0.0757825370675453,0.12191103789126853,0.008237232289950576,0.0,0.008237232289950576,0.18780889621087316,607.0
2385,40.353714,-83.813074,2250.0,0.0,0.0,0.004746835443037975,0.01740506329113924,0.0015822784810126582,0.011075949367088608,0.5395569620253164,0.007911392405063292,0.01740506329113924,0.0379746835443038,0.1819620253164557,0.004746835443037975,0.0031645569620253164,0.004746835443037975,0.16772151898734178,632.0
2385,40.353714,-83.813074,2750.0,0.0,0.0,0.030864197530864196,0.0,0.0,0.018518518518518517,0.5246913580246914,0.030864197530864196,0.037037037037037035,0.09259259259259259,0.08024691358024691,0.0,0.006172839506172839,0.024691358024691357,0.15432098765432098,162.0
2385,40.353714,-83.813074,3250.0,0.0,0.0,0.013223140495867768,0.01487603305785124,0.0,0.009917355371900827,0.5834710743801653,0.0049586776859504135,0.0049586776859504135,0.04132231404958678,0.15867768595041323,0.0,0.003305785123966942,0.001652892561983471,0.16363636363636364,605.0
2385,40.353714,-83.813074,3750.0,0.0,0.0,0.06620209059233449,0.006968641114982578,0.006968641114982578,0.006968641114982578,0.5261324041811847,0.006968641114982578,0.024390243902439025,0.05574912891986063,0.14634146341463414,0.0,0.0,0.0,0.15331010452961671,287.0
2385,40.353714,-83.813074,4250.0,0.0,0.0,0.019650655021834062,0.006550218340611353,0.0,0.006550218340611353,0.537117903930131,0.03056768558951965,0.013100436681222707,0.0982532751091703,0.10480349344978165,0.0,0.0,0.0,0.18340611353711792,458.0
2385,40.353714,-83.813074,4750.0,0.0,0.0,0.007836990595611285,0.006269592476489028,0.001567398119122257,0.0,0.46551724137931033,0.09404388714733543,0.006269592476489028,0.10501567398119123,0.10658307210031348,0.003134796238244514,0.0,0.001567398119122257,0.20219435736677116,638.0
2385,40.353714,-83.813074,5250.0,0.0,0.0,0.006688963210702341,0.008361204013377926,0.0,0.005016722408026756,0.4431438127090301,0.07525083612040134,0.010033444816053512,0.10702341137123746,0.09364548494983277,0.020066889632107024,0.0,0.0033444816053511705,0.22742474916387959,598.0
2385,40.353714,-83.813074,5750.0,0.0,0.0026954177897574125,0.012129380053908356,0.029649595687331536,0.0,0.012129380053908356,0.5094339622641509,0.012129380053908356,0.009433962264150943,0.10377358490566038,0.09299191374663072,0.013477088948787063,0.0013477088948787063,0.004043126684636119,0.1967654986522911,742.0
2385,40.353714,-83.813074,6250.0,0.0,0.0,0.0125,0.0275,0.0,0.0025,0.49,0.0125,0.0075,0.08,0.155,0.005,0.0,0.0,0.2075,400.0
2385,40.353714,-83.813074,6750.0,0.0,0.0,0.02710843373493976,0.05421686746987952,0.0030120481927710845,0.006024096385542169,0.5602409638554217,0.0030120481927710845,0.015060240963855422,0.08433734939759036,0.11144578313253012,0.009036144578313253,0.0,0.006024096385542169,0.12048192771084337,332.0
2385,40.353714,-83.813074,7750.0,0.0,0.0,0.012594458438287154,0.02518891687657431,0.0,0.020151133501259445,0.5919395465994962,0.005037783375314861,0.010075566750629723,0.06801007556675064,0.10327455919395466,0.020151133501259445,0.0,0.0,0.14357682619647355,397.0
2385,40.353714,-83.813074,8750.0,0.0,0.0,0.015337423312883436,0.003067484662576687,0.0,0.012269938650306749,0.4263803680981595,0.006134969325153374,0.006134969325153374,0.20552147239263804,0.07975460122699386,0.024539877300613498,0.0,0.0,0.22085889570552147,326.0
2385,40.353714,-83.813074,9250.0,0.0,0.0,0.0,0.022935779816513763,0.0022935779816513763,0.009174311926605505,0.38990825688073394,0.006880733944954129,0.01834862385321101,0.24770642201834864,0.09174311926605505,0.02522935779816514,0.0022935779816513763,0.0,0.1834862385321101,436.0
2385,40.353714,-83.813074,10250.0,0.0023094688221709007,0.004618937644341801,0.0023094688221709007,0.3556581986143187,0.011547344110854504,0.025404157043879907,0.20092378752886836,0.004618937644341801,0.018475750577367205,0.14549653579676675,0.013856812933025405,0.013856812933025405,0.0,0.0,0.20092378752886836,433.0
2385,40.353714,-83.813074,10750.0,0.11381074168797954,0.049872122762148335,0.03324808184143223,0.15601023017902813,0.00639386189258312,0.029411764705882353,0.20588235294117646,0.005115089514066497,0.061381074168797956,0.06905370843989769,0.011508951406649617,0.0038363171355498722,0.0,0.0,0.2544757033248082,782.0
2385,40.353714,-83.813074,11250.0,0.11522633744855967,0.00823045267489712,0.02880658436213992,0.07407407407407407,0.0,0.01646090534979424,0.2345679012345679,0.0,0.012345679012345678,0.03292181069958848,0.00823045267489712,0.0,0.0,0.00411522633744856,0.46502057613168724,243.0
2385,40.353714,-83.813074,11750.0,0.16062176165803108,0.06217616580310881,0.031088082901554404,0.02072538860103627,0.0,0.02072538860103627,0.11917098445595854,0.0,0.0,0.031088082901554404,0.0051813471502590676,0.0051813471502590676,0.015544041450777202,0.046632124352331605,0.48186528497409326,193.0
2385,40.353714,-83.813074,12250.0,0.5825242718446602,0.07766990291262135,0.009708737864077669,0.07766990291262135,0.0,0.009708737864077669,0.009708737864077669,0.0,0.0,0.0,0.0,0.0,0.0,0.009708737864077669,0.22330097087378642,103.0
2385,40.353714,-83.813074,12750.0,0.6094674556213018,0.005917159763313609,0.011834319526627219,0.13609467455621302,0.0,0.01775147928994083,0.029585798816568046,0.0,0.0,0.011834319526627219,0.005917159763313609,0.0,0.0,0.005917159763313609,0.16568047337278108,169.0
2385,40.353714,-83.813074,13250.0,0.64,0.04,0.008,0.056,0.0,0.0,0.032,0.0,0.008,0.0,0.0,0.0,0.048,0.008,0.16,125.0
2385,40.353714,-83.813074,13750.0,0.5519125683060109,0.03278688524590164,0.01092896174863388,0.1366120218579235,0.0,0.00546448087431694,0.03278688524590164,0.0,0.0,0.0,0.0,0.00546448087431694,0.01092896174863388,0.00546448087431694,0.20765027322404372,183.0
2385,40.353714,-83.813074,14250.0,0.6727272727272727,0.012121212121212121,0.01818181818181818,0.06666666666666667,0.0,0.0,0.03636363636363636,0.0,0.0,0.006060606060606061,0.0,0.0,0.01818181818181818,0.01818181818181818,0.15151515151515152,165.0
2385,40.353714,-83.813074,14750.0,0.5253164556962026,0.05379746835443038,0.006329113924050633,0.11708860759493671,0.0,0.006329113924050633,0.015822784810126583,0.0,0.0,0.0,0.0,0.0,0.006329113924050633,0.006329113924050633,0.2626582278481013,316.0
2586,46.47,-86.95833,250.0,0.01618277010947168,0.007853403141361256,0.0028557829604950024,0.207996192289386,0.16063779152784388,0.34554973821989526,0.04093288910042837,0.03355544978581628,0.010471204188481676,0.01832460732984293,0.0011899095668729176,0.031175630652070442,0.019276534983341267,0.009043312708234174,0.09495478343645883,4202.0
2586,46.47,-86.95833,750.0,0.021468926553672316,0.005649717514124294,0.0,0.27005649717514124,0.17966101694915254,0.3254237288135593,0.03502824858757062,0.021468926553672316,0.014689265536723164,0.01694915254237288,0.0011299435028248588,0.024858757062146894,0.020338983050847456,0.010169491525423728,0.05310734463276836,885.0
2586,46.47,-86.95833,1250.0,0.031446540880503145,0.007547169811320755,0.0,0.2440251572327044,0.21006289308176102,0.3169811320754717,0.027672955974842768,0.010062893081761006,0.012578616352201259,0.022641509433962263,0.0037735849056603774,0.03270440251572327,0.01509433962264151,0.012578616352201259,0.052830188679245285,795.0
2586,46.47,-86.95833,1750.0,0.04656862745098039,0.012254901960784314,0.0,0.3161764705882353,0.10294117647058823,0.33578431372549017,0.061274509803921566,0.004901960784313725,0.0196078431372549,0.0,0.0,0.031862745098039214,0.007352941176470588,0.012254901960784314,0.049019607843137254,408.0
2586,46.47,-86.95833,2250.0,0.012875536480686695,0.002145922746781116,0.0,0.28969957081545067,0.07510729613733906,0.4248927038626609,0.03862660944206009,0.01072961373390558,0.019313304721030045,0.023605150214592276,0.0,0.02575107296137339,0.015021459227467811,0.015021459227467811,0.04721030042918455,466.0
2586,46.47,-86.95833,2750.0,0.007228915662650603,0.004819277108433735,0.0,0.21445783132530122,0.15903614457831325,0.43373493975903615,0.03855421686746988,0.012048192771084338,0.012048192771084338,0.02650602409638554,0.0,0.024096385542168676,0.012048192771084338,0.0024096385542168677,0.05301204819277108,415.0
2586,46.47,-86.95833,3250.0,0.013192612137203167,0.002638522427440633,0.0,0.25065963060686014,0.11345646437994723,0.39841688654353563,0.0633245382585752,0.002638522427440633,0.0158311345646438,0.013192612137203167,0.0,0.0633245382585752,0.013192612137203167,0.013192612137203167,0.036939313984168866,379.0
2586,46.47,-86.95833,3750.0,0.01073345259391771,0.0035778175313059034,0.0017889087656529517,0.43917710196779963,0.03041144901610018,0.26744186046511625,0.05635062611806798,0.0026833631484794273,0.011627906976744186,0.024150268336314847,0.0008944543828264759,0.03220035778175313,0.029516994633273702,0.011627906976744186,0.0778175313059034,1118.0
2586,46.47,-86.95833,4250.0,0.01680244399185336,0.0025458248472505093,0.0025458248472505093,0.37016293279022405,0.03054989816700611,0.19959266802443992,0.14205702647657842,0.003054989816700611,0.025967413441955193,0.03411405295315682,0.0,0.04989816700610998,0.019348268839103868,0.007128309572301426,0.09623217922606925,1964.0
2586,46.47,-86.95833,4750.0,0.014540337711069419,0.001876172607879925,0.0014071294559099437,0.45121951219512196,0.13696060037523453,0.1402439024390244,0.0698874296435272,0.003283302063789869,0.016885553470919325,0.024859287054409006,0.0014071294559099437,0.028611632270168854,0.023921200750469045,0.007035647279549718,0.07786116322701689,2132.0
2586,46.47,-86.95833,5250.0,0.010062893081761006,0.007547169811320755,0.0,0.5534591194968553,0.08427672955974842,0.09559748427672957,0.07169811320754717,0.0,0.016352201257861635,0.025157232704402517,0.0012578616352201257,0.022641509433962263,0.01761006289308176,0.013836477987421384,0.08050314465408805,795.0
2586,46.47,-86.95833,5750.0,0.020599250936329586,0.003745318352059925,0.0,0.6086142322097379,0.003745318352059925,0.10674157303370786,0.10299625468164794,0.0,0.011235955056179775,0.016853932584269662,0.003745318352059925,0.0299625468164794,0.016853932584269662,0.0018726591760299626,0.07303370786516854,534.0
2586,46.47,-86.95833,6250.0,0.004629629629629629,0.002777777777777778,0.0,0.6277777777777778,0.000925925925925926,0.12222222222222222,0.09907407407407408,0.000925925925925926,0.012962962962962963,0.024074074074074074,0.0,0.03333333333333333,0.008333333333333333,0.001851851851851852,0.06111111111111111,1080.0
2586,46.47,-86.95833,6750.0,0.015659955257270694,0.017897091722595078,0.0,0.7069351230425056,0.0,0.11185682326621924,0.0447427293064877,0.0,0.008948545861297539,0.015659955257270694,0.0,0.015659955257270694,0.017897091722595078,0.015659955257270694,0.029082774049217,447.0
2586,46.47,-86.95833,7250.0,0.015536723163841809,0.011299435028248588,0.0014124293785310734,0.635593220338983,0.0,0.1751412429378531,0.022598870056497175,0.0,0.009887005649717515,0.022598870056497175,0.0,0.00423728813559322,0.02401129943502825,0.005649717514124294,0.07203389830508475,708.0
2586,46.47,-86.95833,7750.0,0.039473684210526314,0.021929824561403508,0.0021929824561403508,0.46710526315789475,0.0,0.3092105263157895,0.019736842105263157,0.0,0.010964912280701754,0.02631578947368421,0.0,0.0043859649122807015,0.046052631578947366,0.008771929824561403,0.043859649122807015,456.0
2586,46.47,-86.95833,8250.0,0.04589371980676329,0.014492753623188406,0.004830917874396135,0.45410628019323673,0.0,0.30917874396135264,0.021739130434782608,0.0,0.00966183574879227,0.026570048309178744,0.0,0.0,0.05314009661835749,0.014492753623188406,0.04589371980676329,414.0
2586,46.47,-86.95833,8750.0,0.06343612334801763,0.014096916299559472,0.004405286343612335,0.5171806167400881,0.0,0.21674008810572687,0.038766519823788544,0.000881057268722467,0.001762114537444934,0.015859030837004406,0.000881057268722467,0.001762114537444934,0.029955947136563875,0.0052863436123348016,0.08898678414096917,1135.0
2586,46.47,-86.95833,9250.0,0.07549234135667396,0.019693654266958426,0.0087527352297593,0.5415754923413567,0.0,0.18490153172866522,0.037199124726477024,0.0010940919037199124,0.005470459518599562,0.0175054704595186,0.0,0.00437636761487965,0.009846827133479213,0.006564551422319475,0.087527352297593,914.0
2586,46.47,-86.95833,9750.0,0.07485380116959064,0.023391812865497075,0.008187134502923977,0.583625730994152,0.0,0.13216374269005848,0.05730994152046784,0.0,0.012865497076023392,0.017543859649122806,0.0023391812865497076,0.0023391812865497076,0.004678362573099415,0.014035087719298246,0.06666666666666667,855.0
2586,46.47,-86.95833,10250.0,0.08428246013667426,0.018223234624145785,0.01366742596810934,0.5466970387243736,0.0,0.08200455580865604,0.0888382687927107,0.0,0.009111617312072893,0.06605922551252848,0.004555808656036446,0.0,0.00683371298405467,0.0,0.07972665148063782,439.0
2586,46.47,-86.95833,10750.0,0.17986577181208055,0.009395973154362415,0.020134228187919462,0.3812080536912752,0.0,0.04429530201342282,0.0912751677852349,0.0,0.01476510067114094,0.06442953020134229,0.008053691275167786,0.008053691275167786,0.0026845637583892616,0.006711409395973154,0.1691275167785235,745.0
2586,46.47,-86.95833,11250.0,0.1572700296735905,0.0,0.0,0.5786350148367952,0.0,0.01483679525222552,0.03560830860534125,0.0,0.02373887240356083,0.04154302670623145,0.002967359050445104,0.0,0.002967359050445104,0.008902077151335312,0.13353115727002968,337.0
2586,46.47,-86.95833,11750.0,0.11389521640091116,0.011389521640091117,0.00683371298405467,0.4920273348519362,0.0,0.05466970387243736,0.09111617312072894,0.0,0.02050113895216401,0.10022779043280182,0.002277904328018223,0.002277904328018223,0.004555808656036446,0.0,0.10022779043280182,439.0
2623,40.4,-74.48333,250.0,0.0,0.0,0.0,0.03675213675213675,0.004273504273504274,0.017948717948717947,0.4641025641025641,0.01282051282051282,0.002564102564102564,0.003418803418803419,0.02905982905982906,0.007692307692307693,0.006837606837606838,0.0,0.41452991452991456,1170.0
2623,40.4,-74.48333,750.0,0.002564102564102564,0.0,0.0,0.023076923076923078,0.0,0.017948717948717947,0.5384615384615384,0.010256410256410256,0.002564102564102564,0.010256410256410256,0.04358974358974359,0.002564102564102564,0.010256410256410256,0.0,0.3384615384615385,390.0
2623,40.4,-74.48333,1750.0,0.0,0.0,0.0,0.03867403314917127,0.008287292817679558,0.013812154696132596,0.5966850828729282,0.016574585635359115,0.0027624309392265192,0.0055248618784530384,0.03591160220994475,0.008287292817679558,0.0027624309392265192,0.0,0.27071823204419887,362.0
2623,40.4,-74.48333,2750.0,0.0,0.0,0.0,0.022222222222222223,0.008333333333333333,0.016666666666666666,0.6166666666666667,0.013888888888888888,0.005555555555555556,0.011111111111111112,0.025,0.016666666666666666,0.0,0.0,0.2638888888888889,360.0
2623,40.4,-74.48333,3750.0,0.0,0.0,0.0,0.026385224274406333,0.0079155672823219,0.0158311345646438,0.5857519788918206,0.0079155672823219,0.0079155672823219,0.0,0.021108179419525065,0.013192612137203167,0.005277044854881266,0.0,0.3087071240105541,379.0
2623,40.4,-74.48333,4250.0,0.0,0.0,0.0,0.04941860465116279,0.011627906976744186,0.014534883720930232,0.5843023255813954,0.023255813953488372,0.0,0.00872093023255814,0.0377906976744186,0.005813953488372093,0.00872093023255814,0.0,0.2558139534883721,344.0
2623,40.4,-74.48333,5250.0,0.0,0.0,0.0,0.028169014084507043,0.008450704225352112,0.011267605633802818,0.6535211267605634,0.011267605633802818,0.005633802816901409,0.0028169014084507044,0.005633802816901409,0.0,0.014084507042253521,0.0,0.2591549295774648,355.0
2623,40.4,-74.48333,6250.0,0.002702702702702703,0.0,0.0,0.02972972972972973,0.005405405405405406,0.002702702702702703,0.5918918918918918,0.0,0.0,0.0,0.002702702702702703,0.0,0.005405405405405406,0.0,0.35945945945945945,370.0
2623,40.4,-74.48333,7250.0,0.0,0.006289308176100629,0.0,0.05660377358490566,0.009433962264150943,0.0220125786163522,0.6729559748427673,0.0,0.0,0.0031446540880503146,0.0031446540880503146,0.006289308176100629,0.006289308176100629,0.0,0.2138364779874214,318.0
2623,40.4,-74.48333,8750.0,0.024154589371980676,0.004830917874396135,0.0,0.10628019323671498,0.00966183574879227,0.07890499194847021,0.5265700483091788,0.004830917874396135,0.00322061191626409,0.001610305958132045,0.00322061191626409,0.00322061191626409,0.030595813204508857,0.0,0.2028985507246377,621.0
2623,40.4,-74.48333,9250.0,0.11754966887417219,0.019867549668874173,0.0,0.16887417218543047,0.011589403973509934,0.19536423841059603,0.22185430463576158,0.0033112582781456954,0.004966887417218543,0.0,0.0,0.0,0.039735099337748346,0.0,0.21688741721854304,604.0
2623,40.4,-74.48333,9750.0,0.1649659863945578,0.008503401360544218,0.0,0.1360544217687075,0.0017006802721088435,0.18877551020408162,0.0935374149659864,0.0017006802721088435,0.017006802721088437,0.0,0.0017006802721088435,0.0,0.047619047619047616,0.0,0.33843537414965985,588.0
2623,40.4,-74.48333,10250.0,0.2305084745762712,0.0,0.0,0.12542372881355932,0.0,0.17966101694915254,0.0423728813559322,0.0,0.00847457627118644,0.0,0.001694915254237288,0.0,0.0423728813559322,0.0,0.3694915254237288,590.0
2623,40.4,-74.48333,10750.0,0.31208053691275167,0.0,0.0,0.13087248322147652,0.0,0.174496644295302,0.040268456375838924,0.0,0.006711409395973154,0.0,0.0,0.0,0.010067114093959731,0.0,0.32550335570469796,298.0
2623,40.4,-74.48333,11250.0,0.31155778894472363,0.0,0.0,0.1423785594639866,0.0,0.18927973199329984,0.01340033500837521,0.0,0.0033500837520938024,0.0,0.0033500837520938024,0.0,0.031825795644891124,0.0,0.304857621440536,597.0
2623,40.4,-74.48333,11750.0,0.19932432432432431,0.0,0.0,0.14527027027027026,0.0,0.32432432432432434,0.04054054054054054,0.0,0.0033783783783783786,0.0,0.0,0.0,0.0033783783783783786,0.0,0.28378378378378377,296.0
2626,41.03779,-75.26551,250.0,0.018984547461368653,0.0,0.006622516556291391,0.12141280353200883,0.05695364238410596,0.08432671081677705,0.25739514348785875,0.02384105960264901,0.006622516556291391,0.007947019867549669,0.02207505518763797,0.010596026490066225,0.03532008830022075,0.0030905077262693157,0.3448123620309051,2265.0
2626,41.03779,-75.26551,750.0,0.01309328968903437,0.0,0.0016366612111292963,0.11620294599018004,0.07037643207855974,0.0867430441898527,0.469721767594108,0.057283142389525366,0.006546644844517185,0.016366612111292964,0.04582651391162029,0.014729950900163666,0.022913256955810146,0.0016366612111292963,0.07692307692307693,611.0
2626,41.03779,-75.26551,1250.0,0.002280501710376283,0.0,0.00798175598631699,0.15963511972633979,0.05701254275940707,0.10148232611174458,0.39110604332953247,0.0330672748004561,0.010262257696693273,0.005701254275940707,0.03192702394526796,0.013683010262257697,0.06385404789053592,0.0011402508551881414,0.12086659064994298,877.0
2626,41.03779,-75.26551,1750.0,0.008101851851851851,0.0,0.0011574074074074073,0.1597222222222222,0.07407407407407407,0.1076388888888889,0.39351851851851855,0.046296296296296294,0.010416666666666666,0.004629629629629629,0.02546296296296296,0.020833333333333332,0.05324074074074074,0.0,0.09490740740740741,864.0
2626,41.03779,-75.26551,2250.0,0.005076142131979695,0.0,0.001692047377326565,0.12859560067681894,0.0829103214890017,0.09813874788494077,0.4213197969543147,0.05583756345177665,0.01015228426395939,0.00676818950930626,0.021996615905245348,0.01353637901861252,0.0676818950930626,0.0,0.08629441624365482,591.0
2626,41.03779,-75.26551,2750.0,0.0051813471502590676,0.0,0.0051813471502590676,0.18307426597582038,0.039723661485319514,0.06390328151986183,0.44041450777202074,0.027633851468048358,0.013816925734024179,0.008635578583765112,0.04317789291882556,0.013816925734024179,0.055267702936096716,0.0017271157167530224,0.09844559585492228,579.0
2626,41.03779,-75.26551,3250.0,0.011494252873563218,0.0,0.0011494252873563218,0.14942528735632185,0.021839080459770115,0.06206896551724138,0.48735632183908045,0.026436781609195402,0.013793103448275862,0.013793103448275862,0.040229885057471264,0.017241379310344827,0.05632183908045977,0.0,0.09885057471264368,870.0
2626,41.03779,-75.26551,3750.0,0.002296211251435132,0.0,0.002296211251435132,0.13318025258323765,0.009184845005740528,0.0505166475315729,0.5717566016073479,0.04707233065442021,0.011481056257175661,0.010332950631458095,0.04133180252583238,0.018369690011481057,0.040183696900114814,0.001148105625717566,0.060849598163030996,871.0
2626,41.03779,-75.26551,4250.0,0.0006868131868131869,0.0006868131868131869,0.0,0.09409340659340659,0.018543956043956044,0.08104395604395605,0.5473901098901099,0.05837912087912088,0.017857142857142856,0.009615384615384616,0.029532967032967032,0.019230769230769232,0.03983516483516483,0.003434065934065934,0.07967032967032966,1456.0
2626,41.03779,-75.26551,4750.0,0.0,0.0,0.0,0.07344632768361582,0.10056497175141244,0.0711864406779661,0.46440677966101696,0.07005649717514124,0.020338983050847456,0.013559322033898305,0.03954802259887006,0.0192090395480226,0.04180790960451977,0.0,0.08587570621468926,885.0
2626,41.03779,-75.26551,5250.0,0.0,0.0,0.0,0.05321888412017167,0.13476394849785409,0.041201716738197426,0.5098712446351932,0.06952789699570816,0.019742489270386267,0.011158798283261802,0.039484978540772535,0.020600858369098713,0.03347639484978541,0.0008583690987124463,0.06609442060085836,1165.0
2626,41.03779,-75.26551,5750.0,0.0,0.0,0.0,0.03456221198156682,0.1382488479262673,0.04032258064516129,0.5230414746543779,0.09101382488479262,0.026497695852534562,0.013824884792626729,0.016129032258064516,0.02304147465437788,0.03225806451612903,0.0,0.06105990783410138,868.0
2626,41.03779,-75.26551,6250.0,0.0,0.0,0.0,0.03119584055459272,0.12998266897746968,0.03986135181975736,0.5459272097053726,0.08838821490467938,0.019064124783362217,0.012131715771230503,0.008665511265164644,0.02079722703639515,0.02772963604852686,0.0,0.07625649913344887,577.0
2626,41.03779,-75.26551,6750.0,0.0011312217194570137,0.0,0.0,0.032805429864253395,0.11877828054298642,0.048642533936651584,0.5780542986425339,0.08144796380090498,0.016968325791855202,0.016968325791855202,0.013574660633484163,0.010180995475113122,0.030542986425339366,0.0,0.05090497737556561,884.0
2626,41.03779,-75.26551,7250.0,0.001148105625717566,0.0,0.0,0.0539609644087256,0.10218140068886337,0.07921928817451206,0.5442020665901263,0.06544202066590127,0.01722158438576349,0.013777267508610792,0.004592422502870264,0.016073478760045924,0.04133180252583238,0.001148105625717566,0.05970149253731343,871.0
2626,41.03779,-75.26551,7750.0,0.0,0.0,0.0,0.07081174438687392,0.11053540587219343,0.039723661485319514,0.6373056994818653,0.031088082901554404,0.010362694300518135,0.022452504317789293,0.0069084628670120895,0.015544041450777202,0.012089810017271158,0.0,0.04317789291882556,579.0
2626,41.03779,-75.26551,8250.0,0.0,0.0,0.0,0.11599297012302284,0.070298769771529,0.033391915641476276,0.6502636203866432,0.022847100175746926,0.01757469244288225,0.014059753954305799,0.0035149384885764497,0.01054481546572935,0.01054481546572935,0.0017574692442882249,0.0492091388400703,569.0
2626,41.03779,-75.26551,8750.0,0.0,0.0,0.0,0.2381185693287604,0.07643312101910828,0.04017638412542871,0.5438510534051936,0.011268985791278784,0.011268985791278784,0.0102890739833415,0.0019598236158745713,0.008329250367466928,0.013718765311121999,0.0004899559039686428,0.04409603135717785,2041.0
2626,41.03779,-75.26551,9250.0,0.0025951557093425604,0.0,0.0,0.3546712802768166,0.1384083044982699,0.045847750865051905,0.35294117647058826,0.0025951557093425604,0.014705882352941176,0.01730103806228374,0.0017301038062283738,0.007785467128027681,0.009515570934256055,0.004325259515570935,0.04757785467128028,1156.0
2626,41.03779,-75.26551,9750.0,0.0,0.003067484662576687,0.0,0.5,0.11349693251533742,0.0408997955010225,0.24948875255623723,0.0,0.007157464212678937,0.009202453987730062,0.0,0.016359918200409,0.009202453987730062,0.00408997955010225,0.04703476482617587,978.0
2626,41.03779,-75.26551,10250.0,0.026582278481012658,0.019620253164556962,0.00569620253164557,0.560126582278481,0.010759493670886076,0.11012658227848102,0.15949367088607594,0.0012658227848101266,0.013291139240506329,0.008227848101265823,0.0012658227848101266,0.014556962025316455,0.024050632911392405,0.0037974683544303796,0.04113924050632911,1580.0
2626,41.03779,-75.26551,10750.0,0.09348659003831418,0.04291187739463601,0.0038314176245210726,0.32720306513409964,0.011494252873563218,0.25363984674329504,0.12260536398467432,0.0,0.00996168582375479,0.006130268199233717,0.0007662835249042146,0.0015325670498084292,0.07509578544061303,0.0038314176245210726,0.0475095785440613,1305.0
2626,41.03779,-75.26551,11250.0,0.1095890410958904,0.0471841704718417,0.0030441400304414,0.380517503805175,0.0030441400304414,0.1187214611872146,0.1202435312024353,0.0030441400304414,0.0030441400304414,0.0076103500761035,0.0,0.0015220700152207,0.1415525114155251,0.0015220700152207,0.0593607305936073,657.0
2626,41.03779,-75.26551,11750.0,0.0875,0.040625,0.0,0.5125,0.0015625,0.0453125,0.146875,0.0015625,0.0140625,0.0015625,0.0,0.0,0.0859375,0.0046875,0.0578125,640.0
2626,41.03779,-75.26551,12250.0,0.11486486486486487,0.037162162162162164,0.0,0.4543918918918919,0.0,0.06587837837837837,0.11317567567567567,0.008445945945945946,0.030405405405405407,0.0,0.0,0.0,0.060810810810810814,0.005067567567567568,0.1097972972972973,592.0
2626,41.03779,-75.26551,12750.0,0.17346938775510204,0.04931972789115646,0.0,0.4557823129251701,0.0017006802721088435,0.05442176870748299,0.10204081632653061,0.006802721088435374,0.017006802721088437,0.0,0.0017006802721088435,0.0,0.01870748299319728,0.006802721088435374,0.11224489795918367,588.0
2626,41.03779,-75.26551,13250.0,0.3507718696397942,0.007718696397941681,0.0,0.23927958833619212,0.0,0.0797598627787307,0.06260720411663807,0.0008576329331046312,0.012864493996569469,0.004288164665523156,0.0008576329331046312,0.0008576329331046312,0.02830188679245283,0.012006861063464836,0.1998284734133791,1166.0
2626,41.03779,-75.26551,13750.0,0.20716685330347145,0.005599104143337066,0.0,0.3516237402015677,0.0,0.048152295632698766,0.01791713325867861,0.0011198208286674132,0.0011198208286674132,0.0022396416573348264,0.004479283314669653,0.0,0.05711086226203808,0.0022396416573348264,0.3012318029115342,893.0
2626,41.03779,-75.26551,14250.0,0.1717171717171717,0.003367003367003367,0.0,0.48148148148148145,0.0,0.006734006734006734,0.006734006734006734,0.003367003367003367,0.0,0.0,0.0,0.0,0.04377104377104377,0.0,0.2828282828282828,297.0
2626,41.03779,-75.26551,14750.0,0.15436241610738255,0.003355704697986577,0.0,0.43288590604026844,0.0,0.010067114093959731,0.010067114093959731,0.0,0.0,0.003355704697986577,0.003355704697986577,0.0,0.040268456375838924,0.0,0.3422818791946309,298.0
2638,47.192748,-95.787316,250.0,0.01864406779661017,0.002711864406779661,0.002711864406779661,0.19728813559322034,0.0,0.19016949152542373,0.1511864406779661,0.0,0.011864406779661017,0.05355932203389831,0.0013559322033898306,0.004406779661016949,0.02169491525423729,0.01830508474576271,0.32610169491525426,2950.0
2638,47.192748,-95.787316,750.0,0.015455950540958269,0.006955177743431221,0.00463678516228748,0.2403400309119011,0.0,0.1143740340030912,0.15842349304482226,0.0,0.013910355486862442,0.03709428129829984,0.0015455950540958269,0.02009273570324575,0.02241112828438949,0.010819165378670788,0.35394126738794435,1294.0
2638,47.192748,-95.787316,1250.0,0.013020833333333334,0.006944444444444444,0.006944444444444444,0.17274305555555555,0.0,0.1362847222222222,0.2647569444444444,0.0,0.008680555555555556,0.05381944444444445,0.0,0.005208333333333333,0.027777777777777776,0.021701388888888888,0.2821180555555556,1152.0
2638,47.192748,-95.787316,1750.0,0.007686395080707148,0.0030745580322828594,0.0015372790161414297,0.17909300538047657,0.0,0.08916218293620293,0.3166794773251345,0.0,0.011529592621060722,0.026902382782475018,0.0,0.003843197540353574,0.02382782475019216,0.012298232129131437,0.32436587240584164,1301.0
2638,47.192748,-95.787316,2250.0,0.012066365007541479,0.0022624434389140274,0.0030165912518853697,0.24962292609351433,0.0,0.11840120663650075,0.19532428355957768,0.0,0.006787330316742082,0.03092006033182504,0.0,0.0015082956259426848,0.026395173453996983,0.0030165912518853697,0.3506787330316742,1326.0
2638,47.192748,-95.787316,2750.0,0.009202453987730062,0.0007668711656441718,0.003834355828220859,0.15107361963190183,0.0,0.15720858895705522,0.23849693251533743,0.0,0.012269938650306749,0.03374233128834356,0.0,0.003834355828220859,0.023773006134969327,0.006134969325153374,0.35966257668711654,1304.0
2638,47.192748,-95.787316,3250.0,0.0034989503149055285,0.0027991602519244225,0.0027991602519244225,0.16445066480055984,0.0,0.11266620013995801,0.17424772568229532,0.0,0.01959412176347096,0.041287613715885234,0.0006997900629811056,0.004198740377886634,0.03219034289713086,0.00489853044086774,0.4366689993002099,1429.0
2638,47.192748,-95.787316,3750.0,0.007961783439490446,0.002653927813163482,0.0010615711252653928,0.1602972399150743,0.0,0.09129511677282377,0.20488322717622082,0.0,0.01592356687898089,0.03078556263269639,0.0005307855626326964,0.0015923566878980893,0.024946921443736732,0.0031847133757961785,0.4548832271762208,1884.0
2638,47.192748,-95.787316,4250.0,0.004666355576294913,0.0018665422305179655,0.0,0.12132524498366776,0.0,0.07466168922071861,0.2384507699486701,0.0,0.006532897806812879,0.02426504899673355,0.0004666355576294914,0.0009332711152589828,0.03359776014932338,0.007932804479701353,0.48530097993467103,2143.0
2638,47.192748,-95.787316,4750.0,0.0038314176245210726,0.0,0.0,0.10038314176245211,0.0,0.02375478927203065,0.23218390804597702,0.0,0.009195402298850575,0.00842911877394636,0.0,0.0,0.022222222222222223,0.0022988505747126436,0.5977011494252874,1305.0
2638,47.192748,-95.787316,5250.0,0.002967359050445104,0.0,0.0,0.06824925816023739,0.0,0.020029673590504452,0.3093471810089021,0.0,0.01112759643916914,0.010385756676557863,0.0,0.0,0.01483679525222552,0.005934718100890208,0.5571216617210683,1348.0
2638,47.192748,-95.787316,5750.0,0.004329004329004329,0.0,0.0,0.06926406926406926,0.0,0.01818181818181818,0.3341991341991342,0.0,0.007792207792207792,0.013852813852813853,0.0,0.0017316017316017316,0.015584415584415584,0.0017316017316017316,0.5333333333333333,1155.0
2638,47.192748,-95.787316,6250.0,0.003766478342749529,0.0,0.0,0.07344632768361582,0.0,0.016321406151914627,0.21343377275580666,0.0,0.006277463904582548,0.013182674199623353,0.0,0.0012554927809165098,0.008788449466415568,0.005021971123666039,0.6585059635907093,1593.0
2638,47.192748,-95.787316,6750.0,0.0070202808112324495,0.0015600624024961,0.0,0.06006240249609984,0.0,0.0109204368174727,0.2589703588143526,0.0,0.014820592823712949,0.00546021840873635,0.00078003120124805,0.00078003120124805,0.00858034321372855,0.0070202808112324495,0.62402496099844,1282.0
2638,47.192748,-95.787316,7250.0,0.02824360105913504,0.0,0.00176522506619594,0.11738746690203,0.0,0.0353045013239188,0.2294792586054722,0.0,0.00706090026478376,0.01235657546337158,0.0,0.00176522506619594,0.018534863195057368,0.01323918799646955,0.5348631950573698,1133.0
2638,47.192748,-95.787316,7750.0,0.025996533795493933,0.0,0.0025996533795493936,0.2989601386481802,0.0,0.07105719237435008,0.06672443674176777,0.0,0.005199306759098787,0.024263431542461005,0.0,0.0017331022530329288,0.01386481802426343,0.03726169844020797,0.45233968804159447,1154.0
2638,47.192748,-95.787316,8250.0,0.18660880347179168,0.0,0.026658400495970243,0.16553006819590824,0.0,0.16738995660260383,0.03967761934283943,0.0,0.02851828890266584,0.0365778053316801,0.0018598884066955983,0.005579665220086794,0.011159330440173589,0.09423434593924365,0.23620582765034098,1613.0
2638,47.192748,-95.787316,8750.0,0.6004618937644342,0.0,0.057736720554272515,0.011547344110854504,0.0,0.050808314087759814,0.009237875288683603,0.0,0.006928406466512702,0.011547344110854504,0.0,0.0,0.013856812933025405,0.04387990762124711,0.19399538106235567,433.0
2888,46.18444,-95.30694,250.0,0.01889763779527559,0.0031496062992125984,0.0031496062992125984,0.11496062992125984,0.0,0.14173228346456693,0.24881889763779527,0.0,0.006299212598425197,0.009448818897637795,0.0,0.0031496062992125984,0.05984251968503937,0.0,0.3905511811023622,317.5
2888,46.18444,-95.30694,750.0,0.004711425206124852,0.002355712603062426,0.002355712603062426,0.0624263839811543,0.0,0.09422850412249706,0.4028268551236749,0.0,0.009422850412249705,0.02120141342756184,0.0,0.0,0.02591283863368669,0.002355712603062426,0.37220259128386335,424.5
2888,46.18444,-95.30694,1250.0,0.0076103500761035,0.0,0.0,0.1278538812785388,0.0,0.0882800608828006,0.1400304414003044,0.0,0.0030441400304414,0.015220700152207,0.0,0.0,0.015220700152207,0.0030441400304414,0.5996955859969558,328.5
2888,46.18444,-95.30694,2750.0,0.0,0.0025,0.0025,0.1225,0.0,0.04,0.11,0.0,0.0075,0.0075,0.0,0.0,0.04,0.0,0.6675,400.0
2888,46.18444,-95.30694,4750.0,0.004524886877828055,0.0,0.0,0.12368024132730016,0.0,0.01809954751131222,0.15384615384615385,0.0,0.0,0.012066365007541479,0.0,0.0030165912518853697,0.033182503770739065,0.0,0.6515837104072398,331.5
2888,46.18444,-95.30694,5250.0,0.004076086956521739,0.0,0.0,0.08016304347826086,0.0,0.01358695652173913,0.07065217391304347,0.0,0.008152173913043478,0.005434782608695652,0.0,0.002717391304347826,0.016304347826086956,0.0,0.7989130434782609,368.0
2888,46.18444,-95.30694,5750.0,0.0015313935681470138,0.0,0.0,0.05819295558958652,0.0,0.015313935681470138,0.08269525267993874,0.0,0.006125574272588055,0.015313935681470138,0.0,0.0,0.02450229709035222,0.0,0.7963246554364471,326.5
2888,46.18444,-95.30694,6750.0,0.010025062656641603,0.0,0.0,0.042606516290726815,0.0,0.015037593984962405,0.08020050125313283,0.0,0.010025062656641603,0.010025062656641603,0.002506265664160401,0.0,0.005012531328320802,0.0,0.8245614035087719,399.0
2888,46.18444,-95.30694,7250.0,0.014340344168260038,0.004780114722753346,0.0,0.032504780114722756,0.0,0.01338432122370937,0.040152963671128104,0.0,0.0057361376673040155,0.021032504780114723,0.0,0.0019120458891013384,0.0076481835564053535,0.0,0.858508604206501,523.0
2888,46.18444,-95.30694,7750.0,0.02737226277372263,0.0,0.0,0.1551094890510949,0.0,0.037712895377128956,0.046228710462287104,0.0,0.0072992700729927005,0.031630170316301706,0.0024330900243309003,0.0024330900243309003,0.01338199513381995,0.0,0.6763990267639902,822.0
2888,46.18444,-95.30694,8250.0,0.006956521739130435,0.001391304347826087,0.0041739130434782605,0.4866086956521739,0.0,0.05008695652173913,0.049391304347826084,0.0,0.009739130434782608,0.08973913043478261,0.002782608695652174,0.002782608695652174,0.018782608695652174,0.0006956521739130435,0.2768695652173913,1437.5
2888,46.18444,-95.30694,9750.0,0.035897435897435895,0.00641025641025641,0.020512820512820513,0.4756410256410256,0.0,0.17692307692307693,0.038461538461538464,0.0,0.02564102564102564,0.07435897435897436,0.0,0.002564102564102564,0.015384615384615385,0.002564102564102564,0.12564102564102564,390.0
2888,46.18444,-95.30694,10250.0,0.6367952522255192,0.0017804154302670622,0.0035608308605341245,0.03382789317507418,0.0,0.022551928783382788,0.013056379821958458,0.0,0.027299703264094956,0.005934718100890208,0.0,0.005934718100890208,0.007121661721068249,0.005934718100890208,0.23620178041543027,842.5
2888,46.18444,-95.30694,10750.0,0.5674097664543525,0.0005307855626326964,0.016985138004246284,0.014861995753715499,0.0,0.006369426751592357,0.02335456475583864,0.0,0.06050955414012739,0.004246284501061571,0.0,0.0031847133757961785,0.004246284501061571,0.0021231422505307855,0.2961783439490446,942.0
2888,46.18444,-95.30694,11250.0,0.585554600171969,0.0060189165950128975,0.0017196904557179708,0.0352536543422184,0.0,0.005159071367153913,0.017196904557179708,0.0,0.010318142734307825,0.0,0.0,0.0017196904557179708,0.0017196904557179708,0.0017196904557179708,0.3336199484092863,581.5
2959,41.96667,-71.11667,250.0,0.01020408163265306,0.003061224489795918,0.0,0.09387755102040816,0.012244897959183673,0.09693877551020408,0.17857142857142858,0.02346938775510204,0.004081632653061225,0.00816326530612245,0.018367346938775512,0.00510204081632653,0.27755102040816326,0.011224489795918367,0.2571428571428571,980.0
2959,41.96667,-71.11667,750.0,0.009280742459396751,0.004640371229698376,0.0,0.048723897911832945,0.018561484918793503,0.08352668213457076,0.22505800464037123,0.02088167053364269,0.01160092807424594,0.013921113689095127,0.02088167053364269,0.02088167053364269,0.2668213457076566,0.01160092807424594,0.24361948955916474,431.0
2959,41.96667,-71.11667,1250.0,0.002680965147453083,0.0013404825737265416,0.0,0.04289544235924933,0.014745308310991957,0.07908847184986595,0.2546916890080429,0.04289544235924933,0.013404825737265416,0.00938337801608579,0.014745308310991957,0.0160857908847185,0.2935656836461126,0.005361930294906166,0.20911528150134048,746.0
2959,41.96667,-71.11667,1750.0,0.010526315789473684,0.0,0.0,0.042105263157894736,0.031578947368421054,0.06842105263157895,0.26842105263157895,0.03684210526315789,0.015789473684210527,0.0,0.015789473684210527,0.005263157894736842,0.34210526315789475,0.0,0.1631578947368421,190.0
2959,41.96667,-71.11667,2250.0,0.0032258064516129032,0.0,0.0,0.05967741935483871,0.016129032258064516,0.06935483870967742,0.3596774193548387,0.037096774193548385,0.017741935483870968,0.0064516129032258064,0.02258064516129032,0.017741935483870968,0.25,0.008064516129032258,0.13225806451612904,620.0
2959,41.96667,-71.11667,2750.0,0.005763688760806916,0.0,0.0,0.05763688760806916,0.020172910662824207,0.056195965417867436,0.30979827089337175,0.040345821325648415,0.008645533141210375,0.005763688760806916,0.007204610951008645,0.024495677233429394,0.28097982708933716,0.012968299711815562,0.17002881844380405,694.0
2959,41.96667,-71.11667,3250.0,0.0025252525252525255,0.0006313131313131314,0.0,0.05997474747474747,0.013888888888888888,0.06060606060606061,0.3207070707070707,0.034722222222222224,0.008838383838383838,0.011363636363636364,0.011363636363636364,0.022727272727272728,0.30176767676767674,0.007575757575757576,0.1433080808080808,1584.0
2959,41.96667,-71.11667,3750.0,0.0015261350629530714,0.0011446012972148034,0.0,0.050743990843189625,0.01030141167493323,0.056085463563525374,0.363220144982831,0.038916444105303316,0.011446012972148036,0.004578405188859214,0.01564288439526898,0.020221289584128194,0.2773750476917207,0.0049599389545974815,0.14383822968332696,2621.0
2959,41.96667,-71.11667,4250.0,0.0026720106880427524,0.0,0.0,0.055444221776887105,0.005344021376085505,0.072812291249165,0.4315297261189045,0.053440213760855046,0.022712090848363394,0.007348029392117568,0.03006012024048096,0.022044088176352707,0.18169672678690715,0.0033400133600534404,0.11155644622578491,1497.0
2959,41.96667,-71.11667,4750.0,0.0008795074758135445,0.0008795074758135445,0.0,0.04925241864555849,0.013192612137203167,0.06244503078276165,0.5145118733509235,0.04309586631486367,0.013192612137203167,0.011433597185576077,0.021108179419525065,0.02198768689533861,0.15127528583992964,0.005277044854881266,0.09146877748460862,1137.0
2959,41.96667,-71.11667,5250.0,0.0,0.0,0.0,0.04661791590493602,0.033820840950639856,0.06672760511882998,0.36837294332723947,0.04204753199268738,0.006398537477148081,0.007312614259597806,0.025594149908592323,0.010968921389396709,0.2797074954296161,0.003656307129798903,0.10877513711151737,1094.0
2959,41.96667,-71.11667,5750.0,0.0,0.0,0.0,0.04741980474198047,0.03207810320781032,0.0599721059972106,0.4825662482566248,0.03207810320781032,0.005578800557880056,0.00697350069735007,0.0041841004184100415,0.019525801952580194,0.2217573221757322,0.002789400278940028,0.08507670850767085,717.0
2959,41.96667,-71.11667,6250.0,0.0029498525073746312,0.0,0.0,0.06047197640117994,0.03392330383480826,0.03982300884955752,0.4616519174041298,0.03982300884955752,0.0014749262536873156,0.014749262536873156,0.0058997050147492625,0.022123893805309734,0.22271386430678466,0.0014749262536873156,0.09292035398230089,678.0
2959,41.96667,-71.11667,6750.0,0.0014684287812041115,0.0,0.0,0.07048458149779736,0.04552129221732746,0.07342143906020558,0.44052863436123346,0.05433186490455213,0.005873715124816446,0.007342143906020558,0.002936857562408223,0.022026431718061675,0.15418502202643172,0.002936857562408223,0.11894273127753303,681.0
2959,41.96667,-71.11667,7250.0,0.0017301038062283738,0.0017301038062283738,0.0,0.14705882352941177,0.039792387543252594,0.050173010380622836,0.4515570934256055,0.015570934256055362,0.006920415224913495,0.0017301038062283738,0.0,0.015570934256055362,0.18339100346020762,0.0,0.0847750865051903,578.0
2959,41.96667,-71.11667,7750.0,0.03773584905660377,0.0,0.0,0.19811320754716982,0.03773584905660377,0.04716981132075472,0.33962264150943394,0.0,0.009433962264150943,0.0,0.0,0.0,0.2169811320754717,0.009433962264150943,0.10377358490566038,106.0
2959,41.96667,-71.11667,8250.0,0.009022556390977444,0.0015037593984962407,0.0,0.29473684210526313,0.01804511278195489,0.0887218045112782,0.3082706766917293,0.0030075187969924814,0.009022556390977444,0.009022556390977444,0.0,0.007518796992481203,0.14736842105263157,0.007518796992481203,0.0962406015037594,665.0
2959,41.96667,-71.11667,8750.0,0.0066518847006651885,0.0022172949002217295,0.0,0.328159645232816,0.03547671840354767,0.07095343680709534,0.34146341463414637,0.0022172949002217295,0.013303769401330377,0.004434589800443459,0.0,0.0,0.08647450110864745,0.008869179600886918,0.09977827050997783,451.0
2959,41.96667,-71.11667,9250.0,0.006082725060827251,0.0024330900243309003,0.0012165450121654502,0.5158150851581509,0.03527980535279805,0.09245742092457421,0.18126520681265207,0.004866180048661801,0.00851581508515815,0.00851581508515815,0.0,0.014598540145985401,0.031630170316301706,0.010948905109489052,0.08637469586374696,822.0
2959,41.96667,-71.11667,9750.0,0.02716297786720322,0.014084507042253521,0.0,0.5120724346076458,0.007042253521126761,0.11468812877263582,0.1579476861167002,0.001006036217303823,0.008048289738430584,0.004024144869215292,0.001006036217303823,0.008048289738430584,0.03822937625754527,0.011066398390342052,0.09557344064386318,994.0
2959,41.96667,-71.11667,10250.0,0.1345076060848679,0.02642113690952762,0.0024019215372297837,0.4803843074459568,0.01521216973578863,0.09527622097678143,0.04083266613290633,0.0,0.008807045636509208,0.0040032025620496394,0.0008006405124099279,0.0008006405124099279,0.1088871096877502,0.008006405124099279,0.07365892714171338,1249.0
2959,41.96667,-71.11667,10750.0,0.44967880085653106,0.026409707351891507,0.007851534618129907,0.2334047109207709,0.007851534618129907,0.05710206995003569,0.009279086366880799,0.0,0.0028551034975017845,0.0014275517487508922,0.0,0.0014275517487508922,0.1206281227694504,0.004996431120628123,0.07708779443254818,1401.0
2959,41.96667,-71.11667,11250.0,0.2689655172413793,0.031724137931034485,0.005517241379310344,0.4289655172413793,0.0,0.023448275862068966,0.016551724137931035,0.001379310344827586,0.005517241379310344,0.001379310344827586,0.0,0.002758620689655172,0.057931034482758624,0.002758620689655172,0.15310344827586206,725.0
2959,41.96667,-71.11667,11750.0,0.19863013698630136,0.0136986301369863,0.00684931506849315,0.589041095890411,0.00684931506849315,0.03424657534246575,0.03424657534246575,0.00684931506849315,0.00684931506849315,0.0,0.0,0.0,0.0,0.00684931506849315,0.0958904109589041,146.0
2959,41.96667,-71.11667,12250.0,0.28825136612021857,0.04918032786885246,0.006830601092896175,0.3087431693989071,0.001366120218579235,0.06147540983606557,0.08060109289617487,0.00273224043715847,0.017759562841530054,0.001366120218579235,0.001366120218579235,0.001366120218579235,0.01366120218579235,0.01366120218579235,0.15163934426229508,732.0
2959,41.96667,-71.11667,12750.0,0.4683954619124797,0.011345218800648298,0.0,0.1539708265802269,0.0,0.055105348460291734,0.059967585089141004,0.0016207455429497568,0.022690437601296597,0.004862236628849271,0.0016207455429497568,0.0,0.004862236628849271,0.012965964343598054,0.2025931928687196,617.0
2959,41.96667,-71.11667,13250.0,0.3611111111111111,0.004629629629629629,0.004629629629629629,0.07407407407407407,0.0,0.10416666666666667,0.10185185185185185,0.0,0.041666666666666664,0.0,0.0,0.0,0.006944444444444444,0.016203703703703703,0.2847222222222222,432.0
2959,41.96667,-71.11667,13750.0,0.15350877192982457,0.0,0.0043859649122807015,0.12280701754385964,0.0,0.22807017543859648,0.05263157894736842,0.0,0.017543859649122806,0.0,0.0043859649122807015,0.0,0.0043859649122807015,0.021929824561403508,0.39035087719298245,228.0
2961,42.4,-85.38333,250.0,0.006691201070592171,0.0,0.0,0.035797925727668115,0.0,0.01873536299765808,0.47908999665439944,0.035797925727668115,0.01840080294412847,0.042823686851789895,0.03412512546002008,0.005018400802944129,0.0033456005352960855,0.00033456005352960856,0.3198394111743058,2989.0
2961,42.4,-85.38333,750.0,0.0037313432835820895,0.0,0.0,0.018656716417910446,0.0,0.022388059701492536,0.582089552238806,0.055970149253731345,0.033582089552238806,0.041044776119402986,0.09328358208955224,0.022388059701492536,0.0037313432835820895,0.0037313432835820895,0.11940298507462686,268.0
2961,42.4,-85.38333,1250.0,0.0040650406504065045,0.0,0.0,0.02032520325203252,0.0,0.016260162601626018,0.532520325203252,0.06504065040650407,0.04878048780487805,0.07317073170731707,0.1016260162601626,0.032520325203252036,0.0040650406504065045,0.0,0.1016260162601626,246.0
2961,42.4,-85.38333,1750.0,0.006122448979591836,0.0,0.0,0.026530612244897958,0.0,0.01020408163265306,0.4857142857142857,0.20204081632653062,0.05714285714285714,0.06938775510204082,0.0326530612244898,0.018367346938775512,0.004081632653061225,0.004081632653061225,0.0836734693877551,490.0
2961,42.4,-85.38333,2250.0,0.009592326139088728,0.0,0.0,0.009592326139088728,0.0,0.004796163069544364,0.6666666666666666,0.0671462829736211,0.04316546762589928,0.045563549160671464,0.07673860911270983,0.007194244604316547,0.004796163069544364,0.0,0.06474820143884892,417.0
2961,42.4,-85.38333,2750.0,0.008733624454148471,0.0,0.0,0.006550218340611353,0.0,0.008733624454148471,0.7445414847161572,0.03711790393013101,0.028384279475982533,0.034934497816593885,0.06986899563318777,0.008733624454148471,0.006550218340611353,0.002183406113537118,0.043668122270742356,458.0
2961,42.4,-85.38333,3250.0,0.023696682464454975,0.0,0.0,0.03317535545023697,0.0,0.014218009478672985,0.6635071090047393,0.023696682464454975,0.03317535545023697,0.052132701421800945,0.052132701421800945,0.004739336492890996,0.004739336492890996,0.009478672985781991,0.08530805687203792,211.0
2961,42.4,-85.38333,3750.0,0.005924170616113744,0.0,0.0,0.02014218009478673,0.0,0.008293838862559242,0.669431279620853,0.03672985781990521,0.058056872037914695,0.06042654028436019,0.03672985781990521,0.014218009478672985,0.0071090047393364926,0.0,0.08293838862559241,844.0
2961,42.4,-85.38333,4250.0,0.0049504950495049506,0.0,0.0,0.039603960396039604,0.0,0.0049504950495049506,0.6881188118811881,0.034653465346534656,0.039603960396039604,0.04455445544554455,0.01485148514851485,0.009900990099009901,0.0,0.0049504950495049506,0.11386138613861387,202.0
2961,42.4,-85.38333,4750.0,0.0,0.0,0.0,0.032188841201716736,0.0,0.004291845493562232,0.7167381974248928,0.027896995708154508,0.023605150214592276,0.07296137339055794,0.01072961373390558,0.008583690987124463,0.004291845493562232,0.004291845493562232,0.0944206008583691,466.0
2961,42.4,-85.38333,5250.0,0.007211538461538462,0.0,0.0,0.026442307692307692,0.0,0.007211538461538462,0.625,0.05048076923076923,0.03125,0.0889423076923077,0.038461538461538464,0.01201923076923077,0.004807692307692308,0.0,0.10817307692307693,416.0
2961,42.4,-85.38333,5750.0,0.006607929515418502,0.0,0.0,0.019823788546255508,0.0,0.0022026431718061676,0.6872246696035242,0.05506607929515418,0.022026431718061675,0.07268722466960352,0.02643171806167401,0.011013215859030838,0.004405286343612335,0.0,0.09251101321585903,454.0
2961,42.4,-85.38333,6750.0,0.019880715705765408,0.0,0.0,0.03578528827037773,0.0,0.003976143141153081,0.5208747514910537,0.09343936381709742,0.04970178926441352,0.1312127236580517,0.02385685884691849,0.02385685884691849,0.0019880715705765406,0.009940357852882704,0.08548707753479125,503.0
2961,42.4,-85.38333,7250.0,0.011037527593818985,0.002207505518763797,0.0,0.04194260485651214,0.0,0.011037527593818985,0.5562913907284768,0.04415011037527594,0.024282560706401765,0.141280353200883,0.039735099337748346,0.019867549668874173,0.004415011037527594,0.008830022075055188,0.09492273730684327,453.0
2961,42.4,-85.38333,7750.0,0.008547008547008548,0.0,0.0,0.017094017094017096,0.0,0.0,0.6837606837606838,0.0,0.038461538461538464,0.09401709401709402,0.02564102564102564,0.01282051282051282,0.0,0.0,0.11965811965811966,234.0
2961,42.4,-85.38333,8250.0,0.01702127659574468,0.0,0.0,0.03829787234042553,0.0,0.0,0.6638297872340425,0.0,0.02127659574468085,0.0851063829787234,0.00851063829787234,0.02127659574468085,0.00425531914893617,0.00425531914893617,0.13617021276595745,235.0
2961,42.4,-85.38333,8750.0,0.005145797598627788,0.0,0.0,0.13893653516295026,0.0,0.003430531732418525,0.5574614065180102,0.0,0.024013722126929673,0.04631217838765009,0.022298456260720412,0.015437392795883362,0.008576329331046312,0.003430531732418525,0.17495711835334476,583.0
2961,42.4,-85.38333,9250.0,0.0015748031496062992,0.0,0.0,0.1763779527559055,0.0031496062992125984,0.006299212598425197,0.5480314960629922,0.0,0.014173228346456693,0.06771653543307087,0.01732283464566929,0.014173228346456693,0.0031496062992125984,0.0015748031496062992,0.14645669291338584,635.0
2961,42.4,-85.38333,9750.0,0.017350157728706624,0.0007886435331230284,0.0,0.49842271293375395,0.0,0.01498422712933754,0.21529968454258674,0.0007886435331230284,0.016561514195583597,0.07965299684542587,0.01971608832807571,0.01025236593059937,0.0007886435331230284,0.002365930599369085,0.12302839116719243,1268.0
2961,42.4,-85.38333,10250.0,0.03579676674364896,0.0011547344110854503,0.0023094688221709007,0.6247113163972287,0.0011547344110854503,0.023094688221709007,0.10739030023094688,0.0,0.026558891454965358,0.06466512702078522,0.009237875288683603,0.003464203233256351,0.004618937644341801,0.004618937644341801,0.09122401847575058,866.0
2961,42.4,-85.38333,10750.0,0.15518672199170125,0.02074688796680498,0.004979253112033195,0.5095435684647303,0.0008298755186721991,0.026556016597510373,0.0946058091286307,0.0,0.024066390041493777,0.030705394190871368,0.005809128630705394,0.0016597510373443983,0.004979253112033195,0.014937759336099586,0.1053941908713693,1205.0
2961,42.4,-85.38333,11250.0,0.43832335329341315,0.041916167664670656,0.003592814371257485,0.05149700598802395,0.0,0.008383233532934131,0.09940119760479042,0.0,0.03473053892215569,0.016766467065868262,0.0023952095808383233,0.0011976047904191617,0.010778443113772455,0.06347305389221557,0.2275449101796407,835.0
2961,42.4,-85.38333,11750.0,0.3068362480127186,0.012718600953895072,0.001589825119236884,0.0023847376788553257,0.0,0.010333863275039745,0.10095389507154214,0.000794912559618442,0.14705882352941177,0.026232114467408585,0.007154213036565978,0.0023847376788553257,0.003179650238473768,0.05405405405405406,0.32432432432432434,1258.0
2961,42.4,-85.38333,12250.0,0.42738589211618255,0.0,0.0,0.004149377593360996,0.0,0.0,0.0912863070539419,0.0,0.1037344398340249,0.012448132780082987,0.0,0.004149377593360996,0.0,0.08713692946058091,0.2697095435684647,241.0
2961,42.4,-85.38333,12750.0,0.35390946502057613,0.0,0.00411522633744856,0.00205761316872428,0.0,0.00411522633744856,0.102880658436214,0.0,0.10493827160493827,0.0205761316872428,0.0,0.00205761316872428,0.00205761316872428,0.0720164609053498,0.33127572016460904,486.0
3031,45.004374,-93.573634,250.0,0.004043807919123841,0.0002695871946082561,0.002257792754844145,0.053614153327716935,0.0011120471777590565,0.02695871946082561,0.3496545914069082,0.00013479359730412806,0.012468407750631846,0.0348441449031171,0.0032013479359730415,0.016478517270429656,0.01354675652906487,0.01839932603201348,0.46301600673967985,14837.5
3031,45.004374,-93.573634,750.0,0.003200465522257783,0.0,0.0007273785277858597,0.07346523130637184,0.0023276112889147513,0.02589467558917661,0.3427407622926971,0.0002909514111143439,0.00669188245562991,0.014547570555717195,0.0005819028222286878,0.006400931044515566,0.01716613325574629,0.009310445155659005,0.49665405877218505,3437.0
3031,45.004374,-93.573634,1250.0,0.0026842362127867253,0.0004880429477794046,0.0014641288433382138,0.03709126403123475,0.0007320644216691069,0.022938018545632016,0.3430941922889214,0.0004880429477794046,0.010736944851146901,0.015617374328940947,0.003904343582235237,0.003904343582235237,0.017569546120058566,0.004392386530014641,0.5348950707662274,2049.0
3031,45.004374,-93.573634,1750.0,0.0009466708740927738,0.0,0.001577784790154623,0.05301356894919533,0.0,0.02082675923004102,0.34585042600189336,0.0,0.013884506153360681,0.026506784474597665,0.0018933417481855476,0.006626696118649416,0.010097822656989587,0.003155569580309246,0.5156200694225308,1584.5
3031,45.004374,-93.573634,2250.0,0.0,0.0,0.0016371077762619372,0.04856753069577081,0.0,0.024010914051841747,0.39290586630286495,0.0,0.01145975443383356,0.019645293315143246,0.001091405184174625,0.009549795361527967,0.01637107776261937,0.013096862210095497,0.4616643929058663,1832.5
3031,45.004374,-93.573634,2750.0,0.0014033118158854898,0.000561324726354196,0.000280662363177098,0.05753578445130508,0.0,0.021330339601459445,0.3564412012349144,0.0,0.008981195621667135,0.02301431378052203,0.0033679483581251753,0.010665169800729722,0.01234914397979231,0.014033118158854897,0.490036486107213,1781.5
3031,45.004374,-93.573634,3250.0,0.003658026755852843,0.00031354515050167225,0.00020903010033444816,0.056856187290969896,0.00020903010033444816,0.013795986622073578,0.3290133779264214,0.0,0.012332775919732442,0.020066889632107024,0.0031354515050167225,0.005539297658862876,0.012750836120401338,0.009615384615384616,0.5325041806020067,4784.0
3031,45.004374,-93.573634,3750.0,0.0019206145966709346,0.0,0.0003201024327784891,0.06690140845070422,0.0003201024327784891,0.014084507042253521,0.21830985915492956,0.0,0.013764404609475032,0.022727272727272728,0.003201024327784891,0.0038412291933418692,0.01440460947503201,0.01056338028169014,0.6296414852752881,3124.0
3031,45.004374,-93.573634,4250.0,0.0015277171540811873,0.0,0.00043649061545176777,0.06132693147097337,0.0,0.013531209079004802,0.20427760803142733,0.0,0.012658227848101266,0.02182453077258839,0.001745962461807071,0.0030554343081623746,0.01003928415539066,0.012658227848101266,0.6569183762549106,2291.0
3031,45.004374,-93.573634,4750.0,0.0019459459459459458,0.0,0.00043243243243243243,0.07113513513513514,0.0,0.008648648648648649,0.1643243243243243,0.00043243243243243243,0.011243243243243243,0.03545945945945946,0.0012972972972972972,0.011891891891891892,0.012108108108108109,0.00908108108108108,0.672,2312.5
3031,45.004374,-93.573634,5250.0,0.001352569882777277,0.0,0.0009017132551848512,0.044634806131650134,0.0,0.0036068530207394047,0.21280432822362488,0.0,0.008115419296663661,0.023444544634806132,0.0018034265103697023,0.0063119927862939585,0.009918845807033363,0.016230838593327322,0.6708746618575293,1109.0
3031,45.004374,-93.573634,5750.0,0.001920860545524395,0.0,0.000768344218209758,0.059930849020361124,0.0,0.013061851709565886,0.17671917018824435,0.0,0.01536688436419516,0.031502112946600075,0.000768344218209758,0.00384172109104879,0.00768344218209758,0.010756819054936612,0.6776796004610065,1301.5
3031,45.004374,-93.573634,6250.0,0.0013692377909630307,0.0,0.0,0.06024646280237335,0.0,0.011866727521679598,0.22820629849383842,0.0,0.018256503879507075,0.05294386125057052,0.0018256503879507074,0.00730260155180283,0.003651300775901415,0.009128251939753538,0.6052031036056595,1095.5
3031,45.004374,-93.573634,6750.0,0.0027427317608337905,0.0,0.0,0.07076247942951179,0.0,0.00877674163466813,0.16456390565002743,0.0,0.00877674163466813,0.03839824465167307,0.0021941854086670325,0.004936917169500823,0.015359297860669226,0.013165112452002194,0.6703236423477784,911.5
3031,45.004374,-93.573634,7250.0,0.0,0.0,0.0,0.09743589743589744,0.0,0.002564102564102564,0.29743589743589743,0.0,0.01282051282051282,0.07692307692307693,0.010256410256410256,0.007692307692307693,0.007692307692307693,0.017948717948717947,0.46923076923076923,390.0
3031,45.004374,-93.573634,7750.0,0.003067484662576687,0.0,0.0,0.08282208588957055,0.0,0.014314928425357873,0.19427402862985685,0.0,0.018404907975460124,0.06134969325153374,0.00408997955010225,0.0081799591002045,0.00408997955010225,0.028629856850715747,0.5807770961145194,489.0
3031,45.004374,-93.573634,8250.0,0.0033222591362126247,0.0,0.0008305647840531562,0.05813953488372093,0.0,0.014950166112956811,0.3712624584717608,0.0,0.012458471760797342,0.1287375415282392,0.004152823920265781,0.009136212624584718,0.009136212624584718,0.02574750830564784,0.36212624584717606,1204.0
3031,45.004374,-93.573634,8750.0,0.004784688995215311,0.0,0.0,0.15311004784688995,0.0,0.03062200956937799,0.20095693779904306,0.0,0.03253588516746411,0.18181818181818182,0.007655502392344498,0.013397129186602871,0.009569377990430622,0.013397129186602871,0.3521531100478469,522.5
3031,45.004374,-93.573634,9250.0,0.007205352547606794,0.000514668039114771,0.003088008234688626,0.11116829644879053,0.0,0.08646423057128153,0.19248584662892435,0.0,0.028821410190427176,0.2326299536798765,0.01544004117344313,0.016469377251672673,0.016469377251672673,0.017498713329902212,0.2717447246525991,971.5
3031,45.004374,-93.573634,9750.0,0.004402861860209136,0.003302146395156852,0.00550357732526142,0.07980187121629059,0.0,0.15299944964226747,0.3511282333516786,0.0,0.07925151348376444,0.16070445789763346,0.007705008255365988,0.013208585580627407,0.00550357732526142,0.02531645569620253,0.11117226197028068,908.5
3031,45.004374,-93.573634,10250.0,0.10869565217391304,0.007905138339920948,0.029644268774703556,0.03359683794466403,0.0,0.19367588932806323,0.02766798418972332,0.0,0.09683794466403162,0.06324110671936758,0.0,0.023715415019762844,0.08300395256916997,0.15019762845849802,0.18181818181818182,506.0
3031,45.004374,-93.573634,10750.0,0.17602427921092564,0.006069802731411229,0.06525037936267071,0.0030349013657056147,0.0,0.16995447647951442,0.015174506828528073,0.0,0.018209408194233688,0.027314112291350532,0.0,0.0030349013657056147,0.06980273141122914,0.17602427921092564,0.2701062215477997,329.5
3031,45.004374,-93.573634,11250.0,0.35390741662518665,0.0009955201592832255,0.016923842707814832,0.008959681433549029,0.0,0.11647585863613738,0.03484320557491289,0.0,0.05674464907914385,0.008959681433549029,0.0,0.0009955201592832255,0.015928322548531607,0.06968641114982578,0.31557989049278246,1004.5
3031,45.004374,-93.573634,11750.0,0.5179856115107914,0.0035971223021582736,0.04136690647482014,0.00539568345323741,0.0,0.0035971223021582736,0.02877697841726619,0.0,0.06474820143884892,0.01079136690647482,0.0,0.0,0.0035971223021582736,0.039568345323741004,0.2805755395683453,278.0
3035,45.33333,-90.08333,250.0,0.006246096189881324,0.009993753903810118,0.011867582760774516,0.2617114303560275,0.16614615865084323,0.29918800749531543,0.04871955028107433,0.0006246096189881324,0.011867582760774516,0.016239850093691444,0.0012492192379762648,0.013741411617738912,0.027482823235477825,0.008119925046845722,0.11680199875078076,1601.0
3035,45.33333,-90.08333,750.0,0.00599250936329588,0.006741573033707865,0.006741573033707865,0.36179775280898874,0.11760299625468165,0.26666666666666666,0.041947565543071164,0.0,0.018726591760299626,0.023220973782771534,0.0022471910112359553,0.015730337078651686,0.03146067415730337,0.010486891385767791,0.09063670411985018,1335.0
3035,45.33333,-90.08333,1250.0,0.00546448087431694,0.00546448087431694,0.01092896174863388,0.5027322404371585,0.08469945355191257,0.21584699453551912,0.04371584699453552,0.0,0.01639344262295082,0.01639344262295082,0.00273224043715847,0.00819672131147541,0.01912568306010929,0.01092896174863388,0.05737704918032787,366.0
3035,45.33333,-90.08333,1750.0,0.006842105263157895,0.009473684210526316,0.004736842105263158,0.41526315789473683,0.0731578947368421,0.23157894736842105,0.05157894736842105,0.002105263157894737,0.02,0.024210526315789474,0.0010526315789473684,0.013157894736842105,0.05052631578947368,0.009473684210526316,0.0868421052631579,1900.0
3035,45.33333,-90.08333,2250.0,0.0022522522522522522,0.008258258258258258,0.005255255255255256,0.47897897897897895,0.0960960960960961,0.20945945945945946,0.05405405405405406,0.0015015015015015015,0.014264264264264264,0.024024024024024024,0.0007507507507507507,0.013513513513513514,0.024774774774774775,0.006756756756756757,0.06006006006006006,1332.0
3035,45.33333,-90.08333,2750.0,0.007751937984496124,0.006201550387596899,0.004651162790697674,0.5705426356589147,0.024806201550387597,0.16279069767441862,0.06511627906976744,0.0,0.013953488372093023,0.018604651162790697,0.0,0.018604651162790697,0.034108527131782945,0.021705426356589147,0.05116279069767442,645.0
3035,45.33333,-90.08333,3250.0,0.003105590062111801,0.015527950310559006,0.003105590062111801,0.6583850931677019,0.0,0.13975155279503104,0.043478260869565216,0.0,0.006211180124223602,0.009316770186335404,0.0,0.012422360248447204,0.037267080745341616,0.006211180124223602,0.06521739130434782,322.0
3035,45.33333,-90.08333,3750.0,0.002890173410404624,0.002890173410404624,0.011560693641618497,0.5346820809248555,0.0,0.1676300578034682,0.06358381502890173,0.0,0.023121387283236993,0.028901734104046242,0.002890173410404624,0.02023121387283237,0.04046242774566474,0.011560693641618497,0.08959537572254335,346.0
3035,45.33333,-90.08333,4250.0,0.0024330900243309003,0.004866180048661801,0.004866180048661801,0.6545012165450121,0.004866180048661801,0.05596107055961071,0.07785888077858881,0.0,0.019464720194647202,0.014598540145985401,0.004866180048661801,0.009732360097323601,0.038929440389294405,0.0024330900243309003,0.10462287104622871,411.0
3035,45.33333,-90.08333,4750.0,0.0049833887043189366,0.008305647840531562,0.008305647840531562,0.6112956810631229,0.0,0.059800664451827246,0.10132890365448505,0.0,0.019933554817275746,0.023255813953488372,0.0,0.0049833887043189366,0.03322259136212625,0.014950166112956811,0.10963455149501661,602.0
3035,45.33333,-90.08333,5250.0,0.002857142857142857,0.008571428571428572,0.0,0.5571428571428572,0.0,0.045714285714285714,0.11714285714285715,0.0,0.022857142857142857,0.04285714285714286,0.005714285714285714,0.011428571428571429,0.054285714285714284,0.008571428571428572,0.12285714285714286,350.0
3035,45.33333,-90.08333,5750.0,0.0015923566878980893,0.004777070063694267,0.0,0.6576433121019108,0.0,0.044585987261146494,0.08917197452229299,0.0,0.01910828025477707,0.04777070063694268,0.0,0.01751592356687898,0.022292993630573247,0.007961783439490446,0.0875796178343949,628.0
3035,45.33333,-90.08333,6250.0,0.0029154518950437317,0.0029154518950437317,0.0,0.6676384839650146,0.0,0.037900874635568516,0.04956268221574344,0.0,0.023323615160349854,0.03498542274052478,0.0,0.0058309037900874635,0.026239067055393587,0.0029154518950437317,0.1457725947521866,343.0
3035,45.33333,-90.08333,6750.0,0.0,0.013114754098360656,0.0,0.6426229508196721,0.0,0.03278688524590164,0.06229508196721312,0.0,0.022950819672131147,0.05573770491803279,0.0,0.013114754098360656,0.029508196721311476,0.009836065573770493,0.1180327868852459,305.0
3035,45.33333,-90.08333,7250.0,0.00145985401459854,0.00583941605839416,0.00291970802919708,0.5868613138686132,0.0,0.07883211678832117,0.07591240875912408,0.00145985401459854,0.02335766423357664,0.03941605839416058,0.00145985401459854,0.020437956204379562,0.033576642335766425,0.00583941605839416,0.12262773722627737,685.0
3035,45.33333,-90.08333,7750.0,0.006430868167202572,0.01929260450160772,0.003215434083601286,0.6430868167202572,0.0,0.06752411575562701,0.04180064308681672,0.0,0.01929260450160772,0.06430868167202572,0.0,0.006430868167202572,0.03858520900321544,0.003215434083601286,0.08681672025723473,311.0
3035,45.33333,-90.08333,8250.0,0.03333333333333333,0.024242424242424242,0.007575757575757576,0.4106060606060606,0.0,0.10454545454545454,0.06818181818181818,0.0,0.031818181818181815,0.11818181818181818,0.006060606060606061,0.010606060606060607,0.04242424242424243,0.016666666666666666,0.12575757575757576,660.0
3035,45.33333,-90.08333,8750.0,0.06430868167202572,0.01607717041800643,0.028938906752411574,0.35691318327974275,0.0,0.14790996784565916,0.08038585209003216,0.0,0.03858520900321544,0.11254019292604502,0.012861736334405145,0.003215434083601286,0.00964630225080386,0.022508038585209004,0.10610932475884244,311.0
3035,45.33333,-90.08333,9250.0,0.07941176470588235,0.014705882352941176,0.023529411764705882,0.36764705882352944,0.0,0.1323529411764706,0.061764705882352944,0.0,0.05588235294117647,0.07941176470588235,0.008823529411764706,0.008823529411764706,0.0058823529411764705,0.020588235294117647,0.1411764705882353,340.0
3035,45.33333,-90.08333,9750.0,0.12268188302425106,0.014265335235378032,0.008559201141226819,0.43081312410841655,0.0,0.12981455064194009,0.04992867332382311,0.0,0.047075606276747506,0.06419400855920114,0.0028530670470756064,0.0028530670470756064,0.0028530670470756064,0.029957203994293864,0.09415121255349501,701.0
3035,45.33333,-90.08333,10250.0,0.509142053445851,0.007032348804500703,0.05485232067510549,0.06047819971870605,0.0,0.052039381153305204,0.03938115330520394,0.0,0.05063291139240506,0.03656821378340366,0.0,0.0,0.011251758087201125,0.03656821378340366,0.1420534458509142,711.0
3035,45.33333,-90.08333,10750.0,0.65625,0.003125,0.01875,0.0125,0.0,0.05625,0.021875,0.0,0.0,0.00625,0.003125,0.0,0.003125,0.025,0.19375,320.0
3035,45.33333,-90.08333,11250.0,0.5610561056105611,0.0,0.013201320132013201,0.0049504950495049506,0.0,0.08085808580858085,0.026402640264026403,0.0,0.026402640264026403,0.0165016501650165,0.0,0.0,0.01485148514851485,0.02145214521452145,0.23432343234323433,606.0
3035,45.33333,-90.08333,11750.0,0.3961661341853035,0.001597444089456869,0.020766773162939296,0.006389776357827476,0.0,0.04313099041533546,0.038338658146964855,0.0,0.04153354632587859,0.01597444089456869,0.0,0.001597444089456869,0.01597444089456869,0.039936102236421724,0.37859424920127793,626.0
3035,45.33333,-90.08333,12250.0,0.5100864553314121,0.002881844380403458,0.023054755043227664,0.002881844380403458,0.0,0.011527377521613832,0.025936599423631124,0.0,0.07492795389048991,0.008645533141210375,0.0,0.0,0.008645533141210375,0.06051873198847262,0.27089337175792505,347.0
3035,45.33333,-90.08333,12750.0,0.5400593471810089,0.0,0.020771513353115726,0.00741839762611276,0.0,0.02373887240356083,0.013353115727002967,0.0,0.05637982195845697,0.002967359050445104,0.001483679525222552,0.001483679525222552,0.004451038575667656,0.02967359050445104,0.29821958456973297,674.0
3035,45.33333,-90.08333,13250.0,0.549079754601227,0.0,0.0,0.009202453987730062,0.0,0.08282208588957055,0.009202453987730062,0.0,0.03067484662576687,0.003067484662576687,0.0,0.0,0.0,0.04294478527607362,0.27300613496932513,326.0
3081,43.91694,-89.16694,750.0,0.0027378507871321013,0.0,0.0,0.17727583846680356,0.01779603011635866,0.03285420944558522,0.3812457221081451,0.004791238877481177,0.00889801505817933,0.02053388090349076,0.01163586584531143,0.004106776180698152,0.02806297056810404,0.0006844626967830253,0.30937713894592744,1461.0
3081,43.91694,-89.16694,1250.0,0.002232142857142857,0.000744047619047619,0.000744047619047619,0.16815476190476192,0.012648809523809524,0.049107142857142856,0.38764880952380953,0.005208333333333333,0.015625,0.017857142857142856,0.009672619047619048,0.009672619047619048,0.026041666666666668,0.0,0.29464285714285715,1344.0
3081,43.91694,-89.16694,1750.0,0.0,0.0,0.0013054830287206266,0.11618798955613577,0.007832898172323759,0.02741514360313316,0.2793733681462141,0.005221932114882507,0.018276762402088774,0.028720626631853787,0.014360313315926894,0.006527415143603133,0.020887728459530026,0.0026109660574412533,0.47127937336814624,766.0
3081,43.91694,-89.16694,2250.0,0.0007380073800738007,0.0,0.0,0.23911439114391145,0.006642066420664207,0.05461254612546126,0.3859778597785978,0.005904059040590406,0.014022140221402213,0.016974169741697416,0.01107011070110701,0.002214022140221402,0.026568265682656828,0.0007380073800738007,0.23542435424354244,1355.0
3081,43.91694,-89.16694,2750.0,0.0,0.001017293997965412,0.001017293997965412,0.15768056968463887,0.01017293997965412,0.042726347914547304,0.4598168870803662,0.002034587995930824,0.018311291963377416,0.03255340793489318,0.006103763987792472,0.004069175991861648,0.023397761953204477,0.0,0.24109867751780265,983.0
3081,43.91694,-89.16694,3750.0,0.0015923566878980893,0.0,0.0,0.12738853503184713,0.0,0.004777070063694267,0.30095541401273884,0.0015923566878980893,0.009554140127388535,0.028662420382165606,0.004777070063694267,0.0015923566878980893,0.020700636942675158,0.0015923566878980893,0.4968152866242038,628.0
3081,43.91694,-89.16694,4250.0,0.0,0.0,0.0,0.12637362637362637,0.0,0.005494505494505495,0.3324175824175824,0.0,0.01098901098901099,0.03571428571428571,0.005494505494505495,0.0,0.027472527472527472,0.0027472527472527475,0.4532967032967033,364.0
3081,43.91694,-89.16694,4750.0,0.0,0.0,0.0,0.15846153846153846,0.0,0.010769230769230769,0.28923076923076924,0.0015384615384615385,0.010769230769230769,0.033846153846153845,0.003076923076923077,0.004615384615384616,0.012307692307692308,0.0,0.4753846153846154,650.0
3081,43.91694,-89.16694,5250.0,0.0,0.0,0.0,0.20846905537459284,0.0,0.003257328990228013,0.34201954397394135,0.0,0.021172638436482084,0.07654723127035831,0.004885993485342019,0.006514657980456026,0.017915309446254073,0.003257328990228013,0.31596091205211724,614.0
3081,43.91694,-89.16694,5750.0,0.0,0.0,0.0,0.20218579234972678,0.0,0.00819672131147541,0.3442622950819672,0.0,0.02185792349726776,0.09836065573770492,0.0273224043715847,0.00273224043715847,0.01366120218579235,0.0,0.2814207650273224,366.0
3081,43.91694,-89.16694,6250.0,0.0,0.0,0.0,0.2231404958677686,0.0,0.005509641873278237,0.2975206611570248,0.0,0.013774104683195593,0.12396694214876033,0.008264462809917356,0.008264462809917356,0.024793388429752067,0.0027548209366391185,0.29201101928374656,363.0
3081,43.91694,-89.16694,6750.0,0.0,0.0,0.003048780487804878,0.29878048780487804,0.0,0.003048780487804878,0.2347560975609756,0.0,0.027439024390243903,0.08536585365853659,0.003048780487804878,0.006097560975609756,0.018292682926829267,0.003048780487804878,0.3170731707317073,328.0
3081,43.91694,-89.16694,7250.0,0.0,0.0,0.0,0.28720626631853785,0.0,0.007832898172323759,0.2584856396866841,0.0,0.020887728459530026,0.0835509138381201,0.013054830287206266,0.005221932114882507,0.044386422976501305,0.0,0.2793733681462141,383.0
3081,43.91694,-89.16694,7750.0,0.00303951367781155,0.00303951367781155,0.0,0.270516717325228,0.0,0.0060790273556231,0.23100303951367782,0.0,0.0364741641337386,0.0972644376899696,0.0182370820668693,0.00911854103343465,0.0243161094224924,0.00911854103343465,0.2917933130699088,329.0
3081,43.91694,-89.16694,8250.0,0.0,0.0,0.0,0.2953846153846154,0.0,0.021538461538461538,0.26153846153846155,0.0,0.021538461538461538,0.12,0.012307692307692308,0.012307692307692308,0.03076923076923077,0.003076923076923077,0.22153846153846155,325.0
3081,43.91694,-89.16694,8750.0,0.0,0.0,0.0024096385542168677,0.5325301204819277,0.0,0.012048192771084338,0.12048192771084337,0.0,0.02650602409638554,0.12289156626506025,0.00963855421686747,0.004819277108433735,0.016867469879518072,0.0,0.15180722891566265,415.0
3081,43.91694,-89.16694,9250.0,0.001201923076923077,0.0,0.001201923076923077,0.4795673076923077,0.0,0.021634615384615384,0.12740384615384615,0.0,0.03245192307692308,0.12740384615384615,0.010817307692307692,0.01201923076923077,0.018028846153846152,0.004807692307692308,0.16346153846153846,832.0
3081,43.91694,-89.16694,9750.0,0.006269592476489028,0.00522466039707419,0.0041797283176593526,0.46812957157784746,0.0,0.050156739811912224,0.12643678160919541,0.0,0.04597701149425287,0.11285266457680251,0.014629049111807733,0.006269592476489028,0.0219435736677116,0.01044932079414838,0.12748171368861025,957.0
3081,43.91694,-89.16694,10250.0,0.0449438202247191,0.008426966292134831,0.0028089887640449437,0.5997191011235955,0.0,0.05337078651685393,0.06601123595505617,0.0,0.04073033707865169,0.07162921348314606,0.004213483146067416,0.004213483146067416,0.004213483146067416,0.009831460674157303,0.0898876404494382,712.0
3081,43.91694,-89.16694,10750.0,0.22188217291507267,0.0045906656465187455,0.009181331293037491,0.37796480489671,0.0,0.02448355011476664,0.046671767406273906,0.0022953328232593728,0.05891354246365723,0.03902065799540933,0.0007651109410864575,0.001530221882172915,0.013771996939556235,0.014537107880642693,0.18439173680183626,1307.0
3081,43.91694,-89.16694,11250.0,0.5568862275449101,0.0029940119760479044,0.014970059880239521,0.011976047904191617,0.0,0.02694610778443114,0.038922155688622756,0.0,0.020958083832335328,0.02694610778443114,0.0029940119760479044,0.0,0.011976047904191617,0.005988023952095809,0.27844311377245506,334.0
3081,43.91694,-89.16694,11750.0,0.5294117647058824,0.0,0.006033182503770739,0.012066365007541479,0.0,0.004524886877828055,0.04072398190045249,0.0,0.05580693815987934,0.0196078431372549,0.0,0.00904977375565611,0.016591251885369532,0.00904977375565611,0.2971342383107089,663.0
3081,43.91694,-89.16694,12250.0,0.5379537953795379,0.009900990099009901,0.006600660066006601,0.006600660066006601,0.0,0.0033003300330033004,0.0594059405940594,0.0,0.052805280528052806,0.0165016501650165,0.0,0.0,0.0,0.0033003300330033004,0.30363036303630364,303.0
3081,43.91694,-89.16694,12750.0,0.47874720357941836,0.008948545861297539,0.0022371364653243847,0.013422818791946308,0.0,0.0044742729306487695,0.058165548098434,0.0,0.0894854586129754,0.011185682326621925,0.006711409395973154,0.0022371364653243847,0.0,0.0022371364653243847,0.3221476510067114,447.0
3081,43.91694,-89.16694,13250.0,0.604887983706721,0.0,0.013238289205702648,0.006109979633401222,0.0,0.004073319755600814,0.025458248472505093,0.0,0.07230142566191446,0.007128309572301426,0.002036659877800407,0.0010183299389002036,0.0050916496945010185,0.0,0.25865580448065173,982.0
3081,43.91694,-89.16694,13750.0,0.7293754818812644,0.0,0.02158828064764842,0.006168080185042405,0.0,0.0030840400925212026,0.02158828064764842,0.0,0.05628373168851195,0.002313030069390902,0.0007710100231303007,0.0015420200462606013,0.0038550501156515036,0.0,0.15343099460292983,1297.0
3582,36.16667,-76.68333,250.0,0.0002992220227408737,0.0,0.0,0.3117893476959904,0.0002992220227408737,0.004189108318372232,0.16337522441651706,0.0014961101137043686,0.0038898862956313583,0.004488330341113106,0.013165769000598444,0.029024536205864752,0.006582884500299222,0.0,0.4614003590664273,3342.0
3582,36.16667,-76.68333,1250.0,0.0006269592476489029,0.0,0.0,0.2175548589341693,0.0018808777429467085,0.003134796238244514,0.2670846394984326,0.0025078369905956114,0.0018808777429467085,0.005015673981191223,0.019435736677115987,0.012539184952978056,0.008150470219435737,0.0,0.46018808777429465,1595.0
3582,36.16667,-76.68333,2250.0,0.0,0.0,0.0,0.29885931558935364,0.0007604562737642585,0.0045627376425855515,0.18022813688212927,0.0038022813688212928,0.00532319391634981,0.00532319391634981,0.01064638783269962,0.03193916349809886,0.00532319391634981,0.0,0.4532319391634981,1315.0
3582,36.16667,-76.68333,2750.0,0.0,0.0,0.0,0.2658552210121717,0.0,0.0006406149903907751,0.1492632927610506,0.0012812299807815502,0.0006406149903907751,0.007046764894298526,0.015374759769378604,0.024343369634849454,0.007687379884689302,0.0,0.5278667520819987,1561.0
3582,36.16667,-76.68333,3750.0,0.0,0.0,0.0,0.2299412915851272,0.0,0.0014677103718199608,0.20303326810176126,0.004403131115459882,0.0029354207436399216,0.0029354207436399216,0.015166340508806261,0.021037181996086105,0.003913894324853229,0.0,0.5151663405088063,2044.0
3582,36.16667,-76.68333,4750.0,0.0,0.0,0.0,0.1644657863145258,0.0,0.004801920768307323,0.25510204081632654,0.003601440576230492,0.003001200480192077,0.003601440576230492,0.013205282112845138,0.015606242496998799,0.001800720288115246,0.0,0.5348139255702281,1666.0
3582,36.16667,-76.68333,5750.0,0.0,0.0,0.0,0.13700384122919335,0.0,0.005121638924455826,0.34571062740076824,0.005121638924455826,0.0038412291933418692,0.008962868117797696,0.023047375160051217,0.0076824583866837385,0.011523687580025609,0.0,0.4519846350832266,781.0
3582,36.16667,-76.68333,6250.0,0.0,0.0,0.0,0.1774436090225564,0.0,0.0,0.3233082706766917,0.004511278195488722,0.006015037593984963,0.006015037593984963,0.02406015037593985,0.012030075187969926,0.006015037593984963,0.0,0.4406015037593985,665.0
3582,36.16667,-76.68333,7750.0,0.0,0.0,0.0,0.15512048192771086,0.0007530120481927711,0.0037650602409638554,0.40963855421686746,0.004518072289156626,0.005271084337349397,0.005271084337349397,0.036897590361445784,0.004518072289156626,0.009036144578313253,0.0,0.36521084337349397,1328.0
3582,36.16667,-76.68333,8250.0,0.0019569471624266144,0.0,0.0,0.11741682974559686,0.009784735812133072,0.007827788649706457,0.512720156555773,0.015655577299412915,0.0019569471624266144,0.0,0.0410958904109589,0.0,0.005870841487279843,0.0,0.2857142857142857,511.0
3582,36.16667,-76.68333,8750.0,0.0,0.0,0.0,0.11850311850311851,0.006237006237006237,0.008316008316008316,0.6652806652806653,0.006237006237006237,0.0,0.0,0.035343035343035345,0.004158004158004158,0.016632016632016633,0.0,0.1392931392931393,481.0
3582,36.16667,-76.68333,9750.0,0.0,0.0,0.0,0.09744408945686901,0.007987220447284345,0.007987220447284345,0.6261980830670927,0.007987220447284345,0.006389776357827476,0.012779552715654952,0.023961661341853034,0.001597444089456869,0.006389776357827476,0.0,0.2012779552715655,626.0
3582,36.16667,-76.68333,10250.0,0.029769959404600813,0.0,0.0,0.13667117726657646,0.014208389715832206,0.016238159675236806,0.5338294993234101,0.02571041948579161,0.0020297699594046007,0.006089309878213802,0.02097428958051421,0.0027063599458728013,0.02368064952638701,0.0,0.1880920162381597,1478.0
3582,36.16667,-76.68333,10750.0,0.0,0.0,0.0,0.08487804878048781,0.007804878048780488,0.012682926829268294,0.6692682926829269,0.00878048780487805,0.002926829268292683,0.00878048780487805,0.023414634146341463,0.004878048780487805,0.006829268292682927,0.0,0.16975609756097562,1025.0
3582,36.16667,-76.68333,11750.0,0.09760765550239234,0.0009569377990430622,0.0,0.3966507177033493,0.0009569377990430622,0.025358851674641147,0.269377990430622,0.006220095693779904,0.006220095693779904,0.005263157894736842,0.00909090909090909,0.0023923444976076554,0.02583732057416268,0.0,0.15406698564593302,2090.0
3582,36.16667,-76.68333,12250.0,0.27835951134380454,0.0017452006980802793,0.0,0.5942408376963351,0.0,0.0,0.006108202443280977,0.0,0.0008726003490401396,0.0,0.0017452006980802793,0.0,0.016579406631762654,0.0,0.10034904013961606,1146.0
3582,36.16667,-76.68333,12750.0,0.2117310443490701,0.002861230329041488,0.001430615164520744,0.6466380543633763,0.0,0.0,0.011444921316165951,0.0,0.001430615164520744,0.0,0.0,0.0,0.011444921316165951,0.0,0.11301859799713877,699.0
3582,36.16667,-76.68333,13250.0,0.3050847457627119,0.006355932203389831,0.00211864406779661,0.548728813559322,0.0,0.001059322033898305,0.014830508474576272,0.0,0.001059322033898305,0.0,0.001059322033898305,0.0,0.018008474576271187,0.0,0.1016949152542373,944.0
3582,36.16667,-76.68333,13750.0,0.2742561448900388,0.00129366106080207,0.00129366106080207,0.5834411384217335,0.0,0.00517464424320828,0.019404915912031046,0.0,0.00129366106080207,0.0,0.00129366106080207,0.0,0.019404915912031046,0.0,0.09314359637774904,773.0
3582,36.16667,-76.68333,14750.0,0.28835063437139563,0.0057670126874279125,0.0,0.4728950403690888,0.0,0.002306805074971165,0.01730103806228374,0.0,0.0,0.0,0.0011534025374855825,0.0011534025374855825,0.03344867358708189,0.0,0.1776239907727797,867.0
3831,43.41667,-84.88333,250.0,0.0009168704156479218,0.0,0.04095354523227384,0.20904645476772615,0.034535452322738386,0.055317848410757944,0.2973716381418093,0.04584352078239609,0.023227383863080684,0.0519559902200489,0.01589242053789731,0.024755501222493887,0.012836185819070905,0.0003056234718826406,0.18704156479217604,3272.0
3831,43.41667,-84.88333,750.0,0.0,0.0,0.007067137809187279,0.28975265017667845,0.0812720848056537,0.06713780918727916,0.26501766784452296,0.04240282685512368,0.0176678445229682,0.07420494699646643,0.04240282685512368,0.04240282685512368,0.0035335689045936395,0.0,0.06713780918727916,283.0
3831,43.41667,-84.88333,1250.0,0.0,0.0,0.058878504672897194,0.12149532710280374,0.029906542056074768,0.02897196261682243,0.45607476635514016,0.08878504672897196,0.027102803738317756,0.07196261682242991,0.014953271028037384,0.04018691588785047,0.014018691588785047,0.0,0.04766355140186916,1070.0
3831,43.41667,-84.88333,1750.0,0.0,0.0,0.0053475935828877,0.1443850267379679,0.013368983957219251,0.008021390374331552,0.5213903743315508,0.08288770053475936,0.008021390374331552,0.06149732620320856,0.0106951871657754,0.0374331550802139,0.013368983957219251,0.01871657754010695,0.0748663101604278,374.0
3831,43.41667,-84.88333,2250.0,0.005115089514066497,0.0,0.01278772378516624,0.14066496163682865,0.030690537084398978,0.061381074168797956,0.4194373401534527,0.04603580562659847,0.04859335038363171,0.0741687979539642,0.015345268542199489,0.028132992327365727,0.0025575447570332483,0.015345268542199489,0.09974424552429667,391.0
3831,43.41667,-84.88333,3750.0,0.0015408320493066256,0.0,0.0,0.0847457627118644,0.02157164869029276,0.03543913713405239,0.5608628659476117,0.05701078582434515,0.030816640986132512,0.08628659476117104,0.023112480739599383,0.012326656394453005,0.01386748844375963,0.0,0.0724191063174114,649.0
3831,43.41667,-84.88333,4250.0,0.0,0.0,0.0,0.14040114613180515,0.022922636103151862,0.03151862464183381,0.45272206303724927,0.055873925501432664,0.05300859598853868,0.1017191977077364,0.014326647564469915,0.022922636103151862,0.008595988538681949,0.004297994269340974,0.09169054441260745,698.0
3831,43.41667,-84.88333,4750.0,0.0091324200913242,0.0,0.0,0.1917808219178082,0.0136986301369863,0.0410958904109589,0.4292237442922374,0.0502283105022831,0.0365296803652968,0.0821917808219178,0.0319634703196347,0.0091324200913242,0.0045662100456621,0.0,0.1004566210045662,219.0
3831,43.41667,-84.88333,5250.0,0.0,0.0,0.0,0.3153153153153153,0.0045045045045045045,0.036036036036036036,0.36036036036036034,0.009009009009009009,0.018018018018018018,0.11261261261261261,0.0045045045045045045,0.0,0.0045045045045045045,0.0,0.13513513513513514,222.0
3831,43.41667,-84.88333,5750.0,0.0,0.0,0.0,0.17087155963302753,0.0045871559633027525,0.022935779816513763,0.4724770642201835,0.03784403669724771,0.04243119266055046,0.08944954128440367,0.02408256880733945,0.02522935779816514,0.006880733944954129,0.0022935779816513763,0.10091743119266056,872.0
3831,43.41667,-84.88333,6250.0,0.004678362573099415,0.0,0.005847953216374269,0.1216374269005848,0.017543859649122806,0.021052631578947368,0.495906432748538,0.05847953216374269,0.03391812865497076,0.09473684210526316,0.00935672514619883,0.01871345029239766,0.0035087719298245615,0.01871345029239766,0.09590643274853801,855.0
3831,43.41667,-84.88333,6750.0,0.0,0.0,0.002398081534772182,0.09112709832134293,0.014388489208633094,0.009592326139088728,0.5155875299760192,0.10551558752997602,0.03597122302158273,0.13189448441247004,0.004796163069544364,0.007194244604316547,0.007194244604316547,0.0,0.07434052757793765,417.0
3831,43.41667,-84.88333,7250.0,0.0,0.0,0.0,0.16597510373443983,0.006224066390041493,0.01867219917012448,0.3962655601659751,0.029045643153526972,0.04149377593360996,0.17219917012448133,0.01037344398340249,0.01037344398340249,0.006224066390041493,0.0,0.14315352697095435,482.0
3831,43.41667,-84.88333,7750.0,0.0,0.0,0.0,0.20346320346320346,0.0,0.025974025974025976,0.42857142857142855,0.012987012987012988,0.017316017316017316,0.1038961038961039,0.017316017316017316,0.008658008658008658,0.004329004329004329,0.0,0.1774891774891775,231.0
3831,43.41667,-84.88333,8250.0,0.013824884792626729,0.0,0.004608294930875576,0.631336405529954,0.0,0.004608294930875576,0.17050691244239632,0.004608294930875576,0.0,0.07373271889400922,0.009216589861751152,0.0,0.004608294930875576,0.004608294930875576,0.07834101382488479,217.0
3831,43.41667,-84.88333,9250.0,0.004761904761904762,0.004761904761904762,0.0,0.65,0.0,0.02142857142857143,0.1738095238095238,0.0,0.011904761904761904,0.06190476190476191,0.011904761904761904,0.002380952380952381,0.004761904761904762,0.004761904761904762,0.047619047619047616,420.0
3831,43.41667,-84.88333,9750.0,0.09113300492610837,0.0024630541871921183,0.009852216748768473,0.5566502463054187,0.009852216748768473,0.022167487684729065,0.0960591133004926,0.007389162561576354,0.029556650246305417,0.05172413793103448,0.007389162561576354,0.0,0.009852216748768473,0.0,0.10591133004926108,406.0
3831,43.41667,-84.88333,10250.0,0.056338028169014086,0.0,0.009389671361502348,0.6713615023474179,0.0,0.023474178403755867,0.09859154929577464,0.0,0.03286384976525822,0.04225352112676056,0.004694835680751174,0.0,0.0,0.014084507042253521,0.046948356807511735,213.0
3831,43.41667,-84.88333,11250.0,0.28110599078341014,0.0,0.0,0.48847926267281105,0.0,0.05069124423963134,0.04608294930875576,0.0,0.02304147465437788,0.013824884792626729,0.004608294930875576,0.0,0.009216589861751152,0.0,0.08294930875576037,217.0
3831,43.41667,-84.88333,12250.0,0.3238095238095238,0.0,0.009523809523809525,0.2571428571428571,0.0,0.047619047619047616,0.09523809523809523,0.004761904761904762,0.03333333333333333,0.02857142857142857,0.0,0.0,0.0,0.0,0.2,210.0
3831,43.41667,-84.88333,14750.0,0.5642201834862385,0.0,0.0045871559633027525,0.10550458715596331,0.0,0.022935779816513763,0.04128440366972477,0.0,0.045871559633027525,0.03669724770642202,0.0045871559633027525,0.0,0.0,0.0,0.1743119266055046,218.0
3840,34.16699,-80.77682200000001,250.0,0.0,0.0,0.0,0.47759562841530057,0.0,0.002185792349726776,0.1726775956284153,0.0,0.0,0.001092896174863388,0.012021857923497269,0.0,0.001092896174863388,0.0,0.3333333333333333,915.0
3840,34.16699,-80.77682200000001,1250.0,0.0,0.0,0.0,0.7653429602888087,0.0,0.0,0.148014440433213,0.0036101083032490976,0.0,0.0,0.021660649819494584,0.0,0.0,0.0,0.061371841155234655,277.0
3840,34.16699,-80.77682200000001,2250.0,0.0,0.0,0.0,0.6371681415929203,0.0,0.0,0.2359882005899705,0.0,0.0,0.0058997050147492625,0.008849557522123894,0.0,0.0,0.0,0.11209439528023599,339.0
3840,34.16699,-80.77682200000001,2750.0,0.0,0.0,0.0,0.6737588652482269,0.0,0.0,0.18439716312056736,0.0035460992907801418,0.0070921985815602835,0.0035460992907801418,0.03546099290780142,0.0,0.0070921985815602835,0.0,0.0851063829787234,282.0
3840,34.16699,-80.77682200000001,3250.0,0.0,0.0,0.0,0.5864197530864198,0.0,0.0,0.2654320987654321,0.0,0.009259259259259259,0.0030864197530864196,0.018518518518518517,0.006172839506172839,0.0030864197530864196,0.0,0.10802469135802469,324.0
3840,34.16699,-80.77682200000001,3750.0,0.0,0.0,0.0,0.6560509554140127,0.0,0.0,0.2229299363057325,0.0,0.009554140127388535,0.0031847133757961785,0.012738853503184714,0.0,0.0,0.0,0.09554140127388536,314.0
3840,34.16699,-80.77682200000001,4250.0,0.0,0.0,0.0,0.49079754601226994,0.0,0.003067484662576687,0.2668711656441718,0.0,0.009202453987730062,0.006134969325153374,0.024539877300613498,0.0,0.0,0.0,0.19938650306748465,326.0
3840,34.16699,-80.77682200000001,5250.0,0.0,0.0,0.0,0.5046153846153846,0.0,0.003076923076923077,0.3415384615384615,0.0,0.006153846153846154,0.012307692307692308,0.024615384615384615,0.0,0.009230769230769232,0.0,0.09846153846153846,325.0
3840,34.16699,-80.77682200000001,5750.0,0.0,0.0,0.0,0.4785714285714286,0.0,0.0,0.34285714285714286,0.0035714285714285713,0.0,0.007142857142857143,0.02142857142857143,0.0035714285714285713,0.0,0.0,0.14285714285714285,280.0
3840,34.16699,-80.77682200000001,6250.0,0.0,0.0,0.0,0.5255972696245734,0.0,0.0034129692832764505,0.32081911262798635,0.0034129692832764505,0.006825938566552901,0.0,0.013651877133105802,0.0,0.0,0.0,0.12627986348122866,293.0
3840,34.16699,-80.77682200000001,6750.0,0.0,0.0,0.0,0.4983922829581994,0.0,0.003215434083601286,0.26366559485530544,0.0,0.003215434083601286,0.003215434083601286,0.012861736334405145,0.0,0.0,0.0,0.21543408360128619,311.0
3840,34.16699,-80.77682200000001,7250.0,0.0,0.0,0.0,0.37091988130563797,0.0,0.005934718100890208,0.4599406528189911,0.011869436201780416,0.0,0.008902077151335312,0.02967359050445104,0.0,0.0,0.0,0.11275964391691394,337.0
3840,34.16699,-80.77682200000001,7750.0,0.0,0.0,0.0,0.2484076433121019,0.0,0.0031847133757961785,0.5191082802547771,0.0031847133757961785,0.009554140127388535,0.009554140127388535,0.03184713375796178,0.0,0.0031847133757961785,0.0,0.17197452229299362,314.0
3840,34.16699,-80.77682200000001,8250.0,0.0,0.0,0.0,0.2702702702702703,0.0,0.0,0.5285285285285285,0.012012012012012012,0.003003003003003003,0.003003003003003003,0.042042042042042045,0.003003003003003003,0.003003003003003003,0.0,0.13513513513513514,333.0
3840,34.16699,-80.77682200000001,8750.0,0.0,0.0,0.0,0.26031746031746034,0.0031746031746031746,0.0031746031746031746,0.5904761904761905,0.015873015873015872,0.0031746031746031746,0.009523809523809525,0.04126984126984127,0.0,0.0,0.0,0.07301587301587302,315.0
3840,34.16699,-80.77682200000001,9250.0,0.0,0.0,0.0,0.30131004366812225,0.0,0.004366812227074236,0.5720524017467249,0.004366812227074236,0.0,0.0,0.048034934497816595,0.0,0.004366812227074236,0.0,0.06550218340611354,229.0
3840,34.16699,-80.77682200000001,9750.0,0.0,0.0,0.0,0.17307692307692307,0.003205128205128205,0.009615384615384616,0.5448717948717948,0.038461538461538464,0.003205128205128205,0.028846153846153848,0.1346153846153846,0.0,0.00641025641025641,0.0,0.057692307692307696,312.0
3840,34.16699,-80.77682200000001,10250.0,0.011834319526627219,0.0,0.0,0.03254437869822485,0.005917159763313609,0.0029585798816568047,0.5650887573964497,0.10946745562130178,0.008875739644970414,0.011834319526627219,0.13609467455621302,0.0,0.0,0.0,0.11538461538461539,338.0
3840,34.16699,-80.77682200000001,10750.0,0.0,0.0,0.0,0.03205128205128205,0.0,0.009615384615384616,0.5641025641025641,0.07371794871794872,0.00641025641025641,0.009615384615384616,0.15384615384615385,0.003205128205128205,0.00641025641025641,0.0,0.14102564102564102,312.0
3840,34.16699,-80.77682200000001,11250.0,0.005917159763313609,0.0029585798816568047,0.0,0.07100591715976332,0.0029585798816568047,0.0,0.5532544378698225,0.026627218934911243,0.008875739644970414,0.014792899408284023,0.14497041420118342,0.0,0.0,0.0,0.16863905325443787,338.0
3840,34.16699,-80.77682200000001,11750.0,0.005813953488372093,0.0,0.0,0.0755813953488372,0.00872093023255814,0.00872093023255814,0.5465116279069767,0.0,0.005813953488372093,0.011627906976744186,0.15988372093023256,0.0029069767441860465,0.011627906976744186,0.0,0.16279069767441862,344.0
3840,34.16699,-80.77682200000001,12750.0,0.018292682926829267,0.0,0.0,0.4329268292682927,0.0,0.003048780487804878,0.2774390243902439,0.003048780487804878,0.009146341463414634,0.006097560975609756,0.11280487804878049,0.003048780487804878,0.003048780487804878,0.0,0.13109756097560976,328.0
3840,34.16699,-80.77682200000001,13250.0,0.06060606060606061,0.0027548209366391185,0.0,0.581267217630854,0.0,0.0027548209366391185,0.18457300275482094,0.0027548209366391185,0.0027548209366391185,0.0,0.05785123966942149,0.0,0.0,0.0,0.1046831955922865,363.0
3840,34.16699,-80.77682200000001,13750.0,0.04682779456193353,0.0030211480362537764,0.0,0.7598187311178247,0.0,0.0030211480362537764,0.0755287009063444,0.0,0.0015105740181268882,0.0015105740181268882,0.028700906344410877,0.0,0.0030211480362537764,0.0,0.0770392749244713,662.0
3840,34.16699,-80.77682200000001,14250.0,0.039634146341463415,0.003048780487804878,0.0,0.823170731707317,0.0,0.003048780487804878,0.024390243902439025,0.0,0.0,0.0,0.01524390243902439,0.0,0.006097560975609756,0.0,0.08536585365853659,328.0
3840,34.16699,-80.77682200000001,14750.0,0.04580152671755725,0.0,0.0,0.6946564885496184,0.0,0.0,0.13740458015267176,0.0,0.0,0.003816793893129771,0.022900763358778626,0.0,0.0,0.0,0.09541984732824428,262.0
15136,48.081514,-98.934766,250.0,0.01283768698370172,0.0,0.0,0.12804197365483366,0.00044652824291136416,0.017637865594998883,0.16365260102701495,0.0,0.017414601473543203,0.016744809109176157,0.0,0.010939941951328422,0.014735432016075016,0.014288903773163653,0.603259656173253,4479.0
15136,48.081514,-98.934766,750.0,0.010678871090770405,0.0,0.0,0.10144927536231885,0.0,0.02593440122044241,0.18306636155606407,0.0,0.02135774218154081,0.015255530129672006,0.0,0.015255530129672006,0.02440884820747521,0.007627765064836003,0.5949656750572082,655.5
15136,48.081514,-98.934766,1250.0,0.010819165378670788,0.0,0.0,0.1375579598145286,0.0,0.01854714064914992,0.160741885625966,0.0,0.02009273570324575,0.010819165378670788,0.0,0.00927357032457496,0.015455950540958269,0.010819165378670788,0.6058732612055642,647.0
15136,48.081514,-98.934766,1750.0,0.004819277108433735,0.0,0.0,0.14859437751004015,0.0,0.035341365461847386,0.12208835341365462,0.0,0.01927710843373494,0.017670682730923693,0.0,0.00963855421686747,0.02570281124497992,0.011244979919678716,0.6056224899598394,622.5
15136,48.081514,-98.934766,2250.0,0.01414855987872663,0.001010611419909045,0.0,0.12076806467913087,0.0,0.02223345123799899,0.07478524507326932,0.0,0.007074279939363315,0.01010611419909045,0.0,0.00202122283981809,0.015159171298635674,0.005053057099545225,0.7276402223345124,989.5
15136,48.081514,-98.934766,2750.0,0.011577424023154847,0.0,0.0,0.12156295224312591,0.0,0.01881331403762663,0.07670043415340087,0.0,0.02170767004341534,0.017366136034732273,0.0,0.01447178002894356,0.015918958031837915,0.004341534008683068,0.6975397973950795,691.0
15136,48.081514,-98.934766,3250.0,0.0016142050040355124,0.0,0.0,0.1089588377723971,0.0,0.0258272800645682,0.05488297013720742,0.0,0.0129136400322841,0.008071025020177562,0.0,0.003228410008071025,0.01937046004842615,0.03066989507667474,0.7344632768361582,619.5
15136,48.081514,-98.934766,3750.0,0.0026109660574412533,0.0,0.0,0.09921671018276762,0.0,0.020887728459530026,0.06919060052219321,0.0,0.01174934725848564,0.0,0.0013054830287206266,0.0,0.0195822454308094,0.018276762402088774,0.7571801566579635,766.0
15136,48.081514,-98.934766,4250.0,0.015772870662460567,0.0,0.0,0.10410094637223975,0.0,0.033123028391167195,0.07255520504731862,0.0,0.0031545741324921135,0.007886435331230283,0.0,0.006309148264984227,0.01892744479495268,0.011041009463722398,0.7271293375394322,634.0
15136,48.081514,-98.934766,4750.0,0.011195928753180661,0.0,0.0,0.1297709923664122,0.0,0.021374045801526718,0.0743002544529262,0.0,0.00916030534351145,0.005089058524173028,0.0,0.0,0.019338422391857506,0.010178117048346057,0.7195928753180661,982.5
15136,48.081514,-98.934766,5250.0,0.004784688995215311,0.0,0.0,0.10845295055821372,0.0,0.012759170653907496,0.06060606060606061,0.0,0.003189792663476874,0.003189792663476874,0.0,0.009569377990430622,0.03189792663476874,0.03508771929824561,0.7304625199362041,313.5
15136,48.081514,-98.934766,5750.0,0.012234910277324634,0.0,0.0,0.132952691680261,0.0,0.008156606851549755,0.03588907014681892,0.0,0.008156606851549755,0.0065252854812398045,0.0,0.004893964110929853,0.02936378466557912,0.0016313213703099511,0.7601957585644372,613.0
15136,48.081514,-98.934766,6250.0,0.0056947608200455585,0.0011389521640091116,0.0,0.11503416856492027,0.0,0.01366742596810934,0.0489749430523918,0.0,0.003416856492027335,0.00683371298405467,0.0,0.004555808656036446,0.015945330296127564,0.015945330296127564,0.7687927107061503,878.0
15136,48.081514,-98.934766,6750.0,0.00922266139657444,0.0,0.0,0.06982872200263504,0.0,0.010540184453227932,0.028985507246376812,0.0,0.005270092226613966,0.002635046113306983,0.0,0.0,0.01844532279314888,0.03557312252964427,0.8194993412384717,759.0
15136,48.081514,-98.934766,7250.0,0.008653326122228232,0.001081665765278529,0.0,0.07409410492157924,0.0,0.014061654948620876,0.014061654948620876,0.0,0.004326663061114116,0.008653326122228232,0.0,0.004326663061114116,0.012979989183342347,0.008653326122228232,0.8491076257436452,924.5
15136,48.081514,-98.934766,7750.0,0.00597609561752988,0.0,0.0,0.11155378486055777,0.0,0.013944223107569721,0.0199203187250996,0.0,0.00199203187250996,0.00796812749003984,0.0,0.00398406374501992,0.01195219123505976,0.013944223107569721,0.8087649402390438,502.0
15136,48.081514,-98.934766,8250.0,0.005105296745373325,0.0,0.0,0.0797702616464582,0.0,0.005105296745373325,0.006381620931716656,0.0,0.0025526483726866626,0.0038289725590299937,0.0,0.0012763241863433313,0.01148691767708998,0.024250159540523293,0.8602425015954053,783.5
15136,48.081514,-98.934766,8750.0,0.002680965147453083,0.0,0.0,0.05630026809651475,0.0,0.005361930294906166,0.01876675603217158,0.0,0.005361930294906166,0.0160857908847185,0.0,0.005361930294906166,0.00804289544235925,0.03485254691689008,0.8471849865951743,373.0
15136,48.081514,-98.934766,9250.0,0.015246015246015246,0.0,0.0,0.05751905751905752,0.0,0.016632016632016633,0.015246015246015246,0.0,0.0,0.002772002772002772,0.0,0.004158004158004158,0.00693000693000693,0.011088011088011088,0.8704088704088704,721.5
15136,48.081514,-98.934766,9750.0,0.017595307917888565,0.0,0.0,0.06744868035190615,0.0,0.011730205278592375,0.002932551319648094,0.0,0.008797653958944282,0.005865102639296188,0.0,0.002932551319648094,0.0,0.03519061583577713,0.8475073313782991,341.0
15136,48.081514,-98.934766,10250.0,0.02982848620432513,0.0,0.0,0.11707680835197613,0.0,0.03877703206562267,0.023862788963460103,0.0,0.0014914243102162564,0.028337061894108874,0.0014914243102162564,0.0014914243102162564,0.0,0.026845637583892617,0.7307979120059657,670.5
15136,48.081514,-98.934766,10750.0,0.019736842105263157,0.0,0.0,0.10526315789473684,0.0,0.05921052631578947,0.046052631578947366,0.0,0.0,0.01644736842105263,0.0,0.003289473684210526,0.003289473684210526,0.046052631578947366,0.7006578947368421,304.0
15136,48.081514,-98.934766,11250.0,0.050595238095238096,0.0,0.0,0.05654761904761905,0.0,0.13095238095238096,0.05357142857142857,0.0,0.005952380952380952,0.050595238095238096,0.005952380952380952,0.011904761904761904,0.002976190476190476,0.07142857142857142,0.5595238095238095,336.0
15136,48.081514,-98.934766,11750.0,0.4918032786885246,0.0,0.0,0.01912568306010929,0.0,0.0546448087431694,0.01366120218579235,0.0,0.00819672131147541,0.00546448087431694,0.0,0.0,0.00546448087431694,0.05191256830601093,0.34972677595628415,366.0
15136,48.081514,-98.934766,12250.0,0.1908831908831909,0.0,0.0,0.04843304843304843,0.0,0.022792022792022793,0.05413105413105413,0.0,0.0,0.014245014245014245,0.0,0.005698005698005698,0.019943019943019943,0.019943019943019943,0.6239316239316239,351.0
15136,48.081514,-98.934766,12750.0,0.38622754491017963,0.0,0.0,0.023952095808383235,0.0,0.008982035928143712,0.008982035928143712,0.0,0.011976047904191617,0.008982035928143712,0.0,0.0,0.0,0.0718562874251497,0.47904191616766467,334.0
15136,48.081514,-98.934766,13250.0,0.41774193548387095,0.0,0.0,0.041935483870967745,0.0,0.01935483870967742,0.012903225806451613,0.0,0.0064516129032258064,0.0064516129032258064,0.0,0.0032258064516129032,0.0016129032258064516,0.11451612903225807,0.3758064516129032,620.0
15136,48.081514,-98.934766,13750.0,0.5434782608695652,0.0,0.0,0.021739130434782608,0.0,0.024844720496894408,0.012422360248447204,0.0,0.0,0.003105590062111801,0.0,0.0,0.006211180124223602,0.07453416149068323,0.3136645962732919,322.0
15136,48.081514,-98.934766,14250.0,0.2332657200811359,0.0,0.0,0.06896551724137931,0.0,0.04462474645030426,0.018255578093306288,0.0,0.006085192697768763,0.002028397565922921,0.0,0.002028397565922921,0.008113590263691683,0.17647058823529413,0.44016227180527384,493.0
15142,41.933788,-70.761514,250.0,0.005477308294209703,0.0,0.001564945226917058,0.19014084507042253,0.03755868544600939,0.08215962441314555,0.23082942097026604,0.018779342723004695,0.006259780907668232,0.003912363067292645,0.009389671361502348,0.01486697965571205,0.006259780907668232,0.001564945226917058,0.39123630672926446,1278.0
15142,41.933788,-70.761514,750.0,0.0,0.0,0.0,0.10557184750733138,0.026392961876832845,0.04985337243401759,0.21994134897360704,0.0469208211143695,0.008797653958944282,0.0,0.002932551319648094,0.020527859237536656,0.02346041055718475,0.0,0.49560117302052786,341.0
15142,41.933788,-70.761514,2750.0,0.008571428571428572,0.0,0.0,0.09142857142857143,0.017142857142857144,0.054285714285714284,0.23142857142857143,0.022857142857142857,0.005714285714285714,0.005714285714285714,0.008571428571428572,0.005714285714285714,0.008571428571428572,0.002857142857142857,0.5371428571428571,350.0
15142,41.933788,-70.761514,3250.0,0.0,0.0,0.0,0.035443037974683546,0.007594936708860759,0.04810126582278481,0.22278481012658227,0.030379746835443037,0.005063291139240506,0.002531645569620253,0.010126582278481013,0.012658227848101266,0.007594936708860759,0.002531645569620253,0.6151898734177215,395.0
15142,41.933788,-70.761514,3750.0,0.0026666666666666666,0.0,0.0026666666666666666,0.037333333333333336,0.008,0.029333333333333333,0.22666666666666666,0.04533333333333334,0.005333333333333333,0.005333333333333333,0.0,0.013333333333333334,0.008,0.0,0.616,375.0
15142,41.933788,-70.761514,4750.0,0.002777777777777778,0.0,0.002777777777777778,0.03333333333333333,0.005555555555555556,0.022222222222222223,0.2361111111111111,0.044444444444444446,0.011111111111111112,0.0,0.002777777777777778,0.019444444444444445,0.025,0.005555555555555556,0.5888888888888889,360.0
15142,41.933788,-70.761514,5250.0,0.0,0.0,0.004201680672268907,0.0350140056022409,0.012605042016806723,0.03081232492997199,0.20028011204481794,0.047619047619047616,0.01680672268907563,0.004201680672268907,0.0014005602240896359,0.02100840336134454,0.012605042016806723,0.0,0.6134453781512605,714.0
15142,41.933788,-70.761514,5750.0,0.0,0.0,0.0,0.04793028322440087,0.015250544662309368,0.026143790849673203,0.2679738562091503,0.06318082788671024,0.004357298474945534,0.004357298474945534,0.004357298474945534,0.010893246187363835,0.013071895424836602,0.0,0.5424836601307189,459.0
15142,41.933788,-70.761514,6250.0,0.0018050541516245488,0.0018050541516245488,0.0,0.05054151624548736,0.02707581227436823,0.02527075812274368,0.22021660649819494,0.02527075812274368,0.005415162454873646,0.010830324909747292,0.0,0.007220216606498195,0.009025270758122744,0.0036101083032490976,0.6119133574007221,554.0
15142,41.933788,-70.761514,6750.0,0.003236245954692557,0.0,0.0,0.06796116504854369,0.016181229773462782,0.02912621359223301,0.16181229773462782,0.022653721682847898,0.012944983818770227,0.009708737864077669,0.006472491909385114,0.003236245954692557,0.022653721682847898,0.0,0.6440129449838188,309.0
15142,41.933788,-70.761514,7250.0,0.0,0.0,0.0,0.09929078014184398,0.02364066193853428,0.04018912529550828,0.25295508274231676,0.03546099290780142,0.014184397163120567,0.009456264775413711,0.0,0.014184397163120567,0.018912529550827423,0.0,0.491725768321513,423.0
15142,41.933788,-70.761514,7750.0,0.0,0.0,0.0022471910112359553,0.09213483146067415,0.02247191011235955,0.04269662921348315,0.29213483146067415,0.008988764044943821,0.011235955056179775,0.011235955056179775,0.0,0.008988764044943821,0.04269662921348315,0.0,0.4651685393258427,445.0
15142,41.933788,-70.761514,8250.0,0.0,0.0,0.0022675736961451248,0.10204081632653061,0.022675736961451247,0.045351473922902494,0.3287981859410431,0.02947845804988662,0.013605442176870748,0.0045351473922902496,0.0,0.015873015873015872,0.07936507936507936,0.0022675736961451248,0.35374149659863946,441.0
15142,41.933788,-70.761514,8750.0,0.0,0.0,0.0,0.13068181818181818,0.02556818181818182,0.05113636363636364,0.3664772727272727,0.022727272727272728,0.011363636363636364,0.0,0.002840909090909091,0.014204545454545454,0.06534090909090909,0.0,0.3096590909090909,352.0
15142,41.933788,-70.761514,9250.0,0.0,0.0,0.0,0.7423167848699763,0.04728132387706856,0.04728132387706856,0.09456264775413711,0.002364066193853428,0.0,0.0,0.0,0.0,0.016548463356973995,0.0,0.04964539007092199,423.0
15142,41.933788,-70.761514,9750.0,0.0022598870056497176,0.0,0.0,0.5683615819209039,0.05310734463276836,0.10282485875706214,0.11977401129943503,0.0022598870056497176,0.007909604519774011,0.006779661016949152,0.0,0.0022598870056497176,0.014689265536723164,0.0,0.11977401129943503,885.0
15142,41.933788,-70.761514,10250.0,0.0,0.0,0.0,0.5650887573964497,0.011834319526627219,0.08579881656804733,0.15088757396449703,0.0,0.0,0.005917159763313609,0.0,0.005917159763313609,0.03254437869822485,0.0,0.14201183431952663,338.0
15142,41.933788,-70.761514,10750.0,0.008676789587852495,0.0021691973969631237,0.0021691973969631237,0.47288503253796094,0.013015184381778741,0.16919739696312364,0.12147505422993492,0.0021691973969631237,0.0,0.0021691973969631237,0.0021691973969631237,0.010845986984815618,0.026030368763557483,0.0021691973969631237,0.1648590021691974,461.0
15142,41.933788,-70.761514,11250.0,0.0353356890459364,0.006183745583038869,0.0008833922261484099,0.6148409893992933,0.006183745583038869,0.14045936395759717,0.05565371024734982,0.00265017667844523,0.00530035335689046,0.0035335689045936395,0.0008833922261484099,0.00265017667844523,0.029151943462897525,0.0,0.09628975265017668,1132.0
15142,41.933788,-70.761514,11750.0,0.21683673469387754,0.021258503401360544,0.00510204081632653,0.30272108843537415,0.011904761904761904,0.13180272108843538,0.04591836734693878,0.0008503401360544217,0.013605442176870748,0.003401360544217687,0.0008503401360544217,0.00510204081632653,0.0935374149659864,0.005952380952380952,0.141156462585034,1176.0
15142,41.933788,-70.761514,12250.0,0.5786516853932584,0.03146067415730337,0.0011235955056179776,0.15168539325842698,0.0056179775280898875,0.06629213483146068,0.010112359550561797,0.0,0.0,0.0,0.0,0.0,0.035955056179775284,0.0011235955056179776,0.11797752808988764,890.0
15142,41.933788,-70.761514,12750.0,0.44816053511705684,0.026755852842809364,0.0011148272017837235,0.3411371237458194,0.004459308807134894,0.023411371237458192,0.024526198439241916,0.005574136008918618,0.006688963210702341,0.0011148272017837235,0.0,0.0,0.008918617614269788,0.0011148272017837235,0.10702341137123746,897.0
15142,41.933788,-70.761514,13250.0,0.5034168564920274,0.04328018223234624,0.0,0.2266514806378132,0.0,0.03302961275626424,0.05011389521640091,0.0056947608200455585,0.01366742596810934,0.002277904328018223,0.002277904328018223,0.0,0.002277904328018223,0.0011389521640091116,0.11617312072892938,878.0
15142,41.933788,-70.761514,13750.0,0.4823848238482385,0.01084010840108401,0.0027100271002710027,0.16531165311653118,0.0,0.02710027100271003,0.04336043360433604,0.0027100271002710027,0.01084010840108401,0.0027100271002710027,0.0,0.0,0.013550135501355014,0.008130081300813009,0.23035230352303523,369.0
15142,41.933788,-70.761514,14750.0,0.5614525139664804,0.008379888268156424,0.0,0.13687150837988826,0.0,0.046089385474860335,0.040502793296089384,0.0,0.018156424581005588,0.0013966480446927375,0.0,0.0,0.002793296089385475,0.004189944134078212,0.18016759776536312,716.0
15244,41.614226,-86.84848600000001,250.0,0.0,0.0,0.003048780487804878,0.039634146341463415,0.0,0.006097560975609756,0.625,0.042682926829268296,0.018292682926829267,0.018292682926829267,0.07317073170731707,0.018292682926829267,0.006097560975609756,0.0,0.14939024390243902,328.0
15244,41.614226,-86.84848600000001,750.0,0.0025,0.0,0.005,0.02,0.0025,0.005,0.4775,0.065,0.0125,0.045,0.0675,0.015,0.0075,0.0,0.275,400.0
15244,41.614226,-86.84848600000001,1250.0,0.0,0.0,0.011834319526627219,0.026627218934911243,0.0,0.005917159763313609,0.41420118343195267,0.04142011834319527,0.011834319526627219,0.05029585798816568,0.03254437869822485,0.011834319526627219,0.0029585798816568047,0.0029585798816568047,0.3875739644970414,338.0
15244,41.614226,-86.84848600000001,1750.0,0.0026246719160104987,0.0,0.013123359580052493,0.02099737532808399,0.0026246719160104987,0.010498687664041995,0.4225721784776903,0.06299212598425197,0.023622047244094488,0.026246719160104987,0.03937007874015748,0.015748031496062992,0.005249343832020997,0.0,0.3543307086614173,381.0
15244,41.614226,-86.84848600000001,2250.0,0.001402524544179523,0.0,0.005610098176718092,0.028050490883590462,0.001402524544179523,0.0070126227208976155,0.4586255259467041,0.10378681626928471,0.023842917251051893,0.04488078541374474,0.06030855539971949,0.02244039270687237,0.002805049088359046,0.004207573632538569,0.23562412342215988,713.0
15244,41.614226,-86.84848600000001,2750.0,0.0013623978201634877,0.0,0.0,0.017711171662125342,0.0013623978201634877,0.005449591280653951,0.7166212534059946,0.01226158038147139,0.017711171662125342,0.020435967302452316,0.05858310626702997,0.006811989100817439,0.004087193460490463,0.0,0.13760217983651227,734.0
15244,41.614226,-86.84848600000001,3250.0,0.0,0.0,0.0,0.02528735632183908,0.0,0.006896551724137931,0.5632183908045977,0.01839080459770115,0.004597701149425287,0.020689655172413793,0.04597701149425287,0.006896551724137931,0.006896551724137931,0.0,0.30114942528735633,435.0
15244,41.614226,-86.84848600000001,3750.0,0.0,0.0,0.0,0.031029619181946404,0.0,0.011283497884344146,0.5007052186177715,0.0380818053596615,0.0014104372355430183,0.028208744710860368,0.047954866008462625,0.014104372355430184,0.0,0.0,0.32722143864598024,709.0
15244,41.614226,-86.84848600000001,4250.0,0.0029940119760479044,0.0,0.0,0.014970059880239521,0.0,0.005988023952095809,0.6676646706586826,0.038922155688622756,0.008982035928143712,0.0748502994011976,0.08682634730538923,0.014970059880239521,0.0029940119760479044,0.0,0.08083832335329341,334.0
15244,41.614226,-86.84848600000001,4750.0,0.0,0.0,0.0,0.01871345029239766,0.0011695906432748538,0.0011695906432748538,0.6152046783625731,0.005847953216374269,0.00935672514619883,0.023391812865497075,0.014035087719298246,0.005847953216374269,0.0011695906432748538,0.0,0.30409356725146197,855.0
15244,41.614226,-86.84848600000001,5250.0,0.0055617352614015575,0.0,0.0,0.03781979977753059,0.0,0.0,0.5050055617352615,0.006674082313681869,0.011123470522803115,0.02224694104560623,0.04004449388209121,0.0033370411568409346,0.0,0.0,0.3681868743047831,899.0
15244,41.614226,-86.84848600000001,5750.0,0.0017301038062283738,0.0,0.0,0.0328719723183391,0.0,0.0017301038062283738,0.3892733564013841,0.00865051903114187,0.0034602076124567475,0.031141868512110725,0.01384083044982699,0.005190311418685121,0.0034602076124567475,0.0034602076124567475,0.5051903114186851,578.0
15244,41.614226,-86.84848600000001,6250.0,0.0,0.0,0.0,0.0125,0.0020833333333333333,0.0,0.5291666666666667,0.029166666666666667,0.010416666666666666,0.029166666666666667,0.029166666666666667,0.00625,0.0020833333333333333,0.0,0.35,480.0
15244,41.614226,-86.84848600000001,6750.0,0.0,0.0,0.0,0.03110047846889952,0.0,0.007177033492822967,0.5669856459330144,0.014354066985645933,0.023923444976076555,0.03110047846889952,0.05502392344497608,0.007177033492822967,0.0023923444976076554,0.0,0.2607655502392344,418.0
15244,41.614226,-86.84848600000001,7250.0,0.0,0.0,0.0,0.03194888178913738,0.0,0.003194888178913738,0.5654952076677316,0.012779552715654952,0.019169329073482427,0.051118210862619806,0.051118210862619806,0.012779552715654952,0.006389776357827476,0.0,0.24600638977635783,313.0
15244,41.614226,-86.84848600000001,7750.0,0.0,0.0,0.0,0.012089810017271158,0.0,0.0,0.38169257340241797,0.0069084628670120895,0.0051813471502590676,0.05181347150259067,0.018998272884283247,0.015544041450777202,0.0,0.0017271157167530224,0.5060449050086355,579.0
15244,41.614226,-86.84848600000001,8750.0,0.0,0.0007961783439490446,0.0,0.03343949044585987,0.0,0.0,0.1449044585987261,0.0007961783439490446,0.0023885350318471337,0.027070063694267517,0.010350318471337579,0.0015923566878980893,0.0,0.0015923566878980893,0.7770700636942676,1256.0
15244,41.614226,-86.84848600000001,9250.0,0.006622516556291391,0.0,0.0,0.2913907284768212,0.0,0.0,0.17218543046357615,0.0,0.0,0.026490066225165563,0.033112582781456956,0.0,0.0,0.052980132450331126,0.41721854304635764,151.0
15244,41.614226,-86.84848600000001,9750.0,0.005063291139240506,0.002531645569620253,0.0,0.27848101265822783,0.0,0.017721518987341773,0.2683544303797468,0.0,0.0379746835443038,0.1291139240506329,0.012658227848101266,0.007594936708860759,0.012658227848101266,0.007594936708860759,0.22025316455696203,395.0
15244,41.614226,-86.84848600000001,10750.0,0.027160493827160494,0.009876543209876543,0.0024691358024691358,0.2271604938271605,0.0,0.05432098765432099,0.27901234567901234,0.0,0.04691358024691358,0.1308641975308642,0.009876543209876543,0.009876543209876543,0.014814814814814815,0.007407407407407408,0.18024691358024691,405.0
15244,41.614226,-86.84848600000001,11250.0,0.021333333333333333,0.016,0.013333333333333334,0.21866666666666668,0.0,0.09333333333333334,0.21066666666666667,0.0,0.08,0.176,0.008,0.005333333333333333,0.02666666666666667,0.0026666666666666666,0.128,375.0
15244,41.614226,-86.84848600000001,12250.0,0.035326086956521736,0.04076086956521739,0.005434782608695652,0.23369565217391305,0.002717391304347826,0.19021739130434784,0.10326086956521739,0.0,0.10326086956521739,0.10326086956521739,0.002717391304347826,0.008152173913043478,0.035326086956521736,0.008152173913043478,0.12771739130434784,368.0
15244,41.614226,-86.84848600000001,12750.0,0.14820143884892087,0.0618705035971223,0.010071942446043165,0.33093525179856115,0.0,0.1079136690647482,0.0776978417266187,0.0,0.02446043165467626,0.060431654676258995,0.004316546762589928,0.0014388489208633094,0.033093525179856115,0.04748201438848921,0.0920863309352518,695.0
15244,41.614226,-86.84848600000001,13250.0,0.18138424821002386,0.050119331742243436,0.01909307875894988,0.19809069212410502,0.0,0.059665871121718374,0.13842482100238662,0.0,0.04295942720763723,0.057279236276849645,0.00954653937947494,0.014319809069212411,0.031026252983293555,0.0405727923627685,0.1575178997613365,419.0
15244,41.614226,-86.84848600000001,13750.0,0.14935064935064934,0.17792207792207793,0.012987012987012988,0.0025974025974025974,0.0,0.007792207792207792,0.09740259740259741,0.0025974025974025974,0.08571428571428572,0.05194805194805195,0.006493506493506494,0.0025974025974025974,0.02207792207792208,0.11298701298701298,0.2675324675324675,770.0
15286,49.75913,-95.199106,250.0,0.2494004856113638,0.004796162899611968,0.002398081449805984,0.5179856112855323,0.0,0.05515587416951208,0.02398081449805982,0.0,0.0,0.0,0.0,0.0,0.07673860721776606,0.01918465159844787,0.05035971126990019,417.00000823060225
15286,49.75913,-95.199106,2750.0,0.21030042608331878,0.0,0.010729613575679529,0.5665236063812126,0.0,0.05793991257133609,0.004291845430271812,0.0,0.0,0.0,0.0,0.0,0.0536480693530645,0.008583690860543624,0.08798283574457286,465.9999995588927
15286,49.75913,-95.199106,4250.0,0.1293706275086856,0.0,0.026223779093353817,0.5174825100347433,0.0,0.05944055973775622,0.02447552765437577,0.0,0.0017482517393253396,0.005244755217976019,0.0,0.0,0.0909090898442229,0.005244755217976019,0.13986014395158505,571.999993944039
15286,49.75913,-95.199106,5750.0,0.07272727752627758,0.0,0.009090909105107329,0.7795454487348251,0.0,0.022727272762768303,0.01136363638138416,0.0,0.0,0.0,0.0,0.0,0.022727272762768303,0.004545454552553664,0.07727272817431545,439.99999240777527
15286,49.75913,-95.199106,6250.0,0.032549727973627395,0.0,0.0036166364415141563,0.6220614791244354,0.0,0.07233273069428338,0.025316458507932883,0.0,0.0,0.0,0.0,0.0,0.05244123026595544,0.01084990932454247,0.18083182766770883,553.0000045501315
15286,49.75913,-95.199106,6750.0,0.02097902108463763,0.0,0.003996003950739715,0.6813186784066793,0.0,0.01998002078346095,0.05094904934216898,0.0,0.0009990009876849287,0.009990009876849287,0.0,0.0,0.02597402722445171,0.0049950049384246435,0.18081918340490277,1000.9999956297704
15286,49.75913,-95.199106,7250.0,0.016611296157012307,0.001661129558625253,0.003322259117250506,0.5415282372533522,0.0,0.043189369665776196,0.013289036469002024,0.0,0.0,0.003322259117250506,0.0,0.0,0.03322259174326487,0.003322259117250506,0.34053156180121574,601.9999939886372
15286,49.75913,-95.199106,7750.0,0.03759398671545396,0.0,0.0018796992711867223,0.6710526197920069,0.0,0.04323308388315431,0.009398496355933612,0.0,0.0,0.0037593985423734445,0.0,0.0,0.022556392545960164,0.0037593985423734445,0.2067669243515575,531.9999851228403
15286,49.75913,-95.199106,8250.0,0.03832116976421926,0.0,0.0036496350364963515,0.6441605782985831,0.0,0.027372265908735368,0.009124087591240879,0.0,0.0,0.0036496350364963515,0.0,0.0,0.01277372325473976,0.0036496350364963515,0.2572992700729926,547.9999914000988
15286,49.75913,-95.199106,8750.0,0.1542416428577602,0.0,0.008568980109693142,0.5595544176509258,0.0,0.03856041049361915,0.021422450863088683,0.0,0.0,0.019708654546722118,0.0,0.0,0.003427592043877257,0.018851756241324916,0.17566409519298856,1167.000006424989
15286,49.75913,-95.199106,9250.0,0.13974592358031324,0.0,0.018148819907934974,0.24682395324227072,0.0,0.09618874488846661,0.07803992622770912,0.0,0.001814881990793499,0.16878402576738408,0.003629763981586998,0.001814881990793499,0.0,0.027223233291640395,0.21778584513110708,551.0000040661222
15286,49.75913,-95.199106,9750.0,0.16824643785715937,0.0,0.00947867273881728,0.48815165174857184,0.0,0.028436019844875406,0.026066351660171082,0.0,0.0,0.03554502684162388,0.0,0.0,0.00947867273881728,0.03317535906402536,0.20142180750593836,422.0000043725645
15286,49.75913,-95.199106,10250.0,0.10600255569968312,0.0,0.005108556679135198,0.3116219697142542,0.0,0.039591315579762774,0.07407407448039034,0.0,0.0,0.06513410073072552,0.002554278339567599,0.003831417509351399,0.016602809207189383,0.0357598971927681,0.33971902486717254,783.0000112486057
15286,49.75913,-95.199106,10750.0,0.12594458098415492,0.0,0.0050377831355080584,0.5894206571464019,0.0,0.010075566271016117,0.03778337784373335,0.0,0.0,0.020151132542032234,0.0025188915677540292,0.0,0.0075566747032620885,0.02518891567754027,0.1763224201285971,397.00001266763553
15286,49.75913,-95.199106,11250.0,0.14514145313258167,0.0024600245648969594,0.013530135106933277,0.4587945914963788,0.0,0.07872078523144471,0.03321033120347998,0.0,0.0,0.04428044301340332,0.007380073694690879,0.007380073694690878,0.0012300122824484797,0.023370233789150083,0.18450184278990098,812.9999989236985
15286,49.75913,-95.199106,11750.0,0.26305220785582756,0.0,0.004016064221006389,0.23493975554896449,0.0,0.1265060271014287,0.05622489978404407,0.0,0.0020080321105031946,0.06827309037719936,0.0,0.0,0.004016064221006389,0.05823293327445641,0.1827309255055634,497.9999966515272
15286,49.75913,-95.199106,12250.0,0.1995012492866778,0.0,0.0,0.3890274294684237,0.0,0.13216957567095527,0.0324189531697447,0.0,0.0,0.0673316693314659,0.0024937655625302648,0.007481296687590794,0.0024937655625302648,0.01745635979456318,0.1496259354655184,400.9999974865776
15286,49.75913,-95.199106,12750.0,0.14847160954846908,0.0,0.0043668121779336724,0.38209606932025936,0.0,0.0240174669786352,0.06331877883067615,0.0,0.0021834060889668362,0.03275109508556577,0.0043668121779336724,0.0,0.006550218266900509,0.024017468479060423,0.3078602630455995,457.99999796645204
15286,49.75913,-95.199106,13250.0,0.09375000476752561,0.0,0.005208333275079112,0.38541666414542386,0.0,0.010416666550158224,0.04687500037049692,0.0,0.0,0.06510416593848878,0.0,0.002604166637539556,0.002604166637539556,0.03125000144004435,0.356770830237704,383.99999826875916
15286,49.75913,-95.199106,13750.0,0.27647058784493234,0.0,0.005882352760857201,0.3823529361929217,0.0,0.037254904187364074,0.029411767172887814,0.0,0.0,0.045098038506958815,0.0,0.0,0.005882352760857201,0.017647058956291945,0.20000000161692894,510.0000076301235
15286,49.75913,-95.199106,14750.0,0.19178081874769423,0.0,0.002283104966413766,0.3150684959554298,0.0,0.03652968338496486,0.06392693984405438,0.0,0.002283104966413766,0.052511415011985446,0.0,0.004566209932827532,0.004566209932827532,0.013698629798482596,0.31278538745890605,438.00000394967407
15296,43.095252,-78.02198200000001,250.0,0.0,0.0,0.0029542097488921715,0.2658788774002954,0.03249630723781388,0.03988183161004431,0.005908419497784343,0.005908419497784343,0.0014771048744460858,0.050221565731166914,0.008862629246676515,0.014771048744460856,0.0014771048744460858,0.0,0.5701624815361891,677.0
15296,43.095252,-78.02198200000001,750.0,0.0,0.0,0.0064516129032258064,0.2967741935483871,0.02903225806451613,0.06451612903225806,0.012903225806451613,0.01935483870967742,0.0,0.08709677419354839,0.0064516129032258064,0.054838709677419356,0.0,0.0,0.42258064516129035,310.0
15296,43.095252,-78.02198200000001,1250.0,0.003067484662576687,0.0,0.015337423312883436,0.19631901840490798,0.024539877300613498,0.06134969325153374,0.012269938650306749,0.046012269938650305,0.0,0.1901840490797546,0.003067484662576687,0.13496932515337423,0.012269938650306749,0.0,0.3006134969325153,326.0
15296,43.095252,-78.02198200000001,1750.0,0.0028011204481792717,0.0,0.014005602240896359,0.19327731092436976,0.1092436974789916,0.1092436974789916,0.025210084033613446,0.10364145658263306,0.0028011204481792717,0.12885154061624648,0.008403361344537815,0.08403361344537816,0.011204481792717087,0.0,0.20728291316526612,357.0
15296,43.095252,-78.02198200000001,2250.0,0.0,0.0,0.0,0.2903225806451613,0.0967741935483871,0.10967741935483871,0.02258064516129032,0.07741935483870968,0.012903225806451613,0.1064516129032258,0.016129032258064516,0.0967741935483871,0.016129032258064516,0.0,0.15483870967741936,310.0
15296,43.095252,-78.02198200000001,2750.0,0.0031746031746031746,0.0,0.012698412698412698,0.2984126984126984,0.09841269841269841,0.04126984126984127,0.015873015873015872,0.022222222222222223,0.006349206349206349,0.16825396825396827,0.025396825396825397,0.11746031746031746,0.012698412698412698,0.0,0.17777777777777778,315.0
15296,43.095252,-78.02198200000001,3250.0,0.005221932114882507,0.0,0.007832898172323759,0.21148825065274152,0.06527415143603134,0.06005221932114883,0.033942558746736295,0.020887728459530026,0.005221932114882507,0.033942558746736295,0.013054830287206266,0.1122715404699739,0.005221932114882507,0.0,0.4255874673629243,383.0
15296,43.095252,-78.02198200000001,4250.0,0.0,0.0,0.002857142857142857,0.12857142857142856,0.014285714285714285,0.04285714285714286,0.005714285714285714,0.005714285714285714,0.002857142857142857,0.05714285714285714,0.02,0.06,0.002857142857142857,0.0,0.6571428571428571,350.0
15296,43.095252,-78.02198200000001,4750.0,0.0,0.0,0.005763688760806916,0.138328530259366,0.04610951008645533,0.05187319884726225,0.020172910662824207,0.02881844380403458,0.01729106628242075,0.06051873198847262,0.01440922190201729,0.05763688760806916,0.008645533141210375,0.0,0.5504322766570605,347.0
15296,43.095252,-78.02198200000001,5250.0,0.003246753246753247,0.0,0.0,0.6915584415584416,0.15584415584415584,0.016233766233766232,0.003246753246753247,0.003246753246753247,0.0,0.022727272727272728,0.00974025974025974,0.012987012987012988,0.003246753246753247,0.0,0.07792207792207792,308.0
15296,43.095252,-78.02198200000001,5750.0,0.0,0.003246753246753247,0.00974025974025974,0.2922077922077922,0.06493506493506493,0.006493506493506494,0.10714285714285714,0.1266233766233766,0.03571428571428571,0.09740259740259741,0.00974025974025974,0.06168831168831169,0.003246753246753247,0.0,0.18181818181818182,308.0
15296,43.095252,-78.02198200000001,6750.0,0.012698412698412698,0.006349206349206349,0.0,0.17142857142857143,0.30793650793650795,0.025396825396825397,0.1492063492063492,0.10476190476190476,0.009523809523809525,0.07936507936507936,0.0031746031746031746,0.06349206349206349,0.0,0.0,0.06666666666666667,315.0
15296,43.095252,-78.02198200000001,8250.0,0.0026455026455026454,0.0,0.0,0.3492063492063492,0.18253968253968253,0.021164021164021163,0.17724867724867724,0.013227513227513227,0.021164021164021163,0.04497354497354497,0.005291005291005291,0.07407407407407407,0.0026455026455026454,0.0,0.10582010582010581,378.0
15296,43.095252,-78.02198200000001,9750.0,0.07210031347962383,0.006269592476489028,0.0,0.4608150470219436,0.06896551724137931,0.02821316614420063,0.13479623824451412,0.0,0.0219435736677116,0.07523510971786834,0.003134796238244514,0.0219435736677116,0.006269592476489028,0.0,0.10031347962382445,319.0
15296,43.095252,-78.02198200000001,10250.0,0.056962025316455694,0.006329113924050633,0.0,0.4936708860759494,0.07278481012658228,0.04113924050632911,0.12974683544303797,0.0031645569620253164,0.012658227848101266,0.05063291139240506,0.0031645569620253164,0.022151898734177215,0.0,0.0,0.10759493670886076,316.0
15296,43.095252,-78.02198200000001,11750.0,0.006349206349206349,0.006349206349206349,0.0031746031746031746,0.6,0.009523809523809525,0.10476190476190476,0.0761904761904762,0.0,0.015873015873015872,0.0761904761904762,0.006349206349206349,0.03492063492063492,0.0,0.0,0.06031746031746032,315.0
15296,43.095252,-78.02198200000001,13250.0,0.017341040462427744,0.011560693641618497,0.017341040462427744,0.661849710982659,0.04335260115606936,0.046242774566473986,0.05491329479768786,0.0,0.02023121387283237,0.03757225433526012,0.002890173410404624,0.03468208092485549,0.0,0.005780346820809248,0.046242774566473986,346.0
15296,43.095252,-78.02198200000001,13750.0,0.08536585365853659,0.018292682926829267,0.009146341463414634,0.5762195121951219,0.01524390243902439,0.08231707317073171,0.06402439024390244,0.0,0.021341463414634148,0.03048780487804878,0.0,0.003048780487804878,0.003048780487804878,0.003048780487804878,0.08841463414634146,328.0
15296,43.095252,-78.02198200000001,14750.0,0.0781758957654723,0.05211726384364821,0.04560260586319218,0.46905537459283386,0.04234527687296417,0.05211726384364821,0.09120521172638436,0.0,0.006514657980456026,0.05211726384364821,0.016286644951140065,0.006514657980456026,0.003257328990228013,0.0,0.08469055374592833,307.0
15350,42.0281,-74.604776,250.0,0.0,0.006571087216248507,0.0,0.0985663082437276,0.17084826762246116,0.24014336917562723,0.14695340501792115,0.08004778972520908,0.0047789725209080045,0.004181600955794504,0.007168458781362007,0.03882915173237754,0.015531660692951015,0.0,0.1863799283154122,1674.0
15350,42.0281,-74.604776,750.0,0.0,0.0007651109410864575,0.0,0.07421576128538639,0.14154552410099464,0.2953328232593726,0.16908951798010713,0.05279265493496557,0.00306044376434583,0.008416220351951033,0.010711553175210406,0.026013771996939557,0.019892884468247895,0.006885998469778117,0.19127773527161437,1307.0
15350,42.0281,-74.604776,1250.0,0.0,0.0011723329425556857,0.0,0.10082063305978899,0.1477139507620164,0.21219226260257915,0.16998827667057445,0.07268464243845252,0.009378663540445486,0.0035169988276670576,0.005861664712778429,0.05275498241500586,0.011723329425556858,0.0,0.21219226260257915,853.0
15350,42.0281,-74.604776,1750.0,0.0,0.0010482180293501049,0.0,0.07756813417190776,0.1320754716981132,0.279874213836478,0.1740041928721174,0.0440251572327044,0.0041928721174004195,0.005241090146750524,0.007337526205450734,0.03459119496855346,0.010482180293501049,0.0,0.22955974842767296,954.0
15350,42.0281,-74.604776,2250.0,0.0016129032258064516,0.0016129032258064516,0.0,0.08064516129032258,0.11935483870967742,0.27661290322580645,0.16129032258064516,0.08790322580645162,0.01129032258064516,0.00967741935483871,0.00967741935483871,0.043548387096774194,0.020967741935483872,0.0,0.17580645161290323,1240.0
15350,42.0281,-74.604776,2750.0,0.0012300123001230013,0.0,0.0,0.0984009840098401,0.0910209102091021,0.27183271832718325,0.17097170971709716,0.07872078720787208,0.013530135301353014,0.013530135301353014,0.012300123001230012,0.03198031980319803,0.01845018450184502,0.0,0.1980319803198032,813.0
15350,42.0281,-74.604776,3250.0,0.0,0.0,0.0,0.08707865168539326,0.11376404494382023,0.2949438202247191,0.21348314606741572,0.06460674157303371,0.0028089887640449437,0.012640449438202247,0.007022471910112359,0.05056179775280899,0.009831460674157303,0.0,0.14325842696629212,712.0
15350,42.0281,-74.604776,3750.0,0.0,0.0021141649048625794,0.0,0.1014799154334038,0.06765327695560254,0.25158562367864695,0.21987315010570824,0.07610993657505286,0.023255813953488372,0.010570824524312896,0.008456659619450317,0.052854122621564484,0.008456659619450317,0.0,0.17758985200845667,473.0
15350,42.0281,-74.604776,4250.0,0.0,0.0,0.0,0.08689655172413793,0.04827586206896552,0.3006896551724138,0.22620689655172413,0.12275862068965518,0.012413793103448275,0.004137931034482759,0.008275862068965517,0.041379310344827586,0.008275862068965517,0.0,0.1406896551724138,725.0
15350,42.0281,-74.604776,4750.0,0.0,0.0,0.0,0.049019607843137254,0.047058823529411764,0.34509803921568627,0.2019607843137255,0.12549019607843137,0.013725490196078431,0.00980392156862745,0.011764705882352941,0.043137254901960784,0.011764705882352941,0.0,0.1411764705882353,510.0
15350,42.0281,-74.604776,5250.0,0.001288659793814433,0.0,0.0,0.03221649484536082,0.2706185567010309,0.31829896907216493,0.1481958762886598,0.07860824742268041,0.01288659793814433,0.007731958762886598,0.007731958762886598,0.03350515463917526,0.005154639175257732,0.0,0.08376288659793814,776.0
15350,42.0281,-74.604776,5750.0,0.0,0.0,0.0,0.04120443740095087,0.3803486529318542,0.2583201267828843,0.11410459587955626,0.05705229793977813,0.009508716323296355,0.009508716323296355,0.009508716323296355,0.03803486529318542,0.0,0.0,0.08240887480190175,631.0
15350,42.0281,-74.604776,6250.0,0.0,0.0,0.0,0.01773049645390071,0.34929078014184395,0.2925531914893617,0.12943262411347517,0.08156028368794327,0.02127659574468085,0.008865248226950355,0.008865248226950355,0.031914893617021274,0.0,0.0,0.05851063829787234,564.0
15350,42.0281,-74.604776,6750.0,0.0,0.0,0.0,0.028455284552845527,0.34552845528455284,0.30589430894308944,0.11483739837398374,0.05589430894308943,0.01524390243902439,0.01016260162601626,0.01016260162601626,0.036585365853658534,0.0020325203252032522,0.0,0.07520325203252033,984.0
15350,42.0281,-74.604776,7250.0,0.0,0.0,0.0,0.052434456928838954,0.3202247191011236,0.2752808988764045,0.14606741573033707,0.07865168539325842,0.028089887640449437,0.003745318352059925,0.0056179775280898875,0.0449438202247191,0.0,0.0,0.0449438202247191,534.0
15350,42.0281,-74.604776,7750.0,0.0,0.0,0.0,0.05463917525773196,0.3391752577319588,0.26804123711340205,0.1515463917525773,0.06907216494845361,0.010309278350515464,0.006185567010309278,0.006185567010309278,0.029896907216494847,0.003092783505154639,0.0,0.061855670103092786,970.0
15350,42.0281,-74.604776,8250.0,0.0011037527593818985,0.0,0.0,0.18874172185430463,0.2671081677704194,0.17328918322295805,0.217439293598234,0.02869757174392936,0.02207505518763797,0.008830022075055188,0.002207505518763797,0.02207505518763797,0.0033112582781456954,0.0,0.06512141280353201,906.0
15350,42.0281,-74.604776,8750.0,0.0035650623885918,0.0017825311942959,0.0,0.24420677361853832,0.2798573975044563,0.0855614973262032,0.25668449197860965,0.0106951871657754,0.0142602495543672,0.0071301247771836,0.0017825311942959,0.0338680926916221,0.0017825311942959,0.0,0.058823529411764705,561.0
15350,42.0281,-74.604776,9250.0,0.0,0.00473186119873817,0.0,0.3217665615141956,0.2539432176656151,0.11356466876971609,0.1971608832807571,0.007886435331230283,0.011041009463722398,0.02050473186119874,0.006309148264984227,0.01892744479495268,0.0015772870662460567,0.0,0.04258675078864353,634.0
15350,42.0281,-74.604776,9750.0,0.0029498525073746312,0.019174041297935103,0.0,0.4498525073746313,0.10619469026548672,0.09144542772861357,0.2168141592920354,0.008849557522123894,0.016224188790560472,0.007374631268436578,0.0,0.014749262536873156,0.004424778761061947,0.0,0.061946902654867256,678.0
15350,42.0281,-74.604776,10250.0,0.005610098176718092,0.033660589060308554,0.0,0.5848527349228612,0.021037868162692847,0.09396914446002805,0.15007012622720897,0.0,0.015427769985974754,0.0070126227208976155,0.001402524544179523,0.016830294530154277,0.002805049088359046,0.0,0.06732117812061711,713.0
15350,42.0281,-74.604776,10750.0,0.007692307692307693,0.06153846153846154,0.0,0.47692307692307695,0.04230769230769231,0.19230769230769232,0.057692307692307696,0.0038461538461538464,0.019230769230769232,0.015384615384615385,0.0038461538461538464,0.011538461538461539,0.0038461538461538464,0.0,0.10384615384615385,260.0
15350,42.0281,-74.604776,11250.0,0.1016949152542373,0.20127118644067796,0.0,0.3495762711864407,0.03177966101694915,0.1016949152542373,0.05508474576271186,0.0,0.00423728813559322,0.00211864406779661,0.00211864406779661,0.00423728813559322,0.019067796610169493,0.0,0.1271186440677966,472.0
15350,42.0281,-74.604776,11750.0,0.17475728155339806,0.10194174757281553,0.0,0.42718446601941745,0.009708737864077669,0.05339805825242718,0.05825242718446602,0.0,0.0,0.0,0.0,0.0048543689320388345,0.02912621359223301,0.0,0.1407766990291262,206.0
15350,42.0281,-74.604776,12250.0,0.16083916083916083,0.0979020979020979,0.0,0.38927738927738925,0.027972027972027972,0.053613053613053616,0.06060606060606061,0.011655011655011656,0.0,0.0,0.004662004662004662,0.009324009324009324,0.002331002331002331,0.0,0.18181818181818182,429.0
15350,42.0281,-74.604776,12750.0,0.30823529411764705,0.11529411764705882,0.0,0.1623529411764706,0.009411764705882352,0.07294117647058823,0.06823529411764706,0.009411764705882352,0.002352941176470588,0.002352941176470588,0.002352941176470588,0.0,0.0,0.0,0.24705882352941178,425.0
15350,42.0281,-74.604776,13250.0,0.13673805601317957,0.032948929159802305,0.0,0.30971993410214166,0.09390444810543658,0.09719934102141681,0.13344316309719934,0.011532125205930808,0.009884678747940691,0.004942339373970346,0.0032948929159802307,0.006589785831960461,0.0032948929159802307,0.0,0.15650741350906094,607.0
15350,42.0281,-74.604776,13750.0,0.058823529411764705,0.014705882352941176,0.0,0.22058823529411764,0.11470588235294117,0.18235294117647058,0.12058823529411765,0.03529411764705882,0.008823529411764706,0.011764705882352941,0.0029411764705882353,0.01764705882352941,0.0058823529411764705,0.0,0.20588235294117646,340.0
15350,42.0281,-74.604776,14750.0,0.005025125628140704,0.005025125628140704,0.0,0.19095477386934673,0.1708542713567839,0.20100502512562815,0.23618090452261306,0.05527638190954774,0.005025125628140704,0.0,0.005025125628140704,0.0,0.03015075376884422,0.0,0.09547738693467336,199.0
15796,45.2226,-64.37578,250.0,0.021621621621621623,0.0,0.0,0.02702702702702703,0.0,0.0918918918918919,0.0,0.0,0.0,0.0,0.0,0.0,0.0,0.0,0.8594594594594595,185.0
15796,45.2226,-64.37578,750.0,0.0273224043715847,0.00273224043715847,0.0,0.04371584699453552,0.0,0.16939890710382513,0.0,0.0,0.0,0.0,0.0,0.0,0.00546448087431694,0.0,0.7513661202185792,366.0
15796,45.2226,-64.37578,1750.0,0.042735042735042736,0.0,0.0,0.09829059829059829,0.0,0.05982905982905983,0.004273504273504274,0.0,0.0,0.0,0.0,0.0,0.008547008547008548,0.0,0.7863247863247863,234.0
15796,45.2226,-64.37578,3250.0,0.034375,0.0,0.003125,0.021875,0.0,0.409375,0.0,0.0,0.0,0.0,0.0,0.0,0.028125,0.0,0.503125,320.0
15796,45.2226,-64.37578,4250.0,0.06896551724137931,0.0,0.0,0.0812807881773399,0.0,0.09359605911330049,0.0,0.0,0.0,0.0,0.0,0.0,0.03201970443349754,0.0024630541871921183,0.7216748768472906,406.0
15796,45.2226,-64.37578,5250.0,0.3475177304964539,0.0,0.0,0.10638297872340426,0.0,0.028368794326241134,0.0,0.0,0.0,0.0,0.0,0.0,0.0,0.0,0.5177304964539007,141.0
15796,45.2226,-64.37578,5750.0,0.4224137931034483,0.0,0.0,0.11206896551724138,0.0,0.05172413793103448,0.0,0.0,0.0,0.0,0.0,0.0,0.0,0.008620689655172414,0.4051724137931034,116.0
15796,45.2226,-64.37578,7250.0,0.0761904761904762,0.0,0.0,0.08571428571428572,0.0,0.06666666666666667,0.0,0.0,0.0,0.0,0.0,0.0,0.01904761904761905,0.0,0.7523809523809524,105.0
15796,45.2226,-64.37578,8750.0,0.06382978723404255,0.0,0.0,0.0425531914893617,0.0,0.03546099290780142,0.0070921985815602835,0.0,0.0,0.0,0.0,0.0,0.0070921985815602835,0.0035460992907801418,0.8404255319148937,282.0
15796,45.2226,-64.37578,10250.0,0.041044776119402986,0.0,0.0,0.07835820895522388,0.0,0.07462686567164178,0.0037313432835820895,0.0,0.0,0.0,0.0,0.0,0.0037313432835820895,0.0,0.7985074626865671,268.0
15796,45.2226,-64.37578,12250.0,0.017006802721088437,0.0,0.0,0.10204081632653061,0.0,0.030612244897959183,0.003401360544217687,0.0,0.0,0.0,0.0,0.0,0.003401360544217687,0.0,0.8435374149659864,294.0
15796,45.2226,-64.37578,13250.0,0.024390243902439025,0.004878048780487805,0.0,0.03414634146341464,0.0,0.02926829268292683,0.024390243902439025,0.0,0.0,0.0,0.0,0.0,0.0,0.0,0.8829268292682927,205.0
15796,45.2226,-64.37578,13750.0,0.01935483870967742,0.0,0.0,0.03387096774193549,0.0,0.03064516129032258,0.0032258064516129032,0.0,0.0,0.0,0.0,0.0,0.004838709677419355,0.004838709677419355,0.9032258064516129,620.0
15904,43.040832,-78.399692,250.0,0.0025418060200668897,0.0,0.0010702341137123746,0.13217391304347825,0.03317725752508361,0.06903010033444816,0.1931772575250836,0.06394648829431439,0.06234113712374582,0.05511705685618729,0.034247491638795986,0.03665551839464883,0.005618729096989967,0.0034782608695652175,0.3074247491638796,3737.5
15904,43.040832,-78.399692,750.0,0.0009099181073703367,0.0,0.0,0.1337579617834395,0.0545950864422202,0.07279344858962693,0.3093721565059145,0.07097361237488627,0.06369426751592357,0.06187443130118289,0.040036396724294813,0.04367606915377616,0.009099181073703366,0.006369426751592357,0.13284804367606914,1099.0
15904,43.040832,-78.399692,1250.0,0.0006856359273225917,0.0,0.0006856359273225917,0.08124785738772712,0.04182379156667809,0.10764484058964689,0.21186150154268082,0.11038738429893727,0.07884813164209804,0.08776139869729174,0.06239286938635585,0.057593417895097705,0.0061707233459033254,0.006856359273225917,0.14604045251971204,1458.5
15904,43.040832,-78.399692,1750.0,0.001176470588235294,0.001176470588235294,0.0,0.058823529411764705,0.03529411764705882,0.03529411764705882,0.23647058823529413,0.19411764705882353,0.04941176470588235,0.08823529411764706,0.052941176470588235,0.06941176470588235,0.0035294117647058825,0.0,0.17411764705882352,850.0
15904,43.040832,-78.399692,2250.0,0.0004845430758794456,0.0,0.0,0.01637755596472526,0.03246438608392286,0.09933133055528635,0.23112704719449556,0.19478631650353714,0.089155925961818,0.07801143521659075,0.06783603062312239,0.050392479891462345,0.003876344607035565,0.0,0.13615660432212423,2063.8
15904,43.040832,-78.399692,2750.0,0.0,0.0,0.0,0.012011439466158246,0.029742612011439466,0.10181124880838895,0.16968541468064824,0.224976167778837,0.08388941849380362,0.10638703527168732,0.0438512869399428,0.07244995233555768,0.004194470924690181,0.00038131553860819826,0.15061963775023832,2622.5
15904,43.040832,-78.399692,3250.0,0.0015328019619865114,0.0,0.0006131207847946045,0.020539546290619253,0.01594114040465972,0.10361741263028816,0.1888412017167382,0.19987737584304108,0.07602697731453097,0.09074187614960147,0.056407112201103615,0.07602697731453097,0.00674432863274065,0.0,0.1630901287553648,1631.0
15904,43.040832,-78.399692,3750.0,0.0002450379808870375,0.0,0.0,0.026954177897574125,0.0215633423180593,0.09997549620191129,0.22592501837784856,0.18524871355060035,0.07302131830433717,0.09997549620191129,0.056848811565792697,0.06714040676304828,0.003430531732418525,0.0,0.13967164910561136,2040.5
15904,43.040832,-78.399692,4250.0,0.000651890482398957,0.0,0.001303780964797914,0.018904823989569754,0.01694915254237288,0.121251629726206,0.14276401564537158,0.26792698826597133,0.07040417209908735,0.09517601043024772,0.03455019556714472,0.08539765319426336,0.01108213820078227,0.0,0.13363754889178617,1534.0
15904,43.040832,-78.399692,4750.0,0.0014877262583684603,0.0,0.0,0.027522935779816515,0.01537317133647409,0.07785767418794942,0.24547483263079595,0.19637986610463676,0.08926357550210762,0.08579221423258121,0.03471361269526407,0.0600049590875279,0.006446813786263328,0.0,0.15968261839821474,2016.5
15904,43.040832,-78.399692,5250.0,0.0014282313734825041,0.0,0.0,0.0164246607950488,0.01237800523684837,0.07617233991906688,0.1951916210426089,0.22708878838371815,0.06903118305165437,0.11425850987860034,0.04189478695548679,0.07569626279457273,0.00476077124494168,0.00047607712449416806,0.16519876219947632,2100.5
15904,43.040832,-78.399692,5750.0,0.0,0.0,0.0,0.021944922547332185,0.05895008605851979,0.05636833046471601,0.15060240963855423,0.2495697074010327,0.06927710843373494,0.10757314974182444,0.037435456110154905,0.07099827882960413,0.00387263339070568,0.0,0.173407917383821,2324.0
15904,43.040832,-78.399692,6250.0,0.0005346735817783243,0.0,0.0,0.022082018927444793,0.08608244666631022,0.04063519221515265,0.18927444794952683,0.19301716302197508,0.07592364861252206,0.12030155590012298,0.05239801101427578,0.059348767577394004,0.00855477730845319,0.0,0.15184729722504411,1870.3
15904,43.040832,-78.399692,6750.0,0.00042301184433164127,0.0,0.0,0.020727580372250424,0.06514382402707276,0.025380710659898477,0.12690355329949238,0.28510998307952623,0.048223350253807105,0.12098138747884941,0.02961082910321489,0.06683587140439932,0.0025380710659898475,0.0008460236886632825,0.20727580372250423,1182.0
15904,43.040832,-78.399692,7250.0,0.00020601565718994644,0.0,0.0,0.0203955500618047,0.0465595385249279,0.032138442521631644,0.1454470539761022,0.261639884631232,0.0523279769262464,0.13226205191594562,0.02554594149155336,0.06798516687268233,0.002472187886279357,0.0,0.2130201895344046,2427.0
15904,43.040832,-78.399692,7750.0,0.000946969696969697,0.0004734848484848485,0.0,0.03361742424242424,0.09043560606060606,0.023674242424242424,0.15767045454545456,0.25236742424242425,0.039299242424242424,0.10748106060606061,0.02225378787878788,0.07528409090909091,0.004734848484848485,0.0004734848484848485,0.19128787878787878,2112.0
15904,43.040832,-78.399692,8250.0,0.0010251153254741158,0.0,0.0020502306509482316,0.11122501281394157,0.3423885187083547,0.03485392106611994,0.13736545361353153,0.0840594566888775,0.05433111225012814,0.06663249615581752,0.006150691952844695,0.0584315735520246,0.0020502306509482316,0.0,0.09943618657098924,975.5
15904,43.040832,-78.399692,8750.0,0.0033613445378151263,0.0005602240896358543,0.0,0.2207282913165266,0.12661064425770308,0.043697478991596636,0.3002801120448179,0.013445378151260505,0.06498599439775911,0.0515406162464986,0.008963585434173669,0.035854341736694675,0.002240896358543417,0.0,0.12773109243697478,892.5
15904,43.040832,-78.399692,9250.0,0.0008968609865470852,0.0053811659192825115,0.003587443946188341,0.29596412556053814,0.039461883408071746,0.07174887892376682,0.26188340807174887,0.0053811659192825115,0.06636771300448431,0.04304932735426009,0.007174887892376682,0.03228699551569507,0.003587443946188341,0.0,0.16322869955156952,557.5
15904,43.040832,-78.399692,9750.0,0.0,0.0018148820326678765,0.0018148820326678765,0.4809437386569873,0.021778584392014518,0.06896551724137931,0.21960072595281308,0.0018148820326678765,0.039927404718693285,0.038112522686025406,0.003629764065335753,0.010889292196007259,0.0018148820326678765,0.003629764065335753,0.10526315789473684,551.0
15904,43.040832,-78.399692,10250.0,0.0036900369003690036,0.00922509225092251,0.005535055350553505,0.3699261992619926,0.011992619926199263,0.12269372693726938,0.23800738007380073,0.0027675276752767526,0.04797047970479705,0.05719557195571956,0.0027675276752767526,0.02029520295202952,0.0,0.0009225092250922509,0.1070110701107011,1084.0
15904,43.040832,-78.399692,11250.0,0.021616541353383457,0.02443609022556391,0.013157894736842105,0.375,0.009398496240601503,0.12781954887218044,0.10714285714285714,0.0018796992481203006,0.05263157894736842,0.05639097744360902,0.0018796992481203006,0.022556390977443608,0.0037593984962406013,0.03759398496240601,0.14473684210526316,532.0
15904,43.040832,-78.399692,11750.0,0.09954751131221719,0.012443438914027148,0.042986425339366516,0.3744343891402715,0.00904977375565611,0.03619909502262444,0.12895927601809956,0.0,0.05203619909502263,0.042986425339366516,0.0022624434389140274,0.01809954751131222,0.00904977375565611,0.04072398190045249,0.13122171945701358,442.0
15904,43.040832,-78.399692,12250.0,0.3919463087248322,0.005369127516778523,0.0348993288590604,0.21073825503355706,0.010738255033557046,0.056375838926174496,0.06442953020134229,0.0,0.010738255033557046,0.026845637583892617,0.0,0.0026845637583892616,0.026845637583892617,0.032214765100671144,0.1261744966442953,372.5
15904,43.040832,-78.399692,12750.0,0.4520422212023864,0.006424965580541533,0.031206975676916018,0.1523634694814135,0.006424965580541533,0.019274896741624598,0.06608536025699863,0.0,0.021110601193207894,0.01101422670949977,0.0009178522257916476,0.0036714089031665903,0.016521340064249657,0.03396053235429096,0.17898118402937127,1089.5
15904,43.040832,-78.399692,13250.0,0.45493562231759654,0.002145922746781116,0.004291845493562232,0.0815450643776824,0.0,0.01072961373390558,0.11158798283261803,0.004291845493562232,0.032188841201716736,0.008583690987124463,0.002145922746781116,0.0,0.0,0.01072961373390558,0.27682403433476394,466.0
15904,43.040832,-78.399692,13750.0,0.27907827359180687,0.005852231163130944,0.001463057790782736,0.06693489392831017,0.0,0.03145574250182882,0.08997805413313825,0.0,0.048280907095830286,0.0073152889539136795,0.0021945866861741038,0.0073152889539136795,0.008046817849305048,0.006583760058522311,0.4455010972933431,1367.0
15904,43.040832,-78.399692,14250.0,0.1830693326408725,0.0015580368735393405,0.002077382498052454,0.1313944430018177,0.0,0.05972474681900805,0.12100753051155544,0.0005193456245131135,0.03116073747078681,0.008309529992209816,0.001038691249026227,0.007270838743183588,0.015580368735393405,0.01194494936380161,0.42534406647623996,1925.5
15904,43.040832,-78.399692,14750.0,0.23870417732310314,0.0017050298380221654,0.0,0.1423699914748508,0.0,0.05115089514066496,0.061381074168797956,0.0,0.010230179028132993,0.010230179028132993,0.0,0.010230179028132993,0.01875532821824382,0.015345268542199489,0.4398976982097187,586.5
15982,45.389554,-79.21705800000001,250.0,0.037921348314606744,0.01544943820224719,0.0014044943820224719,0.23735955056179775,0.12921348314606743,0.3202247191011236,0.037921348314606744,0.03089887640449438,0.02247191011235955,0.026685393258426966,0.0014044943820224719,0.03651685393258427,0.01544943820224719,0.007022471910112359,0.0800561797752809,712.0
15982,45.389554,-79.21705800000001,750.0,0.02666666666666667,0.0044444444444444444,0.0044444444444444444,0.15259259259259259,0.21481481481481482,0.2948148148148148,0.034074074074074076,0.09333333333333334,0.014814814814814815,0.03851851851851852,0.0,0.03851851851851852,0.011851851851851851,0.008888888888888889,0.06222222222222222,675.0
15982,45.389554,-79.21705800000001,1250.0,0.027855153203342618,0.0,0.002785515320334262,0.1977715877437326,0.23676880222841226,0.2590529247910863,0.05013927576601671,0.08635097493036212,0.0,0.027855153203342618,0.0,0.06963788300835655,0.005571030640668524,0.002785515320334262,0.033426183844011144,359.0
15982,45.389554,-79.21705800000001,1750.0,0.037267080745341616,0.012422360248447204,0.003105590062111801,0.17080745341614906,0.14285714285714285,0.34782608695652173,0.043478260869565216,0.07763975155279502,0.003105590062111801,0.040372670807453416,0.0,0.059006211180124224,0.018633540372670808,0.006211180124223602,0.037267080745341616,322.0
15982,45.389554,-79.21705800000001,2250.0,0.016233766233766232,0.012987012987012988,0.0,0.19805194805194806,0.19805194805194806,0.288961038961039,0.02922077922077922,0.05844155844155844,0.01948051948051948,0.04220779220779221,0.0,0.06818181818181818,0.01948051948051948,0.012987012987012988,0.03571428571428571,308.0
15982,45.389554,-79.21705800000001,2750.0,0.048701298701298704,0.032467532467532464,0.006493506493506494,0.2597402597402597,0.11688311688311688,0.2922077922077922,0.022727272727272728,0.06493506493506493,0.006493506493506494,0.01948051948051948,0.003246753246753247,0.07142857142857142,0.00974025974025974,0.003246753246753247,0.04220779220779221,308.0
15982,45.389554,-79.21705800000001,3250.0,0.03305785123966942,0.006887052341597796,0.0,0.3305785123966942,0.048209366391184574,0.3181818181818182,0.024793388429752067,0.0674931129476584,0.011019283746556474,0.03581267217630854,0.004132231404958678,0.048209366391184574,0.024793388429752067,0.0,0.046831955922865015,726.0
15982,45.389554,-79.21705800000001,3750.0,0.01834862385321101,0.021406727828746176,0.0030581039755351682,0.37920489296636084,0.03058103975535168,0.27522935779816515,0.08256880733944955,0.04892966360856269,0.0061162079510703364,0.03363914373088685,0.0030581039755351682,0.03669724770642202,0.009174311926605505,0.0030581039755351682,0.04892966360856269,327.0
15982,45.389554,-79.21705800000001,4250.0,0.010416666666666666,0.005787037037037037,0.003472222222222222,0.2916666666666667,0.10185185185185185,0.3819444444444444,0.0787037037037037,0.01273148148148148,0.005787037037037037,0.02662037037037037,0.0011574074074074073,0.024305555555555556,0.015046296296296295,0.0,0.04050925925925926,864.0
15982,45.389554,-79.21705800000001,4750.0,0.026462395543175487,0.009749303621169917,0.002785515320334262,0.29108635097493035,0.149025069637883,0.2938718662952646,0.0584958217270195,0.03064066852367688,0.012534818941504178,0.012534818941504178,0.001392757660167131,0.034818941504178275,0.011142061281337047,0.001392757660167131,0.06406685236768803,718.0
15982,45.389554,-79.21705800000001,5250.0,0.03283582089552239,0.005970149253731343,0.0029850746268656717,0.3164179104477612,0.07761194029850746,0.2507462686567164,0.07761194029850746,0.07462686567164178,0.011940298507462687,0.020895522388059702,0.0029850746268656717,0.08358208955223881,0.008955223880597015,0.005970149253731343,0.026865671641791045,335.0
15982,45.389554,-79.21705800000001,5750.0,0.014742014742014743,0.012285012285012284,0.002457002457002457,0.3882063882063882,0.044226044226044224,0.2972972972972973,0.05405405405405406,0.04914004914004914,0.0171990171990172,0.022113022113022112,0.0,0.05405405405405406,0.014742014742014743,0.0,0.029484029484029485,407.0
15982,45.389554,-79.21705800000001,6250.0,0.023709902370990237,0.002789400278940028,0.001394700139470014,0.40446304044630405,0.12691771269177127,0.25383542538354253,0.06834030683403068,0.02092050209205021,0.011157601115760111,0.019525801952580194,0.0,0.022315202231520222,0.011157601115760111,0.002789400278940028,0.030683403068340307,717.0
15982,45.389554,-79.21705800000001,6750.0,0.03747323340471092,0.009635974304068522,0.0010706638115631692,0.684154175588865,0.02462526766595289,0.11670235546038545,0.046038543897216275,0.006423982869379015,0.004282655246252677,0.010706638115631691,0.0032119914346895075,0.004282655246252677,0.007494646680942184,0.0,0.043897216274089934,934.0
15982,45.389554,-79.21705800000001,7250.0,0.031746031746031744,0.005291005291005291,0.0,0.7711640211640212,0.0013227513227513227,0.08068783068783068,0.041005291005291,0.0,0.003968253968253968,0.01455026455026455,0.0,0.0,0.013227513227513227,0.0,0.037037037037037035,756.0
15982,45.389554,-79.21705800000001,7750.0,0.01910828025477707,0.01592356687898089,0.006369426751592357,0.5955414012738853,0.0031847133757961785,0.1910828025477707,0.041401273885350316,0.006369426751592357,0.009554140127388535,0.022292993630573247,0.0031847133757961785,0.0031847133757961785,0.03184713375796178,0.0031847133757961785,0.04777070063694268,314.0
15982,45.389554,-79.21705800000001,8250.0,0.03665521191294387,0.013745704467353952,0.001145475372279496,0.6334478808705613,0.002290950744558992,0.18556701030927836,0.048109965635738834,0.0,0.010309278350515464,0.012600229095074456,0.0,0.001145475372279496,0.002290950744558992,0.002290950744558992,0.050400916380297825,873.0
15982,45.389554,-79.21705800000001,8750.0,0.15102974828375287,0.004576659038901602,0.0,0.2219679633867277,0.011441647597254004,0.17162471395881007,0.057208237986270026,0.0,0.029748283752860413,0.05263157894736842,0.004576659038901602,0.0,0.013729977116704805,0.0,0.2814645308924485,437.0
15982,45.389554,-79.21705800000001,9250.0,0.0759493670886076,0.0,0.0,0.18565400843881857,0.0,0.11392405063291139,0.03375527426160337,0.0,0.0,0.012658227848101266,0.0,0.0,0.016877637130801686,0.0,0.5611814345991561,237.0
15982,45.389554,-79.21705800000001,9750.0,0.18604651162790697,0.0028188865398167725,0.0014094432699083862,0.19661733615221988,0.0014094432699083862,0.0923185341789993,0.09936575052854123,0.0007047216349541931,0.006342494714587738,0.016913319238900635,0.009161381254404511,0.0021141649048625794,0.01127554615926709,0.008456659619450317,0.36504580690627203,1419.0
15982,45.389554,-79.21705800000001,10250.0,0.21727748691099477,0.02356020942408377,0.005235602094240838,0.25392670157068065,0.0,0.06544502617801047,0.09424083769633508,0.0,0.007853403141361256,0.03664921465968586,0.007853403141361256,0.0,0.005235602094240838,0.007853403141361256,0.27486910994764396,382.0
16081,45.669686,-62.611752,250.0,0.1282952548330404,0.029876977152899824,0.008787346221441126,0.20913884007029876,0.13884007029876977,0.2741652021089631,0.026362038664323375,0.0,0.005272407732864675,0.008787346221441126,0.0,0.015817223198594025,0.03690685413005272,0.01054481546572935,0.10720562390158173,569.0
16081,45.669686,-62.611752,750.0,0.06164383561643835,0.015410958904109588,0.003424657534246575,0.285958904109589,0.23116438356164384,0.3133561643835616,0.011986301369863013,0.0,0.010273972602739725,0.0017123287671232876,0.0,0.011986301369863013,0.02054794520547945,0.0017123287671232876,0.030821917808219176,584.0
16081,45.669686,-62.611752,1250.0,0.08053691275167785,0.03355704697986577,0.0016778523489932886,0.2785234899328859,0.17281879194630873,0.3389261744966443,0.015100671140939598,0.0,0.016778523489932886,0.0016778523489932886,0.0,0.01174496644295302,0.020134228187919462,0.0,0.028523489932885907,596.0
16081,45.669686,-62.611752,1750.0,0.08117443868739206,0.03281519861830743,0.0017271157167530224,0.25215889464594127,0.14335060449050085,0.35578583765112265,0.013816925734024179,0.0,0.017271157167530225,0.0051813471502590676,0.0,0.022452504317789293,0.031088082901554404,0.0,0.04317789291882556,579.0
16081,45.669686,-62.611752,2250.0,0.04512635379061372,0.01444043321299639,0.0,0.26895306859205775,0.1967509025270758,0.3664259927797834,0.009025270758122744,0.0,0.01263537906137184,0.007220216606498195,0.0,0.02527075812274368,0.019855595667870037,0.007220216606498195,0.02707581227436823,554.0
16081,45.669686,-62.611752,2750.0,0.023809523809523808,0.009157509157509158,0.0,0.1794871794871795,0.28205128205128205,0.38644688644688646,0.020146520146520148,0.0,0.02564102564102564,0.0018315018315018315,0.0018315018315018315,0.003663003663003663,0.01282051282051282,0.003663003663003663,0.04945054945054945,546.0
16081,45.669686,-62.611752,3250.0,0.0137221269296741,0.005145797598627788,0.0,0.24871355060034306,0.20754716981132076,0.4065180102915952,0.044596912521440824,0.0,0.0137221269296741,0.003430531732418525,0.0017152658662092624,0.010291595197255575,0.022298456260720412,0.0017152658662092624,0.02058319039451115,583.0
16081,45.669686,-62.611752,3750.0,0.032679738562091505,0.00980392156862745,0.0,0.4117647058823529,0.13071895424836602,0.3006535947712418,0.06862745098039216,0.0,0.013071895424836602,0.0,0.0,0.0032679738562091504,0.0,0.0,0.029411764705882353,306.0
16081,45.669686,-62.611752,4250.0,0.012779552715654952,0.011182108626198083,0.0,0.22843450479233227,0.0878594249201278,0.41533546325878595,0.13578274760383385,0.0,0.022364217252396165,0.003194888178913738,0.0,0.012779552715654952,0.023961661341853034,0.006389776357827476,0.039936102236421724,626.0
16081,45.669686,-62.611752,4750.0,0.008928571428571428,0.01488095238095238,0.0,0.28869047619047616,0.08630952380952381,0.4494047619047619,0.09821428571428571,0.0,0.011904761904761904,0.002976190476190476,0.0,0.017857142857142856,0.008928571428571428,0.0,0.011904761904761904,336.0
16081,45.669686,-62.611752,5250.0,0.0202808112324493,0.0093603744149766,0.0,0.41341653666146644,0.0483619344773791,0.34321372854914195,0.09828393135725429,0.0,0.014040561622464899,0.0062402496099844,0.0,0.0171606864274571,0.0109204368174727,0.0,0.0187207488299532,641.0
16081,45.669686,-62.611752,5750.0,0.009900990099009901,0.0,0.0,0.29042904290429045,0.2508250825082508,0.29372937293729373,0.0462046204620462,0.0,0.006600660066006601,0.0033003300330033004,0.0,0.006600660066006601,0.039603960396039604,0.006600660066006601,0.0462046204620462,303.0
16081,45.669686,-62.611752,6250.0,0.00825082508250825,0.0033003300330033004,0.0,0.36303630363036304,0.21782178217821782,0.2590759075907591,0.06105610561056106,0.0,0.01485148514851485,0.0,0.0,0.0033003300330033004,0.028052805280528052,0.00825082508250825,0.033003300330033,606.0
16081,45.669686,-62.611752,6750.0,0.009009009009009009,0.006006006006006006,0.003003003003003003,0.4294294294294294,0.1021021021021021,0.25225225225225223,0.06006006006006006,0.0,0.024024024024024024,0.012012012012012012,0.0,0.009009009009009009,0.04504504504504504,0.009009009009009009,0.03903903903903904,333.0
16081,45.669686,-62.611752,7250.0,0.019195612431444242,0.006398537477148081,0.0009140767824497258,0.5393053016453382,0.13893967093235832,0.13345521023765997,0.05210237659963437,0.002742230347349177,0.02102376599634369,0.002742230347349177,0.0,0.003656307129798903,0.038391224862888484,0.0009140767824497258,0.04021937842778794,1094.0
16081,45.669686,-62.611752,7750.0,0.03463203463203463,0.011544011544011544,0.002886002886002886,0.5324675324675324,0.2049062049062049,0.09668109668109669,0.050505050505050504,0.0,0.011544011544011544,0.010101010101010102,0.0,0.001443001443001443,0.01875901875901876,0.004329004329004329,0.020202020202020204,693.0
16081,45.669686,-62.611752,8250.0,0.026402640264026403,0.026402640264026403,0.0033003300330033004,0.5313531353135313,0.0165016501650165,0.1419141914191419,0.15181518151815182,0.0,0.0165016501650165,0.019801980198019802,0.0,0.006600660066006601,0.013201320132013201,0.0033003300330033004,0.0429042904290429,303.0
16081,45.669686,-62.611752,8750.0,0.08875739644970414,0.014792899408284023,0.005917159763313609,0.40532544378698226,0.008875739644970414,0.22781065088757396,0.09467455621301775,0.0,0.011834319526627219,0.008875739644970414,0.0,0.0029585798816568047,0.0650887573964497,0.029585798816568046,0.03550295857988166,338.0
16081,45.669686,-62.611752,9250.0,0.11205432937181664,0.03395585738539898,0.006791171477079796,0.5619694397283531,0.001697792869269949,0.15280135823429541,0.042444821731748725,0.0,0.01867572156196944,0.008488964346349746,0.0,0.001697792869269949,0.03225806451612903,0.006791171477079796,0.02037351443123939,589.0
16081,45.669686,-62.611752,9750.0,0.10410094637223975,0.025236593059936908,0.012618296529968454,0.526813880126183,0.0,0.19558359621451105,0.025236593059936908,0.0,0.0031545741324921135,0.0031545741324921135,0.0,0.0,0.056782334384858045,0.012618296529968454,0.03470031545741325,317.0
16081,45.669686,-62.611752,10250.0,0.015873015873015872,0.006349206349206349,0.0031746031746031746,0.6952380952380952,0.0,0.19365079365079366,0.022222222222222223,0.0,0.0031746031746031746,0.0031746031746031746,0.0,0.0,0.006349206349206349,0.025396825396825397,0.025396825396825397,315.0
16081,45.669686,-62.611752,10750.0,0.2565789473684211,0.04276315789473684,0.019736842105263157,0.23684210526315788,0.0,0.29276315789473684,0.013157894736842105,0.0,0.003289473684210526,0.006578947368421052,0.0,0.0,0.029605263157894735,0.04276315789473684,0.05592105263157895,304.0
16081,45.669686,-62.611752,11750.0,0.36421725239616615,0.02875399361022364,0.012779552715654952,0.16613418530351437,0.003194888178913738,0.28115015974440893,0.025559105431309903,0.0,0.003194888178913738,0.0,0.006389776357827476,0.0,0.012779552715654952,0.009584664536741214,0.08626198083067092,313.0
16081,45.669686,-62.611752,12250.0,0.2129032258064516,0.0032258064516129032,0.0064516129032258064,0.06774193548387097,0.0,0.5096774193548387,0.0032258064516129032,0.0,0.0,0.0032258064516129032,0.0032258064516129032,0.0,0.01935483870967742,0.025806451612903226,0.14516129032258066,310.0
16081,45.669686,-62.611752,12750.0,0.2538382804503582,0.006141248720573183,0.006141248720573183,0.0849539406345957,0.0,0.32139201637666326,0.017400204708290685,0.0,0.0040941658137154556,0.00511770726714432,0.0,0.0020470829068577278,0.03480040941658137,0.033776867963152504,0.23029682702149437,977.0
16081,45.669686,-62.611752,13250.0,0.06308169596690796,0.002068252326783868,0.0,0.13650465356773525,0.001034126163391934,0.22440537745604963,0.0031023784901758012,0.0,0.0,0.001034126163391934,0.0,0.0,0.05170630816959669,0.001034126163391934,0.516028955532575,967.0
16081,45.669686,-62.611752,13750.0,0.0648854961832061,0.003816793893129771,0.0,0.11641221374045801,0.0,0.15076335877862596,0.0057251908396946565,0.0,0.0,0.003816793893129771,0.0,0.0,0.05534351145038168,0.003816793893129771,0.5954198473282443,524.0
16081,45.669686,-62.611752,14250.0,0.2471061902365375,0.0020130850528434826,0.0,0.11877201811776547,0.0,0.17211877201811776,0.006039255158530448,0.0,0.0005032712632108706,0.0010065425264217413,0.0,0.0,0.03019627579265224,0.043281328636134875,0.3789632611977856,1987.0
16081,45.669686,-62.611752,14750.0,0.056069008009858284,0.0021565003080714724,0.0,0.13709180529882933,0.0,0.19285274183610598,0.022181146025878003,0.0,0.0027726432532347504,0.0021565003080714724,0.00030807147258163895,0.0,0.0073937153419593345,0.07763401109057301,0.49938385705483673,3246.0
16103,44.97536,-62.09149,250.0,0.3258278145695364,0.18940397350993377,0.0013245033112582781,0.10066225165562914,0.030463576158940398,0.19205298013245034,0.017218543046357615,0.011920529801324504,0.005298013245033113,0.0013245033112582781,0.0013245033112582781,0.0026490066225165563,0.051655629139072845,0.0,0.06887417218543046,755.0
16103,44.97536,-62.09149,750.0,0.243202416918429,0.1299093655589124,0.0075528700906344415,0.1283987915407855,0.06646525679758308,0.29607250755287007,0.022658610271903322,0.03474320241691843,0.0030211480362537764,0.0015105740181268882,0.0030211480362537764,0.004531722054380665,0.0256797583081571,0.0015105740181268882,0.03172205438066465,662.0
16103,44.97536,-62.09149,1250.0,0.13965744400527008,0.1137461572244181,0.010101010101010102,0.07465963987703118,0.05533596837944664,0.44049187527448397,0.032498902064119456,0.05357927097057532,0.006148440931049627,0.000878348704435661,0.0004391743522178305,0.006148440931049627,0.02678963548528766,0.0013175230566534915,0.03820816864295125,2277.0
16103,44.97536,-62.09149,1750.0,0.10641139804096171,0.11398040961709706,0.007123775601068566,0.10329474621549421,0.06411398040961709,0.4505788067675868,0.028495102404274265,0.0458593054318789,0.006233303650934996,0.003561887800534283,0.0004452359750667854,0.006678539626001781,0.02715939447907391,0.004897595725734639,0.031166518254674976,2246.0
16103,44.97536,-62.09149,2250.0,0.10398706896551724,0.09536637931034483,0.007543103448275862,0.13308189655172414,0.050107758620689655,0.4396551724137931,0.03987068965517242,0.03771551724137931,0.012392241379310345,0.004849137931034483,0.0005387931034482759,0.00646551724137931,0.03125,0.003771551724137931,0.0334051724137931,1856.0
16103,44.97536,-62.09149,2750.0,0.06327033689400165,0.06655710764174198,0.003286770747740345,0.09202958093672967,0.05587510271158587,0.5357436318816763,0.036154478225143796,0.0419063270336894,0.009038619556285949,0.003286770747740345,0.0,0.009860312243221035,0.03533278553820871,0.0024650780608052587,0.04519309778142974,1217.0
16103,44.97536,-62.09149,3250.0,0.06448202959830866,0.046511627906976744,0.003171247357293869,0.10253699788583509,0.06025369978858351,0.587737843551797,0.03699788583509514,0.03488372093023256,0.011627906976744186,0.0010570824524312897,0.0010570824524312897,0.006342494714587738,0.022198731501057084,0.0010570824524312897,0.0200845665961945,946.0
16103,44.97536,-62.09149,3750.0,0.08630952380952381,0.060515873015873016,0.003968253968253968,0.12698412698412698,0.0496031746031746,0.5297619047619048,0.0496031746031746,0.021825396825396824,0.007936507936507936,0.000992063492063492,0.0,0.003968253968253968,0.030753968253968252,0.0,0.027777777777777776,1008.0
16103,44.97536,-62.09149,4250.0,0.08174386920980926,0.035422343324250684,0.0013623978201634877,0.1880108991825613,0.031335149863760216,0.5326975476839237,0.055858310626702996,0.01226158038147139,0.0027247956403269754,0.0,0.0,0.0027247956403269754,0.01907356948228883,0.0013623978201634877,0.035422343324250684,734.0
16103,44.97536,-62.09149,4750.0,0.07217847769028872,0.03280839895013123,0.0013123359580052493,0.2073490813648294,0.03280839895013123,0.5380577427821522,0.049868766404199474,0.0026246719160104987,0.006561679790026247,0.0,0.0,0.003937007874015748,0.01837270341207349,0.0026246719160104987,0.031496062992125984,762.0
16103,44.97536,-62.09149,5250.0,0.050724637681159424,0.011594202898550725,0.008695652173913044,0.21594202898550724,0.1246376811594203,0.4579710144927536,0.057971014492753624,0.005797101449275362,0.008695652173913044,0.0,0.0,0.004347826086956522,0.015942028985507246,0.0014492753623188406,0.036231884057971016,690.0
16103,44.97536,-62.09149,5750.0,0.0436046511627907,0.0029069767441860465,0.0014534883720930232,0.2805232558139535,0.3066860465116279,0.23982558139534885,0.0436046511627907,0.00436046511627907,0.0029069767441860465,0.00436046511627907,0.0,0.00436046511627907,0.029069767441860465,0.00436046511627907,0.03197674418604651,688.0
16103,44.97536,-62.09149,6250.0,0.11420612813370473,0.011142061281337047,0.002785515320334262,0.2785515320334262,0.15598885793871867,0.25348189415041783,0.08356545961002786,0.002785515320334262,0.011142061281337047,0.0,0.0,0.005571030640668524,0.036211699164345405,0.005571030640668524,0.03899721448467967,359.0
16103,44.97536,-62.09149,6750.0,0.13411078717201166,0.023323615160349854,0.0058309037900874635,0.35276967930029157,0.18950437317784258,0.15743440233236153,0.03498542274052478,0.0058309037900874635,0.011661807580174927,0.014577259475218658,0.0,0.0058309037900874635,0.03206997084548105,0.0029154518950437317,0.029154518950437316,343.0
16103,44.97536,-62.09149,7250.0,0.10915934755332497,0.015056461731493099,0.010037641154328732,0.4981179422835634,0.050188205771643665,0.13676286072772897,0.11543287327478043,0.002509410288582183,0.006273525721455458,0.0075282308657465494,0.0,0.0012547051442910915,0.012547051442910916,0.002509410288582183,0.03262233375156838,797.0
16103,44.97536,-62.09149,7750.0,0.14627659574468085,0.018617021276595744,0.010638297872340425,0.4122340425531915,0.005319148936170213,0.22872340425531915,0.07180851063829788,0.0,0.0,0.0026595744680851063,0.0,0.0026595744680851063,0.05585106382978723,0.0,0.04521276595744681,376.0
16103,44.97536,-62.09149,8250.0,0.11666666666666667,0.023809523809523808,0.009523809523809525,0.47619047619047616,0.01904761904761905,0.18095238095238095,0.12380952380952381,0.002380952380952381,0.002380952380952381,0.0,0.0,0.002380952380952381,0.014285714285714285,0.0,0.02857142857142857,420.0
16103,44.97536,-62.09149,8750.0,0.13647058823529412,0.02588235294117647,0.009411764705882352,0.45647058823529413,0.02588235294117647,0.19058823529411764,0.05647058823529412,0.002352941176470588,0.004705882352941176,0.007058823529411765,0.002352941176470588,0.0,0.02823529411764706,0.0,0.05411764705882353,425.0
16103,44.97536,-62.09149,9250.0,0.1287779237844941,0.052562417871222074,0.00788436268068331,0.2614980289093298,0.005256241787122208,0.3442838370565046,0.06964520367936924,0.0,0.013140604467805518,0.01445466491458607,0.0,0.006570302233902759,0.03416557161629435,0.0,0.06176084099868594,761.0
16103,44.97536,-62.09149,9750.0,0.19391025641025642,0.028846153846153848,0.028846153846153848,0.15865384615384615,0.0016025641025641025,0.391025641025641,0.07532051282051282,0.0,0.00641025641025641,0.00641025641025641,0.0,0.0016025641025641025,0.02564102564102564,0.003205128205128205,0.07852564102564102,624.0
16103,44.97536,-62.09149,10250.0,0.0959409594095941,0.007380073800738007,0.02952029520295203,0.0959409594095941,0.0036900369003690036,0.5239852398523985,0.04797047970479705,0.0,0.0036900369003690036,0.01107011070110701,0.0,0.0036900369003690036,0.025830258302583026,0.007380073800738007,0.14391143911439114,271.0
16103,44.97536,-62.09149,10750.0,0.11069418386491557,0.009380863039399626,0.0375234521575985,0.10881801125703565,0.00375234521575985,0.37335834896810505,0.075046904315197,0.0,0.009380863039399626,0.005628517823639775,0.0,0.001876172607879925,0.0150093808630394,0.005628517823639775,0.24390243902439024,533.0
16103,44.97536,-62.09149,11250.0,0.1419753086419753,0.006172839506172839,0.0,0.17592592592592593,0.0,0.18518518518518517,0.07716049382716049,0.0,0.021604938271604937,0.0030864197530864196,0.0030864197530864196,0.0030864197530864196,0.030864197530864196,0.018518518518518517,0.3333333333333333,324.0
16103,44.97536,-62.09149,11750.0,0.04920212765957447,0.0026595744680851063,0.0,0.1276595744680851,0.0,0.26595744680851063,0.006648936170212766,0.0,0.0026595744680851063,0.0026595744680851063,0.0,0.0,0.05186170212765957,0.0026595744680851063,0.488031914893617,752.0
16103,44.97536,-62.09149,12250.0,0.058419243986254296,0.0,0.0,0.1134020618556701,0.0,0.15807560137457044,0.0,0.0,0.0,0.003436426116838488,0.0,0.003436426116838488,0.07903780068728522,0.0,0.584192439862543,291.0
16103,44.97536,-62.09149,12750.0,0.07590132827324478,0.0018975332068311196,0.0,0.12144212523719165,0.0,0.20872865275142316,0.0056925996204933585,0.0,0.0018975332068311196,0.0,0.0018975332068311196,0.0,0.007590132827324478,0.0018975332068311196,0.573055028462998,527.0
16103,44.97536,-62.09149,13250.0,0.07260726072607261,0.0033003300330033004,0.0,0.18151815181518152,0.0,0.11221122112211221,0.026402640264026403,0.0,0.0033003300330033004,0.0,0.0,0.0,0.0231023102310231,0.0033003300330033004,0.5742574257425742,303.0
16103,44.97536,-62.09149,13750.0,0.041379310344827586,0.0,0.0,0.3103448275862069,0.0,0.0896551724137931,0.0,0.0,0.0,0.0,0.0,0.0,0.14482758620689656,0.0,0.41379310344827586,145.0
16129,42.78668,-88.84614,250.0,0.00186219739292365,0.0,0.01303538175046555,0.057107386716325266,0.00186219739292365,0.0186219739292365,0.2985723153320919,0.0,0.011793916821849782,0.0148975791433892,0.01303538175046555,0.00558659217877095,0.0031036623215394167,0.0,0.5605214152700186,1611.0
16129,42.78668,-88.84614,750.0,0.0031397174254317113,0.0,0.007849293563579277,0.05180533751962323,0.0,0.013343799058084773,0.28649921507064363,0.0031397174254317113,0.006279434850863423,0.009419152276295133,0.01020408163265306,0.003924646781789639,0.004709576138147566,0.0015698587127158557,0.598116169544741,1274.0
16129,42.78668,-88.84614,1250.0,0.0006285355122564425,0.0,0.0043997485857950975,0.07919547454431175,0.003771213073538655,0.02451288497800126,0.4462602137020742,0.0006285355122564425,0.013827781269641735,0.018856065367693273,0.01508485229415462,0.006285355122564425,0.006285355122564425,0.0,0.3802639849151477,1591.0
16129,42.78668,-88.84614,1750.0,0.0,0.0,0.0015455950540958269,0.03863987635239567,0.0007727975270479134,0.01622874806800618,0.29675425038639874,0.00463678516228748,0.0038639876352395673,0.013910355486862442,0.00927357032457496,0.0061823802163833074,0.0007727975270479134,0.0,0.60741885625966,1294.0
16129,42.78668,-88.84614,2250.0,0.0006269592476489029,0.0,0.0,0.04326018808777429,0.0,0.009404388714733543,0.32163009404388715,0.0,0.0025078369905956114,0.014420062695924765,0.011912225705329153,0.003761755485893417,0.007523510971786834,0.0,0.5849529780564263,1595.0
16129,42.78668,-88.84614,2750.0,0.0007874015748031496,0.0,0.0,0.04566929133858268,0.0007874015748031496,0.013385826771653543,0.27716535433070866,0.0015748031496062992,0.004724409448818898,0.010236220472440945,0.011023622047244094,0.0015748031496062992,0.011811023622047244,0.0,0.621259842519685,1270.0
16129,42.78668,-88.84614,3250.0,0.0030864197530864196,0.0,0.001851851851851852,0.05555555555555555,0.0006172839506172839,0.010493827160493827,0.3469135802469136,0.0,0.006172839506172839,0.016666666666666666,0.014814814814814815,0.001851851851851852,0.005555555555555556,0.0,0.5364197530864198,1620.0
16129,42.78668,-88.84614,3750.0,0.003194888178913738,0.0,0.0,0.04792332268370607,0.0,0.007987220447284345,0.33945686900958466,0.003993610223642172,0.006389776357827476,0.01597444089456869,0.007987220447284345,0.0023961661341853034,0.0023961661341853034,0.0,0.5623003194888179,1252.0
16129,42.78668,-88.84614,4250.0,0.001935483870967742,0.0,0.0,0.07483870967741936,0.001935483870967742,0.014838709677419355,0.5419354838709678,0.0,0.0064516129032258064,0.025161290322580646,0.024516129032258065,0.0032258064516129032,0.01032258064516129,0.0,0.2948387096774194,1550.0
16129,42.78668,-88.84614,4750.0,0.0027112516945323093,0.00045187528242205153,0.0,0.09941256213285134,0.00045187528242205153,0.01174875734297334,0.5589697243560777,0.0009037505648441031,0.00903750564844103,0.030727519204699502,0.0298237686398554,0.0063262539539087215,0.00903750564844103,0.0,0.2403976502485314,2213.0
16129,42.78668,-88.84614,5250.0,0.0026833631484794273,0.0,0.0,0.09347048300536673,0.0008944543828264759,0.008050089445438283,0.5773703041144902,0.0017889087656529517,0.008944543828264758,0.02996422182468694,0.020572450805008944,0.007155635062611807,0.007155635062611807,0.0004472271914132379,0.24150268336314848,2236.0
16129,42.78668,-88.84614,5750.0,0.001303780964797914,0.0,0.000651890482398957,0.07040417209908735,0.0,0.005215123859191656,0.5834419817470665,0.0,0.01108213820078227,0.06388526727509779,0.01694915254237288,0.009778357235984355,0.009126466753585397,0.0,0.22816166883963493,1534.0
16129,42.78668,-88.84614,6250.0,0.0007722007722007722,0.0,0.0,0.08494208494208494,0.0,0.006177606177606178,0.5204633204633204,0.0015444015444015444,0.003861003861003861,0.11583011583011583,0.026254826254826256,0.013899613899613899,0.006177606177606178,0.0,0.22007722007722008,1295.0
16129,42.78668,-88.84614,6750.0,0.009287925696594427,0.0,0.0,0.07244582043343653,0.0006191950464396285,0.01238390092879257,0.4241486068111455,0.0006191950464396285,0.004953560371517028,0.15913312693498452,0.03529411764705882,0.007430340557275541,0.004953560371517028,0.0,0.26873065015479874,1615.0
16129,42.78668,-88.84614,7250.0,0.0068241469816272965,0.0005249343832020997,0.0010498687664041995,0.07979002624671916,0.0005249343832020997,0.012598425196850394,0.4482939632545932,0.0,0.012073490813648294,0.09606299212598425,0.02204724409448819,0.009973753280839895,0.0068241469816272965,0.0,0.30341207349081367,1905.0
16129,42.78668,-88.84614,7750.0,0.013992129427197202,0.00043725404459991256,0.0,0.10056843025797989,0.0,0.005247048535198951,0.43419326628771315,0.0,0.006121556624398776,0.09575863576738085,0.018364669873196328,0.006996064713598601,0.004372540445999125,0.0,0.3139484040227372,2287.0
16129,42.78668,-88.84614,8250.0,0.02914702100300043,0.0008572653236176596,0.0038576939562794685,0.16159451350192885,0.0004286326618088298,0.02614659237033862,0.34804972138876983,0.0,0.017145306472353194,0.10458636948135448,0.019717102443206173,0.008144020574367767,0.004714959279897128,0.0,0.2756108015430776,2333.0
16129,42.78668,-88.84614,8750.0,0.007148530579825258,0.0007942811755361397,0.0,0.11199364575059571,0.0,0.012708498808578236,0.4749801429706116,0.0,0.011119936457505957,0.09451945988880063,0.026211278792692614,0.006354249404289118,0.0015885623510722795,0.0,0.25258141382049243,1259.0
16129,42.78668,-88.84614,9250.0,0.03617363344051447,0.001607717041800643,0.0,0.1487138263665595,0.0,0.03215434083601286,0.3496784565916399,0.0,0.016881028938906754,0.09646302250803858,0.016881028938906754,0.00964630225080386,0.008842443729903537,0.0,0.2829581993569132,1244.0
16129,42.78668,-88.84614,9750.0,0.012873326467559218,0.001544799176107106,0.0010298661174047373,0.13748712667353244,0.0,0.025231719876416064,0.427394438722966,0.0,0.01905252317198764,0.09577754891864057,0.015447991761071062,0.006179196704428424,0.004119464469618949,0.0,0.25386199794026776,1942.0
16129,42.78668,-88.84614,10250.0,0.011182108626198083,0.005591054313099041,0.0007987220447284345,0.16853035143769968,0.0,0.03194888178913738,0.3801916932907348,0.0,0.011182108626198083,0.12140575079872204,0.02476038338658147,0.005591054313099041,0.00878594249201278,0.0,0.23003194888178913,1252.0
16129,42.78668,-88.84614,10750.0,0.006125574272588055,0.0015313935681470138,0.0015313935681470138,0.1776416539050536,0.0,0.018376722817764167,0.33078101071975496,0.0,0.039816232771822356,0.16079632465543645,0.018376722817764167,0.015313935681470138,0.0,0.0,0.22970903522205208,653.0
16129,42.78668,-88.84614,11250.0,0.13814432989690723,0.02542955326460481,0.015807560137457044,0.18900343642611683,0.0,0.10034364261168385,0.11477663230240549,0.0,0.0865979381443299,0.1154639175257732,0.006872852233676976,0.008247422680412371,0.013058419243986255,0.0,0.18625429553264605,1455.0
16129,42.78668,-88.84614,11750.0,0.4006514657980456,0.016286644951140065,0.013029315960912053,0.04723127035830619,0.0,0.05863192182410423,0.07980456026058631,0.0,0.05374592833876222,0.021172638436482084,0.004885993485342019,0.0016286644951140066,0.026058631921824105,0.003257328990228013,0.2736156351791531,614.0
16129,42.78668,-88.84614,12250.0,0.4154488517745303,0.009394572025052192,0.005219206680584551,0.015657620041753653,0.0,0.007306889352818371,0.06889352818371608,0.0,0.15762004175365343,0.025052192066805846,0.003131524008350731,0.0041753653444676405,0.006263048016701462,0.005219206680584551,0.2766179540709812,958.0
16129,42.78668,-88.84614,12750.0,0.5965463108320251,0.0,0.01098901098901099,0.007849293563579277,0.0,0.009419152276295133,0.03924646781789639,0.0,0.09733124018838304,0.01098901098901099,0.0015698587127158557,0.0015698587127158557,0.009419152276295133,0.004709576138147566,0.21036106750392464,637.0
16129,42.78668,-88.84614,13250.0,0.6655791190864601,0.0032626427406199023,0.009787928221859706,0.01957585644371941,0.0,0.008156606851549755,0.02936378466557912,0.0,0.01957585644371941,0.004893964110929853,0.0,0.0016313213703099511,0.013050570962479609,0.0,0.22512234910277323,613.0
16129,42.78668,-88.84614,13750.0,0.5055467511885895,0.001584786053882726,0.00792393026941363,0.01584786053882726,0.0,0.08240887480190175,0.028526148969889066,0.0,0.006339144215530904,0.0,0.003169572107765452,0.006339144215530904,0.01584786053882726,0.022187004754358162,0.30427892234548337,631.0
16129,42.78668,-88.84614,14250.0,0.5757575757575758,0.0,0.006060606060606061,0.03636363636363636,0.0,0.03333333333333333,0.012121212121212121,0.0,0.012121212121212121,0.00909090909090909,0.0,0.006060606060606061,0.012121212121212121,0.00909090909090909,0.2878787878787879,330.0
16175,41.40866,-74.552262,250.0,0.000881057268722467,0.0,0.0026431718061674008,0.06651982378854626,0.05947136563876652,0.09383259911894273,0.3030837004405286,0.028193832599118944,0.014096916299559472,0.009691629955947136,0.03700440528634361,0.014537444933920705,0.10837004405286343,0.0004405286343612335,0.26123348017621145,2270.0
16175,41.40866,-74.552262,750.0,0.0003996802557953637,0.0003996802557953637,0.0003996802557953637,0.054756195043964825,0.07833733013589128,0.10231814548361311,0.43005595523581136,0.0407673860911271,0.017585931254996003,0.017585931254996003,0.05875299760191847,0.013189448441247002,0.09272581934452438,0.0003996802557953637,0.09232613908872901,2502.0
16175,41.40866,-74.552262,1250.0,0.0007374631268436578,0.0,0.0,0.05825958702064897,0.06047197640117994,0.11430678466076696,0.41814159292035397,0.03466076696165192,0.015486725663716814,0.017699115044247787,0.05530973451327434,0.017699115044247787,0.08923303834808259,0.0,0.11799410029498525,1356.0
16175,41.40866,-74.552262,1750.0,0.0,0.0,0.0,0.06190125276344879,0.06853352984524687,0.11717022844509949,0.41783345615327927,0.045689019896831246,0.020633750921149593,0.013264554163596167,0.04716285924834193,0.015475313190862197,0.06484893146647015,0.0,0.12748710390567428,1357.0
16175,41.40866,-74.552262,2250.0,0.0,0.0,0.0,0.08586956521739131,0.04565217391304348,0.09782608695652174,0.425,0.034782608695652174,0.021739130434782608,0.01847826086956522,0.06304347826086956,0.01956521739130435,0.07282608695652174,0.0,0.11521739130434783,920.0
16175,41.40866,-74.552262,2750.0,0.0011655011655011655,0.0,0.0,0.07342657342657342,0.02097902097902098,0.1282051282051282,0.3298368298368298,0.08508158508158509,0.045454545454545456,0.015151515151515152,0.054778554778554776,0.030303030303030304,0.05827505827505827,0.0011655011655011655,0.1561771561771562,858.0
16175,41.40866,-74.552262,3250.0,0.0,0.0,0.0010582010582010583,0.0761904761904762,0.012698412698412698,0.07936507936507936,0.4201058201058201,0.04021164021164021,0.030687830687830688,0.020105820105820106,0.042328042328042326,0.02433862433862434,0.09206349206349207,0.0,0.16084656084656085,945.0
16175,41.40866,-74.552262,3750.0,0.0,0.0005385029617662897,0.0005385029617662897,0.06462035541195477,0.005385029617662897,0.05546580506192784,0.5078082929456113,0.039310716208939146,0.029617662897145933,0.012924071082390954,0.06623586429725363,0.021540118470651588,0.08131394722670975,0.0,0.1147011308562197,1857.0
16175,41.40866,-74.552262,4250.0,0.0,0.0,0.0007776049766718507,0.0645412130637636,0.015552099533437015,0.045878693623639194,0.5357698289269052,0.04354587869362364,0.04510108864696734,0.012441679626749611,0.061430793157076204,0.03110419906687403,0.07076205287713841,0.0,0.07309486780715396,1286.0
16175,41.40866,-74.552262,4750.0,0.0,0.0,0.0007199424046076314,0.03995680345572354,0.0435565154787617,0.05903527717782577,0.49352051835853133,0.05003599712023038,0.03023758099352052,0.0183585313174946,0.0687544996400288,0.023758099352051837,0.08783297336213103,0.0010799136069114472,0.08315334773218143,2778.0
16175,41.40866,-74.552262,5250.0,0.0,0.0,0.0005966587112171838,0.038782816229116945,0.14797136038186157,0.04295942720763723,0.45346062052505964,0.03699284009546539,0.031026252983293555,0.029236276849642005,0.07219570405727924,0.028042959427207637,0.06145584725536993,0.0011933174224343676,0.05608591885441527,1676.0
16175,41.40866,-74.552262,5750.0,0.0,0.0,0.0015432098765432098,0.027777777777777776,0.11265432098765432,0.05015432098765432,0.5270061728395061,0.07253086419753087,0.02700617283950617,0.023148148148148147,0.038580246913580245,0.021604938271604937,0.04243827160493827,0.0,0.05555555555555555,1296.0
16175,41.40866,-74.552262,6250.0,0.0,0.0,0.000481000481000481,0.021164021164021163,0.10101010101010101,0.04329004329004329,0.5959595959595959,0.05339105339105339,0.026455026455026454,0.030303030303030304,0.029822029822029823,0.015873015873015872,0.03367003367003367,0.0,0.04858104858104858,2079.0
16175,41.40866,-74.552262,6750.0,0.0,0.0,0.005145797598627788,0.022870211549456832,0.06575185820468839,0.04974271012006861,0.6357918810748999,0.0577472841623785,0.029159519725557463,0.016580903373356205,0.011435105774728416,0.015437392795883362,0.025728987993138937,0.0,0.06460834762721555,1749.0
16175,41.40866,-74.552262,7250.0,0.0,0.0,0.001869158878504673,0.04532710280373832,0.10560747663551402,0.046261682242990654,0.625233644859813,0.028037383177570093,0.021962616822429906,0.02570093457943925,0.006074766355140187,0.01074766355140187,0.02336448598130841,0.0,0.059813084112149535,2140.0
16175,41.40866,-74.552262,7750.0,0.0004180602006688963,0.0004180602006688963,0.004180602006688963,0.09657190635451506,0.06396321070234114,0.030100334448160536,0.6843645484949833,0.005852842809364548,0.007107023411371237,0.022993311036789296,0.002508361204013378,0.005434782608695652,0.010451505016722408,0.0,0.06563545150501672,2392.0
16175,41.40866,-74.552262,8250.0,0.0016997167138810198,0.0011331444759206798,0.0084985835694051,0.17110481586402265,0.0679886685552408,0.039093484419263455,0.5835694050991501,0.009065155807365438,0.014164305949008499,0.018696883852691217,0.0016997167138810198,0.009065155807365438,0.01189801699716714,0.0005665722379603399,0.06175637393767705,1765.0
16175,41.40866,-74.552262,8750.0,0.0012652889076339097,0.0008435259384226065,0.016448755799240825,0.116828342471531,0.04808097849008857,0.03121045972163644,0.6486714466469844,0.0029523407844791226,0.02488401518346689,0.018979333614508646,0.0012652889076339097,0.006748207507380852,0.009700548291859975,0.00042176296921130323,0.07169970476592155,2371.0
16175,41.40866,-74.552262,9250.0,0.0004103405826836274,0.0004103405826836274,0.006155108740254411,0.14649158801805498,0.07057858022158392,0.026261797291752154,0.6187935986869101,0.002051702913418137,0.014361920393926959,0.019696347968814115,0.0012310217480508822,0.002872384078785392,0.01723430447271235,0.0004103405826836274,0.07304062371768567,2437.0
16175,41.40866,-74.552262,9750.0,0.0,0.0007836990595611285,0.00274294670846395,0.12617554858934169,0.06347962382445141,0.030564263322884012,0.655564263322884,0.001567398119122257,0.016849529780564265,0.022727272727272728,0.0023510971786833857,0.0066614420062695925,0.008620689655172414,0.0,0.06191222570532915,2552.0
16175,41.40866,-74.552262,10250.0,0.062311557788944726,0.03015075376884422,0.003015075376884422,0.18190954773869347,0.05728643216080402,0.1708542713567839,0.314572864321608,0.0010050251256281408,0.01306532663316583,0.023115577889447236,0.0010050251256281408,0.0010050251256281408,0.0763819095477387,0.0,0.06432160804020101,995.0
16175,41.40866,-74.552262,10750.0,0.15057915057915058,0.08494208494208494,0.003861003861003861,0.2084942084942085,0.003861003861003861,0.27606177606177607,0.021235521235521235,0.0019305019305019305,0.005791505791505791,0.0019305019305019305,0.0,0.0,0.17567567567567569,0.013513513513513514,0.052123552123552123,518.0
16175,41.40866,-74.552262,11250.0,0.1600877192982456,0.043859649122807015,0.0021929824561403508,0.28728070175438597,0.006578947368421052,0.1425438596491228,0.02412280701754386,0.0,0.0043859649122807015,0.0,0.0,0.0043859649122807015,0.23464912280701755,0.015350877192982455,0.07456140350877193,456.0
16175,41.40866,-74.552262,11750.0,0.14761904761904762,0.09523809523809523,0.004761904761904762,0.37857142857142856,0.007142857142857143,0.08095238095238096,0.03333333333333333,0.0,0.007142857142857143,0.0,0.002380952380952381,0.0,0.15714285714285714,0.0,0.08571428571428572,420.0
16175,41.40866,-74.552262,12250.0,0.14478764478764478,0.03474903474903475,0.0019305019305019305,0.4691119691119691,0.003861003861003861,0.07142857142857142,0.019305019305019305,0.0,0.007722007722007722,0.0019305019305019305,0.0,0.0,0.14864864864864866,0.013513513513513514,0.08301158301158301,518.0
16175,41.40866,-74.552262,12750.0,0.09010600706713781,0.028268551236749116,0.00530035335689046,0.6395759717314488,0.0,0.037102473498233215,0.06713780918727916,0.0017667844522968198,0.02120141342756184,0.00530035335689046,0.0017667844522968198,0.0,0.030035335689045935,0.0017667844522968198,0.0706713780918728,566.0
16175,41.40866,-74.552262,13250.0,0.06779661016949153,0.02754237288135593,0.00211864406779661,0.5254237288135594,0.0,0.0614406779661017,0.09322033898305085,0.00847457627118644,0.048728813559322036,0.00423728813559322,0.00423728813559322,0.0,0.0211864406779661,0.00211864406779661,0.13347457627118645,472.0
16175,41.40866,-74.552262,13750.0,0.15530799475753604,0.022935779816513763,0.00327653997378768,0.4416775884665793,0.002621231979030144,0.05242463958060288,0.09698558322411534,0.003931847968545216,0.03145478374836173,0.002621231979030144,0.001965923984272608,0.0,0.02490170380078637,0.000655307994757536,0.15923984272608127,1526.0
16175,41.40866,-74.552262,14250.0,0.2946257197696737,0.09788867562380038,0.02015355086372361,0.2927063339731286,0.0009596928982725527,0.046065259117082535,0.07293666026871401,0.0,0.022072936660268713,0.0009596928982725527,0.0009596928982725527,0.0028790786948176585,0.02015355086372361,0.0,0.1276391554702495,1042.0
16181,41.331579999999995,-74.43334,750.0,0.03315881326352531,0.005235602094240838,0.0,0.10645724258289703,0.04537521815008726,0.027923211169284468,0.3054101221640489,0.02268760907504363,0.0017452006980802793,0.03315881326352531,0.03664921465968586,0.008726003490401396,0.05235602094240838,0.0,0.32111692844677137,573.0
16181,41.331579999999995,-74.43334,1750.0,0.0,0.0,0.0,0.03642384105960265,0.06788079470198675,0.0380794701986755,0.40728476821192056,0.011589403973509934,0.0,0.011589403973509934,0.029801324503311258,0.014900662251655629,0.041390728476821195,0.0,0.34105960264900664,604.0
16181,41.331579999999995,-74.43334,2750.0,0.000949667616334283,0.0,0.0,0.020892687559354226,0.03133903133903134,0.014245014245014245,0.24881291547958215,0.019943019943019943,0.004748338081671415,0.005698005698005698,0.008547008547008548,0.01899335232668566,0.007597340930674264,0.0,0.6182336182336182,1053.0
16181,41.331579999999995,-74.43334,3750.0,0.0,0.0,0.0005299417064122947,0.008479067302596715,0.016428192898781134,0.01589825119236884,0.12506624271330152,0.021197668256491786,0.003179650238473768,0.003179650238473768,0.0037095919448860626,0.002649708532061473,0.005299417064122946,0.0,0.7943826179120297,1887.0
16181,41.331579999999995,-74.43334,4750.0,0.0,0.0,0.0009794319294809011,0.014691478942213516,0.040156709108716944,0.024485798237022526,0.23114593535749264,0.024485798237022526,0.005876591576885406,0.012732615083251714,0.010773751224289911,0.0068560235063663075,0.012732615083251714,0.0,0.6150832517140059,1021.0
16181,41.331579999999995,-74.43334,5750.0,0.0,0.0,0.0,0.01791713325867861,0.023516237402015677,0.027995520716685332,0.2889137737961926,0.040313549832026875,0.005599104143337066,0.008958566629339306,0.010078387458006719,0.004479283314669653,0.005599104143337066,0.0,0.5666293393057111,893.0
16181,41.331579999999995,-74.43334,6750.0,0.0,0.0,0.0012004801920768306,0.025210084033613446,0.03481392557022809,0.0468187274909964,0.28331332533013204,0.028811524609843937,0.009603841536614645,0.007202881152460984,0.007202881152460984,0.008403361344537815,0.009603841536614645,0.0,0.5378151260504201,833.0
16181,41.331579999999995,-74.43334,8250.0,0.0,0.0,0.0012376237623762376,0.05198019801980198,0.06188118811881188,0.028465346534653466,0.28589108910891087,0.028465346534653466,0.0024752475247524753,0.01485148514851485,0.006188118811881188,0.0024752475247524753,0.011138613861386138,0.0,0.504950495049505,808.0
16181,41.331579999999995,-74.43334,9250.0,0.0,0.0,0.0011273957158962795,0.04509582863585118,0.04171364148816235,0.036076662908680945,0.30101465614430667,0.015783540022547914,0.015783540022547914,0.002254791431792559,0.005636978579481398,0.004509582863585118,0.006764374295377677,0.0,0.52423900789177,887.0
16181,41.331579999999995,-74.43334,10250.0,0.01675977653631285,0.020484171322160148,0.00186219739292365,0.5418994413407822,0.01675977653631285,0.16945996275605213,0.07635009310986965,0.00558659217877095,0.0521415270018622,0.00558659217877095,0.0,0.0297951582867784,0.024208566108007448,0.0,0.03910614525139665,537.0
16181,41.331579999999995,-74.43334,11250.0,0.08505747126436781,0.0367816091954023,0.006896551724137931,0.22528735632183908,0.013793103448275862,0.31494252873563217,0.03908045977011494,0.0022988505747126436,0.0367816091954023,0.006896551724137931,0.0,0.0022988505747126436,0.15862068965517243,0.0,0.07126436781609195,435.0
16181,41.331579999999995,-74.43334,12250.0,0.25565610859728505,0.042986425339366516,0.0,0.2873303167420814,0.004524886877828055,0.248868778280543,0.024886877828054297,0.0,0.004524886877828055,0.0,0.0,0.0,0.07692307692307693,0.0,0.05429864253393665,442.0
16181,41.331579999999995,-74.43334,13250.0,0.1883720930232558,0.013953488372093023,0.002325581395348837,0.2813953488372093,0.009302325581395349,0.2186046511627907,0.04883720930232558,0.0,0.013953488372093023,0.0,0.0,0.0,0.1511627906976744,0.0,0.07209302325581396,430.0
16273,43.467058,-79.98756,750.0,0.0036900369003690036,0.0,0.04428044280442804,0.34686346863468637,0.04428044280442804,0.01107011070110701,0.055350553505535055,0.01107011070110701,0.01845018450184502,0.014760147601476014,0.01107011070110701,0.07380073800738007,0.0,0.01107011070110701,0.35424354243542433,271.0
16273,43.467058,-79.98756,1750.0,0.0,0.0,0.014634146341463415,0.7170731707317073,0.1024390243902439,0.004878048780487805,0.03902439024390244,0.004878048780487805,0.00975609756097561,0.01951219512195122,0.00975609756097561,0.03414634146341464,0.0,0.004878048780487805,0.03902439024390244,205.0
16273,43.467058,-79.98756,2750.0,0.004761904761904762,0.0,0.004761904761904762,0.23809523809523808,0.06666666666666667,0.15714285714285714,0.06666666666666667,0.07142857142857142,0.047619047619047616,0.023809523809523808,0.02857142857142857,0.12380952380952381,0.0,0.004761904761904762,0.1619047619047619,210.0
16273,43.467058,-79.98756,3750.0,0.0,0.0,0.0049261083743842365,0.5960591133004927,0.019704433497536946,0.08374384236453201,0.15763546798029557,0.009852216748768473,0.034482758620689655,0.0,0.009852216748768473,0.034482758620689655,0.0,0.009852216748768473,0.03940886699507389,203.0
16273,43.467058,-79.98756,4250.0,0.0,0.0,0.0,0.16170212765957448,0.08085106382978724,0.12340425531914893,0.10212765957446808,0.03404255319148936,0.0,0.08085106382978724,0.01276595744680851,0.10212765957446808,0.00851063829787234,0.02553191489361702,0.2680851063829787,235.0
16273,43.467058,-79.98756,4750.0,0.009009009009009009,0.009009009009009009,0.013513513513513514,0.6801801801801802,0.013513513513513514,0.018018018018018018,0.08558558558558559,0.0,0.013513513513513514,0.018018018018018018,0.0,0.0,0.0,0.009009009009009009,0.13063063063063063,222.0
16273,43.467058,-79.98756,5750.0,0.009900990099009901,0.01485148514851485,0.0049504950495049506,0.806930693069307,0.009900990099009901,0.0297029702970297,0.08415841584158416,0.0,0.009900990099009901,0.009900990099009901,0.0,0.0,0.0,0.0049504950495049506,0.01485148514851485,202.0
16273,43.467058,-79.98756,7750.0,0.01,0.04,0.005,0.81,0.0,0.02,0.05,0.0,0.01,0.0,0.005,0.0,0.0,0.0,0.05,200.0
16273,43.467058,-79.98756,8750.0,0.024752475247524754,0.01485148514851485,0.01485148514851485,0.8712871287128713,0.0,0.039603960396039604,0.01485148514851485,0.0,0.0049504950495049506,0.0,0.0,0.0,0.0,0.0,0.01485148514851485,202.0
16273,43.467058,-79.98756,9250.0,0.01990049751243781,0.024875621890547265,0.014925373134328358,0.8656716417910447,0.0,0.03482587064676617,0.009950248756218905,0.0,0.0,0.014925373134328358,0.0,0.0,0.004975124378109453,0.0,0.009950248756218905,201.0
16273,43.467058,-79.98756,9750.0,0.024752475247524754,0.009900990099009901,0.01485148514851485,0.8415841584158416,0.0,0.039603960396039604,0.024752475247524754,0.0,0.0,0.01485148514851485,0.0,0.0,0.0,0.0049504950495049506,0.024752475247524754,202.0
16273,43.467058,-79.98756,10250.0,0.020512820512820513,0.02564102564102564,0.0,0.6307692307692307,0.0,0.08205128205128205,0.10256410256410256,0.0,0.0,0.046153846153846156,0.005128205128205128,0.005128205128205128,0.0,0.020512820512820513,0.06153846153846154,195.0
16273,43.467058,-79.98756,10750.0,0.051643192488262914,0.009389671361502348,0.004694835680751174,0.6291079812206573,0.0,0.03755868544600939,0.08450704225352113,0.0,0.023474178403755867,0.023474178403755867,0.0,0.009389671361502348,0.0,0.018779342723004695,0.107981220657277,213.0
16273,43.467058,-79.98756,11750.0,0.09178743961352658,0.0,0.00966183574879227,0.6473429951690821,0.00966183574879227,0.024154589371980676,0.07246376811594203,0.0,0.01932367149758454,0.004830917874396135,0.00966183574879227,0.00966183574879227,0.0,0.0,0.10144927536231885,207.0
16273,43.467058,-79.98756,12750.0,0.14893617021276595,0.00851063829787234,0.00851063829787234,0.39148936170212767,0.00425531914893617,0.03404255319148936,0.1148936170212766,0.0,0.05106382978723404,0.0,0.00425531914893617,0.0,0.00425531914893617,0.05106382978723404,0.17872340425531916,235.0
16273,43.467058,-79.98756,13750.0,0.2222222222222222,0.0,0.044444444444444446,0.3466666666666667,0.0,0.05333333333333334,0.07555555555555556,0.0,0.02666666666666667,0.013333333333333334,0.0,0.0044444444444444444,0.0044444444444444444,0.03111111111111111,0.17777777777777778,225.0
16273,43.467058,-79.98756,14750.0,0.22869955156950672,0.0,0.04484304932735426,0.28699551569506726,0.02242152466367713,0.053811659192825115,0.09417040358744394,0.0,0.026905829596412557,0.026905829596412557,0.004484304932735426,0.004484304932735426,0.004484304932735426,0.03139013452914798,0.17040358744394618,223.0
16278,44.166818,-78.102834,250.0,0.008171603677221655,0.0020429009193054137,0.018386108273748723,0.22880490296220635,0.06332992849846783,0.1481103166496425,0.14402451481103168,0.028600612870275793,0.0296220633299285,0.031664964249233915,0.007150153217568948,0.03575076608784474,0.018386108273748723,0.0010214504596527069,0.23493360572012256,979.0
16278,44.166818,-78.102834,750.0,0.003134796238244514,0.001567398119122257,0.01567398119122257,0.26332288401253917,0.0877742946708464,0.109717868338558,0.20219435736677116,0.045454545454545456,0.03761755485893417,0.047021943573667714,0.014106583072100314,0.04075235109717868,0.009404388714733543,0.001567398119122257,0.1206896551724138,638.0
16278,44.166818,-78.102834,1250.0,0.0024330900243309003,0.0012165450121654502,0.0170316301703163,0.17761557177615572,0.0948905109489051,0.12408759124087591,0.19343065693430658,0.12895377128953772,0.0413625304136253,0.058394160583941604,0.0036496350364963502,0.05596107055961071,0.010948905109489052,0.0012165450121654502,0.08880778588807786,822.0
16278,44.166818,-78.102834,1750.0,0.00853658536585366,0.0,0.014634146341463415,0.15853658536585366,0.07804878048780488,0.11219512195121951,0.16463414634146342,0.17073170731707318,0.03902439024390244,0.046341463414634146,0.025609756097560974,0.08048780487804878,0.003658536585365854,0.0,0.0975609756097561,820.0
16278,44.166818,-78.102834,2250.0,0.0036275695284159614,0.0012091898428053204,0.02539298669891173,0.15840386940749698,0.049576783555018135,0.094316807738815,0.1293833131801693,0.2140266021765417,0.03506650544135429,0.05562273276904474,0.015719467956469165,0.060459492140266025,0.006045949214026602,0.006045949214026602,0.14510278113663846,827.0
16278,44.166818,-78.102834,2750.0,0.008323424494649227,0.0035671819262782403,0.01070154577883472,0.12604042806183116,0.06539833531510107,0.11414982164090369,0.0713436385255648,0.23662306777645659,0.04756242568370987,0.06658739595719382,0.01070154577883472,0.07491082045184304,0.0047562425683709865,0.0,0.15933412604042807,841.0
16278,44.166818,-78.102834,3250.0,0.008025682182985553,0.0,0.009630818619582664,0.1187800963081862,0.06420545746388442,0.10754414125200643,0.09470304975922954,0.23113964686998395,0.030497592295345103,0.0754414125200642,0.0032102728731942215,0.0754414125200642,0.006420545746388443,0.0016051364365971107,0.17335473515248795,623.0
16278,44.166818,-78.102834,3750.0,0.006097560975609756,0.0012195121951219512,0.015853658536585366,0.13414634146341464,0.06707317073170732,0.09390243902439024,0.12926829268292683,0.16585365853658537,0.03170731707317073,0.05731707317073171,0.006097560975609756,0.08902439024390243,0.012195121951219513,0.0024390243902439024,0.1878048780487805,820.0
16278,44.166818,-78.102834,4250.0,0.006082725060827251,0.0012165450121654502,0.010948905109489052,0.12530413625304138,0.037712895377128956,0.0851581508515815,0.15085158150851583,0.19343065693430658,0.04257907542579075,0.057177615571776155,0.0036496350364963502,0.09975669099756691,0.0072992700729927005,0.0012165450121654502,0.17761557177615572,822.0
16278,44.166818,-78.102834,4750.0,0.0012300123001230013,0.0012300123001230013,0.02214022140221402,0.14883148831488316,0.03690036900369004,0.1008610086100861,0.12177121771217712,0.1795817958179582,0.05289052890528905,0.055350553505535055,0.014760147601476014,0.09471094710947109,0.00984009840098401,0.0012300123001230013,0.15867158671586715,813.0
16278,44.166818,-78.102834,5250.0,0.0036231884057971015,0.0,0.006038647342995169,0.11473429951690821,0.04589371980676329,0.0966183574879227,0.10748792270531402,0.18115942028985507,0.03743961352657005,0.0821256038647343,0.012077294685990338,0.12560386473429952,0.016908212560386472,0.0012077294685990338,0.16908212560386474,828.0
16278,44.166818,-78.102834,5750.0,0.0016181229773462784,0.0,0.003236245954692557,0.08576051779935275,0.21844660194174756,0.07605177993527508,0.0744336569579288,0.15372168284789645,0.0372168284789644,0.0744336569579288,0.008090614886731391,0.11003236245954692,0.003236245954692557,0.0,0.15372168284789645,618.0
16278,44.166818,-78.102834,6250.0,0.0,0.0,0.012285012285012284,0.05405405405405406,0.2751842751842752,0.06633906633906633,0.09336609336609336,0.14987714987714987,0.06633906633906633,0.060196560196560195,0.0085995085995086,0.0945945945945946,0.0036855036855036856,0.0,0.11547911547911548,814.0
16278,44.166818,-78.102834,6750.0,0.001644736842105263,0.0,0.011513157894736841,0.0805921052631579,0.2993421052631579,0.04276315789473684,0.10032894736842106,0.15296052631578946,0.04276315789473684,0.06907894736842106,0.009868421052631578,0.07072368421052631,0.004934210526315789,0.0,0.11348684210526316,608.0
16278,44.166818,-78.102834,7250.0,0.0,0.0,0.003257328990228013,0.1254071661237785,0.19543973941368079,0.04560260586319218,0.10912052117263844,0.16775244299674266,0.03420195439739414,0.06026058631921824,0.0016286644951140066,0.09446254071661238,0.009771986970684038,0.0,0.15309446254071662,614.0
16278,44.166818,-78.102834,7750.0,0.0,0.004909983633387889,0.0016366612111292963,0.22913256955810146,0.19803600654664485,0.022913256955810146,0.12111292962356793,0.09983633387888707,0.044189852700491,0.04582651391162029,0.008183306055646482,0.07037643207855974,0.0,0.0016366612111292963,0.15220949263502456,611.0
16278,44.166818,-78.102834,8250.0,0.0024600246002460025,0.0024600246002460025,0.006150061500615006,0.35670356703567035,0.16851168511685116,0.06150061500615006,0.13530135301353013,0.017220172201722016,0.03075030750307503,0.03936039360393604,0.006150061500615006,0.01968019680196802,0.006150061500615006,0.0024600246002460025,0.14514145141451415,813.0
16278,44.166818,-78.102834,8750.0,0.004838709677419355,0.004838709677419355,0.008064516129032258,0.5112903225806451,0.017741935483870968,0.13548387096774195,0.1532258064516129,0.0016129032258064516,0.03870967741935484,0.02258064516129032,0.0,0.008064516129032258,0.0064516129032258064,0.004838709677419355,0.08225806451612903,620.0
16278,44.166818,-78.102834,9250.0,0.008143322475570033,0.008143322475570033,0.013029315960912053,0.46742671009771986,0.008143322475570033,0.18241042345276873,0.12214983713355049,0.004885993485342019,0.017915309446254073,0.05537459283387622,0.009771986970684038,0.008143322475570033,0.003257328990228013,0.017915309446254073,0.0732899022801303,614.0
16278,44.166818,-78.102834,9750.0,0.049338146811071,0.02286401925391095,0.013237063778580024,0.39951865222623345,0.006016847172081829,0.19855595667870035,0.10709987966305656,0.0,0.01444043321299639,0.052948255114320095,0.0024067388688327317,0.0048134777376654635,0.0024067388688327317,0.03489771359807461,0.0914560770156438,831.0
16278,44.166818,-78.102834,10250.0,0.0967238689547582,0.029641185647425898,0.0234009360374415,0.37285491419656785,0.0093603744149766,0.13416536661466458,0.14664586583463338,0.0,0.015600624024960999,0.028081123244929798,0.0031201248049922,0.0093603744149766,0.0031201248049922,0.028081123244929798,0.0998439937597504,641.0
16278,44.166818,-78.102834,10750.0,0.12257100149476831,0.013452914798206279,0.029895366218236172,0.3303437967115097,0.01195814648729447,0.10014947683109118,0.12556053811659193,0.0014947683109118087,0.025411061285500747,0.02242152466367713,0.007473841554559043,0.004484304932735426,0.0029895366218236174,0.028400597907324365,0.17339312406576982,669.0
16278,44.166818,-78.102834,11250.0,0.18498367791077258,0.006528835690968444,0.03482045701849837,0.30903155603917304,0.006528835690968444,0.08161044613710555,0.11099020674646355,0.001088139281828074,0.014145810663764961,0.015233949945593036,0.00544069640914037,0.008705114254624592,0.007616974972796518,0.01632208922742111,0.1969532100108814,919.0
16278,44.166818,-78.102834,11750.0,0.29518072289156627,0.0015060240963855422,0.043674698795180725,0.32379518072289154,0.01355421686746988,0.058734939759036146,0.0783132530120482,0.0,0.004518072289156626,0.012048192771084338,0.0015060240963855422,0.0030120481927710845,0.009036144578313253,0.022590361445783132,0.13253012048192772,664.0
16278,44.166818,-78.102834,12250.0,0.3125,0.002777777777777778,0.009722222222222222,0.32222222222222224,0.015277777777777777,0.09027777777777778,0.041666666666666664,0.0,0.004166666666666667,0.013888888888888888,0.002777777777777778,0.001388888888888889,0.016666666666666666,0.005555555555555556,0.16111111111111112,720.0
16278,44.166818,-78.102834,12750.0,0.21005677210056772,0.0032441200324412004,0.0008110300081103001,0.23276561232765614,0.004866180048661801,0.042173560421735604,0.05596107055961071,0.0008110300081103001,0.012976480129764802,0.012976480129764802,0.0016220600162206002,0.0024330900243309003,0.0113544201135442,0.008921330089213302,0.39902676399026765,1233.0
16278,44.166818,-78.102834,13250.0,0.19681908548707752,0.003976143141153081,0.0,0.2077534791252485,0.0,0.027833001988071572,0.06858846918489066,0.0,0.014910536779324055,0.016898608349900597,0.004970178926441352,0.0019880715705765406,0.002982107355864811,0.002982107355864811,0.45029821073558646,1006.0
16278,44.166818,-78.102834,13750.0,0.328732747804266,0.0,0.0,0.19824341279799249,0.0,0.04642409033877039,0.07151819322459223,0.0,0.02132998745294856,0.0037641154328732747,0.0037641154328732747,0.0012547051442910915,0.030112923462986198,0.0075282308657465494,0.28732747804265996,797.0
16278,44.166818,-78.102834,14250.0,0.18026183282980865,0.007049345417925478,0.0030211480362537764,0.2366565961732125,0.0030211480362537764,0.07351460221550855,0.05639476334340383,0.0010070493454179255,0.10171198388721048,0.016112789526686808,0.005035246727089627,0.004028197381671702,0.022155085599194362,0.022155085599194362,0.2678751258811682,993.0
16278,44.166818,-78.102834,14750.0,0.15346534653465346,0.0,0.0,0.5445544554455446,0.0,0.04455445544554455,0.07920792079207921,0.0,0.0,0.009900990099009901,0.0,0.0,0.01485148514851485,0.0049504950495049506,0.1485148514851485,202.0
17672,43.95,-79.43,250.0,0.004932182490752158,0.0036991368680641184,0.0012330456226880395,0.218249075215783,0.07274969173859433,0.08754623921085081,0.10234278668310727,0.04932182490752158,0.011097410604192354,0.04808877928483354,0.011097410604192354,0.04808877928483354,0.004932182490752158,0.006165228113440197,0.33045622688039455,811.0
17672,43.95,-79.43,750.0,0.0069767441860465115,0.0034883720930232558,0.0034883720930232558,0.35348837209302325,0.06279069767441861,0.10348837209302325,0.12790697674418605,0.06395348837209303,0.018604651162790697,0.04534883720930233,0.015116279069767442,0.05465116279069768,0.004651162790697674,0.002325581395348837,0.13372093023255813,860.0
17672,43.95,-79.43,1250.0,0.004792332268370607,0.0,0.001597444089456869,0.1869009584664537,0.10063897763578275,0.09584664536741214,0.12939297124600638,0.1389776357827476,0.022364217252396165,0.1182108626198083,0.007987220447284345,0.06070287539936102,0.009584664536741214,0.006389776357827476,0.11661341853035144,626.0
17672,43.95,-79.43,1750.0,0.0012195121951219512,0.0,0.004878048780487805,0.08902439024390243,0.09146341463414634,0.09268292682926829,0.1,0.25609756097560976,0.042682926829268296,0.09878048780487805,0.003658536585365854,0.1048780487804878,0.00853658536585366,0.0,0.10609756097560975,820.0
17672,43.95,-79.43,2250.0,0.004862236628849271,0.0,0.0032414910858995136,0.09886547811993517,0.08752025931928688,0.08103727714748785,0.1085899513776337,0.21393841166936792,0.04862236628849271,0.11507293354943274,0.01620745542949757,0.09076175040518639,0.012965964343598054,0.0,0.11831442463533225,617.0
17672,43.95,-79.43,2750.0,0.00322061191626409,0.00322061191626409,0.0,0.10628019323671498,0.1111111111111111,0.09017713365539452,0.06763285024154589,0.2560386473429952,0.03542673107890499,0.09178743961352658,0.00322061191626409,0.11594202898550725,0.014492753623188406,0.004830917874396135,0.0966183574879227,621.0
17672,43.95,-79.43,3250.0,0.0024479804161566705,0.0012239902080783353,0.0,0.12851897184822522,0.08078335373317014,0.11260709914320685,0.07588739290085679,0.23133414932680538,0.04039167686658507,0.10403916768665851,0.019583843329253364,0.09791921664626684,0.006119951040391677,0.0,0.09914320685434516,817.0
17672,43.95,-79.43,3750.0,0.004942339373970346,0.0,0.0,0.20757825370675453,0.047775947281713346,0.07084019769357495,0.08731466227347612,0.23393739703459637,0.03130148270181219,0.09719934102141681,0.011532125205930808,0.09555189456342669,0.004942339373970346,0.0032948929159802307,0.10378912685337727,607.0
17672,43.95,-79.43,4250.0,0.0024449877750611247,0.0,0.0,0.19070904645476772,0.02444987775061125,0.08312958435207823,0.13202933985330073,0.17359413202933985,0.06845965770171149,0.08068459657701711,0.007334963325183374,0.09046454767726161,0.007334963325183374,0.0024449877750611247,0.13691931540342298,409.0
17672,43.95,-79.43,4750.0,0.006482982171799027,0.0032414910858995136,0.0016207455429497568,0.26904376012965964,0.02593192868719611,0.055105348460291734,0.1053484602917342,0.15721231766612642,0.03565640194489465,0.10210696920583469,0.009724473257698542,0.09076175040518639,0.004862236628849271,0.006482982171799027,0.12641815235008103,617.0
17672,43.95,-79.43,5250.0,0.0024630541871921183,0.0,0.0024630541871921183,0.1748768472906404,0.03201970443349754,0.07635467980295567,0.15270935960591134,0.1477832512315271,0.03694581280788178,0.11576354679802955,0.024630541871921183,0.11576354679802955,0.0024630541871921183,0.0,0.11576354679802955,406.0
17672,43.95,-79.43,5750.0,0.0024509803921568627,0.0,0.0,0.15441176470588236,0.08333333333333333,0.0784313725490196,0.11274509803921569,0.17401960784313725,0.0392156862745098,0.11764705882352941,0.00980392156862745,0.11764705882352941,0.012254901960784314,0.0024509803921568627,0.09558823529411764,408.0
17672,43.95,-79.43,6250.0,0.003289473684210526,0.0,0.0,0.14473684210526316,0.20888157894736842,0.06414473684210527,0.09046052631578948,0.15953947368421054,0.03782894736842105,0.10032894736842106,0.014802631578947368,0.09210526315789473,0.003289473684210526,0.001644736842105263,0.07894736842105263,608.0
17672,43.95,-79.43,6750.0,0.0,0.0,0.0,0.15365853658536585,0.15365853658536585,0.036585365853658534,0.11463414634146342,0.1878048780487805,0.05121951219512195,0.1073170731707317,0.00975609756097561,0.08048780487804878,0.007317073170731708,0.0,0.0975609756097561,410.0
17672,43.95,-79.43,7250.0,0.0024937655860349127,0.0,0.004987531172069825,0.17955112219451372,0.16209476309226933,0.034912718204488775,0.08977556109725686,0.14962593516209477,0.05236907730673317,0.10972568578553615,0.00997506234413965,0.10972568578553615,0.0,0.0,0.09476309226932668,401.0
17672,43.95,-79.43,7750.0,0.0024096385542168677,0.0,0.0,0.1783132530120482,0.12530120481927712,0.012048192771084338,0.12048192771084337,0.22409638554216868,0.03614457831325301,0.0819277108433735,0.007228915662650603,0.0891566265060241,0.012048192771084338,0.0,0.1108433734939759,415.0
17672,43.95,-79.43,8250.0,0.0,0.002457002457002457,0.002457002457002457,0.28746928746928746,0.14250614250614252,0.02702702702702703,0.10319410319410319,0.1769041769041769,0.02457002457002457,0.05405405405405406,0.009828009828009828,0.07125307125307126,0.002457002457002457,0.0,0.09582309582309582,407.0
17672,43.95,-79.43,8750.0,0.0049261083743842365,0.0049261083743842365,0.0016420361247947454,0.44170771756978655,0.07881773399014778,0.013136288998357963,0.12807881773399016,0.07389162561576355,0.019704433497536946,0.054187192118226604,0.0049261083743842365,0.054187192118226604,0.003284072249589491,0.0,0.11658456486042693,609.0
17672,43.95,-79.43,9250.0,0.0,0.0049504950495049506,0.0049504950495049506,0.6683168316831684,0.009900990099009901,0.054455445544554455,0.09900990099009901,0.0049504950495049506,0.0,0.024752475247524754,0.0049504950495049506,0.039603960396039604,0.0,0.0,0.08415841584158416,202.0
17672,43.95,-79.43,9750.0,0.0025,0.005,0.0075,0.7425,0.0,0.0325,0.0875,0.0,0.0,0.025,0.0025,0.0225,0.0,0.0,0.0725,400.0
17672,43.95,-79.43,10250.0,0.0024509803921568627,0.007352941176470588,0.0024509803921568627,0.7181372549019608,0.0024509803921568627,0.022058823529411766,0.11274509803921569,0.0,0.03676470588235294,0.01715686274509804,0.004901960784313725,0.00980392156862745,0.0,0.004901960784313725,0.058823529411764705,408.0
17672,43.95,-79.43,10750.0,0.0049382716049382715,0.007407407407407408,0.0,0.782716049382716,0.0024691358024691358,0.044444444444444446,0.08395061728395062,0.0,0.0,0.03209876543209877,0.007407407407407408,0.007407407407407408,0.0024691358024691358,0.0,0.024691358024691357,405.0
17672,43.95,-79.43,11250.0,0.01728395061728395,0.01728395061728395,0.0049382716049382715,0.7012345679012346,0.0024691358024691358,0.09135802469135802,0.07407407407407407,0.0,0.019753086419753086,0.01728395061728395,0.007407407407407408,0.0049382716049382715,0.0024691358024691358,0.0024691358024691358,0.037037037037037035,405.0
17672,43.95,-79.43,11750.0,0.040584415584415584,0.032467532467532464,0.017857142857142856,0.6461038961038961,0.0016233766233766235,0.06493506493506493,0.09253246753246754,0.0,0.00487012987012987,0.027597402597402596,0.00487012987012987,0.003246753246753247,0.0,0.0016233766233766235,0.06168831168831169,616.0
17672,43.95,-79.43,12250.0,0.33093525179856115,0.004796163069544364,0.03117505995203837,0.3405275779376499,0.004796163069544364,0.05755395683453238,0.10311750599520383,0.0,0.004796163069544364,0.007194244604316547,0.004796163069544364,0.0,0.002398081534772182,0.002398081534772182,0.10551558752997602,417.0
17672,43.95,-79.43,12750.0,0.6583850931677019,0.003105590062111801,0.009316770186335404,0.2127329192546584,0.0,0.031055900621118012,0.007763975155279503,0.0,0.0,0.0,0.0015527950310559005,0.0,0.0,0.0,0.07608695652173914,644.0
17672,43.95,-79.43,13250.0,0.7968036529680366,0.0,0.0,0.0958904109589041,0.0,0.0091324200913242,0.0091324200913242,0.0,0.0,0.0,0.00228310502283105,0.0,0.0,0.0,0.0867579908675799,438.0
17672,43.95,-79.43,13750.0,0.33126293995859213,0.008281573498964804,0.0,0.13354037267080746,0.0,0.018633540372670808,0.050724637681159424,0.0,0.034161490683229816,0.002070393374741201,0.002070393374741201,0.0010351966873706005,0.0010351966873706005,0.0,0.41718426501035194,966.0
17672,43.95,-79.43,14250.0,0.1635036496350365,0.0,0.0,0.17664233576642335,0.0,0.026277372262773723,0.06277372262773723,0.0,0.07153284671532846,0.00291970802919708,0.00145985401459854,0.004379562043795621,0.00583941605839416,0.00583941605839416,0.47883211678832116,685.0
17672,43.95,-79.43,14750.0,0.1111111111111111,0.0012077294685990338,0.0,0.13768115942028986,0.0012077294685990338,0.01570048309178744,0.07125603864734299,0.0,0.04710144927536232,0.006038647342995169,0.0,0.0024154589371980675,0.006038647342995169,0.0012077294685990338,0.5990338164251208,828.0
17880,42.82454,-72.42867,250.0,0.003979891076665271,0.0006284038542103058,0.00041893590280687055,0.08860494344365312,0.07519899455383326,0.3418516966904064,0.0854629241726016,0.033514872224549644,0.010054461667364893,0.005027230833682447,0.005446166736489317,0.08294930875576037,0.005446166736489317,0.005446166736489317,0.2559698366149979,2387.0
17880,42.82454,-72.42867,750.0,0.006837606837606838,0.0010683760683760685,0.00042735042735042735,0.1361111111111111,0.0735042735042735,0.2726495726495726,0.10341880341880341,0.07136752136752136,0.01282051282051282,0.0038461538461538464,0.0038461538461538464,0.07008547008547009,0.008974358974358974,0.0017094017094017094,0.23333333333333334,2340.0
17880,42.82454,-72.42867,1250.0,0.0055423594615993665,0.000791765637371338,0.0,0.10662443916600686,0.08524676695698073,0.38954869358669836,0.0691475323304302,0.15201900237529692,0.008973343890208499,0.002111375032990235,0.006334125098970704,0.05436790709949855,0.003167062549485352,0.0,0.11612562681446292,1894.5
17880,42.82454,-72.42867,1750.0,0.0019740552735476595,0.0002820078962210942,0.0,0.07557811618725324,0.11562323745064862,0.3925549915397631,0.08178228990411732,0.07219402143260012,0.007332205301748449,0.00338409475465313,0.006204173716864072,0.04230118443316413,0.005076142131979695,0.0005640157924421884,0.19514946418499718,1773.0
17880,42.82454,-72.42867,2250.0,0.0016574585635359116,0.004972375690607734,0.0,0.0867403314917127,0.20939226519337018,0.23093922651933702,0.1005524861878453,0.2022099447513812,0.011049723756906077,0.0055248618784530384,0.0022099447513812156,0.049723756906077346,0.0077348066298342545,0.0022099447513812156,0.08508287292817679,905.0
17880,42.82454,-72.42867,2750.0,0.0006305170239596469,0.0,0.0,0.12042875157629256,0.1614123581336696,0.19167717528373265,0.12610340479192939,0.19672131147540983,0.013871374527112233,0.013871374527112233,0.005044136191677175,0.05296343001261034,0.005044136191677175,0.0037831021437578815,0.10844892812105927,793.0
17880,42.82454,-72.42867,3250.0,0.0009857072449482504,0.0004928536224741252,0.0,0.09314933464760966,0.11286347954657466,0.17052735337604732,0.10054213898472154,0.14687037949728932,0.015771315919172007,0.007885657959586003,0.005914243469689502,0.03548546081813701,0.002957121734844751,0.0009857072449482504,0.3055692459339576,1014.5
17880,42.82454,-72.42867,3750.0,0.0,0.0004233700254022015,0.002540220152413209,0.10922946655376799,0.04191363251481795,0.12616426756985605,0.14225232853513972,0.09229466553767993,0.01100762066045724,0.007620660457239628,0.005080440304826418,0.08806096528365792,0.004233700254022015,0.001693480101608806,0.3674851820491109,1181.0
17880,42.82454,-72.42867,4250.0,0.001725625539257981,0.0,0.0,0.08326143226919758,0.040120793787748056,0.08369283865401209,0.1276962899050906,0.09318377911993098,0.0181190681622088,0.005176876617773943,0.001725625539257981,0.09490940465918896,0.005176876617773943,0.003451251078515962,0.44176013805004316,1159.0
17880,42.82454,-72.42867,4750.0,0.0007012622720897616,0.0,0.0,0.11079943899018233,0.105890603085554,0.08976157082748948,0.12061711079943899,0.06591865357643759,0.015427769985974754,0.002805049088359046,0.005610098176718092,0.1150070126227209,0.002805049088359046,0.001402524544179523,0.3632538569424965,713.0
17880,42.82454,-72.42867,5250.0,0.0012062726176115801,0.0,0.0,0.11097708082026538,0.08443908323281062,0.07478890229191798,0.10856453558504221,0.06031363088057901,0.012062726176115802,0.0024125452352231603,0.007237635705669481,0.045838359469240045,0.0024125452352231603,0.0048250904704463205,0.48492159227985526,414.5
17880,42.82454,-72.42867,5750.0,0.0045045045045045045,0.0,0.0,0.060810810810810814,0.20270270270270271,0.18468468468468469,0.13288288288288289,0.14864864864864866,0.013513513513513514,0.0,0.0045045045045045045,0.17792792792792791,0.0045045045045045045,0.0,0.06531531531531531,444.0
17880,42.82454,-72.42867,6250.0,0.006887052341597796,0.0,0.0,0.10881542699724518,0.2066115702479339,0.162534435261708,0.1763085399449036,0.1487603305785124,0.027548209366391185,0.0,0.0027548209366391185,0.07162534435261708,0.005509641873278237,0.0,0.08264462809917356,363.0
17880,42.82454,-72.42867,6750.0,0.011876484560570071,0.004750593824228029,0.0,0.17339667458432304,0.22802850356294538,0.1543942992874109,0.1496437054631829,0.09026128266033254,0.023752969121140142,0.004750593824228029,0.0,0.028503562945368172,0.0166270783847981,0.0023752969121140144,0.11163895486935867,421.0
17880,42.82454,-72.42867,7750.0,0.01,0.0,0.0,0.2057142857142857,0.13,0.24857142857142858,0.19142857142857142,0.06285714285714286,0.008571428571428572,0.017142857142857144,0.0,0.02,0.008571428571428572,0.008571428571428572,0.08857142857142856,350.0
17880,42.82454,-72.42867,8250.0,0.0007485029940119761,0.0007485029940119761,0.0,0.3248502994011976,0.06961077844311377,0.0815868263473054,0.20958083832335328,0.0,0.0029940119760479044,0.0037425149700598802,0.0007485029940119761,0.01122754491017964,0.0037425149700598802,0.002245508982035928,0.28817365269461076,1336.0
17880,42.82454,-72.42867,8750.0,0.008830022075055188,0.003863134657836645,0.0,0.5264900662251656,0.018211920529801324,0.09602649006622517,0.15783664459161148,0.0011037527593818985,0.002207505518763797,0.005518763796909493,0.0011037527593818985,0.016556291390728478,0.00772626931567329,0.0,0.1545253863134658,906.0
17880,42.82454,-72.42867,9250.0,0.00851063829787234,0.015197568389057751,0.0024316109422492403,0.6261398176291794,0.00364741641337386,0.07659574468085106,0.19088145896656536,0.0,0.0060790273556231,0.00851063829787234,0.0012158054711246201,0.013373860182370821,0.00364741641337386,0.0012158054711246201,0.0425531914893617,822.5
17880,42.82454,-72.42867,9750.0,0.0008064516129032258,0.012096774193548387,0.0,0.4774193548387097,0.0,0.06129032258064516,0.014516129032258065,0.0,0.0,0.0016129032258064516,0.0,0.008064516129032258,0.0016129032258064516,0.0,0.42258064516129035,620.0
17880,42.82454,-72.42867,10250.0,0.20068027210884354,0.06349206349206349,0.009070294784580499,0.1893424036281179,0.0,0.23356009070294784,0.031746031746031744,0.0,0.015873015873015872,0.006802721088435374,0.0022675736961451248,0.0022675736961451248,0.08163265306122448,0.018140589569160998,0.14512471655328799,441.0
17880,42.82454,-72.42867,10750.0,0.1447811447811448,0.0765993265993266,0.005050505050505051,0.2803030303030303,0.003367003367003367,0.27441077441077444,0.021885521885521887,0.0,0.013468013468013467,0.0016835016835016834,0.0,0.0016835016835016834,0.058922558922558925,0.04208754208754209,0.07575757575757576,594.0
17880,42.82454,-72.42867,11250.0,0.3669222343921139,0.08214676889375684,0.017524644030668127,0.17524644030668127,0.00547645125958379,0.1380065717415115,0.013143483023001095,0.0,0.004381161007667032,0.004381161007667032,0.002190580503833516,0.0,0.07228915662650602,0.004381161007667032,0.11391018619934283,456.5
17880,42.82454,-72.42867,11750.0,0.32635135135135135,0.08851351351351351,0.002702702702702703,0.17364864864864865,0.002027027027027027,0.14864864864864866,0.02972972972972973,0.0,0.004054054054054054,0.0,0.0,0.0013513513513513514,0.02972972972972973,0.012162162162162163,0.1810810810810811,740.0
17880,42.82454,-72.42867,12250.0,0.3157162726008345,0.12795549374130738,0.0,0.16968011126564672,0.0,0.15577190542420027,0.0027816411682892906,0.0,0.0027816411682892906,0.0,0.0,0.0,0.0027816411682892906,0.03337969401947149,0.18915159944367177,359.5
17880,42.82454,-72.42867,12750.0,0.47520184544405997,0.025374855824682813,0.0,0.08650519031141868,0.0,0.08996539792387544,0.0392156862745098,0.002306805074971165,0.01384083044982699,0.00461361014994233,0.002306805074971165,0.0,0.01384083044982699,0.011534025374855825,0.23529411764705882,433.5
17880,42.82454,-72.42867,13250.0,0.5104651162790698,0.030232558139534883,0.0,0.09651162790697675,0.0,0.07209302325581396,0.03953488372093023,0.0,0.0069767441860465115,0.0,0.0,0.0,0.0069767441860465115,0.030232558139534883,0.2069767441860465,430.0
17880,42.82454,-72.42867,13750.0,0.48596112311015116,0.011879049676025918,0.0,0.091792656587473,0.0,0.08855291576673865,0.04319654427645788,0.0,0.0064794816414686825,0.0021598272138228943,0.0,0.0,0.0,0.023758099352051837,0.24622030237580994,463.0
17880,42.82454,-72.42867,14250.0,0.5937694704049844,0.006853582554517134,0.0024922118380062306,0.06791277258566979,0.0,0.058566978193146414,0.03987538940809969,0.0,0.004984423676012461,0.0012461059190031153,0.0012461059190031153,0.0,0.0024922118380062306,0.014953271028037384,0.205607476635514,802.5
17880,42.82454,-72.42867,14750.0,0.527891156462585,0.005442176870748299,0.0,0.09115646258503401,0.0,0.09795918367346938,0.04625850340136054,0.0,0.027210884353741496,0.005442176870748299,0.005442176870748299,0.0,0.005442176870748299,0.029931972789115645,0.15782312925170067,367.5
19937,41.757238,-86.522242,250.0,0.013127666557269446,0.0118148999015425,0.009189366590088613,0.007548408270429931,0.0,0.019035116508040694,0.1798490318345914,0.06038726616343945,0.054479816212668196,0.05382343288480473,0.03675746636035445,0.12208729898260584,0.006563833278634723,0.006563833278634723,0.4187725631768953,1523.5
19937,41.757238,-86.522242,750.0,0.004340277777777778,0.008680555555555556,0.008680555555555556,0.006076388888888889,0.0,0.013888888888888888,0.1996527777777778,0.08333333333333333,0.1371527777777778,0.07465277777777778,0.019097222222222224,0.1440972222222222,0.001736111111111111,0.008680555555555556,0.2899305555555556,576.0
19937,41.757238,-86.522242,1250.0,0.014077163712200209,0.024504692387904068,0.01981230448383733,0.006256517205422315,0.0,0.01251303441084463,0.21689259645464026,0.15849843587069865,0.1261730969760167,0.08654848800834203,0.01981230448383733,0.10010427528675704,0.0031282586027111575,0.021897810218978103,0.1897810218978102,959.0
19937,41.757238,-86.522242,1750.0,0.0029607698001480384,0.006661732050333087,0.023686158401184307,0.0,0.0,0.014803849000740192,0.29015544041450775,0.15099925980754997,0.14655810510732792,0.07549962990377498,0.02220577350111029,0.08586232420429311,0.005921539600296077,0.007401924500370096,0.16728349370836418,675.5
19937,41.757238,-86.522242,2250.0,0.00783435926133184,0.003357582540570789,0.03581421376608842,0.005036373810856184,0.0,0.006715165081141578,0.4017907106883044,0.024622271964185788,0.09289311695579183,0.027979854504756575,0.05036373810856184,0.12534974818130945,0.002238388360380526,0.01790710688304421,0.19809736989367654,893.5
19937,41.757238,-86.522242,2750.0,0.006276150627615063,0.009623430962343096,0.021757322175732216,0.009205020920502092,0.0,0.00502092050209205,0.4,0.03096234309623431,0.10125523012552301,0.03765690376569038,0.06527196652719665,0.10125523012552301,0.0,0.013389121338912133,0.198326359832636,1195.0
19937,41.757238,-86.522242,3250.0,0.0011716461628588166,0.013473930872876391,0.015231400117164616,0.014059753954305799,0.0,0.01054481546572935,0.3468072642062097,0.10310486233157587,0.08904510837727006,0.04452255418863503,0.051552431165787935,0.10779144698301113,0.0011716461628588166,0.0,0.20152314001171645,853.5
19937,41.757238,-86.522242,3750.0,0.0029251984956122023,0.007939824488090262,0.020058503969912243,0.0037609694943585457,0.0,0.003343083994985374,0.23150856665273714,0.1554534057668199,0.10530714584203928,0.09444212285833682,0.055996656916005014,0.11199331383201003,0.003343083994985374,0.001671541997492687,0.20225658169661512,1196.5
19937,41.757238,-86.522242,4250.0,0.0028630921395106715,0.008849557522123894,0.019260801665799063,0.005986465382613222,0.0,0.007808433107756377,0.32899531494013534,0.10255075481520042,0.07756376887038001,0.07496095783446122,0.05413846954711088,0.10463300364393545,0.0005205622071837585,0.0052056220718375845,0.20666319625195212,1921.0
19937,41.757238,-86.522242,4750.0,0.0026795284030010718,0.008842443729903537,0.03590568060021436,0.0013397642015005359,0.0,0.0037513397642015005,0.27009646302250806,0.12968917470525188,0.07502679528403002,0.07717041800643087,0.05251875669882101,0.12379421221864952,0.0021436227224008574,0.003215434083601286,0.21382636655948553,1866.0
19937,41.757238,-86.522242,5250.0,0.004005722460658083,0.013161659513590844,0.01430615164520744,0.004291845493562232,0.0,0.005150214592274678,0.3708154506437768,0.11101573676680973,0.0709585121602289,0.07210300429184549,0.044062947067238914,0.09728183118741059,0.002861230329041488,0.006294706723891273,0.18369098712446352,1747.5
19937,41.757238,-86.522242,5750.0,0.010727969348659003,0.00996168582375479,0.0035759897828863347,0.0030651340996168583,0.0,0.004086845466155811,0.33665389527458495,0.20587484035759898,0.051596424010217114,0.12464878671775223,0.05261813537675607,0.05517241379310345,0.0010217113665389529,0.0020434227330779057,0.13895274584929757,1957.5
19937,41.757238,-86.522242,6250.0,0.0016556291390728477,0.01179635761589404,0.004552980132450331,0.005173841059602649,0.0,0.0028973509933774835,0.32491721854304634,0.16142384105960264,0.07119205298013245,0.15811258278145696,0.06001655629139073,0.05422185430463576,0.0012417218543046358,0.0004139072847682119,0.1423841059602649,2416.0
19937,41.757238,-86.522242,6750.0,0.0006044122091266244,0.009066183136899365,0.0,0.003324267150196434,0.0,0.0042308854638863705,0.31610758537322453,0.11181625868842551,0.07313387730432155,0.18495013599274707,0.05983680870353581,0.06708975521305531,0.0,0.0012088244182532487,0.1686310063463282,1654.5
19937,41.757238,-86.522242,7250.0,0.0,0.011409395973154362,0.0,0.005369127516778523,0.0,0.004697986577181208,0.4120805369127517,0.010067114093959731,0.08590604026845637,0.1657718120805369,0.06778523489932886,0.07114093959731543,0.0026845637583892616,0.0,0.16308724832214766,1490.0
19937,41.757238,-86.522242,7750.0,0.004368279569892473,0.017137096774193547,0.0,0.00739247311827957,0.0,0.005376344086021506,0.3736559139784946,0.004704301075268817,0.07661290322580645,0.1827956989247312,0.0625,0.06720430107526881,0.0,0.0020161290322580645,0.19623655913978494,1488.0
19937,41.757238,-86.522242,8250.0,0.0,0.02212208111429742,0.0016386726751331422,0.0028676771814829987,0.0,0.004916018025399427,0.4694797214256452,0.00819336337566571,0.05489553461696026,0.14829987709954937,0.050798852929127405,0.062269561655059404,0.0,0.0016386726751331422,0.1728799672265465,1220.5
19937,41.757238,-86.522242,8750.0,0.004129606099110546,0.026048284625158832,0.0019059720457433292,0.004764930114358323,0.0,0.0031766200762388818,0.5050825921219823,0.0031766200762388818,0.06353240152477764,0.08576874205844981,0.04891994917407878,0.07750952986022872,0.0,0.0,0.17598475222363405,1574.0
19937,41.757238,-86.522242,9250.0,0.002803738317757009,0.023052959501557634,0.0012461059190031153,0.022118380062305296,0.0006230529595015577,0.0012461059190031153,0.4953271028037383,0.006230529595015576,0.0616822429906542,0.09034267912772585,0.05482866043613707,0.051713395638629284,0.0,0.0,0.18878504672897195,1605.0
19937,41.757238,-86.522242,9750.0,0.02702702702702703,0.013763763763763764,0.002002002002002002,0.025275275275275275,0.0,0.0015015015015015015,0.34984984984984985,0.00850850850850851,0.052552552552552555,0.12962962962962962,0.07057057057057058,0.05755755755755756,0.0005005005005005005,0.0045045045045045045,0.25675675675675674,1998.0
19937,41.757238,-86.522242,10250.0,0.047795722391968574,0.059144478393714534,0.002182453077258839,0.04364906154517678,0.0,0.008729812309035356,0.2614578786556089,0.0013094718463553033,0.032736796158882586,0.13924050632911392,0.060672195547795724,0.056307289393278045,0.0030554343081623746,0.004364906154517678,0.2793539938891314,2291.0
19937,41.757238,-86.522242,10750.0,0.053899652260308,0.041728763040238454,0.004470938897168405,0.1602086438152012,0.0004967709885742673,0.03378042722305018,0.16790859413810233,0.0029806259314456036,0.07451564828614009,0.14704421261798312,0.026328862394436166,0.022851465474416296,0.0029806259314456036,0.0029806259314456036,0.2578241430700447,2013.0
19937,41.757238,-86.522242,11250.0,0.1595223515003062,0.11114513165952235,0.014696876913655848,0.32761788120024493,0.000612369871402327,0.05756276791181874,0.056338028169014086,0.0,0.04041641151255358,0.0385793018983466,0.007348438456827924,0.012859767299448868,0.007348438456827924,0.000612369871402327,0.1653398652786283,1633.0
19937,41.757238,-86.522242,11750.0,0.35961594413732906,0.16555135292406167,0.01338376491125982,0.10590631364562118,0.0011638056444573757,0.0069828338667442535,0.06284550480069828,0.0005819028222286878,0.05819028222286878,0.012801862089031132,0.009310445155659005,0.0069828338667442535,0.0023276112889147513,0.006400931044515566,0.18795461157986615,1718.5
19937,41.757238,-86.522242,12250.0,0.2609308885754584,0.11424541607898449,0.011283497884344146,0.009873060648801129,0.0,0.0028208744710860366,0.11847672778561354,0.005641748942172073,0.11847672778561354,0.02538787023977433,0.02538787023977433,0.031029619181946404,0.0,0.014104372355430184,0.2623413258110014,354.5
19937,41.757238,-86.522242,13250.0,0.3629139072847682,0.10463576158940398,0.02119205298013245,0.0026490066225165563,0.0,0.0,0.10331125827814569,0.0,0.10066225165562914,0.02119205298013245,0.005298013245033113,0.03443708609271523,0.0,0.02119205298013245,0.22251655629139072,377.5
19937,41.757238,-86.522242,13750.0,0.3294198895027624,0.0324585635359116,0.009668508287292817,0.012430939226519336,0.0,0.008287292817679558,0.08287292817679558,0.0,0.16160220994475138,0.020718232044198894,0.012430939226519336,0.022099447513812154,0.0013812154696132596,0.0013812154696132596,0.3052486187845304,724.0
19937,41.757238,-86.522242,14750.0,0.41470756880733944,0.03397362385321101,0.013474770642201836,0.0194954128440367,0.00028669724770642203,0.0034403669724770644,0.06364678899082568,0.0020068807339449542,0.10435779816513761,0.016628440366972478,0.014621559633027524,0.013188073394495414,0.0034403669724770644,0.01863532110091743,0.27809633027522934,3488.0
20515,41.097272,-74.640604,250.0,0.0,0.0,0.007342143906020558,0.09397944199706314,0.055800293685756244,0.09691629955947137,0.46402349486049926,0.013215859030837005,0.016152716593245228,0.005873715124816446,0.10866372980910426,0.007342143906020558,0.0,0.0,0.13069016152716592,681.0
20515,41.097272,-74.640604,750.0,0.0,0.0,0.01141552511415525,0.04680365296803653,0.08105022831050228,0.10273972602739725,0.5559360730593608,0.017123287671232876,0.01141552511415525,0.01141552511415525,0.09018264840182648,0.0182648401826484,0.00684931506849315,0.0,0.04680365296803653,876.0
20515,41.097272,-74.640604,1250.0,0.0,0.0,0.00904392764857881,0.08914728682170543,0.06632213608957795,0.09646856158484066,0.5753660637381568,0.013350559862187769,0.0103359173126615,0.009905254091300603,0.082687338501292,0.009474590869939707,0.007321274763135229,0.0,0.0305770887166236,2322.0
20515,41.097272,-74.640604,1750.0,0.0,0.0,0.009845288326300985,0.09423347398030943,0.07876230661040788,0.09282700421940929,0.5049226441631505,0.02390998593530239,0.009845288326300985,0.014064697609001406,0.13361462728551335,0.005625879043600563,0.0028129395218002813,0.0,0.029535864978902954,711.0
20515,41.097272,-74.640604,2250.0,0.0,0.0,0.010517799352750809,0.07766990291262135,0.05177993527508091,0.10355987055016182,0.5453074433656958,0.032362459546925564,0.006472491909385114,0.00889967637540453,0.10517799352750809,0.012135922330097087,0.0040453074433656954,0.0,0.042071197411003236,1236.0
20515,41.097272,-74.640604,2750.0,0.0,0.0,0.008547008547008548,0.1014957264957265,0.04807692307692308,0.09081196581196581,0.5566239316239316,0.022435897435897436,0.008547008547008548,0.008547008547008548,0.11645299145299146,0.00641025641025641,0.004273504273504274,0.0,0.027777777777777776,936.0
20515,41.097272,-74.640604,3250.0,0.0,0.0,0.008982035928143712,0.06287425149700598,0.020958083832335328,0.11177644710578842,0.5838323353293413,0.017964071856287425,0.011976047904191617,0.00998003992015968,0.0968063872255489,0.00998003992015968,0.011976047904191617,0.0,0.05289421157684631,1002.0
20515,41.097272,-74.640604,3750.0,0.0,0.0,0.009424083769633508,0.06806282722513089,0.024083769633507852,0.09947643979057591,0.5602094240837696,0.023036649214659685,0.009424083769633508,0.018848167539267015,0.15392670157068064,0.008376963350785341,0.0031413612565445027,0.0,0.02198952879581152,955.0
20515,41.097272,-74.640604,4250.0,0.0,0.0,0.006764374295377677,0.08793686583990981,0.007891770011273957,0.0935738444193912,0.5941375422773394,0.03156708004509583,0.013528748590755355,0.013528748590755355,0.07440811724915446,0.019165727170236752,0.006764374295377677,0.0,0.05073280721533258,887.0
20515,41.097272,-74.640604,4750.0,0.0,0.0,0.014508928571428572,0.10267857142857142,0.017857142857142856,0.08705357142857142,0.5825892857142857,0.027901785714285716,0.004464285714285714,0.021205357142857144,0.07589285714285714,0.0078125,0.005580357142857143,0.0,0.052455357142857144,896.0
20515,41.097272,-74.640604,5250.0,0.0,0.0,0.009212730318257957,0.06197654941373534,0.017587939698492462,0.07705192629815745,0.6247906197654941,0.02847571189279732,0.007537688442211055,0.025963149078726967,0.08458961474036851,0.011725293132328308,0.005862646566164154,0.0,0.04522613065326633,1194.0
20515,41.097272,-74.640604,5750.0,0.0,0.0,0.015151515151515152,0.0367965367965368,0.09199134199134198,0.06818181818181818,0.579004329004329,0.0183982683982684,0.010822510822510822,0.022727272727272728,0.09632034632034632,0.012987012987012988,0.00974025974025974,0.0,0.03787878787878788,924.0
20515,41.097272,-74.640604,6250.0,0.0,0.0,0.01054481546572935,0.04657293497363796,0.10105448154657294,0.05711775043936731,0.6379613356766256,0.021968365553602813,0.007029876977152899,0.012302284710017574,0.0492091388400703,0.013181019332161687,0.0035149384885764497,0.0,0.03954305799648506,1138.0
20515,41.097272,-74.640604,6750.0,0.0,0.0,0.014150943396226415,0.059748427672955975,0.11477987421383648,0.08647798742138364,0.5550314465408805,0.020440251572327043,0.009433962264150943,0.0330188679245283,0.04874213836477988,0.007861635220125786,0.0047169811320754715,0.0,0.04559748427672956,636.0
20515,41.097272,-74.640604,7250.0,0.0,0.0,0.01434878587196468,0.052980132450331126,0.12472406181015452,0.06070640176600441,0.6181015452538632,0.019867549668874173,0.012141280353200883,0.02207505518763797,0.019867549668874173,0.009933774834437087,0.002207505518763797,0.0,0.04304635761589404,906.0
20515,41.097272,-74.640604,7750.0,0.0,0.0,0.007234726688102894,0.03295819935691318,0.07958199356913183,0.04823151125401929,0.7041800643086816,0.01929260450160772,0.013665594855305467,0.028135048231511254,0.01045016077170418,0.008842443729903537,0.00482315112540193,0.0,0.04260450160771704,1244.0
20515,41.097272,-74.640604,8250.0,0.0,0.0,0.014481094127111826,0.06436041834271923,0.07401448109412712,0.06918744971842317,0.6838294448913917,0.016894609814963796,0.008849557522123894,0.012872083668543845,0.01850362027353178,0.008045052292839904,0.002413515687851971,0.0,0.02654867256637168,1243.0
20515,41.097272,-74.640604,8750.0,0.0,0.0,0.017741935483870968,0.1032258064516129,0.06290322580645161,0.05161290322580645,0.6564516129032258,0.0064516129032258064,0.00967741935483871,0.014516129032258065,0.02258064516129032,0.0032258064516129032,0.0064516129032258064,0.0,0.04516129032258064,620.0
20515,41.097272,-74.640604,9250.0,0.0,0.0,0.011001100110011002,0.12211221122112212,0.03850385038503851,0.06050605060506051,0.6974697469746974,0.006600660066006601,0.006600660066006601,0.006600660066006601,0.005500550055005501,0.0088008800880088,0.0033003300330033004,0.0,0.033003300330033,909.0
20515,41.097272,-74.640604,9750.0,0.0,0.0,0.014446227929373997,0.2712680577849117,0.02247191011235955,0.060995184590690206,0.5698234349919743,0.0016051364365971107,0.004815409309791332,0.014446227929373997,0.0,0.0016051364365971107,0.008025682182985553,0.0,0.030497592295345103,623.0
20515,41.097272,-74.640604,10250.0,0.0,0.0,0.007849293563579277,0.4207221350078493,0.07221350078492936,0.04709576138147567,0.4065934065934066,0.0,0.0031397174254317113,0.0141287284144427,0.0,0.0031397174254317113,0.007849293563579277,0.0,0.01726844583987441,637.0
20515,41.097272,-74.640604,10750.0,0.002105263157894737,0.0,0.009473684210526316,0.46842105263157896,0.13052631578947368,0.04421052631578947,0.31157894736842107,0.0,0.003157894736842105,0.009473684210526316,0.0010526315789473684,0.005263157894736842,0.0,0.0,0.014736842105263158,950.0
20515,41.097272,-74.640604,11250.0,0.004651162790697674,0.0,0.013953488372093023,0.5325581395348837,0.04263565891472868,0.09457364341085271,0.20775193798449612,0.007751937984496124,0.011627906976744186,0.02945736434108527,0.005426356589147287,0.013953488372093023,0.006201550387596899,0.0,0.02945736434108527,1290.0
20515,41.097272,-74.640604,11750.0,0.04888888888888889,0.0,0.01,0.5666666666666667,0.012222222222222223,0.2588888888888889,0.03666666666666667,0.0,0.0033333333333333335,0.005555555555555556,0.0,0.0044444444444444444,0.04,0.0,0.013333333333333334,900.0
20515,41.097272,-74.640604,12250.0,0.19560669456066945,0.0041841004184100415,0.03556485355648536,0.49372384937238495,0.0010460251046025104,0.09937238493723849,0.06694560669456066,0.0020920502092050207,0.009414225941422594,0.0020920502092050207,0.0010460251046025104,0.0010460251046025104,0.051255230125523014,0.0,0.036610878661087864,956.0
39474,46.31815400000001,-69.06188,250.0,0.13384484228473997,0.017902813299232736,0.008525149190110827,0.17817561807331628,0.013640238704177323,0.44671781756180734,0.030690537084398978,0.0392156862745098,0.0034100596760443308,0.005967604433077579,0.0,0.0076726342710997444,0.014492753623188406,0.011935208866155157,0.08780903665814152,1173.0
39474,46.31815400000001,-69.06188,750.0,0.08559782608695653,0.008152173913043478,0.008152173913043478,0.17391304347826086,0.03125,0.5108695652173914,0.033967391304347824,0.051630434782608696,0.008152173913043478,0.006793478260869565,0.001358695652173913,0.008152173913043478,0.012228260869565218,0.005434782608695652,0.05434782608695652,736.0
39474,46.31815400000001,-69.06188,1250.0,0.0962406015037594,0.013533834586466165,0.010526315789473684,0.14586466165413534,0.11127819548872181,0.46616541353383456,0.02556390977443609,0.06917293233082707,0.009022556390977444,0.0015037593984962407,0.0,0.010526315789473684,0.009022556390977444,0.004511278195488722,0.02706766917293233,665.0
39474,46.31815400000001,-69.06188,1750.0,0.03185247275775356,0.01173512154233026,0.008382229673093043,0.11902766135792121,0.09388097233864208,0.5423302598491199,0.02347024308466052,0.08717518860016764,0.010058675607711651,0.010896898575020955,0.0008382229673093043,0.00586756077116513,0.0075440067057837385,0.0,0.04694048616932104,1193.0
39474,46.31815400000001,-69.06188,2250.0,0.012626262626262626,0.015151515151515152,0.0025252525252525255,0.12878787878787878,0.09090909090909091,0.5303030303030303,0.015151515151515152,0.07828282828282829,0.005050505050505051,0.010101010101010102,0.0,0.0025252525252525255,0.030303030303030304,0.0,0.07828282828282829,396.0
39474,46.31815400000001,-69.06188,2750.0,0.018229166666666668,0.0026041666666666665,0.005208333333333333,0.15364583333333334,0.036458333333333336,0.5442708333333334,0.03125,0.1015625,0.010416666666666666,0.0078125,0.0026041666666666665,0.005208333333333333,0.015625,0.0,0.06510416666666667,384.0
39474,46.31815400000001,-69.06188,3250.0,0.011267605633802818,0.014084507042253521,0.008450704225352112,0.28732394366197184,0.061971830985915494,0.4732394366197183,0.014084507042253521,0.05070422535211268,0.014084507042253521,0.011267605633802818,0.0,0.005633802816901409,0.008450704225352112,0.005633802816901409,0.03380281690140845,355.0
39474,46.31815400000001,-69.06188,3750.0,0.01875901875901876,0.012987012987012988,0.004329004329004329,0.1847041847041847,0.03318903318903319,0.5685425685425686,0.021645021645021644,0.08225108225108226,0.011544011544011544,0.0,0.0,0.007215007215007215,0.010101010101010102,0.001443001443001443,0.04329004329004329,693.0
39474,46.31815400000001,-69.06188,4250.0,0.015209125475285171,0.008027038445289396,0.002957329953527672,0.22686945500633712,0.011829319814110688,0.5623151668779045,0.058301647655259824,0.03506548373468526,0.018588931136459652,0.0021123785382340513,0.0,0.011829319814110688,0.015209125475285171,0.0025348542458808617,0.029150823827629912,2367.0
39474,46.31815400000001,-69.06188,4750.0,0.02011095700416089,0.013176144244105409,0.0020804438280166435,0.21081830790568654,0.010402219140083218,0.5998613037447988,0.046463245492371706,0.022191400832177532,0.017337031900138695,0.006934812760055479,0.0,0.013176144244105409,0.0159500693481276,0.0006934812760055479,0.020804438280166437,1442.0
39474,46.31815400000001,-69.06188,5250.0,0.009621166566446182,0.009621166566446182,0.004810583283223091,0.16416115453998797,0.1539386650631389,0.5580276608538786,0.03126879134095009,0.018641010222489478,0.012627781118460614,0.004810583283223091,0.0,0.013830426939266387,0.00661455201443175,0.0006013229104028864,0.011425135297654841,1663.0
39474,46.31815400000001,-69.06188,5750.0,0.008038585209003215,0.0026795284030010718,0.0010718113612004287,0.19882100750267953,0.19560557341907825,0.49517684887459806,0.024115755627009645,0.016613076098606645,0.006430868167202572,0.00857449088960343,0.0005359056806002144,0.008038585209003215,0.012861736334405145,0.0005359056806002144,0.02090032154340836,1866.0
39474,46.31815400000001,-69.06188,6250.0,0.010825439783491205,0.0040595399188092015,0.0013531799729364006,0.2313937753721245,0.10013531799729364,0.5372124492557511,0.02571041948579161,0.009472259810554804,0.013531799729364006,0.0040595399188092015,0.0013531799729364006,0.009472259810554804,0.02029769959404601,0.0040595399188092015,0.02706359945872801,739.0
39474,46.31815400000001,-69.06188,6750.0,0.01651287032540068,0.016027197668771247,0.005342399222923749,0.345313258863526,0.06896551724137931,0.3841670713938805,0.07527926177756192,0.00825643516270034,0.013598834385624089,0.011170471102476931,0.0,0.014084507042253521,0.014084507042253521,0.0024283632831471587,0.02476930548810102,2059.0
39474,46.31815400000001,-69.06188,7250.0,0.03492786636294609,0.019741837509491267,0.002277904328018223,0.32801822323462415,0.04176157934700076,0.3553530751708428,0.08656036446469248,0.004555808656036446,0.04859529233105543,0.012908124525436599,0.0015186028853454822,0.007593014426727411,0.019741837509491267,0.006074411541381929,0.030372057706909643,1317.0
39474,46.31815400000001,-69.06188,7750.0,0.02347762289068232,0.019075568598679385,0.005135730007336757,0.4768892149669846,0.029347028613352897,0.2516507703595011,0.08217168011738811,0.005135730007336757,0.019075568598679385,0.016874541452677916,0.0,0.004402054292002935,0.016874541452677916,0.01760821716801174,0.032281731474688186,1363.0
39474,46.31815400000001,-69.06188,8250.0,0.027842227378190254,0.002320185614849188,0.009280742459396751,0.35730858468677495,0.02320185614849188,0.35498839907192575,0.09280742459396751,0.009280742459396751,0.02088167053364269,0.01160092807424594,0.002320185614849188,0.013921113689095127,0.025522041763341066,0.009280742459396751,0.03944315545243619,431.0
39474,46.31815400000001,-69.06188,8750.0,0.04794952681388013,0.014511041009463722,0.008201892744479496,0.37917981072555207,0.008832807570977918,0.41261829652996845,0.04227129337539432,0.0031545741324921135,0.008832807570977918,0.008832807570977918,0.0,0.0037854889589905363,0.026498422712933754,0.004416403785488959,0.030914826498422712,1585.0
39474,46.31815400000001,-69.06188,9250.0,0.0535279805352798,0.0413625304136253,0.009732360097323601,0.40145985401459855,0.009732360097323601,0.30413625304136255,0.05596107055961071,0.0,0.0170316301703163,0.014598540145985401,0.0,0.0024330900243309003,0.051094890510948905,0.004866180048661801,0.0340632603406326,411.0
39474,46.31815400000001,-69.06188,9750.0,0.03869969040247678,0.02476780185758514,0.011609907120743035,0.28560371517027866,0.005417956656346749,0.46904024767801855,0.05572755417956656,0.0007739938080495357,0.01238390092879257,0.008513931888544891,0.0,0.0023219814241486067,0.03715170278637771,0.016253869969040248,0.03173374613003096,1292.0
39474,46.31815400000001,-69.06188,10250.0,0.06373626373626373,0.07472527472527472,0.004395604395604396,0.27472527472527475,0.002197802197802198,0.48131868131868133,0.02857142857142857,0.0,0.002197802197802198,0.004395604395604396,0.0,0.0,0.03076923076923077,0.01098901098901099,0.02197802197802198,455.0
39474,46.31815400000001,-69.06188,10750.0,0.05944055944055944,0.045454545454545456,0.0017482517482517483,0.1346153846153846,0.0034965034965034965,0.5437062937062938,0.03146853146853147,0.0,0.013986013986013986,0.0017482517482517483,0.0017482517482517483,0.0,0.11538461538461539,0.006993006993006993,0.04020979020979021,572.0
39474,46.31815400000001,-69.06188,11250.0,0.04580152671755725,0.05561613958560523,0.011995637949836423,0.12104689203925845,0.0054525627044711015,0.520174482006543,0.027262813522355506,0.0,0.004362050163576881,0.0054525627044711015,0.0010905125408942203,0.0010905125408942203,0.14940021810250817,0.0054525627044711015,0.04580152671755725,917.0
39474,46.31815400000001,-69.06188,11750.0,0.059245960502693,0.012567324955116697,0.017953321364452424,0.07719928186714542,0.005385996409335727,0.5278276481149012,0.03770197486535009,0.0,0.01615798922800718,0.003590664272890485,0.0,0.0,0.12746858168761221,0.04308797127468582,0.0718132854578097,557.0
39474,46.31815400000001,-69.06188,12250.0,0.21298882681564246,0.00558659217877095,0.002793296089385475,0.13687150837988826,0.0111731843575419,0.30027932960893855,0.07681564245810056,0.0013966480446927375,0.01047486033519553,0.004189944134078212,0.0013966480446927375,0.002793296089385475,0.10963687150837989,0.02164804469273743,0.10195530726256984,1432.0
39474,46.31815400000001,-69.06188,12750.0,0.23060845518782608,0.0128620465123757,0.0018167640698730674,0.1846105613479425,0.0012299331977459263,0.3331350434496008,0.019767357733707403,0.0016077558140469624,0.004019389535117406,0.0008038779070234812,0.0016077558140469624,0.0,0.027685555117888692,0.015796200873011406,0.16444930343979355,1243.97
39474,46.31815400000001,-69.06188,13250.0,0.027777777777777776,0.007936507936507936,0.010912698412698412,0.05257936507936508,0.001984126984126984,0.41964285714285715,0.00992063492063492,0.0,0.000992063492063492,0.0,0.016865079365079364,0.0,0.010912698412698412,0.0873015873015873,0.3531746031746032,1008.0
39474,46.31815400000001,-69.06188,13750.0,0.038910505836575876,0.0038910505836575876,0.019455252918287938,0.09727626459143969,0.011673151750972763,0.06614785992217899,0.023346303501945526,0.0,0.0038910505836575876,0.0,0.0,0.0,0.01556420233463035,0.13618677042801555,0.5836575875486382,257.0
39474,46.31815400000001,-69.06188,14250.0,0.0,0.0,0.013513513513513514,0.16666666666666666,0.0,0.0990990990990991,0.036036036036036036,0.0,0.009009009009009009,0.0045045045045045045,0.0,0.0,0.0,0.07207207207207207,0.5990990990990991,222.0
39474,46.31815400000001,-69.06188,14750.0,0.055944055944055944,0.0,0.0,0.14685314685314685,0.0,0.06293706293706294,0.027972027972027972,0.0,0.0,0.0,0.0,0.0,0.0,0.1258741258741259,0.5804195804195804,143.0
40111,34.16699,-80.77682200000001,250.0,0.0,0.0,0.0,0.7974300831443688,0.0,0.0015117157974300832,0.1360544217687075,0.0,0.0,0.0030234315948601664,0.012093726379440665,0.0,0.0015117157974300832,0.0,0.04837490551776266,661.5
40111,34.16699,-80.77682200000001,750.0,0.0,0.0,0.0,0.7238307349665924,0.0,0.002969561989606533,0.17817371937639198,0.0,0.002969561989606533,0.0014847809948032665,0.014847809948032665,0.0014847809948032665,0.005939123979213066,0.0,0.06829992576095026,673.5
40111,34.16699,-80.77682200000001,1250.0,0.0,0.0,0.0,0.6727272727272727,0.0,0.002797202797202797,0.24615384615384617,0.002797202797202797,0.0,0.002797202797202797,0.011188811188811189,0.0,0.0,0.0,0.06153846153846154,357.5
40111,34.16699,-80.77682200000001,1750.0,0.0,0.0,0.0,0.6814988290398126,0.0,0.00468384074941452,0.18266978922716628,0.0,0.00156128024980484,0.00312256049960968,0.01405152224824356,0.00156128024980484,0.00468384074941452,0.0,0.10616705698672912,640.5
40111,34.16699,-80.77682200000001,2250.0,0.0,0.0,0.0,0.7262830482115086,0.0,0.0,0.17729393468118196,0.0,0.0,0.0,0.02177293934681182,0.0,0.003110419906687403,0.0,0.07153965785381027,321.5
40111,34.16699,-80.77682200000001,2750.0,0.0,0.0,0.0,0.7134099616858237,0.0,0.0015325670498084292,0.19770114942528735,0.0,0.0030651340996168583,0.0030651340996168583,0.012260536398467433,0.0015325670498084292,0.0,0.0,0.06743295019157088,652.5
40111,34.16699,-80.77682200000001,3250.0,0.0,0.0,0.0,0.7380952380952381,0.0,0.0,0.1836734693877551,0.0,0.0,0.006802721088435374,0.013605442176870748,0.0,0.003401360544217687,0.0,0.05442176870748299,294.0
40111,34.16699,-80.77682200000001,3750.0,0.0,0.0,0.0,0.8218978102189781,0.0,0.0,0.11678832116788321,0.0,0.0,0.0,0.014598540145985401,0.0,0.0,0.0,0.04671532846715328,342.5
40111,34.16699,-80.77682200000001,4250.0,0.0,0.0,0.0,0.6774193548387096,0.0,0.0030721966205837174,0.2119815668202765,0.0,0.0030721966205837174,0.0,0.009216589861751152,0.0,0.0,0.0,0.09523809523809523,325.5
40111,34.16699,-80.77682200000001,4750.0,0.0,0.0,0.0,0.6451612903225806,0.0,0.0032258064516129032,0.1774193548387097,0.0,0.0032258064516129032,0.0,0.012903225806451613,0.0,0.0,0.0,0.15806451612903225,310.0
40111,34.16699,-80.77682200000001,5250.0,0.0,0.0,0.0,0.6055045871559633,0.0,0.0030581039755351682,0.18654434250764526,0.0,0.009174311926605505,0.0061162079510703364,0.012232415902140673,0.0,0.0,0.0,0.17737003058103976,327.0
40111,34.16699,-80.77682200000001,5750.0,0.0,0.0,0.0,0.6273764258555133,0.0,0.0,0.17490494296577946,0.0,0.001520912547528517,0.003041825095057034,0.003041825095057034,0.0,0.003041825095057034,0.0,0.1870722433460076,657.5
40111,34.16699,-80.77682200000001,6250.0,0.0,0.0,0.0,0.6540880503144654,0.0,0.0,0.20125786163522014,0.0,0.0031446540880503146,0.0,0.006289308176100629,0.0,0.0,0.0,0.13522012578616352,318.0
40111,34.16699,-80.77682200000001,6750.0,0.0,0.0,0.0,0.4494658997534922,0.0,0.0,0.40427280197206245,0.0016433853738701725,0.003286770747740345,0.0016433853738701725,0.011503697617091208,0.0,0.0016433853738701725,0.0,0.1265406737880033,608.5
40111,34.16699,-80.77682200000001,7250.0,0.0,0.0,0.0,0.40372670807453415,0.0,0.0,0.45962732919254656,0.0,0.003105590062111801,0.006211180124223602,0.018633540372670808,0.003105590062111801,0.003105590062111801,0.0,0.10248447204968944,322.0
40111,34.16699,-80.77682200000001,7750.0,0.0,0.0,0.0,0.26324110671936757,0.0,0.0031620553359683794,0.5802371541501976,0.0047430830039525695,0.0031620553359683794,0.0031620553359683794,0.015810276679841896,0.0,0.006324110671936759,0.0,0.12015810276679842,632.5
40111,34.16699,-80.77682200000001,8250.0,0.0010198878123406426,0.0,0.0,0.30341662417134113,0.0,0.00407955124936257,0.5721570627231004,0.0030596634370219276,0.006119326874043855,0.013258541560428353,0.014278429372768995,0.0,0.0071392146863844975,0.0,0.07547169811320754,980.5
40111,34.16699,-80.77682200000001,8750.0,0.0,0.0,0.0,0.30587644399799097,0.0010045203415369162,0.0020090406830738324,0.574585635359116,0.00803616273229533,0.006027122049221497,0.004018081366147665,0.025113008538422903,0.0020090406830738324,0.0030135610246107484,0.0,0.0683073832245103,995.5
40111,34.16699,-80.77682200000001,9250.0,0.0,0.0,0.0,0.2732166890982503,0.0,0.0026917900403768506,0.5868102288021534,0.005383580080753701,0.0026917900403768506,0.008075370121130552,0.021534320323014805,0.0026917900403768506,0.010767160161507403,0.0,0.08613728129205922,371.5
40111,34.16699,-80.77682200000001,9750.0,0.0,0.0,0.0,0.4076335877862595,0.0,0.00916030534351145,0.4549618320610687,0.00916030534351145,0.0030534351145038168,0.0,0.03969465648854962,0.0,0.0061068702290076335,0.0,0.07022900763358779,327.5
40111,34.16699,-80.77682200000001,10250.0,0.0,0.0,0.0,0.23846153846153847,0.002197802197802198,0.004395604395604396,0.5604395604395604,0.03076923076923077,0.002197802197802198,0.008791208791208791,0.054945054945054944,0.0,0.007692307692307693,0.0,0.09010989010989011,910.0
40111,34.16699,-80.77682200000001,10750.0,0.002031488065007618,0.0,0.0,0.052310817673946165,0.002031488065007618,0.008125952260030472,0.5231081767394616,0.08125952260030472,0.013204672422549517,0.01015744032503809,0.1015744032503809,0.001015744032503809,0.0111731843575419,0.0,0.19400711020822753,984.5
40111,34.16699,-80.77682200000001,11250.0,0.0053639846743295016,0.0,0.0,0.044444444444444446,0.004597701149425287,0.00842911877394636,0.5547892720306513,0.06590038314176246,0.006896551724137931,0.01992337164750958,0.11724137931034483,0.0007662835249042146,0.010727969348659003,0.0,0.16091954022988506,1305.0
40111,34.16699,-80.77682200000001,11750.0,0.009125840537944284,0.0,0.0,0.07060518731988473,0.0019212295869356388,0.0019212295869356388,0.5379442843419788,0.056676272814601344,0.005763688760806916,0.020172910662824207,0.1373679154658982,0.0038424591738712775,0.0067243035542747355,0.0,0.14793467819404418,1041.0
40111,34.16699,-80.77682200000001,12250.0,0.011904761904761904,0.0,0.0,0.10407066052227343,0.002304147465437788,0.005376344086021506,0.5076804915514593,0.023809523809523808,0.004608294930875576,0.013056835637480798,0.1382488479262673,0.0030721966205837174,0.01228878648233487,0.0,0.17357910906298002,1302.0
40111,34.16699,-80.77682200000001,12750.0,0.012272950417280314,0.0,0.0,0.15807560137457044,0.0009818360333824251,0.0039273441335297005,0.5027000490918017,0.008836524300441826,0.0019636720667648502,0.007854688267059401,0.13942071674030437,0.0029455081001472753,0.013745704467353952,0.0,0.14727540500736377,1018.5
40111,34.16699,-80.77682200000001,13250.0,0.013873265841769778,0.0,0.0,0.21147356580427445,0.0014998125234345708,0.005999250093738283,0.4446944131983502,0.0022497187851518562,0.0074990626171728535,0.008248968878890138,0.13948256467941508,0.0022497187851518562,0.005999250093738283,0.0,0.15673040869891264,1333.5
40111,34.16699,-80.77682200000001,13750.0,0.07967165620473202,0.00386286817962337,0.0,0.26460647030420087,0.0,0.00386286817962337,0.3399323998068566,0.008691453404152583,0.004828585224529213,0.008691453404152583,0.11878319652341864,0.001931434089811685,0.00772573635924674,0.0,0.15741187831965234,1035.5
40111,34.16699,-80.77682200000001,14250.0,0.13506994693680657,0.002894356005788712,0.0,0.346840328027014,0.0,0.00482392667631452,0.27206946454413894,0.018330921369995177,0.006753497346840328,0.007718282682103232,0.08779546550892427,0.000964785335262904,0.006753497346840328,0.0,0.10998552821997105,1036.5
40111,34.16699,-80.77682200000001,14750.0,0.09643395278754395,0.0,0.0,0.3219487694625816,0.0,0.004018081366147665,0.3304871923656454,0.010045203415369162,0.011049723756906077,0.010045203415369162,0.08337518834756404,0.0010045203415369162,0.007031642390758413,0.0,0.1245605223505776,995.5
40791,42.37758,-73.095044,250.0,0.004231052244297278,0.0,0.0,0.039735099337748346,0.13925680647534952,0.26968359087564386,0.14827078734363502,0.09860191317144959,0.030537159676232523,0.023178807947019868,0.020235467255334805,0.03090507726269316,0.01582045621780721,0.0,0.17954378219278883,2718.0
40791,42.37758,-73.095044,750.0,0.006172839506172839,0.0004409171075837742,0.0,0.03218694885361552,0.2768959435626102,0.22134038800705466,0.11199294532627865,0.17724867724867724,0.027336860670194002,0.01146384479717813,0.031746031746031744,0.027336860670194002,0.012345679012345678,0.0,0.06349206349206349,1134.0
40791,42.37758,-73.095044,1250.0,0.0027100271002710027,0.0,0.0,0.04878048780487805,0.2565492321589883,0.27100271002710025,0.14272809394760613,0.12104787714543812,0.01987353206865402,0.012646793134598013,0.03071364046973803,0.02168021680216802,0.009033423667570008,0.0,0.06323396567299007,553.5
40791,42.37758,-73.095044,1750.0,0.0014577259475218659,0.0,0.0,0.03158406219630709,0.2857142857142857,0.17589893100097181,0.13119533527696792,0.19047619047619047,0.013605442176870748,0.01749271137026239,0.022351797862001945,0.038872691933916424,0.008746355685131196,0.0,0.0826044703595724,1029.0
40791,42.37758,-73.095044,2250.0,0.0057361376673040155,0.0,0.0,0.032504780114722756,0.2982791586998088,0.21223709369024857,0.11663479923518165,0.17973231357552583,0.0248565965583174,0.032504780114722756,0.0038240917782026767,0.03824091778202677,0.0019120458891013384,0.0,0.05353728489483748,523.0
40791,42.37758,-73.095044,2750.0,0.009000473709142587,0.0009474182851729038,0.0,0.041212695405021316,0.27143533870203695,0.1989578398863098,0.0994789199431549,0.15158692562766463,0.022738038844149693,0.018948365703458078,0.028422548555187114,0.038844149692089054,0.007579346281383231,0.0,0.11084793936522976,1055.5
40791,42.37758,-73.095044,3250.0,0.007101642254771416,0.0,0.0,0.047936085219707054,0.24811362627607633,0.20772303595206393,0.11540168664003551,0.19174434087882822,0.016866400355082113,0.016866400355082113,0.036395916555703504,0.03994673768308921,0.006213936972924989,0.0,0.06569019085663559,1126.5
40791,42.37758,-73.095044,4250.0,0.002834199338686821,0.0,0.0,0.11525743977326405,0.10061407652338214,0.20878601794992915,0.2021728861596599,0.16060462919225318,0.02267359470949457,0.015115729806329713,0.03212092583845064,0.04345772319319792,0.007557864903164856,0.0,0.08880491261218705,1058.5
40791,42.37758,-73.095044,4750.0,0.0,0.0012718600953895071,0.0,0.05500794912559619,0.11383147853736089,0.22829888712241653,0.15007949125596184,0.25691573926868044,0.024165341812400636,0.02098569157392687,0.02670906200317965,0.04133545310015898,0.003179650238473768,0.0,0.0782193958664547,1572.5
40791,42.37758,-73.095044,5250.0,0.0007136060894386299,0.0,0.0,0.021646051379638438,0.36013320647002856,0.20694576593720265,0.10608943862987631,0.17649857278782113,0.01807802093244529,0.017602283539486202,0.013320647002854425,0.023311132254995242,0.0014272121788772598,0.0004757373929590866,0.053758325404376785,2102.0
40791,42.37758,-73.095044,5750.0,0.0,0.0,0.0,0.023317307692307693,0.37427884615384616,0.17451923076923076,0.11923076923076924,0.16201923076923078,0.021634615384615384,0.015865384615384615,0.01826923076923077,0.027884615384615386,0.002403846153846154,0.0004807692307692308,0.06009615384615385,2080.0
40791,42.37758,-73.095044,6250.0,0.0,0.0,0.0,0.02200374531835206,0.35814606741573035,0.1891385767790262,0.11797752808988764,0.16573033707865167,0.016853932584269662,0.014044943820224719,0.020599250936329586,0.0299625468164794,0.0028089887640449437,0.0,0.06273408239700375,1068.0
40791,42.37758,-73.095044,6750.0,0.0028790786948176585,0.0,0.0,0.020633397312859885,0.31238003838771594,0.16506717850287908,0.1218809980806142,0.21593090211132437,0.02495201535508637,0.016314779270633396,0.015355086372360844,0.045105566218809984,0.0009596928982725527,0.0009596928982725527,0.05758157389635317,1042.0
40791,42.37758,-73.095044,7250.0,0.0,0.0,0.0,0.015736766809728183,0.44730567477348593,0.13733905579399142,0.11635670004768717,0.1764425369575584,0.015259895088221268,0.018121125417262757,0.016213638531235097,0.02479732951835956,0.0019074868860276585,0.0,0.030519790176442536,1048.5
40791,42.37758,-73.095044,7750.0,0.002395926924228811,0.0,0.0,0.017969451931716084,0.3866427073974244,0.17130877508235998,0.08265947888589398,0.20425277029050615,0.010182689427972447,0.01497454327643007,0.016771488469601678,0.044324648098233006,0.002994908655286014,0.0,0.04552261156034741,1669.5
40791,42.37758,-73.095044,8250.0,0.0023277467411545625,0.0,0.0,0.023898199875853506,0.3747672253258845,0.16666666666666666,0.1005586592178771,0.2085661080074488,0.021725636250775917,0.020484171322160148,0.010242085661080074,0.0297951582867784,0.002793296089385475,0.00031036623215394165,0.03786468032278088,3222.0
40791,42.37758,-73.095044,8750.0,0.00047058823529411766,0.0,0.0,0.03529411764705882,0.46352941176470586,0.13458823529411765,0.08564705882352941,0.19388235294117648,0.009411764705882352,0.01223529411764706,0.0,0.015058823529411765,0.0,0.0,0.04988235294117647,1062.5
40791,42.37758,-73.095044,9250.0,0.0024142926122646064,0.0,0.0,0.05456301303718011,0.3239980685659102,0.22597778850796715,0.104297440849831,0.16803476581361662,0.014485755673587638,0.020280057943022695,0.0009657170449058426,0.03476581361661033,0.001931434089811685,0.0,0.04828585224529213,1035.5
40791,42.37758,-73.095044,9750.0,0.010166358595194085,0.0,0.0,0.1178373382624769,0.36090573012939003,0.133086876155268,0.15526802218114602,0.08687615526802218,0.026802218114602587,0.012014787430683918,0.0018484288354898336,0.04713493530499076,0.0018484288354898336,0.0,0.04621072088724584,1082.0
40791,42.37758,-73.095044,10250.0,0.0,0.0,0.0,0.2743362831858407,0.3834808259587021,0.03933136676499508,0.18289085545722714,0.0,0.02753195673549656,0.01966568338249754,0.0,0.025565388397246803,0.0058997050147492625,0.0,0.04129793510324484,508.5
40791,42.37758,-73.095044,11250.0,0.16363636363636364,0.0007575757575757576,0.0,0.5113636363636364,0.048484848484848485,0.030303030303030304,0.15454545454545454,0.0030303030303030303,0.007575757575757576,0.00909090909090909,0.007575757575757576,0.004545454545454545,0.0,0.0,0.05909090909090909,660.0
40791,42.37758,-73.095044,11750.0,0.7125435540069687,0.0,0.0,0.14111498257839722,0.0,0.010452961672473868,0.017421602787456445,0.0,0.003484320557491289,0.005226480836236934,0.0017421602787456446,0.005226480836236934,0.010452961672473868,0.0,0.09233449477351917,574.0
40791,42.37758,-73.095044,12250.0,0.7030075187969925,0.0,0.0,0.10714285714285714,0.015037593984962405,0.020676691729323307,0.03571428571428571,0.011278195488721804,0.009398496240601503,0.0018796992481203006,0.0018796992481203006,0.0,0.005639097744360902,0.0,0.08834586466165413,532.0
40791,42.37758,-73.095044,13250.0,0.6069565217391304,0.0,0.0,0.14782608695652175,0.0,0.01391304347826087,0.02782608695652174,0.0,0.0,0.0,0.0,0.008695652173913044,0.006956521739130435,0.0,0.18782608695652173,575.0
40791,42.37758,-73.095044,13750.0,0.19066937119675456,0.0,0.0,0.2413793103448276,0.0,0.030425963488843813,0.018255578093306288,0.0,0.0,0.002028397565922921,0.0,0.004056795131845842,0.018255578093306288,0.0,0.4949290060851927,493.0
40791,42.37758,-73.095044,14250.0,0.19688385269121814,0.002124645892351275,0.0,0.32082152974504247,0.0,0.025495750708215296,0.007082152974504249,0.0,0.0,0.00424929178470255,0.0028328611898017,0.00424929178470255,0.0226628895184136,0.0028328611898017,0.41076487252124644,706.0
40793,42.619884,-71.086996,250.0,0.0074084299650285295,0.0,0.002852935762930241,0.17241855328547764,0.048039757040309224,0.1323394073256028,0.3962819804896006,0.026780784097183877,0.007454445057979017,0.010215350635008284,0.018406037180195105,0.014448739186453157,0.022087244616234125,0.0005521811154058532,0.14071415424259157,10866.0
40793,42.619884,-71.086996,750.0,0.006913263487990877,0.0,0.002850830304326135,0.11289288005131494,0.0801083315515644,0.11275033853609864,0.49176822749625826,0.04490057729313662,0.009550281519492552,0.009550281519492552,0.026512721830233055,0.012116028793386073,0.02836576152804504,0.0009977906065141472,0.060722685482146675,7015.5
40793,42.619884,-71.086996,1250.0,0.003784075990423971,0.0,0.0012356166499343578,0.10950652560043246,0.07954282183952428,0.10857981311298169,0.5175689242412541,0.04865240559116534,0.010657193605683837,0.010348289443200247,0.026565757973588695,0.012973974824310758,0.024094524673719978,0.0010811645686925632,0.04540891188508765,6474.5
40793,42.619884,-71.086996,1750.0,0.0011422546349178456,0.0,0.0007029259291802127,0.10948071346981812,0.05887004656884281,0.09630085229768913,0.5282488357789298,0.056585537299007116,0.010719620419998242,0.010192425973113083,0.027941305684913452,0.014234250065899305,0.030753009401634303,0.00017573148229505317,0.05465249099376153,5690.5
40793,42.619884,-71.086996,2250.0,0.0010977952611837892,0.0,0.002561522276095508,0.11965968346903302,0.06422102277925167,0.1057542768273717,0.5110236940810539,0.058183148842740826,0.00786753270515049,0.008416430335742384,0.019211417070716313,0.014454304272253225,0.034031653096697465,0.0009148293843198244,0.0526026895983899,5465.5
40793,42.619884,-71.086996,2750.0,0.001383723947072559,0.00034593098676813974,0.0010377929603044194,0.12687018939721526,0.06157571564472888,0.08630978119865088,0.5273717893280291,0.05690564732335899,0.011588688056732683,0.007956412695667214,0.021620686673008736,0.016777652858254777,0.030095995848828157,0.00034593098676813974,0.04981406209461212,5781.5
40793,42.619884,-71.086996,3250.0,0.0011363636363636363,0.0,0.0012121212121212121,0.1431060606060606,0.045909090909090906,0.08681818181818182,0.5224242424242425,0.055757575757575756,0.010757575757575757,0.01090909090909091,0.019696969696969695,0.019696969696969695,0.03166666666666667,0.0009090909090909091,0.05,6600.0
40793,42.619884,-71.086996,3750.0,0.0005300821627352239,0.0,0.0018552875695732839,0.0882586800954148,0.029154518950437316,0.08905380333951762,0.5944871455075537,0.050622846541213885,0.009806520010601644,0.011396766498807316,0.018287834614365228,0.020938245428041347,0.026239067055393587,0.0018552875695732839,0.0575139146567718,3773.0
40793,42.619884,-71.086996,4250.0,0.001863932898415657,0.0,0.0,0.10810810810810811,0.024231127679403542,0.08108108108108109,0.5386766076421249,0.06989748369058714,0.0195712954333644,0.007455731593662628,0.03075489282385834,0.0130475302889096,0.04380242311276794,0.001863932898415657,0.05964585274930102,1073.0
40793,42.619884,-71.086996,4750.0,0.0035571365051133837,0.0,0.0008892841262783459,0.07692307692307693,0.023566029346376166,0.10226767452200979,0.5678079146287239,0.061805246776345045,0.016896398399288574,0.013783903957314362,0.03156958648288128,0.02578923966207203,0.023121387283236993,0.0013339261894175188,0.050689195197865716,2249.0
40793,42.619884,-71.086996,5250.0,0.0024708789269325803,0.0,0.00035298270384751147,0.056477232615601836,0.08859865866572537,0.08718672785033534,0.5372396752559124,0.056124249911754326,0.018708083303918106,0.017649135192375574,0.01941404871161313,0.021531944934698198,0.03141546064242852,0.0014119308153900459,0.06141899046946699,2833.0
40793,42.619884,-71.086996,5750.0,0.00031298904538341156,0.0,0.0,0.04663536776212832,0.086697965571205,0.051956181533646326,0.585602503912363,0.07230046948356808,0.013458528951486698,0.011267605633802818,0.013145539906103286,0.021283255086071987,0.03317683881064163,0.002190923317683881,0.061971830985915494,3195.0
40793,42.619884,-71.086996,6250.0,0.0005871990604815032,0.0,0.0005871990604815032,0.046975924838520255,0.09806224310041103,0.049911920140927775,0.5860246623605402,0.0722254844392249,0.008807985907222548,0.020551967116852612,0.005871990604815032,0.019377568995889608,0.042278332354668234,0.0005871990604815032,0.048150322959483266,1703.0
40793,42.619884,-71.086996,6750.0,0.0,0.0,0.0,0.08274231678486997,0.10638297872340426,0.09219858156028368,0.5130023640661938,0.07407407407407407,0.01024428684003152,0.017336485421591805,0.0007880220646178094,0.018124507486209612,0.03152088258471237,0.0015760441292356187,0.05200945626477541,1269.0
40793,42.619884,-71.086996,7250.0,0.0006837606837606838,0.0003418803418803419,0.0,0.11726495726495727,0.0882051282051282,0.10461538461538461,0.5087179487179487,0.05299145299145299,0.006495726495726496,0.01094017094017094,0.0017094017094017094,0.015726495726495728,0.03418803418803419,0.0013675213675213675,0.05675213675213675,2925.0
40793,42.619884,-71.086996,7750.0,0.0011534025374855825,0.0,0.0,0.2174163783160323,0.10380622837370242,0.08708189158016148,0.3904267589388697,0.04555940023068051,0.006920415224913495,0.012110726643598616,0.0011534025374855825,0.015570934256055362,0.04382929642445214,0.0011534025374855825,0.07381776239907728,1734.0
40793,42.619884,-71.086996,8250.0,0.0018645121193287756,0.001243008079552517,0.0,0.32753262896208823,0.053449347420758235,0.10876320696084525,0.34555624611559976,0.0074580484773151025,0.006215040397762586,0.010565568676196395,0.003107520198881293,0.008079552517091361,0.04785581106277191,0.0018645121193287756,0.0764449968924798,1609.0
40793,42.619884,-71.086996,8750.0,0.003620564808110065,0.0003620564808110065,0.0,0.34214337436640113,0.042360608254887765,0.09739319333816075,0.3493845039826213,0.0068790731354091235,0.005430847212165098,0.0068790731354091235,0.0018102824040550326,0.009775524981897175,0.054670528602461986,0.002896451846488052,0.07639391745112238,2762.0
40793,42.619884,-71.086996,9250.0,0.0004268032437046522,0.0,0.0004268032437046522,0.44472897994024757,0.04182671788305591,0.0678617157490397,0.2872385830132309,0.0017072129748186087,0.004268032437046522,0.006828851899274435,0.0008536064874093043,0.00810926163038839,0.06103286384976526,0.004268032437046522,0.07042253521126761,2343.0
40793,42.619884,-71.086996,9750.0,0.0019157088122605363,0.0019157088122605363,0.0,0.3314176245210728,0.05363984674329502,0.06130268199233716,0.4003831417624521,0.0,0.009578544061302681,0.005747126436781609,0.0,0.019157088122605363,0.038314176245210725,0.0019157088122605363,0.07471264367816093,522.0
40793,42.619884,-71.086996,10250.0,0.003464203233256351,0.003464203233256351,0.0,0.4064665127020785,0.07390300230946882,0.08429561200923788,0.302540415704388,0.0017321016166281756,0.010392609699769052,0.014434180138568129,0.0017321016166281756,0.008083140877598153,0.020785219399538105,0.005196304849884526,0.06351039260969978,1732.0
40793,42.619884,-71.086996,10750.0,0.005260081823495032,0.0035067212156633548,0.0005844535359438924,0.6025715955581531,0.02571595558153127,0.10461718293395675,0.15195791934541203,0.0005844535359438924,0.009935710111046173,0.0023378141437755697,0.0005844535359438924,0.0058445353594389245,0.018702513150204558,0.005260081823495032,0.06253652834599649,1711.0
40793,42.619884,-71.086996,11250.0,0.05605095541401274,0.022929936305732482,0.027388535031847135,0.4585987261146497,0.008280254777070064,0.1464968152866242,0.12165605095541401,0.0006369426751592356,0.0070063694267515925,0.005732484076433121,0.001910828025477707,0.0044585987261146496,0.06624203821656051,0.01019108280254777,0.062420382165605096,1570.0
40793,42.619884,-71.086996,11750.0,0.5891891891891892,0.06486486486486487,0.018018018018018018,0.12972972972972974,0.0,0.025225225225225224,0.014414414414414415,0.0018018018018018018,0.0009009009009009009,0.0,0.002702702702702703,0.0009009009009009009,0.06126126126126126,0.008108108108108109,0.08288288288288288,1110.0
40793,42.619884,-71.086996,12250.0,0.7299382716049383,0.016975308641975308,0.007716049382716049,0.12808641975308643,0.004629629629629629,0.026234567901234566,0.010802469135802469,0.0,0.0,0.0,0.0,0.0,0.05246913580246913,0.0015432098765432098,0.021604938271604937,648.0
40793,42.619884,-71.086996,12750.0,0.5631672597864769,0.012455516014234875,0.004448398576512456,0.26868327402135234,0.0008896797153024911,0.014234875444839857,0.02491103202846975,0.0,0.0008896797153024911,0.0008896797153024911,0.0,0.0,0.04448398576512456,0.0026690391459074734,0.06227758007117438,1124.0
40793,42.619884,-71.086996,13250.0,0.5834738617200674,0.023608768971332208,0.02866779089376054,0.1399662731871838,0.0,0.09949409780775717,0.01011804384485666,0.0016863406408094434,0.00505902192242833,0.0016863406408094434,0.0,0.0,0.050590219224283306,0.00505902192242833,0.050590219224283306,593.0
40793,42.619884,-71.086996,13750.0,0.5523978685612788,0.0,0.0017761989342806395,0.11190053285968028,0.0,0.046181172291296625,0.03374777975133215,0.0,0.003552397868561279,0.0,0.0017761989342806395,0.0,0.0053285968028419185,0.007104795737122558,0.23623445825932504,563.0
40793,42.619884,-71.086996,14250.0,0.45161290322580644,0.0012406947890818859,0.0,0.10732009925558313,0.0,0.10235732009925558,0.018610421836228287,0.0,0.0037220843672456576,0.0012406947890818859,0.0012406947890818859,0.0,0.003101736972704715,0.08312655086848635,0.22642679900744417,1612.0
40793,42.619884,-71.086996,14750.0,0.06829268292682927,0.004878048780487805,0.0,0.17804878048780487,0.0,0.14146341463414633,0.01951219512195122,0.0,0.0,0.0,0.004878048780487805,0.0,0.012195121951219513,0.012195121951219513,0.5585365853658537,410.0
40799,42.079818,-71.961482,250.0,0.007520443925233645,0.0004380841121495327,0.0,0.12974591121495327,0.04504964953271028,0.1509929906542056,0.29264018691588783,0.03008177570093458,0.015551985981308412,0.009199766355140186,0.028767523364485983,0.017158294392523366,0.023583528037383176,0.0025554906542056073,0.2467143691588785,13696.0
40799,42.079818,-71.961482,750.0,0.004269854824935952,0.0,0.0,0.1981212638770282,0.06148590947907771,0.15883859948761742,0.32365499573014517,0.1067463706233988,0.014517506404782237,0.008539709649871904,0.018787361229718188,0.012809564474807857,0.012809564474807857,0.0,0.07941929974380871,1171.0
40799,42.079818,-71.961482,1250.0,0.004722550177095631,0.0011806375442739079,0.0,0.18417945690672963,0.08559622195985832,0.15702479338842976,0.3577331759149941,0.07792207792207792,0.015938606847697757,0.010035419126328217,0.03364817001180637,0.012987012987012988,0.007674144037780401,0.0,0.051357733175914994,1694.0
40799,42.079818,-71.961482,1750.0,0.0024398745207389336,0.0003485535029627048,0.0,0.15824329034506796,0.08295573370512374,0.17253398396653885,0.3206692227256884,0.12513070756361103,0.01742767514813524,0.012199372603694667,0.03276402927849425,0.013593586615545486,0.015684907633321716,0.0003485535029627048,0.04566050888811433,2869.0
40799,42.079818,-71.961482,2250.0,0.0005747126436781609,0.0005747126436781609,0.0,0.09655172413793103,0.06321839080459771,0.09540229885057472,0.4471264367816092,0.1454022988505747,0.021839080459770115,0.010344827586206896,0.03620689655172414,0.020689655172413793,0.021839080459770115,0.0005747126436781609,0.039655172413793106,1740.0
40799,42.079818,-71.961482,2750.0,0.0005995203836930455,0.0005995203836930455,0.0,0.07074340527577938,0.047362110311750596,0.07973621103117506,0.5305755395683454,0.07553956834532374,0.023980815347721823,0.01079136690647482,0.044964028776978415,0.01738609112709832,0.030575539568345324,0.0035971223021582736,0.06354916067146282,1668.0
40799,42.079818,-71.961482,3250.0,0.0,0.0008768084173608067,0.0,0.0797895659798334,0.0394563787812363,0.0911880754055239,0.49451994739149496,0.09381850065760632,0.01841297676457694,0.01183691363437089,0.044278825076720735,0.021481806225339763,0.035072336694432264,0.0021920210434020165,0.06707584392810172,2281.0
40799,42.079818,-71.961482,3750.0,0.0013837638376383763,0.0,0.0,0.07195571955719557,0.017988929889298892,0.0797970479704797,0.5613468634686347,0.06549815498154982,0.026752767527675275,0.008763837638376383,0.047509225092250924,0.018911439114391145,0.03920664206642067,0.0027675276752767526,0.058118081180811805,2168.0
40799,42.079818,-71.961482,4250.0,0.0006045949214026602,0.0006045949214026602,0.0,0.06711003627569528,0.009673518742442563,0.062273276904474005,0.5628778718258767,0.056831922611850064,0.01995163240628779,0.010278113663845224,0.05259975816203144,0.02902055622732769,0.045949214026602174,0.0018137847642079807,0.0804111245465538,1654.0
40799,42.079818,-71.961482,4750.0,0.0006108735491753207,0.0,0.0,0.06841783750763591,0.00916310323762981,0.0885766646304215,0.5241295051924252,0.07269395235186317,0.021380574221136223,0.012828344532681736,0.06414172266340867,0.029321930360415395,0.03604153940134392,0.006108735491753207,0.06658521686010996,1637.0
40799,42.079818,-71.961482,5250.0,0.0013127666557269445,0.0,0.0,0.03938299967180833,0.03807023301608139,0.08861174926156876,0.5050869707909419,0.08303249097472924,0.02461437479488021,0.019363308171972432,0.0662947161142107,0.02461437479488021,0.03380374138496882,0.0032819166393173614,0.07253035772891368,3047.0
40799,42.079818,-71.961482,5750.0,0.0004476275738585497,0.0,0.0,0.05505819158460161,0.09444941808415398,0.06490599820948971,0.4735899731423456,0.09265890778871978,0.019247985675917637,0.017009847806624886,0.03804834377797672,0.021038495971351837,0.03536257833482542,0.0013428827215756492,0.08683974932855863,2234.0
40799,42.079818,-71.961482,6250.0,0.0,0.0,0.0,0.05079962370649106,0.08372530573847602,0.05221072436500471,0.5230479774223895,0.10301034807149577,0.018344308560677328,0.02116650987770461,0.011759172154280339,0.023047977422389464,0.03527751646284102,0.00047036688617121356,0.07714016933207903,2126.0
40799,42.079818,-71.961482,6750.0,0.0,0.0,0.0,0.04176021553659632,0.10731926358329591,0.07049842837898518,0.46609788953749437,0.1778176919622811,0.01122586439155815,0.014818140996856757,0.004939380332285586,0.01706331387516839,0.032330489447687474,0.000898069151324652,0.0552312528064661,2227.0
40799,42.079818,-71.961482,7250.0,0.0006222775357809583,0.0,0.0,0.04044803982576229,0.07902924704418171,0.06969508400746734,0.4536403235843186,0.20224019912881144,0.013690105787181083,0.013690105787181083,0.00373366521468575,0.017423771001866834,0.02613565650280025,0.001866832607342875,0.0777846919726198,1607.0
40799,42.079818,-71.961482,7750.0,0.0011278195488721805,0.0,0.0,0.07481203007518797,0.06466165413533835,0.06691729323308271,0.5898496240601504,0.05601503759398496,0.011278195488721804,0.015789473684210527,0.002631578947368421,0.018796992481203006,0.032330827067669175,0.0007518796992481203,0.06503759398496241,2660.0
40799,42.079818,-71.961482,8250.0,0.0033259423503325942,0.0003695491500369549,0.0,0.15188470066518847,0.046193643754619367,0.09682187730968218,0.5206947524020695,0.029194382852919438,0.007760532150776054,0.011456023651145602,0.0022172949002217295,0.02180339985218034,0.03399852180339985,0.0007390983000739098,0.07354028085735403,2706.0
40799,42.079818,-71.961482,8750.0,0.004320987654320987,0.0,0.0,0.14506172839506173,0.043209876543209874,0.09382716049382717,0.495679012345679,0.024074074074074074,0.01728395061728395,0.010493827160493827,0.0012345679012345679,0.01728395061728395,0.043209876543209874,0.0012345679012345679,0.10308641975308643,1620.0
40799,42.079818,-71.961482,9250.0,0.0023054755043227667,0.0,0.0,0.15446685878962535,0.04380403458213256,0.09221902017291066,0.48645533141210373,0.009798270893371758,0.019020172910662825,0.012680115273775217,0.0005763688760806917,0.013256484149855908,0.04092219020172911,0.006340057636887608,0.11815561959654179,1735.0
40799,42.079818,-71.961482,9750.0,0.0044964028776978415,0.0,0.00029976019184652276,0.21942446043165467,0.050359712230215826,0.07074340527577938,0.4055755395683453,0.006594724220623501,0.014688249400479617,0.012290167865707434,0.001498800959232614,0.012290167865707434,0.0725419664268585,0.002697841726618705,0.1264988009592326,3336.0
40799,42.079818,-71.961482,10250.0,0.005125438359859725,0.0002697599136768276,0.0,0.35635284596708927,0.13353115727002968,0.07823037496628,0.25627191799298626,0.004046398705152414,0.016455354734286484,0.015646074993256,0.0018883193957377933,0.011060156460749933,0.03857566765578635,0.005934718100890208,0.07661181548421904,3707.0
40799,42.079818,-71.961482,10750.0,0.008885127988153163,0.0023270573302305903,0.0008462026655383964,0.4819124180241168,0.18997249841337,0.048233551935688596,0.15972075312037232,0.005923418658768775,0.013539242648614343,0.010577533319229955,0.0008462026655383964,0.01417389464776814,0.01184683731753755,0.0029617093293843877,0.048233551935688596,4727.0
40799,42.079818,-71.961482,11250.0,0.009048136083966703,0.00579080709373869,0.0007238508867173362,0.48968512486427795,0.0419833514296055,0.0647846543612016,0.26601520086862107,0.0014477017734346724,0.013753166847629388,0.008324285197249367,0.0010857763300760044,0.018458197611292075,0.008324285197249367,0.009048136083966703,0.06152732537097358,2763.0
40799,42.079818,-71.961482,11750.0,0.05062680810028929,0.03230472516875603,0.014946962391513982,0.43297974927675986,0.014946962391513982,0.17743490838958534,0.11764705882352941,0.0024108003857280617,0.01446480231436837,0.0048216007714561235,0.00048216007714561236,0.024108003857280617,0.04001928640308582,0.011089681774349084,0.06171648987463838,2074.0
40799,42.079818,-71.961482,12250.0,0.247283789656671,0.07518470230334637,0.012168622338113864,0.21816601477618427,0.013472403302911778,0.20556279878313777,0.03215993046501521,0.0021729682746631897,0.007822685788787484,0.004345936549326379,0.000434593654932638,0.003476749239461104,0.10299869621903521,0.008691873098652759,0.06605823554976098,2301.0
40799,42.079818,-71.961482,12750.0,0.4221370388116914,0.04551988500239578,0.017249640632486823,0.19118351701006228,0.0028749401054144704,0.07331097268806899,0.018687110685194058,0.0,0.0019166267369429804,0.0009583133684714902,0.0004791566842357451,0.0009583133684714902,0.15764254911356013,0.008145663632007666,0.058936272160996644,2087.0
40799,42.079818,-71.961482,13250.0,0.3550583657587549,0.032101167315175094,0.010700389105058366,0.37062256809338523,0.005836575875486381,0.032101167315175094,0.05544747081712062,0.0009727626459143969,0.006809338521400778,0.0019455252918287938,0.0029182879377431907,0.0019455252918287938,0.032101167315175094,0.0029182879377431907,0.08852140077821012,1028.0
40799,42.079818,-71.961482,13750.0,0.4681647940074906,0.047752808988764044,0.0046816479400749065,0.22752808988764045,0.0009363295880149813,0.03932584269662921,0.04588014981273408,0.0018726591760299626,0.012172284644194757,0.0028089887640449437,0.0,0.0009363295880149813,0.0056179775280898875,0.0046816479400749065,0.13764044943820225,1068.0
40799,42.079818,-71.961482,14250.0,0.45353159851301117,0.0037174721189591076,0.0037174721189591076,0.15985130111524162,0.0,0.031598513011152414,0.0724907063197026,0.0018587360594795538,0.024163568773234202,0.0037174721189591076,0.0037174721189591076,0.0037174721189591076,0.007434944237918215,0.020446096654275093,0.2100371747211896,538.0
40799,42.079818,-71.961482,14750.0,0.18528610354223432,0.005449591280653951,0.0,0.14713896457765668,0.0,0.12806539509536785,0.04632152588555858,0.0,0.0027247956403269754,0.0,0.0,0.008174386920980926,0.01634877384196185,0.0326975476839237,0.42779291553133514,367.0
40803,41.563886,-70.63587199999999,250.0,0.006286703809667219,0.0004517391959042313,0.0,0.11304773377503388,0.019838879686794157,0.06821261858153893,0.419891582592983,0.02190935100135522,0.009110073784068664,0.005797319680770968,0.01829543743412137,0.023001054058123777,0.007227827134467701,0.00037644932992019273,0.28655322993525073,13282.0
40803,41.563886,-70.63587199999999,750.0,0.006683265627047569,0.00104835539247805,0.0,0.08976543048093304,0.027781417900668327,0.08413052024636351,0.535447516708164,0.037740794129209804,0.011007731621019526,0.009697287380421964,0.03118857292622199,0.02843664002096711,0.008648931987943913,0.0002620888481195125,0.1281614467304416,3815.5
40803,41.563886,-70.63587199999999,1250.0,0.0033090668431502318,0.0,0.0,0.10271343481138319,0.02700198544010589,0.08206485771012574,0.5445400397088022,0.03626737260092654,0.008206485771012574,0.0055592322964923896,0.03626737260092654,0.020383851753805426,0.0066181336863004635,0.00026472534745201854,0.12680344142951688,3777.5
40803,41.563886,-70.63587199999999,1750.0,0.0014258071086668703,0.0,0.0,0.0860576433445361,0.02586821468581322,0.07556777675934413,0.513901619309502,0.05214380283124555,0.007536409002953458,0.005906915164477034,0.03320093695895712,0.01262857724819228,0.009573276301048986,0.00020368672980955292,0.1759853345554537,4909.5
40803,41.563886,-70.63587199999999,2250.0,0.0018475750577367205,0.0,0.0,0.06697459584295612,0.017551963048498844,0.10531177829099307,0.5228637413394919,0.0535796766743649,0.017551963048498844,0.010161662817551964,0.02678983833718245,0.012009237875288684,0.004618937644341801,0.0009237875288683603,0.15981524249422632,1082.5
40803,41.563886,-70.63587199999999,2750.0,0.0011753643629525152,0.0,0.0,0.05289139633286319,0.021156558533145273,0.07851433944522802,0.5336154207804419,0.09449929478138223,0.007992477668077104,0.008932769158439116,0.02679830747531735,0.009402914903620122,0.007052186177715092,0.0,0.15796897038081806,2127.0
40803,41.563886,-70.63587199999999,3250.0,0.0006643414715163594,0.0003321707357581797,0.0003321707357581797,0.06460720810496595,0.018601561202458063,0.08536787908985219,0.45108785915960803,0.18036870951669157,0.005979073243647235,0.008968609865470852,0.015279853844876266,0.016940707523667164,0.01229031722305265,0.0,0.1391795382826773,3010.5
40803,41.563886,-70.63587199999999,3750.0,0.0008744534665833854,0.00024984384759525296,0.00024984384759525296,0.06608369768894441,0.009119300437226733,0.06445971267957526,0.3740162398500937,0.2858213616489694,0.009993753903810118,0.008744534665833853,0.016489693941286694,0.013241723922548408,0.010243597751405372,0.0004996876951905059,0.13991255465334165,4002.5
40803,41.563886,-70.63587199999999,4250.0,0.0009459743535841917,0.00042043304603741857,0.00021021652301870928,0.06653352953542148,0.00588606264452386,0.07315535001051082,0.3764977927265083,0.2924111835190246,0.010300609627916754,0.007778011351692243,0.018499054025646416,0.01723775488753416,0.006096279167542569,0.0006306495690561278,0.12339709901198234,4757.0
40803,41.563886,-70.63587199999999,4750.0,0.0014120969639915275,0.0002353494939985879,0.0,0.05718992704165686,0.008237232289950576,0.0642504118616145,0.35537773593786776,0.3563191339138621,0.007060484819957637,0.007531183807954813,0.015533066603906801,0.012944222169922335,0.006589785831960461,0.0002353494939985879,0.1070840197693575,4249.0
40803,41.563886,-70.63587199999999,5250.0,0.0,0.0,0.0,0.046261430876815494,0.025820333512641205,0.06401291016675632,0.506186121570737,0.20279720279720279,0.008606777837547068,0.010758472296933835,0.01237224314147391,0.008606777837547068,0.013448090371167294,0.0010758472296933835,0.10005379236148466,1859.0
40803,41.563886,-70.63587199999999,5750.0,0.0018846588767433095,0.0003769317753486619,0.0,0.04937806257067471,0.03430079155672823,0.044854881266490766,0.6479457218243498,0.07387862796833773,0.010177157934413872,0.00980022615906521,0.009046362608367886,0.012815680361854504,0.014323407463249152,0.0022615906520919715,0.0889558989822842,2653.0
40803,41.563886,-70.63587199999999,6250.0,0.0019230769230769232,0.0,0.0003846153846153846,0.08384615384615385,0.03807692307692308,0.031538461538461536,0.6392307692307693,0.051923076923076926,0.006923076923076923,0.006923076923076923,0.002692307692307692,0.01,0.04461538461538461,0.0003846153846153846,0.08153846153846153,2600.0
40803,41.563886,-70.63587199999999,6750.0,0.001440922190201729,0.0,0.0,0.11779538904899135,0.03674351585014409,0.037463976945244955,0.6066282420749279,0.03710374639769452,0.010806916426512969,0.010806916426512969,0.006844380403458214,0.010446685878962535,0.04178674351585014,0.001080691642651297,0.08105187319884727,2776.0
40803,41.563886,-70.63587199999999,7250.0,0.0012376237623762376,0.0,0.0,0.1021039603960396,0.040222772277227724,0.05693069306930693,0.6132425742574258,0.043316831683168314,0.006188118811881188,0.013613861386138614,0.008044554455445545,0.01485148514851485,0.03155940594059406,0.0006188118811881188,0.06806930693069307,1616.0
40803,41.563886,-70.63587199999999,7750.0,0.0008948545861297539,0.0,0.0,0.13557046979865772,0.032214765100671144,0.04742729306487696,0.582102908277405,0.05503355704697987,0.008053691275167786,0.009843400447427294,0.0035794183445190158,0.007606263982102908,0.036241610738255034,0.0008948545861297539,0.08053691275167785,2235.0
40803,41.563886,-70.63587199999999,8250.0,0.0008045052292839903,0.00040225261464199515,0.00040225261464199515,0.23934030571198714,0.039420756234915526,0.04746580852775543,0.4565567176186645,0.016492357200321803,0.0036202735317779565,0.007240547063555913,0.0028157683024939663,0.008849557522123894,0.05430410297666935,0.0016090104585679806,0.12067578439259855,2486.0
40803,41.563886,-70.63587199999999,8750.0,0.0013218770654329147,0.0009914077990746861,0.0,0.24917382683410444,0.019497686715135493,0.037012557832121616,0.48050231328486454,0.010575016523463317,0.009253139458030404,0.00760079312623926,0.002313284864507601,0.008261731658955718,0.04064771976206213,0.0006609385327164573,0.13218770654329148,3026.0
40803,41.563886,-70.63587199999999,9250.0,0.002866356144750985,0.00035829451809387314,0.0,0.24113221067717663,0.01827302042278753,0.0401289860265138,0.47581512002866355,0.005016123253314225,0.011823719097097814,0.00680759584378359,0.0007165890361877463,0.003941239699032604,0.01934790397706915,0.00035829451809387314,0.17341454675743462,2791.0
40803,41.563886,-70.63587199999999,9750.0,0.0059226932668329174,0.0009351620947630922,0.0,0.3201371571072319,0.02369077306733167,0.03958852867830424,0.4198877805486284,0.002805486284289277,0.006546134663341646,0.007169576059850374,0.0018703241895261845,0.003740648379052369,0.014962593516209476,0.0006234413965087282,0.15211970074812967,3208.0
40803,41.563886,-70.63587199999999,10250.0,0.0016474464579901153,0.0,0.0,0.4316309719934102,0.032948929159802305,0.032948929159802305,0.36079077429983525,0.0,0.008237232289950576,0.009884678747940691,0.0,0.009884678747940691,0.004942339373970346,0.0,0.1070840197693575,607.0
40803,41.563886,-70.63587199999999,10750.0,0.0024271844660194173,0.0,0.0,0.622168284789644,0.03155339805825243,0.043689320388349516,0.1739482200647249,0.0008090614886731392,0.0048543689320388345,0.008090614886731391,0.0008090614886731392,0.003236245954692557,0.0056634304207119745,0.003236245954692557,0.09951456310679611,1236.0
40803,41.563886,-70.63587199999999,11250.0,0.02640845070422535,0.007042253521126761,0.0,0.5809859154929577,0.02112676056338028,0.0801056338028169,0.12147887323943662,0.0,0.0044014084507042256,0.0044014084507042256,0.0008802816901408451,0.0017605633802816902,0.017605633802816902,0.0008802816901408451,0.1329225352112676,1136.0
40803,41.563886,-70.63587199999999,11750.0,0.08885017421602788,0.008710801393728223,0.003484320557491289,0.5435540069686411,0.006968641114982578,0.1132404181184669,0.03484320557491289,0.0017421602787456446,0.006968641114982578,0.003484320557491289,0.0017421602787456446,0.003484320557491289,0.078397212543554,0.0,0.10452961672473868,574.0
40803,41.563886,-70.63587199999999,12250.0,0.1925133689839572,0.023172905525846704,0.0196078431372549,0.45276292335115864,0.017825311942959002,0.1622103386809269,0.026737967914438502,0.0017825311942959,0.0071301247771836,0.0017825311942959,0.0,0.0017825311942959,0.062388591800356503,0.0,0.030303030303030304,561.0
40803,41.563886,-70.63587199999999,13250.0,0.25,0.03518518518518519,0.0,0.3074074074074074,0.0,0.14074074074074075,0.03518518518518519,0.0,0.003703703703703704,0.0,0.0,0.001851851851851852,0.18888888888888888,0.001851851851851852,0.03518518518518519,540.0
40803,41.563886,-70.63587199999999,14750.0,0.13297872340425532,0.0017730496453900709,0.0,0.5514184397163121,0.0017730496453900709,0.03368794326241135,0.05673758865248227,0.008865248226950355,0.005319148936170213,0.0017730496453900709,0.0,0.0,0.11170212765957446,0.0035460992907801418,0.09042553191489362,564.0
40854,42.17522,-72.702,250.0,0.007012437152685896,0.00013231013495633765,0.00013231013495633765,0.1549351680338714,0.04802857898915057,0.18999735379730087,0.34572638264091027,0.03453294522360413,0.020508070918232337,0.011775602011114052,0.02103731145805769,0.009394019581899974,0.00674781688277322,0.003043133103995766,0.14699655993649113,7558.0
40854,42.17522,-72.702,750.0,0.003927003927003927,0.0,0.000231000231000231,0.16493416493416493,0.08916608916608916,0.13744513744513745,0.3936243936243936,0.06006006006006006,0.018942018942018943,0.010395010395010396,0.030954030954030955,0.012243012243012243,0.010626010626010625,0.002541002541002541,0.06491106491106491,4329.0
40854,42.17522,-72.702,1250.0,0.0037285607755406414,0.0,0.0,0.17747949291573453,0.09806114839671887,0.12639821029082773,0.39038031319910516,0.06487695749440715,0.011931394481730051,0.01267710663683818,0.036539895600298286,0.01081282624906786,0.005592841163310962,0.0011185682326621924,0.06040268456375839,2682.0
40854,42.17522,-72.702,1750.0,0.0031746031746031746,0.0,0.0,0.19410430839002268,0.07165532879818594,0.12653061224489795,0.3981859410430839,0.06258503401360545,0.020861678004535148,0.011791383219954649,0.03764172335600907,0.011337868480725623,0.006802721088435374,0.0018140589569160999,0.053514739229024944,2205.0
40854,42.17522,-72.702,2250.0,0.003215434083601286,0.0,0.0,0.18511713367018834,0.06522737712448323,0.12632062471290767,0.42076251722553976,0.06522737712448323,0.021129995406522738,0.01240238860817639,0.02388608176389527,0.011943040881947635,0.008268259072117593,0.0,0.056499770326136886,2177.0
40854,42.17522,-72.702,2750.0,0.0013440860215053765,0.0,0.0,0.19399641577060933,0.06451612903225806,0.10349462365591398,0.40860215053763443,0.08736559139784947,0.02956989247311828,0.012096774193548387,0.036738351254480286,0.011200716845878136,0.005376344086021506,0.0013440860215053765,0.04435483870967742,2232.0
40854,42.17522,-72.702,3250.0,0.0010760401721664275,0.0,0.0,0.18507890961262555,0.05774748923959828,0.11154949784791966,0.415351506456241,0.09038737446197992,0.02582496413199426,0.009684361549497847,0.03730272596843615,0.01327116212338594,0.005021520803443328,0.0003586800573888092,0.047345767575322814,2788.0
40854,42.17522,-72.702,3750.0,0.003693444136657433,0.0,0.0,0.18928901200369344,0.07663896583564174,0.10156971375807941,0.39704524469067404,0.08956602031394276,0.008310249307479225,0.012003693444136657,0.04524469067405355,0.012927054478301015,0.009233610341643583,0.0,0.05447830101569714,1083.0
40854,42.17522,-72.702,4250.0,0.0022512381809995496,0.0,0.0,0.15308419630796938,0.059882935614588025,0.11571364250337686,0.42773525438991444,0.0855470508779829,0.01530841963079694,0.01530841963079694,0.045475011256190905,0.0135074290859973,0.0031517334533993696,0.0018009905447996398,0.06123367852318776,2221.0
40854,42.17522,-72.702,4750.0,0.000437636761487965,0.0,0.0,0.13216630196936544,0.04288840262582057,0.10240700218818381,0.45557986870897155,0.12253829321663019,0.0262582056892779,0.018380743982494528,0.0350109409190372,0.00700218818380744,0.006564551422319475,0.000437636761487965,0.05032822757111598,2285.0
40854,42.17522,-72.702,5250.0,0.0013550135501355014,0.0,0.0,0.14679313459801266,0.07633242999096658,0.11336946702800361,0.4028906955736224,0.10885275519421861,0.023486901535682024,0.015808491418247517,0.02935862691960253,0.01038843721770551,0.005871725383920506,0.0009033423667570009,0.06458897922312556,2214.0
40854,42.17522,-72.702,5750.0,0.000999666777740753,0.0,0.0,0.1506164611796068,0.10629790069976675,0.08997000999666778,0.4101966011329557,0.09496834388537154,0.020993002332555816,0.021326224591802733,0.026657780739753417,0.012662445851382872,0.005664778407197601,0.000999666777740753,0.058647117627457515,3001.0
40854,42.17522,-72.702,6250.0,0.0,0.0,0.0,0.12418300653594772,0.1328976034858388,0.10457516339869281,0.3681917211328976,0.12636165577342048,0.02178649237472767,0.023965141612200435,0.013071895424836602,0.008714596949891068,0.010893246187363835,0.002178649237472767,0.06318082788671024,459.0
40854,42.17522,-72.702,6750.0,0.0,0.0,0.0,0.2098360655737705,0.10491803278688525,0.07540983606557378,0.39344262295081966,0.07540983606557378,0.006557377049180328,0.013114754098360656,0.0,0.022950819672131147,0.01639344262295082,0.0,0.08196721311475409,305.0
40854,42.17522,-72.702,7250.0,0.0,0.0,0.0,0.16310461192350956,0.1327334083239595,0.09448818897637795,0.4409448818897638,0.06749156355455568,0.013498312710911136,0.01124859392575928,0.0022497187851518562,0.01799775028121485,0.0044994375703037125,0.0,0.05174353205849269,444.5
40854,42.17522,-72.702,7750.0,0.0012547051442910915,0.0,0.0,0.1806775407779172,0.12421580928481807,0.07277289836888332,0.411543287327478,0.07151819322459223,0.013801756587202008,0.018820577164366373,0.005018820577164366,0.020075282308657464,0.0075282308657465494,0.0,0.07277289836888332,797.0
40854,42.17522,-72.702,8250.0,0.0,0.0,0.0,0.20253164556962025,0.11645569620253164,0.06962025316455696,0.4177215189873418,0.05949367088607595,0.026582278481012658,0.015189873417721518,0.007594936708860759,0.015189873417721518,0.007594936708860759,0.0012658227848101266,0.060759493670886074,790.0
40854,42.17522,-72.702,8750.0,0.0044444444444444444,0.0,0.0,0.16592592592592592,0.10962962962962963,0.11259259259259259,0.43851851851851853,0.06814814814814815,0.008888888888888889,0.025185185185185185,0.002962962962962963,0.016296296296296295,0.005925925925925926,0.0,0.04148148148148148,675.0
40854,42.17522,-72.702,9250.0,0.0005941770647653001,0.0,0.0,0.3897801544860368,0.12358882947118241,0.0451574569221628,0.3422459893048128,0.013071895424836602,0.004753416518122401,0.0035650623885918,0.004753416518122401,0.013071895424836602,0.0071301247771836,0.0,0.05228758169934641,841.5
40854,42.17522,-72.702,9750.0,0.0034387895460797797,0.001375515818431912,0.0,0.4339752407152682,0.1031636863823934,0.04264099037138927,0.2984869325997249,0.001375515818431912,0.009628610729023384,0.012379642365887207,0.0,0.012379642365887207,0.005502063273727648,0.002751031636863824,0.07290233837689133,727.0
40854,42.17522,-72.702,10250.0,0.019693654266958426,0.0,0.002188183807439825,0.6192560175054704,0.10065645514223195,0.04157549234135667,0.0962800875273523,0.002188183807439825,0.0087527352297593,0.0087527352297593,0.0,0.015317286652078774,0.01312910284463895,0.0,0.07221006564551423,457.0
40854,42.17522,-72.702,10750.0,0.026184538653366583,0.006234413965087282,0.0012468827930174563,0.587281795511222,0.08104738154613467,0.06359102244389027,0.13591022443890274,0.0,0.011221945137157107,0.00997506234413965,0.003740648379052369,0.016209476309226933,0.011221945137157107,0.0012468827930174563,0.04488778054862843,802.0
40854,42.17522,-72.702,11250.0,0.007190265486725664,0.0022123893805309734,0.0,0.5591814159292036,0.06637168141592921,0.05420353982300885,0.2168141592920354,0.0011061946902654867,0.00331858407079646,0.011061946902654867,0.0022123893805309734,0.01327433628318584,0.004424778761061947,0.0,0.0586283185840708,904.0
40854,42.17522,-72.702,11750.0,0.16184971098265896,0.025433526011560695,0.0,0.5167630057803468,0.013872832369942197,0.13872832369942195,0.057803468208092484,0.0,0.0023121387283236996,0.016184971098265895,0.0,0.006936416184971098,0.03005780346820809,0.0,0.03005780346820809,432.5
40854,42.17522,-72.702,12250.0,0.35324675324675325,0.025974025974025976,0.02077922077922078,0.15844155844155844,0.01038961038961039,0.16883116883116883,0.01818181818181818,0.0,0.0025974025974025974,0.0025974025974025974,0.0,0.005194805194805195,0.13506493506493505,0.01818181818181818,0.08051948051948052,385.0
40854,42.17522,-72.702,12750.0,0.50066401062417,0.0703851261620186,0.0,0.22177954847277556,0.005312084993359893,0.0398406374501992,0.07436918990703852,0.00796812749003984,0.00796812749003984,0.0026560424966799467,0.0,0.0,0.005312084993359893,0.005312084993359893,0.05843293492695883,376.5
40854,42.17522,-72.702,13250.0,0.3765432098765432,0.0030864197530864196,0.0,0.15123456790123457,0.0,0.040123456790123455,0.06481481481481481,0.0030864197530864196,0.009259259259259259,0.0,0.0,0.0,0.006172839506172839,0.015432098765432098,0.33024691358024694,324.0
40854,42.17522,-72.702,14250.0,0.20284697508896798,0.014234875444839857,0.0,0.19217081850533807,0.0,0.1494661921708185,0.03558718861209965,0.0,0.0,0.0071174377224199285,0.0,0.0,0.0,0.0,0.398576512455516,140.5
40854,42.17522,-72.702,14750.0,0.11506276150627615,0.0041841004184100415,0.0020920502092050207,0.2405857740585774,0.0,0.04811715481171548,0.016736401673640166,0.0,0.0,0.010460251046025104,0.0020920502092050207,0.0,0.07740585774058577,0.0,0.48326359832635984,478.0
40875,42.108152,-73.43755999999999,250.0,0.0,0.0,0.0,0.11284513805522209,0.19207683073229292,0.148859543817527,0.24129651860744297,0.056422569027611044,0.04321728691476591,0.014405762304921969,0.05162064825930372,0.03481392557022809,0.003601440576230492,0.0,0.10084033613445378,833.0
40875,42.108152,-73.43755999999999,750.0,0.0,0.0,0.0,0.11042944785276074,0.21779141104294478,0.08895705521472393,0.21319018404907975,0.1058282208588957,0.03987730061349693,0.010736196319018405,0.03834355828220859,0.03834355828220859,0.0,0.0,0.13650306748466257,652.0
40875,42.108152,-73.43755999999999,1250.0,0.0,0.0,0.0,0.12422360248447205,0.2236024844720497,0.13043478260869565,0.19254658385093168,0.09316770186335403,0.027950310559006212,0.024844720496894408,0.037267080745341616,0.027950310559006212,0.0,0.0,0.11801242236024845,322.0
40875,42.108152,-73.43755999999999,1750.0,0.0,0.0,0.0,0.12224108658743633,0.22241086587436332,0.11035653650254669,0.22241086587436332,0.09507640067911714,0.027164685908319185,0.028862478777589132,0.07470288624787776,0.013582342954159592,0.0,0.0,0.0831918505942275,589.0
40875,42.108152,-73.43755999999999,2250.0,0.0,0.0,0.0,0.1687116564417178,0.22699386503067484,0.09202453987730061,0.2361963190184049,0.07975460122699386,0.027607361963190184,0.009202453987730062,0.046012269938650305,0.02147239263803681,0.0,0.0,0.09202453987730061,326.0
40875,42.108152,-73.43755999999999,2750.0,0.0,0.0,0.0,0.15682967959527824,0.1703204047217538,0.11298482293423272,0.2057335581787521,0.10623946037099494,0.06239460370994941,0.008431703204047217,0.03372681281618887,0.047217537942664416,0.0,0.0,0.09612141652613827,593.0
40875,42.108152,-73.43755999999999,3250.0,0.0,0.0,0.0,0.24915824915824916,0.08080808080808081,0.13804713804713806,0.23232323232323232,0.10437710437710437,0.03367003367003367,0.02356902356902357,0.050505050505050504,0.06397306397306397,0.0,0.0,0.02356902356902357,297.0
40875,42.108152,-73.43755999999999,3750.0,0.0,0.001001001001001001,0.0,0.16416416416416416,0.06006006006006006,0.12512512512512514,0.3133133133133133,0.10810810810810811,0.043043043043043044,0.015015015015015015,0.055055055055055056,0.06406406406406406,0.001001001001001001,0.0,0.05005005005005005,999.0
40875,42.108152,-73.43755999999999,4250.0,0.038181818181818185,0.0,0.0,0.06272727272727273,0.08363636363636363,0.17545454545454545,0.3181818181818182,0.12545454545454546,0.02727272727272727,0.00909090909090909,0.0809090909090909,0.03,0.0036363636363636364,0.0,0.045454545454545456,1100.0
40875,42.108152,-73.43755999999999,4750.0,0.014818355640535373,0.0,0.0,0.05305927342256214,0.11137667304015296,0.19263862332695986,0.31166347992351817,0.1381453154875717,0.01959847036328872,0.013862332695984704,0.0607074569789675,0.02820267686424474,0.0057361376673040155,0.0009560229445506692,0.049235181644359464,2092.0
40875,42.108152,-73.43755999999999,5250.0,0.014087707339241081,0.0,0.0,0.024539877300613498,0.23290161326971143,0.17836855260168144,0.2390365825948648,0.1708702567598273,0.019995455578277664,0.014314928425357873,0.036582594864803454,0.02363099295614633,0.005907748239036582,0.0,0.039763690070438534,4401.0
40875,42.108152,-73.43755999999999,5750.0,0.0,0.0,0.0,0.023614895549500452,0.26975476839237056,0.14623069936421434,0.2724795640326976,0.1516802906448683,0.02452316076294278,0.019981834695731154,0.03451407811080836,0.01725703905540418,0.005449591280653951,0.0,0.03451407811080836,1101.0
40875,42.108152,-73.43755999999999,6250.0,0.0018501387604070306,0.0,0.0,0.02312673450508788,0.27752081406105455,0.19056429232192415,0.17298797409805736,0.20074005550416282,0.02960222016651249,0.024051803885291396,0.022201665124884366,0.012950971322849213,0.0037002775208140612,0.0,0.04070305272895467,1081.0
40875,42.108152,-73.43755999999999,6750.0,0.008960573476702509,0.0,0.0,0.012544802867383513,0.2974910394265233,0.1971326164874552,0.13799283154121864,0.21863799283154123,0.01971326164874552,0.010752688172043012,0.044802867383512544,0.014336917562724014,0.0017921146953405018,0.0,0.035842293906810034,558.0
40875,42.108152,-73.43755999999999,7250.0,0.006782945736434108,0.0,0.0,0.03682170542635659,0.2567829457364341,0.12596899224806202,0.21511627906976744,0.22674418604651161,0.022286821705426358,0.013565891472868217,0.03197674418604651,0.023255813953488372,0.0029069767441860465,0.0,0.0377906976744186,1032.0
40875,42.108152,-73.43755999999999,7750.0,0.017790262172284643,0.0009363295880149813,0.0,0.0299625468164794,0.2303370786516854,0.1760299625468165,0.25187265917602997,0.20037453183520598,0.0149812734082397,0.015917602996254682,0.011235955056179775,0.009363295880149813,0.009363295880149813,0.0,0.031835205992509365,1068.0
40875,42.108152,-73.43755999999999,8250.0,0.003472222222222222,0.0,0.0,0.05555555555555555,0.24131944444444445,0.15625,0.3055555555555556,0.13541666666666666,0.019097222222222224,0.020833333333333332,0.006944444444444444,0.015625,0.001736111111111111,0.0,0.03819444444444445,576.0
40875,42.108152,-73.43755999999999,8750.0,0.010620915032679739,0.0,0.0,0.11437908496732026,0.17238562091503268,0.12254901960784313,0.3562091503267974,0.10620915032679738,0.011437908496732025,0.008169934640522876,0.008986928104575163,0.01715686274509804,0.008986928104575163,0.0,0.06290849673202614,1224.0
40875,42.108152,-73.43755999999999,9250.0,0.09615384615384616,0.013461538461538462,0.0,0.06538461538461539,0.17692307692307693,0.16923076923076924,0.3038461538461538,0.0673076923076923,0.013461538461538462,0.019230769230769232,0.0038461538461538464,0.011538461538461539,0.0,0.0,0.05961538461538462,520.0
40875,42.108152,-73.43755999999999,9750.0,0.055758683729433274,0.0018281535648994515,0.0,0.13619744058500913,0.16270566727605118,0.15447897623400367,0.3537477148080439,0.022851919561243144,0.013711151736745886,0.013711151736745886,0.002742230347349177,0.01736745886654479,0.011882998171846435,0.0,0.05301645338208409,1094.0
40875,42.108152,-73.43755999999999,10250.0,0.13533151680290645,0.01634877384196185,0.0,0.14713896457765668,0.16712079927338783,0.11716621253405994,0.3215258855585831,0.01634877384196185,0.013623978201634877,0.012715712988192553,0.005449591280653951,0.008174386920980926,0.006357856494096276,0.0,0.0326975476839237,1101.0
40875,42.108152,-73.43755999999999,10750.0,0.0800711743772242,0.0,0.0,0.4786476868327402,0.05871886120996441,0.05693950177935943,0.2669039145907473,0.0,0.010676156583629894,0.01601423487544484,0.0017793594306049821,0.008896797153024912,0.008896797153024912,0.0,0.012455516014234875,562.0
40875,42.108152,-73.43755999999999,11750.0,0.08944543828264759,0.04114490161001789,0.0,0.4776386404293381,0.03220035778175313,0.13416815742397137,0.09302325581395349,0.017889087656529516,0.017889087656529516,0.008944543828264758,0.008944543828264758,0.03041144901610018,0.028622540250447227,0.0,0.01967799642218247,559.0
40875,42.108152,-73.43755999999999,12250.0,0.0940959409594096,0.04428044280442804,0.0,0.4003690036900369,0.03136531365313653,0.21033210332103322,0.11070110701107011,0.005535055350553505,0.027675276752767528,0.0,0.005535055350553505,0.02214022140221402,0.03505535055350553,0.0,0.012915129151291513,542.0
40875,42.108152,-73.43755999999999,12750.0,0.35423728813559324,0.05084745762711865,0.0,0.18135593220338983,0.015254237288135594,0.20677966101694914,0.03559322033898305,0.001694915254237288,0.001694915254237288,0.001694915254237288,0.0,0.006779661016949152,0.08813559322033898,0.0,0.05593220338983051,590.0
40875,42.108152,-73.43755999999999,13250.0,0.3062605752961083,0.12859560067681894,0.0,0.311336717428088,0.00676818950930626,0.06598984771573604,0.02030456852791878,0.00338409475465313,0.00338409475465313,0.0,0.0,0.001692047377326565,0.10829103214890017,0.0,0.043993231810490696,591.0
40875,42.108152,-73.43755999999999,13750.0,0.3099099099099099,0.05045045045045045,0.0,0.34234234234234234,0.0036036036036036037,0.05765765765765766,0.09009009009009009,0.007207207207207207,0.005405405405405406,0.0036036036036036037,0.0036036036036036037,0.0036036036036036037,0.014414414414414415,0.0,0.10810810810810811,555.0
40875,42.108152,-73.43755999999999,14250.0,0.5373406193078324,0.007285974499089253,0.0,0.23861566484517305,0.0,0.052823315118397086,0.08014571948998178,0.0018214936247723133,0.01092896174863388,0.0,0.0036429872495446266,0.0,0.020036429872495445,0.0,0.04735883424408015,549.0
40914,44.36008,-72.37352,250.0,0.07407726060397488,0.00696894089305687,0.002322980297685623,0.09868364449797815,0.08405747225329088,0.3186784823195388,0.03338208724081562,0.09532822851243225,0.015314462703260777,0.010668502107889529,0.0027531618342940723,0.030112707562591413,0.03234965155295535,0.0011184719951819668,0.19418394562505378,11623.0
40914,44.36008,-72.37352,750.0,0.05925925925925926,0.0019204389574759945,0.0008230452674897119,0.0578875171467764,0.19176954732510287,0.34046639231824416,0.041700960219478736,0.14705075445816188,0.015912208504801097,0.01316872427983539,0.0027434842249657062,0.03566529492455418,0.006035665294924554,0.0,0.08559670781893004,3645.0
40914,44.36008,-72.37352,1250.0,0.05000603937673632,0.0018118130208962435,0.00024157506945283246,0.05797801666867979,0.14494504167169947,0.34110399806739944,0.03212948423722672,0.1652373475057374,0.01642710472279261,0.019809155695132263,0.003623626041792487,0.03382050972339654,0.01763498007005677,0.0,0.11523130812900109,4139.5
40914,44.36008,-72.37352,1750.0,0.01431215299198026,0.0008636644046884639,0.0004935225169648365,0.04120913016656385,0.15200493522516964,0.3239975323874152,0.04219617520049352,0.18852560148056755,0.02689697717458359,0.018013571869216535,0.0032078963602714373,0.04219617520049352,0.017766810610734114,0.0,0.1283158544108575,4052.5
40914,44.36008,-72.37352,2250.0,0.006994365649893142,0.0005828638041577618,0.0015543034777540316,0.03808043520497377,0.1585389547309112,0.3248494268505926,0.03536040411890422,0.18845929667767633,0.03147464542451914,0.017485914124732854,0.003108606955508063,0.04857198367981348,0.01088012434427822,0.0011657276083155237,0.1328929473479697,2573.5
40914,44.36008,-72.37352,2750.0,0.004545998325158512,0.0017944730230888863,0.00023926306974518484,0.051202296925469556,0.11484627347768872,0.3342505084340232,0.0378035650197392,0.2005024524464649,0.020576623998085894,0.01626988874267257,0.0035889460461777725,0.041871037205407344,0.008134944371336284,0.00023926306974518484,0.16413446584519678,4179.5
40914,44.36008,-72.37352,3250.0,0.0019047619047619048,0.0012698412698412698,0.0012698412698412698,0.044444444444444446,0.11936507936507937,0.3873015873015873,0.040634920634920635,0.20317460317460317,0.027936507936507936,0.015873015873015872,0.0025396825396825397,0.03428571428571429,0.006349206349206349,0.0,0.11365079365079366,1575.0
40914,44.36008,-72.37352,3750.0,0.0019102196752626551,0.0005730659025787965,0.0,0.049665711556829036,0.07067812798471824,0.38739255014326646,0.03858643744030563,0.22578796561604583,0.023304680038204392,0.017956064947468958,0.002292263610315186,0.03629417382999045,0.006876790830945559,0.00038204393505253105,0.13829990448901625,2617.5
40914,44.36008,-72.37352,4250.0,0.002124144441822044,0.0014160962945480293,0.0009440641963653528,0.07458107151286288,0.053811659192825115,0.37526551805522773,0.043426953032806234,0.16757139485485012,0.027377861694595232,0.015577059240028323,0.003776256785461411,0.04814727401463299,0.008968609865470852,0.0,0.17701203681850367,2118.5
40914,44.36008,-72.37352,4750.0,0.0023430178069353325,0.0014058106841611997,0.0,0.07591377694470477,0.03139643861293346,0.4465791940018744,0.048266166822867856,0.18322399250234303,0.03608247422680412,0.014058106841611996,0.005154639175257732,0.04217432052483599,0.01218369259606373,0.0,0.10121836925960637,2134.0
40914,44.36008,-72.37352,5250.0,0.0017159199237368923,0.00038131553860819826,0.0,0.0667302192564347,0.019065776930409915,0.47893231649189705,0.03355576739752145,0.18379408960915158,0.023260247855100096,0.024022878932316492,0.004957102001906578,0.047283126787416585,0.01105815061963775,0.0,0.10524308865586272,2622.5
40914,44.36008,-72.37352,5750.0,0.00018751171948246765,0.0,0.0,0.030001875117194824,0.11025689105569098,0.486780423776486,0.03487717982373898,0.1773860866304144,0.018001125070316894,0.021751359459966247,0.0018751171948246765,0.03037689855615976,0.0026251640727545473,0.0,0.08588036752297018,2666.5
40914,44.36008,-72.37352,6250.0,0.0012658227848101266,0.0,0.00031645569620253165,0.03322784810126582,0.20158227848101265,0.4031645569620253,0.04113924050632911,0.1661392405063291,0.02120253164556962,0.017721518987341773,0.0031645569620253164,0.033860759493670886,0.005063291139240506,0.0,0.07215189873417721,3160.0
40914,44.36008,-72.37352,6750.0,0.00024113817217265494,0.00024113817217265494,0.0004822763443453099,0.043404870991077885,0.2066554135519653,0.42030383409693756,0.03858210754762479,0.1401012780323125,0.015432843019049916,0.02146129732336629,0.0007234145165179648,0.03375934410417169,0.005305039787798408,0.0,0.0733060043404871,4147.0
40914,44.36008,-72.37352,7250.0,0.0008532423208191126,0.0002844141069397042,0.0008532423208191126,0.05716723549488054,0.28640500568828214,0.4044368600682594,0.026450511945392493,0.0875995449374289,0.01962457337883959,0.01763367463026166,0.0022753128555176336,0.024459613196814563,0.005119453924914676,0.0,0.0668373151308305,3516.0
40914,44.36008,-72.37352,7750.0,0.0019083969465648854,0.0,0.0011450381679389313,0.09198473282442748,0.2633587786259542,0.43587786259541983,0.03206106870229008,0.04007633587786259,0.012977099236641221,0.01717557251908397,0.0022900763358778627,0.035114503816793895,0.004580152671755725,0.0,0.061450381679389314,2620.0
40914,44.36008,-72.37352,8250.0,0.000744047619047619,0.0003720238095238095,0.000744047619047619,0.17336309523809523,0.3091517857142857,0.32849702380952384,0.058779761904761904,0.02269345238095238,0.011532738095238096,0.013392857142857142,0.000744047619047619,0.029389880952380952,0.004092261904761905,0.0,0.04650297619047619,2688.0
40914,44.36008,-72.37352,8750.0,0.0019083969465648854,0.0019083969465648854,0.0,0.5534351145038168,0.18893129770992367,0.09541984732824428,0.0648854961832061,0.013358778625954198,0.01717557251908397,0.0057251908396946565,0.0019083969465648854,0.019083969465648856,0.0019083969465648854,0.0,0.03435114503816794,524.0
40914,44.36008,-72.37352,9250.0,0.0018315018315018315,0.007326007326007326,0.0,0.5677655677655677,0.12087912087912088,0.10989010989010989,0.10256410256410256,0.007326007326007326,0.016483516483516484,0.007326007326007326,0.0,0.023809523809523808,0.0018315018315018315,0.0,0.03296703296703297,546.0
40914,44.36008,-72.37352,9750.0,0.000931098696461825,0.00186219739292365,0.002793296089385475,0.5093109869646183,0.14338919925512103,0.08100558659217877,0.13594040968342644,0.004655493482309125,0.0223463687150838,0.015828677839851025,0.000931098696461825,0.03910614525139665,0.006517690875232775,0.0,0.035381750465549346,1074.0
40914,44.36008,-72.37352,10250.0,0.0037735849056603774,0.0018867924528301887,0.0,0.6584905660377358,0.06037735849056604,0.06415094339622641,0.09056603773584905,0.005660377358490566,0.020754716981132074,0.011320754716981131,0.0018867924528301887,0.022641509433962263,0.0,0.0,0.05849056603773585,530.0
40914,44.36008,-72.37352,10750.0,0.012440191387559809,0.005741626794258373,0.005741626794258373,0.49282296650717705,0.04019138755980861,0.09473684210526316,0.19808612440191387,0.009569377990430622,0.023923444976076555,0.02200956937799043,0.0,0.023923444976076555,0.00861244019138756,0.0,0.06220095693779904,1045.0
40914,44.36008,-72.37352,11250.0,0.0019193857965451055,0.003838771593090211,0.005758157389635317,0.47024952015355087,0.009596928982725527,0.23416506717850288,0.12667946257197696,0.009596928982725527,0.019193857965451054,0.03262955854126679,0.0,0.02111324376199616,0.005758157389635317,0.0,0.05950095969289827,521.0
40914,44.36008,-72.37352,11750.0,0.011428571428571429,0.022857142857142857,0.005714285714285714,0.5447619047619048,0.0038095238095238095,0.2019047619047619,0.09904761904761905,0.0038095238095238095,0.015238095238095238,0.011428571428571429,0.0019047619047619048,0.01904761904761905,0.007619047619047619,0.0,0.05142857142857143,525.0
40914,44.36008,-72.37352,12250.0,0.040262172284644196,0.04588014981273408,0.020599250936329586,0.25187265917602997,0.0046816479400749065,0.3202247191011236,0.08052434456928839,0.0018726591760299626,0.042134831460674156,0.018726591760299626,0.0018726591760299626,0.011235955056179775,0.05056179775280899,0.0,0.10955056179775281,1068.0
40914,44.36008,-72.37352,12750.0,0.17037037037037037,0.003703703703703704,0.044444444444444446,0.29814814814814816,0.007407407407407408,0.12407407407407407,0.046296296296296294,0.0,0.03148148148148148,0.005555555555555556,0.0,0.007407407407407408,0.1925925925925926,0.009259259259259259,0.05925925925925926,540.0
40914,44.36008,-72.37352,13250.0,0.22091974752028856,0.0018034265103697023,0.015329125338142471,0.31109107303877365,0.0036068530207394047,0.15960324616771868,0.026149684400360685,0.002705139765554554,0.009017132551848512,0.004508566275924256,0.0,0.005410279531109108,0.11000901713255185,0.0009017132551848512,0.12894499549143373,1109.0
40914,44.36008,-72.37352,13750.0,0.3590633130962706,0.003469210754553339,0.0,0.3920208152645273,0.0026019080659150044,0.06678230702515178,0.004336513443191674,0.0008673026886383347,0.008673026886383347,0.0,0.0017346053772766695,0.0008673026886383347,0.024284475281873375,0.0,0.13529921942758022,1153.0
40914,44.36008,-72.37352,14250.0,0.04519774011299435,0.0018832391713747645,0.005649717514124294,0.192090395480226,0.11864406779661017,0.3126177024482109,0.05649717514124294,0.10357815442561205,0.02071563088512241,0.01694915254237288,0.0018832391713747645,0.013182674199623353,0.011299435028248588,0.0,0.09981167608286252,531.0
40988,42.675740000000005,-72.19332,250.0,0.028017842207973237,0.0019514914970727628,0.002927237245609144,0.165597992751603,0.14218009478672985,0.21243378868134932,0.1272651240591023,0.10036241984945637,0.01366044047950934,0.008921103986618344,0.00766657373850014,0.02076944521884583,0.011430164482854754,0.0039029829941455256,0.15291329802063006,7174.0
40988,42.675740000000005,-72.19332,750.0,0.014768752429071124,0.000388651379712398,0.001165954139137194,0.08511465215701516,0.2510687912942091,0.21764477263894286,0.11659541391371939,0.19782355227361056,0.014380101049358725,0.008550330353672756,0.008938981733385153,0.028371550719005052,0.005441119315973571,0.001554605518849592,0.04819277108433735,2573.0
40988,42.675740000000005,-72.19332,1750.0,0.011583011583011582,0.0009652509652509653,0.0009652509652509653,0.10135135135135136,0.24903474903474904,0.16795366795366795,0.11872586872586872,0.20945945945945946,0.01833976833976834,0.009652509652509652,0.008687258687258687,0.02702702702702703,0.010617760617760617,0.0019305019305019305,0.0637065637065637,1036.0
40988,42.675740000000005,-72.19332,2250.0,0.006418485237483954,0.0012836970474967907,0.0,0.1662387676508344,0.1944801026957638,0.12644415917843388,0.1386392811296534,0.22785622593068036,0.02503209242618742,0.009627727856225931,0.009627727856225931,0.02503209242618742,0.01540436456996149,0.0,0.05391527599486521,1558.0
40988,42.675740000000005,-72.19332,2750.0,0.0032637075718015664,0.0013054830287206266,0.0006527415143603133,0.1671018276762402,0.20822454308093996,0.12336814621409922,0.13968668407310705,0.22519582245430808,0.018276762402088774,0.008485639686684074,0.010443864229765013,0.026762402088772844,0.007832898172323759,0.0006527415143603133,0.0587467362924282,1532.0
40988,42.675740000000005,-72.19332,3250.0,0.0029013539651837525,0.0009671179883945841,0.0009671179883945841,0.15570599613152805,0.1644100580270793,0.1276595744680851,0.23210831721470018,0.1760154738878143,0.02127659574468085,0.009671179883945842,0.010638297872340425,0.02321083172147002,0.012572533849129593,0.0029013539651837525,0.05899419729206963,1034.0
40988,42.675740000000005,-72.19332,3750.0,0.003289473684210526,0.001973684210526316,0.0,0.20460526315789473,0.09605263157894736,0.1256578947368421,0.2638157894736842,0.15723684210526315,0.025,0.008552631578947369,0.01118421052631579,0.02631578947368421,0.011842105263157895,0.004605263157894736,0.05986842105263158,1520.0
40988,42.675740000000005,-72.19332,4250.0,0.004418262150220913,0.0009818360333824251,0.0,0.18949435444280804,0.046637211585665195,0.12371134020618557,0.281786941580756,0.18163966617574864,0.033382425135002454,0.010800196367206676,0.018654884634266077,0.03289150711831124,0.015709376534118802,0.002454590083456063,0.05743740795287187,2037.0
40988,42.675740000000005,-72.19332,4750.0,0.001959247648902821,0.0007836990595611285,0.0,0.17398119122257052,0.04075235109717868,0.13949843260188088,0.3072100313479624,0.16261755485893417,0.022727272727272728,0.012539184952978056,0.016065830721003135,0.03330721003134796,0.01763322884012539,0.005094043887147335,0.06583072100313479,2552.0
40988,42.675740000000005,-72.19332,5250.0,0.0013012361743656475,0.0,0.0,0.1125569290826285,0.1509433962264151,0.16590761223162004,0.22901756668835394,0.1867273910214704,0.01626545217957059,0.01626545217957059,0.01236174365647365,0.03643461288223813,0.009759271307742356,0.005855562784645413,0.05660377358490566,1537.0
40988,42.675740000000005,-72.19332,5750.0,0.0,0.0,0.0,0.08284600389863547,0.2134502923976608,0.15497076023391812,0.23294346978557504,0.15107212475633527,0.025341130604288498,0.014619883040935672,0.010721247563352826,0.03313840155945419,0.01364522417153996,0.007797270955165692,0.0594541910331384,1026.0
40988,42.675740000000005,-72.19332,6250.0,0.0011760094080752645,0.0,0.0,0.08075264602116818,0.3284986279890239,0.13328106624852998,0.14856918855350842,0.19404155233241865,0.009408075264602116,0.011760094080752646,0.007056056448451587,0.02195217561740494,0.01528812230497844,0.002352018816150529,0.04586436691493532,2551.0
40988,42.675740000000005,-72.19332,6750.0,0.001949317738791423,0.0009746588693957114,0.0,0.0935672514619883,0.25146198830409355,0.16569200779727095,0.17543859649122806,0.2134502923976608,0.014619883040935672,0.011695906432748537,0.0029239766081871343,0.015594541910331383,0.005847953216374269,0.0,0.04678362573099415,1026.0
40988,42.675740000000005,-72.19332,7250.0,0.0030428769017980637,0.0005532503457814661,0.0,0.12780082987551866,0.1991701244813278,0.1565698478561549,0.20221300138312587,0.1914246196403873,0.01355463347164592,0.014107883817427386,0.003872752420470263,0.02434301521438451,0.004979253112033195,0.0035961272475795295,0.054771784232365145,3615.0
40988,42.675740000000005,-72.19332,7750.0,0.0019455252918287938,0.0,0.0,0.14007782101167315,0.2704280155642023,0.13813229571984437,0.18482490272373542,0.16926070038910507,0.0038910505836575876,0.01556420233463035,0.0019455252918287938,0.013618677042801557,0.007782101167315175,0.0,0.05252918287937743,514.0
40988,42.675740000000005,-72.19332,8250.0,0.0014634146341463415,0.000975609756097561,0.0004878048780487805,0.2751219512195122,0.18292682926829268,0.11804878048780487,0.23512195121951218,0.08487804878048781,0.012195121951219513,0.01024390243902439,0.000975609756097561,0.020975609756097562,0.004878048780487805,0.000975609756097561,0.050731707317073174,2050.0
40988,42.675740000000005,-72.19332,8750.0,0.0028708133971291866,0.0019138755980861245,0.0,0.3244019138755981,0.12057416267942583,0.08708133971291866,0.2698564593301435,0.06124401913875598,0.02966507177033493,0.016267942583732056,0.0019138755980861245,0.021052631578947368,0.010526315789473684,0.0009569377990430622,0.05167464114832536,1045.0
40988,42.675740000000005,-72.19332,9250.0,0.004016064257028112,0.0,0.0,0.38755020080321284,0.11044176706827309,0.060240963855421686,0.3132530120481928,0.008032128514056224,0.02610441767068273,0.014056224899598393,0.0,0.012048192771084338,0.006024096385542169,0.006024096385542169,0.05220883534136546,498.0
40988,42.675740000000005,-72.19332,9750.0,0.0045632333767926985,0.000651890482398957,0.000651890482398957,0.5254237288135594,0.11408083441981746,0.06844850065189048,0.18904823989569752,0.0045632333767926985,0.014341590612777053,0.009778357235984355,0.0,0.010430247718383311,0.0045632333767926985,0.003259452411994785,0.050195567144719684,1534.0
40988,42.675740000000005,-72.19332,10250.0,0.007208387942332897,0.002621231979030144,0.0,0.5137614678899083,0.09698558322411534,0.09501965923984272,0.17300131061598953,0.000655307994757536,0.020969855832241154,0.011795543905635648,0.000655307994757536,0.011140235910878113,0.009174311926605505,0.003931847968545216,0.05307994757536042,1526.0
40988,42.675740000000005,-72.19332,10750.0,0.012385919165580182,0.005215123859191656,0.001303780964797914,0.6075619295958279,0.03259452411994785,0.06388526727509779,0.17666232073011734,0.0,0.012385919165580182,0.009126466753585397,0.001303780964797914,0.014341590612777053,0.012385919165580182,0.003259452411994785,0.04758800521512386,1534.0
40988,42.675740000000005,-72.19332,11250.0,0.04739960500329164,0.02369980250164582,0.003949967083607637,0.5246872942725477,0.004608294930875576,0.13495720868992758,0.10335747202106649,0.0013166556945358788,0.016458196181698487,0.0065832784726793945,0.0013166556945358788,0.012508229098090849,0.044107965766951945,0.013824884792626729,0.061224489795918366,1519.0
40988,42.675740000000005,-72.19332,11750.0,0.2641509433962264,0.06415094339622641,0.03962264150943396,0.25471698113207547,0.016981132075471698,0.15471698113207547,0.035849056603773584,0.0,0.007547169811320755,0.005660377358490566,0.0,0.0,0.06415094339622641,0.011320754716981131,0.08113207547169811,530.0
40988,42.675740000000005,-72.19332,12750.0,0.348294434470377,0.08797127468581688,0.0017953321364452424,0.22082585278276481,0.0,0.04308797127468582,0.05385996409335727,0.0017953321364452424,0.017953321364452424,0.003590664272890485,0.0017953321364452424,0.0017953321364452424,0.026929982046678635,0.03052064631956912,0.15978456014362658,557.0
40988,42.675740000000005,-72.19332,14250.0,0.32892249527410206,0.043478260869565216,0.011342155009451797,0.2438563327032136,0.003780718336483932,0.10396975425330812,0.034026465028355386,0.001890359168241966,0.00945179584120983,0.005671077504725898,0.0,0.003780718336483932,0.0661625708884688,0.011342155009451797,0.1323251417769376,529.0
40992,43.29136,-71.17873999999999,250.0,0.02807848443843031,0.0013531799729364006,0.0010148849797023004,0.13464140730717186,0.2236129905277402,0.260148849797023,0.08660351826792964,0.13734776725304465,0.009472259810554804,0.008457374830852503,0.005751014884979702,0.02131258457374831,0.016238159675236806,0.0,0.06596752368064952,2956.0
40992,43.29136,-71.17873999999999,750.0,0.02097902097902098,0.0,0.0,0.09557109557109557,0.28205128205128205,0.2400932400932401,0.1048951048951049,0.15151515151515152,0.009324009324009324,0.004662004662004662,0.0,0.02097902097902098,0.03496503496503497,0.0,0.03496503496503497,429.0
40992,43.29136,-71.17873999999999,1250.0,0.009149130832570906,0.0009149130832570906,0.0,0.1262580054894785,0.28545288197621227,0.2250686184812443,0.10612991765782251,0.1546203110704483,0.0054894784995425435,0.0027447392497712718,0.007319304666056725,0.01646843549862763,0.01463860933211345,0.0,0.04574565416285453,1093.0
40992,43.29136,-71.17873999999999,1750.0,0.004332755632582322,0.0,0.0,0.12564991334488734,0.30675909878682844,0.19150779896013864,0.09878682842287695,0.1854419410745234,0.01733102253032929,0.008665511265164644,0.004332755632582322,0.014731369150779897,0.012131715771230503,0.0,0.030329289428076257,1154.0
40992,43.29136,-71.17873999999999,2250.0,0.0016129032258064516,0.0008064516129032258,0.0,0.16693548387096774,0.26048387096774195,0.17983870967741936,0.11048387096774194,0.1629032258064516,0.014516129032258065,0.0064516129032258064,0.0024193548387096775,0.035483870967741936,0.010483870967741936,0.0008064516129032258,0.0467741935483871,1240.0
40992,43.29136,-71.17873999999999,2750.0,0.0,0.0,0.0,0.185378590078329,0.2297650130548303,0.2245430809399478,0.10182767624020887,0.1814621409921671,0.01174934725848564,0.0013054830287206266,0.007832898172323759,0.0195822454308094,0.013054830287206266,0.0,0.02349869451697128,766.0
40992,43.29136,-71.17873999999999,3250.0,0.0,0.0,0.0,0.19586374695863748,0.21532846715328466,0.18369829683698297,0.15206812652068127,0.15571776155717762,0.01824817518248175,0.004866180048661801,0.0036496350364963502,0.030413625304136254,0.015815085158150853,0.0,0.024330900243309004,822.0
40992,43.29136,-71.17873999999999,3750.0,0.0,0.0,0.0,0.2736077481840194,0.2009685230024213,0.15738498789346247,0.12590799031476999,0.1694915254237288,0.007263922518159807,0.009685230024213076,0.002421307506053269,0.01694915254237288,0.021791767554479417,0.0,0.014527845036319613,413.0
40992,43.29136,-71.17873999999999,4250.0,0.002457002457002457,0.0,0.0,0.29238329238329236,0.08722358722358722,0.171990171990172,0.21253071253071254,0.14250614250614252,0.013513513513513514,0.007371007371007371,0.0012285012285012285,0.02702702702702703,0.028255528255528257,0.0,0.013513513513513514,814.0
40992,43.29136,-71.17873999999999,4750.0,0.004790419161676647,0.0,0.0,0.27305389221556886,0.07784431137724551,0.15449101796407186,0.24431137724550897,0.14491017964071856,0.016766467065868262,0.008383233532934131,0.010778443113772455,0.02035928143712575,0.023952095808383235,0.0,0.02035928143712575,835.0
40992,43.29136,-71.17873999999999,5250.0,0.004601226993865031,0.0005112474437627812,0.0,0.27044989775051126,0.12883435582822086,0.18967280163599182,0.16359918200409,0.1523517382413088,0.009713701431492843,0.006134969325153374,0.005623721881390593,0.02198364008179959,0.028118609406952964,0.0,0.018404907975460124,1956.0
40992,43.29136,-71.17873999999999,5750.0,0.0024783147459727386,0.0006195786864931846,0.0006195786864931846,0.20879801734820322,0.2868649318463445,0.13506815365551425,0.15923172242874845,0.12143742255266418,0.008674101610904586,0.008674101610904586,0.008674101610904586,0.01734820322180917,0.01982651796778191,0.0006195786864931846,0.021065675340768277,1614.0
40992,43.29136,-71.17873999999999,6250.0,0.0,0.0005980861244019139,0.0,0.1937799043062201,0.25299043062200954,0.12858851674641147,0.20454545454545456,0.1297846889952153,0.016148325358851676,0.008971291866028708,0.0011961722488038277,0.025119617224880382,0.01375598086124402,0.0,0.02452153110047847,1672.0
40992,43.29136,-71.17873999999999,6750.0,0.0,0.000612369871402327,0.0,0.15676668707899571,0.3674219228413962,0.1359461114513166,0.11696264543784446,0.12737293325168403,0.014084507042253521,0.014084507042253521,0.001224739742804654,0.021432945499081445,0.021432945499081445,0.0,0.0226576852418861,1633.0
40992,43.29136,-71.17873999999999,7250.0,0.00482315112540193,0.001607717041800643,0.0,0.2395498392282958,0.2966237942122186,0.14308681672025725,0.13987138263665594,0.09163987138263666,0.011254019292604502,0.011254019292604502,0.0040192926045016075,0.02090032154340836,0.00964630225080386,0.0,0.02572347266881029,1244.0
40992,43.29136,-71.17873999999999,7750.0,0.00702576112412178,0.00234192037470726,0.0,0.3981264637002342,0.2107728337236534,0.10070257611241218,0.16393442622950818,0.04215456674473068,0.00702576112412178,0.01405152224824356,0.00234192037470726,0.01639344262295082,0.01873536299765808,0.0,0.01639344262295082,427.0
40992,43.29136,-71.17873999999999,8250.0,0.0,0.0,0.00468384074941452,0.4637002341920375,0.1592505854800937,0.0702576112412178,0.2154566744730679,0.02810304449648712,0.00468384074941452,0.0117096018735363,0.00234192037470726,0.00702576112412178,0.00936768149882904,0.0,0.0234192037470726,427.0
40992,43.29136,-71.17873999999999,8750.0,0.006971340046475601,0.0038729666924864447,0.0,0.48489542989930284,0.12083656080557707,0.10611928737412858,0.1735089078233927,0.0077459333849728895,0.015491866769945779,0.009295120061967466,0.0,0.009295120061967466,0.023237800154918668,0.0,0.038729666924864445,1291.0
40992,43.29136,-71.17873999999999,9250.0,0.019024970273483946,0.0035671819262782403,0.0005945303210463733,0.5903686087990487,0.06718192627824018,0.08858501783590964,0.15873959571938168,0.0035671819262782403,0.0077288941736028535,0.008323424494649227,0.0017835909631391202,0.0077288941736028535,0.014268727705112961,0.0,0.028537455410225922,1682.0
40992,43.29136,-71.17873999999999,9750.0,0.02784503631961259,0.009685230024213076,0.0012106537530266344,0.6464891041162227,0.0387409200968523,0.08353510895883777,0.14164648910411623,0.002421307506053269,0.0036319612590799033,0.0,0.0012106537530266344,0.0012106537530266344,0.015738498789346248,0.0,0.026634382566585957,826.0
40992,43.29136,-71.17873999999999,10250.0,0.038202247191011236,0.0,0.0044943820224719105,0.5752808988764045,0.038202247191011236,0.11685393258426967,0.1662921348314607,0.006741573033707865,0.0044943820224719105,0.006741573033707865,0.0022471910112359553,0.008988764044943821,0.0022471910112359553,0.0,0.029213483146067417,445.0
40992,43.29136,-71.17873999999999,10750.0,0.02497027348394768,0.005945303210463734,0.0035671819262782403,0.6789536266349584,0.02497027348394768,0.09155766944114149,0.11771700356718193,0.0011890606420927466,0.0035671819262782403,0.01070154577883472,0.0,0.0,0.008323424494649227,0.0,0.028537455410225922,841.0
40992,43.29136,-71.17873999999999,11250.0,0.06625766871165645,0.014723926380368098,0.00245398773006135,0.6920245398773006,0.008588957055214725,0.07484662576687116,0.09815950920245399,0.0,0.0036809815950920245,0.0036809815950920245,0.001226993865030675,0.0049079754601227,0.012269938650306749,0.0,0.01717791411042945,815.0
40992,43.29136,-71.17873999999999,11750.0,0.09699769053117784,0.020785219399538105,0.004618937644341801,0.6212471131639723,0.0023094688221709007,0.13048498845265588,0.07736720554272518,0.0011547344110854503,0.0011547344110854503,0.003464203233256351,0.0,0.004618937644341801,0.013856812933025405,0.0,0.021939953810623556,866.0
40992,43.29136,-71.17873999999999,12250.0,0.18248175182481752,0.05596107055961071,0.0827250608272506,0.2725060827250608,0.009732360097323601,0.17518248175182483,0.0267639902676399,0.0,0.012165450121654502,0.014598540145985401,0.0,0.004866180048661801,0.07542579075425791,0.0024330900243309003,0.0851581508515815,411.0
40992,43.29136,-71.17873999999999,12750.0,0.7227488151658767,0.002369668246445498,0.002369668246445498,0.15165876777251186,0.002369668246445498,0.03317535545023697,0.014218009478672985,0.0,0.0,0.002369668246445498,0.0,0.0,0.002369668246445498,0.004739336492890996,0.061611374407582936,422.0
40992,43.29136,-71.17873999999999,13250.0,0.22115384615384615,0.0038461538461538464,0.0057692307692307696,0.20961538461538462,0.0019230769230769232,0.19038461538461537,0.04038461538461539,0.0,0.0038461538461538464,0.0019230769230769232,0.0,0.0019230769230769232,0.007692307692307693,0.0,0.31153846153846154,520.0
48685,41.834212,-88.381654,250.0,0.0,0.0,0.0,0.02202486678507993,0.0021314387211367673,0.011367673179396092,0.33037300177619894,0.004262877442273535,0.01492007104795737,0.021314387211367674,0.023090586145648313,0.009236234458259326,0.004262877442273535,0.0,0.5570159857904086,1407.5
48685,41.834212,-88.381654,750.0,0.0,0.0,0.0016680567139282735,0.027522935779816515,0.0,0.015012510425354461,0.31526271893244373,0.003336113427856547,0.006672226855713094,0.016680567139282735,0.021684737281067557,0.015012510425354461,0.0050041701417848205,0.0,0.5721434528773979,599.5
48685,41.834212,-88.381654,1250.0,0.0018796992481203006,0.0,0.0,0.05451127819548872,0.0,0.013157894736842105,0.4116541353383459,0.0018796992481203006,0.020676691729323307,0.039473684210526314,0.03759398496240601,0.011278195488721804,0.005639097744360902,0.0,0.40225563909774437,532.0
48685,41.834212,-88.381654,1750.0,0.0014619883040935672,0.0,0.0,0.04239766081871345,0.0,0.0029239766081871343,0.3333333333333333,0.0029239766081871343,0.017543859649122806,0.03508771929824561,0.03508771929824561,0.017543859649122806,0.008771929824561403,0.0,0.5029239766081871,342.0
48685,41.834212,-88.381654,2250.0,0.0,0.0,0.0,0.04586129753914989,0.0,0.020134228187919462,0.3512304250559284,0.0044742729306487695,0.02237136465324385,0.04138702460850112,0.05592841163310962,0.0022371364653243847,0.006711409395973154,0.0,0.44966442953020136,447.0
48685,41.834212,-88.381654,3250.0,0.0035200938691698444,0.0002933411557641537,0.0,0.04546787914344382,0.0,0.014080375476679377,0.35640950425344675,0.0023467292461132297,0.01994719859196245,0.03285420944558522,0.022880610149603988,0.005280140803754767,0.009973599295981225,0.0023467292461132297,0.48459958932238195,1704.5
48685,41.834212,-88.381654,3750.0,0.00030674846625766873,0.0,0.0,0.044171779141104296,0.0,0.007361963190184049,0.4187116564417178,0.006134969325153374,0.030061349693251534,0.04570552147239264,0.03374233128834356,0.010736196319018405,0.004294478527607362,0.00245398773006135,0.39631901840490796,1630.0
48685,41.834212,-88.381654,4250.0,0.0005675368898978433,0.0,0.0011350737797956867,0.051645856980703744,0.0,0.009080590238365494,0.3496027241770715,0.004540295119182747,0.015891032917139614,0.029511918274687854,0.028376844494892167,0.00510783200908059,0.004540295119182747,0.0011350737797956867,0.4988649262202043,881.0
48685,41.834212,-88.381654,4750.0,0.0,0.0,0.0,0.05224787363304982,0.0,0.0,0.39125151883353587,0.0,0.014580801944106925,0.024301336573511544,0.026731470230862697,0.0,0.004860267314702308,0.002430133657351154,0.4835965978128797,411.5
48685,41.834212,-88.381654,5250.0,0.003444712366517396,0.0003444712366517396,0.0,0.0513262142611092,0.0006889424733034792,0.004822597313124354,0.37891836031691356,0.006200482259731312,0.013778849466069583,0.03444712366517396,0.021701687909059592,0.006889424733034792,0.005511539786427834,0.003444712366517396,0.4684808818463658,1451.5
48685,41.834212,-88.381654,5750.0,0.001759014951627089,0.0,0.0,0.05716798592788039,0.002931691586045148,0.005277044854881266,0.33128114922310176,0.008795074758135445,0.01759014951627089,0.04514805042509528,0.018762826150688947,0.00732922896511287,0.007622398123717385,0.004690706537672237,0.4916446789797713,1705.5
48685,41.834212,-88.381654,6250.0,0.0010974539069359087,0.0,0.0,0.03687445127304653,0.0004389815627743635,0.003950834064969272,0.41022827041264265,0.009218612818261633,0.022388059701492536,0.07616330114135206,0.04236172080772607,0.01251097453906936,0.005706760316066725,0.0026338893766461808,0.3764266900790167,2278.0
48685,41.834212,-88.381654,6750.0,0.0011129660545353367,0.0005564830272676684,0.0,0.038397328881469114,0.0011129660545353367,0.0,0.42237061769616024,0.00333889816360601,0.02448525319977741,0.11908736783528102,0.041736227045075125,0.031163049526989426,0.0011129660545353367,0.0022259321090706734,0.3132999443516973,898.5
48685,41.834212,-88.381654,7250.0,0.0005402485143165856,0.0,0.0,0.03241491085899514,0.0010804970286331713,0.0021609940572663426,0.4505672609400324,0.0,0.015126958400864398,0.10804970286331712,0.039978390059427334,0.029173419773095625,0.006482982171799027,0.0,0.31442463533225284,925.5
48685,41.834212,-88.381654,7750.0,0.0024975024975024975,0.000999000999000999,0.0,0.04895104895104895,0.0,0.000999000999000999,0.37012987012987014,0.0,0.01998001998001998,0.08391608391608392,0.034465534465534464,0.008491508491508492,0.001998001998001998,0.0,0.4275724275724276,1001.0
48685,41.834212,-88.381654,8250.0,0.0050933786078098476,0.0,0.0,0.04867006225240521,0.0011318619128466328,0.0022637238256932655,0.4289756649688738,0.0,0.021505376344086023,0.09281267685342388,0.038483305036785515,0.018109790605546124,0.005659309564233163,0.0011318619128466328,0.3361629881154499,883.5
48685,41.834212,-88.381654,8750.0,0.004224757076468103,0.0,0.0,0.03802281368821293,0.0,0.0025348542458808617,0.3840304182509506,0.0008449514152936206,0.018588931136459652,0.1432192648922687,0.04731727925644275,0.021968736797634135,0.005069708491761723,0.0016899028305872412,0.3324883819180397,1183.5
48685,41.834212,-88.381654,9250.0,0.00517631834357813,0.0,0.0,0.046910384988676807,0.0,0.002588159171789065,0.4817211258492397,0.0019411193788417987,0.04205758654157231,0.10999676480103526,0.03623422840504691,0.023293432546101587,0.002588159171789065,0.002588159171789065,0.24490456163054028,1545.5
48685,41.834212,-88.381654,9750.0,0.0010438413361169101,0.0,0.0006958942240779402,0.029575504523312455,0.0,0.003479471120389701,0.36464857341684065,0.0013917884481558804,0.05288796102992345,0.22338204592901878,0.04210160055671538,0.04488517745302714,0.003479471120389701,0.0020876826722338203,0.2303409881697982,1437.0
48685,41.834212,-88.381654,10250.0,0.004123711340206186,0.0,0.0027491408934707906,0.029209621993127148,0.0,0.007560137457044674,0.3319587628865979,0.0,0.08109965635738832,0.2175257731958763,0.03367697594501718,0.04845360824742268,0.004123711340206186,0.004123711340206186,0.23539518900343642,1455.0
48685,41.834212,-88.381654,10750.0,0.01953125,0.0,0.0,0.0283203125,0.0,0.0126953125,0.3330078125,0.0,0.1171875,0.2060546875,0.01953125,0.013671875,0.005859375,0.00390625,0.240234375,512.0
48685,41.834212,-88.381654,11250.0,0.01073279052553664,0.00999259807549963,0.005921539600296077,0.031088082901554404,0.0,0.04811250925240563,0.24796447076239822,0.0,0.17542561065877127,0.2627683197631384,0.018504811250925242,0.021095484826054774,0.02072538860103627,0.009622501850481125,0.13804589193190228,1351.0
48685,41.834212,-88.381654,11750.0,0.08837345860246623,0.04903112155020552,0.013505578391074574,0.04873752201996477,0.0005871990604815032,0.12331180270111568,0.12155020551967116,0.0005871990604815032,0.14856136230182032,0.13446858485026425,0.008220786846741044,0.011743981209630064,0.06517909571344686,0.039342337052260715,0.14679976512037582,1703.0
48685,41.834212,-88.381654,12250.0,0.30054858934169276,0.03918495297805643,0.022727272727272728,0.030564263322884012,0.0,0.054858934169279,0.09169278996865204,0.0,0.07758620689655173,0.061128526645768025,0.0023510971786833857,0.003134796238244514,0.07288401253918496,0.07523510971786834,0.16810344827586207,1276.0
48685,41.834212,-88.381654,12750.0,0.22438255386232264,0.07146610614818708,0.016815554387808723,0.004203888596952181,0.0,0.007356805044666317,0.1093011035207567,0.0010509721492380452,0.17866526537046767,0.03783499737256963,0.0031529164477141357,0.006305832895428271,0.0325801366263794,0.05570152390961639,0.2511823436678928,951.5
48685,41.834212,-88.381654,13250.0,0.24733268671193018,0.05625606207565471,0.002909796314258002,0.007759456838021339,0.0,0.011639185257032008,0.11057225994180407,0.0,0.2502424830261882,0.023278370514064017,0.015518913676042677,0.005819592628516004,0.01745877788554801,0.015518913676042677,0.23569350145489815,515.5
48685,41.834212,-88.381654,13750.0,0.22939068100358423,0.034050179211469536,0.014336917562724014,0.0017921146953405018,0.0,0.0,0.0913978494623656,0.0,0.24014336917562723,0.021505376344086023,0.005376344086021506,0.0,0.0035842293906810036,0.1003584229390681,0.25806451612903225,558.0
48685,41.834212,-88.381654,14250.0,0.3902195608782435,0.0124750499001996,0.015469061876247504,0.001996007984031936,0.0,0.00499001996007984,0.06986027944111776,0.0,0.21956087824351297,0.015968063872255488,0.003992015968063872,0.007984031936127744,0.005988023952095809,0.08483033932135728,0.16666666666666666,1002.0
48685,41.834212,-88.381654,14750.0,0.6424489795918368,0.0012244897959183673,0.018775510204081632,0.005306122448979592,0.0,0.009795918367346938,0.04081632653061224,0.0,0.0946938775510204,0.004081632653061225,0.0,0.004081632653061225,0.015510204081632653,0.013877551020408163,0.1493877551020408,1225.0
66703,34.2872,-78.5108,250.0,0.0,0.0,0.0,0.7748455923638405,0.0005614823133071309,0.002807411566535654,0.07186973610331275,0.0016844469399213925,0.0,0.0022459292532285235,0.03537338573834924,0.0,0.0050533408197641775,0.0,0.10555867490174059,1781.0
66703,34.2872,-78.5108,1250.0,0.0,0.0,0.0,0.7535014005602241,0.0,0.0,0.06722689075630252,0.0028011204481792717,0.0,0.0,0.03081232492997199,0.0028011204481792717,0.0,0.0,0.14285714285714285,357.0
66703,34.2872,-78.5108,1750.0,0.0,0.0,0.0,0.8218390804597702,0.0028735632183908046,0.0,0.07471264367816093,0.0028735632183908046,0.0,0.0028735632183908046,0.028735632183908046,0.0,0.0,0.0,0.06609195402298851,348.0
66703,34.2872,-78.5108,2750.0,0.0,0.0,0.0,0.680379746835443,0.0,0.012658227848101266,0.1550632911392405,0.0,0.0,0.0,0.028481012658227847,0.0031645569620253164,0.0031645569620253164,0.0,0.11708860759493671,316.0
66703,34.2872,-78.5108,3750.0,0.0,0.0,0.0,0.7275641025641025,0.0,0.00641025641025641,0.1282051282051282,0.0,0.0,0.00641025641025641,0.041666666666666664,0.003205128205128205,0.003205128205128205,0.0,0.08333333333333333,312.0
66703,34.2872,-78.5108,4750.0,0.0,0.0,0.0,0.6666666666666666,0.0,0.0,0.1858974358974359,0.0,0.0,0.01282051282051282,0.028846153846153848,0.0,0.0,0.0,0.10576923076923077,312.0
66703,34.2872,-78.5108,5750.0,0.0,0.0,0.0,0.6729559748427673,0.006289308176100629,0.0031446540880503146,0.18553459119496854,0.0031446540880503146,0.0,0.006289308176100629,0.050314465408805034,0.0,0.0,0.0,0.07232704402515723,318.0
66703,34.2872,-78.5108,6750.0,0.0,0.0,0.0,0.36585365853658536,0.005420054200542005,0.0027100271002710027,0.4092140921409214,0.016260162601626018,0.0,0.013550135501355014,0.04878048780487805,0.0027100271002710027,0.008130081300813009,0.0,0.12737127371273713,369.0
66703,34.2872,-78.5108,7250.0,0.0,0.0,0.0,0.26884422110552764,0.010050251256281407,0.002512562814070352,0.5201005025125628,0.007537688442211055,0.0,0.01256281407035176,0.04271356783919598,0.0,0.005025125628140704,0.0,0.1306532663316583,398.0
66703,34.2872,-78.5108,7750.0,0.0,0.0,0.0,0.17006802721088435,0.015873015873015872,0.018140589569160998,0.5782312925170068,0.0,0.013605442176870748,0.013605442176870748,0.049886621315192746,0.0,0.0022675736961451248,0.0,0.1383219954648526,441.0
66703,34.2872,-78.5108,8250.0,0.0026954177897574125,0.0,0.0,0.14420485175202155,0.0215633423180593,0.012129380053908356,0.532345013477089,0.026954177897574125,0.006738544474393531,0.01078167115902965,0.05525606469002695,0.0013477088948787063,0.01078167115902965,0.0,0.1752021563342318,742.0
66703,34.2872,-78.5108,8750.0,0.004021447721179625,0.0,0.0,0.15951742627345844,0.03351206434316354,0.021447721179624665,0.467828418230563,0.024128686327077747,0.005361930294906166,0.014745308310991957,0.06166219839142091,0.004021447721179625,0.010723860589812333,0.0,0.19302949061662197,746.0
66703,34.2872,-78.5108,9250.0,0.002785515320334262,0.0,0.0,0.09192200557103064,0.026462395543175487,0.016713091922005572,0.5027855153203342,0.05988857938718663,0.006963788300835654,0.020891364902506964,0.06128133704735376,0.002785515320334262,0.020891364902506964,0.0,0.18662952646239556,718.0
66703,34.2872,-78.5108,9750.0,0.0033500837520938024,0.0,0.0,0.05443886097152429,0.006700167504187605,0.01256281407035176,0.45896147403685095,0.17001675041876047,0.0033500837520938024,0.024288107202680067,0.048576214405360134,0.0033500837520938024,0.023450586264656615,0.0,0.19095477386934673,1194.0
66703,34.2872,-78.5108,10250.0,0.0006138735420503376,0.0,0.0,0.03990178023327195,0.0024554941682013503,0.015346838551258441,0.47882136279926335,0.17004297114794353,0.008594229588704727,0.024554941682013505,0.05586249232658073,0.001841620626151013,0.016574585635359115,0.0,0.18538980969920196,1629.0
66703,34.2872,-78.5108,10750.0,0.0017006802721088435,0.0,0.0,0.034013605442176874,0.004251700680272109,0.015306122448979591,0.4897959183673469,0.15731292517006804,0.01445578231292517,0.0195578231292517,0.047619047619047616,0.00510204081632653,0.017857142857142856,0.0,0.19302721088435373,1176.0
66703,34.2872,-78.5108,11250.0,0.006134969325153374,0.0,0.0,0.05214723926380368,0.0,0.012269938650306749,0.5,0.18711656441717792,0.006134969325153374,0.024539877300613498,0.05214723926380368,0.0,0.02147239263803681,0.0,0.13803680981595093,326.0
66703,34.2872,-78.5108,11750.0,0.012165450121654502,0.0072992700729927005,0.0,0.2749391727493917,0.0,0.009732360097323601,0.3309002433090024,0.07785888077858881,0.0,0.0170316301703163,0.043795620437956206,0.0,0.0267639902676399,0.0,0.19951338199513383,411.0
66703,34.2872,-78.5108,12250.0,0.005917159763313609,0.0,0.0,0.3905325443786982,0.005917159763313609,0.008875739644970414,0.2455621301775148,0.05029585798816568,0.0,0.0029585798816568047,0.04142011834319527,0.0,0.026627218934911243,0.0,0.22189349112426035,338.0
66703,34.2872,-78.5108,13250.0,0.0,0.0,0.0,0.2818991097922849,0.002967359050445104,0.020771513353115726,0.37091988130563797,0.08011869436201781,0.002967359050445104,0.020771513353115726,0.03560830860534125,0.0,0.02373887240356083,0.0,0.16023738872403562,337.0
66703,34.2872,-78.5108,14750.0,0.0113314447592068,0.0,0.0,0.43342776203966005,0.0028328611898017,0.014164305949008499,0.2096317280453258,0.036827195467422094,0.0028328611898017,0.0084985835694051,0.0226628895184136,0.0028328611898017,0.0453257790368272,0.0,0.2096317280453258,353.0
