site_id,lat,lon,bin_age,Picea,Abies,Larix,Pinus,Tsuga,Betula,Quercus,Fagus,Fraxinus,Ulmus,Carya,Acer,Alnus,Populus,Other,n_grains
203,36.02963,-85.501848,250.0,0.0,0.0,0.0,0.014315230224321133,0.00014757969303423848,0.010478158205430932,0.2238783943329398,0.0030991735537190084,0.01844746162927981,0.009002361275088548,0.024645808736717827,0.04176505312868949,0.3447461629279811,0.0011806375442739079,0.3082939787485242,6776.0
203,36.02963,-85.501848,750.0,0.0,0.0,0.0,0.014296463506395787,0.0015048908954100827,0.006019563581640331,0.2964635063957863,0.0030097817908201654,0.025583145221971408,0.004514672686230248,0.040632054176072234,0.004514672686230248,0.29194883370955604,0.006019563581640331,0.3054928517682468,664.5
203,36.02963,-85.501848,1250.0,0.0,0.0,0.0,0.016366612111292964,0.0,0.0016366612111292963,0.3436988543371522,0.0032733224222585926,0.03764320785597381,0.011456628477905073,0.04582651391162029,0.006546644844517185,0.33878887070376434,0.0,0.19476268412438624,611.0
203,36.02963,-85.501848,1750.0,0.001610305958132045,0.0,0.0,0.017713365539452495,0.0,0.004830917874396135,0.428341384863124,0.0,0.024154589371980676,0.011272141706924315,0.043478260869565216,0.008051529790660225,0.286634460547504,0.001610305958132045,0.1723027375201288,621.0
203,36.02963,-85.501848,2250.0,0.0,0.0,0.0,0.017678708685626442,0.0,0.0030745580322828594,0.31821675634127594,0.0,0.029208301306687164,0.0030745580322828594,0.029208301306687164,0.0030745580322828594,0.35049961568024596,0.0030745580322828594,0.24289008455034589,650.5
203,36.02963,-85.501848,2750.0,0.0,0.0,0.0,0.011180124223602485,0.0,0.002484472049689441,0.28322981366459626,0.0,0.040993788819875775,0.006211180124223602,0.02857142857142857,0.0037267080745341614,0.4683229813664596,0.002484472049689441,0.15279503105590062,805.0
203,36.02963,-85.501848,3250.0,0.002834868887313962,0.0,0.0,0.013465627214741318,0.009922041105598866,0.002834868887313962,0.3401842664776754,0.002834868887313962,0.03260099220411056,0.004252303330970942,0.025513819985825654,0.004252303330970942,0.34727143869596033,0.0,0.21403260099220411,705.5
203,36.02963,-85.501848,3750.0,0.001326259946949602,0.0,0.0,0.006631299734748011,0.001326259946949602,0.0,0.3116710875331565,0.001326259946949602,0.034482758620689655,0.003978779840848806,0.03713527851458886,0.002652519893899204,0.3620689655172414,0.001326259946949602,0.23607427055702918,754.0
203,36.02963,-85.501848,4250.0,0.0,0.0,0.0,0.008264462809917356,0.0,0.0,0.325068870523416,0.0,0.024793388429752067,0.004132231404958678,0.023415977961432508,0.0027548209366391185,0.38292011019283745,0.0,0.22865013774104684,726.0
203,36.02963,-85.501848,4750.0,0.0012143290831815423,0.0,0.0,0.006678809957498482,0.0036429872495446266,0.008500303582270795,0.23193685488767457,0.0,0.05585913782635094,0.0012143290831815423,0.020643594414086218,0.0036429872495446266,0.474802671523983,0.009714632665452338,0.18214936247723132,823.5
203,36.02963,-85.501848,5250.0,0.0024154589371980675,0.0,0.0,0.008454106280193236,0.0036231884057971015,0.022946859903381644,0.19202898550724637,0.006038647342995169,0.04830917874396135,0.0,0.04468599033816425,0.007246376811594203,0.48429951690821255,0.0,0.17995169082125603,828.0
203,36.02963,-85.501848,5750.0,0.01330671989354624,0.0,0.0,0.00332667997338656,0.0013306719893546241,0.011976047904191617,0.21823020625415834,0.003992015968063872,0.043912175648702596,0.007984031936127744,0.03592814371257485,0.007984031936127744,0.44976713240186295,0.021290751829673986,0.18097139055222888,751.5
203,36.02963,-85.501848,6750.0,0.0022988505747126436,0.0,0.0,0.005747126436781609,0.004597701149425287,0.01264367816091954,0.23218390804597702,0.0034482758620689655,0.027586206896551724,0.0022988505747126436,0.040229885057471264,0.005747126436781609,0.4666666666666667,0.0,0.19655172413793104,870.0
203,36.02963,-85.501848,7250.0,0.012978585334198572,0.0,0.0,0.007138221933809215,0.003893575600259572,0.010382868267358857,0.18299805321219986,0.005191434133679429,0.06748864373783257,0.0012978585334198572,0.031148604802076575,0.011680726800778715,0.41661258922777417,0.01427644386761843,0.23491239454899415,770.5
203,36.02963,-85.501848,8750.0,0.00870195794053662,0.0,0.0,0.006526468455402465,0.00435097897026831,0.0014503263234227702,0.32342277012327775,0.00870195794053662,0.029006526468455404,0.00435097897026831,0.023205221174764323,0.005801305293691081,0.29731689630166785,0.0014503263234227702,0.2857142857142857,689.5
203,36.02963,-85.501848,9250.0,0.03397683397683398,0.003088803088803089,0.0,0.003861003861003861,0.0,0.012355212355212355,0.23474903474903475,0.004633204633204633,0.040154440154440155,0.003088803088803089,0.01698841698841699,0.012355212355212355,0.0,0.0,0.6347490347490348,647.5
203,36.02963,-85.501848,9750.0,0.0272,0.0,0.0,0.0032,0.0032,0.0016,0.256,0.0144,0.0384,0.0064,0.024,0.0032,0.008,0.0,0.6144,625.0
203,36.02963,-85.501848,11250.0,0.0784313725490196,0.0028011204481792717,0.0,0.011204481792717087,0.0,0.014005602240896359,0.43977591036414565,0.0028011204481792717,0.05042016806722689,0.022408963585434174,0.0196078431372549,0.008403361344537815,0.0056022408963585435,0.0,0.3445378151260504,357.0
203,36.02963,-85.501848,12250.0,0.09217877094972067,0.0,0.0,0.0111731843575419,0.0,0.00558659217877095,0.39664804469273746,0.00558659217877095,0.0335195530726257,0.01675977653631285,0.030726256983240222,0.0223463687150838,0.0,0.0,0.3854748603351955,358.0
203,36.02963,-85.501848,12750.0,0.09439228622177112,0.015224562293834053,0.0,0.07688403958386196,0.0,0.01623953311342299,0.37452423242831767,0.008627251966505963,0.05176351179903578,0.020299416391778735,0.016747018523217458,0.011672164425272774,0.023344328850545548,0.0010149708195889369,0.289266683582847,1970.5
203,36.02963,-85.501848,13250.0,0.18322981366459629,0.040372670807453416,0.0,0.11490683229813664,0.0,0.021739130434782608,0.2391304347826087,0.012422360248447204,0.07453416149068323,0.012422360248447204,0.009316770186335404,0.018633540372670808,0.034161490683229816,0.0,0.2391304347826087,322.0
203,36.02963,-85.501848,13750.0,0.18590704647676162,0.008995502248875561,0.0,0.10644677661169415,0.0,0.008995502248875561,0.30884557721139433,0.005997001499250375,0.09895052473763119,0.026986506746626688,0.017991004497751123,0.0029985007496251873,0.047976011994003,0.0,0.17991004497751126,333.5
203,36.02963,-85.501848,14250.0,0.24603174603174602,0.01746031746031746,0.0,0.10793650793650794,0.0,0.026984126984126985,0.28095238095238095,0.004761904761904762,0.1,0.011111111111111112,0.011111111111111112,0.0015873015873015873,0.02857142857142857,0.0,0.1634920634920635,630.0
203,36.02963,-85.501848,14750.0,0.23652173913043478,0.0,0.0,0.24521739130434783,0.0,0.01391304347826087,0.20521739130434782,0.0034782608695652175,0.04869565217391304,0.006956521739130435,0.017391304347826087,0.0034782608695652175,0.04869565217391304,0.0,0.17043478260869566,287.5
254,42.25,-77.91667,250.0,0.0008,0.0,0.0,0.0908,0.2736,0.0892,0.1116,0.0752,0.0136,0.0196,0.0096,0.0368,0.0044,0.0088,0.266,2500.0
254,42.25,-77.91667,750.0,0.0,0.0,0.0,0.09655172413793103,0.35172413793103446,0.11379310344827587,0.14482758620689656,0.07931034482758621,0.006896551724137931,0.010344827586206896,0.006896551724137931,0.05172413793103448,0.0,0.0,0.13793103448275862,290.0
254,42.25,-77.91667,1250.0,0.0,0.0,0.0,0.07177814029363784,0.2969004893964111,0.09135399673735727,0.12071778140293637,0.18433931484502447,0.01468189233278956,0.022838499184339316,0.0065252854812398045,0.052202283849918436,0.0032626427406199023,0.004893964110929853,0.13050570962479607,613.0
254,42.25,-77.91667,1750.0,0.0,0.0,0.0,0.04792332268370607,0.19808306709265175,0.054313099041533544,0.10862619808306709,0.28434504792332266,0.009584664536741214,0.051118210862619806,0.025559105431309903,0.07348242811501597,0.003194888178913738,0.006389776357827476,0.13738019169329074,313.0
254,42.25,-77.91667,2250.0,0.0,0.0,0.0,0.06270096463022508,0.09967845659163987,0.10610932475884244,0.1639871382636656,0.18810289389067525,0.012861736334405145,0.02090032154340836,0.011254019292604502,0.14469453376205788,0.00482315112540193,0.003215434083601286,0.18167202572347266,622.0
254,42.25,-77.91667,2750.0,0.0,0.0,0.0,0.09208400646203554,0.07431340872374798,0.13408723747980614,0.15024232633279483,0.15347334410339256,0.027463651050080775,0.04361873990306947,0.009693053311793215,0.10823909531502424,0.011308562197092083,0.0032310177705977385,0.19224555735056542,619.0
254,42.25,-77.91667,3250.0,0.0,0.0,0.0,0.06870229007633588,0.03816793893129771,0.1083969465648855,0.19389312977099238,0.19389312977099238,0.007633587786259542,0.02900763358778626,0.010687022900763359,0.1083969465648855,0.0030534351145038168,0.0030534351145038168,0.23511450381679388,655.0
254,42.25,-77.91667,3750.0,0.006028636021100226,0.0,0.0,0.0640542577241899,0.06179351921627732,0.12207987942727958,0.16880180859080632,0.2004521477015825,0.02260738507912585,0.03014318010550113,0.013564431047475508,0.09947249434815374,0.003014318010550113,0.007535795026375283,0.2004521477015825,663.5
254,42.25,-77.91667,4250.0,0.0,0.0,0.0,0.025619487610247797,0.1511969760604788,0.13019739605207895,0.10919781604367913,0.20831583368332635,0.020999580008399833,0.03359932801343973,0.010919781604367913,0.07727845443091139,0.01007979840403192,0.008399832003359933,0.21419571608567828,1190.5
254,42.25,-77.91667,4750.0,0.0028735632183908046,0.0,0.0,0.020114942528735632,0.603448275862069,0.022988505747126436,0.04885057471264368,0.04597701149425287,0.0028735632183908046,0.014367816091954023,0.0028735632183908046,0.031609195402298854,0.0,0.0,0.20402298850574713,348.0
254,42.25,-77.91667,5750.0,0.0,0.0,0.0,0.04361370716510903,0.4485981308411215,0.0529595015576324,0.09657320872274143,0.09034267912772585,0.021806853582554516,0.021806853582554516,0.006230529595015576,0.06542056074766354,0.009345794392523364,0.003115264797507788,0.14018691588785046,321.0
254,42.25,-77.91667,6750.0,0.003067484662576687,0.0,0.0,0.09202453987730061,0.40797546012269936,0.06748466257668712,0.11042944785276074,0.0736196319018405,0.027607361963190184,0.018404907975460124,0.003067484662576687,0.05521472392638037,0.018404907975460124,0.0,0.12269938650306748,326.0
254,42.25,-77.91667,8250.0,0.0,0.0026560424966799467,0.0,0.16865869853917662,0.2151394422310757,0.013280212483399735,0.12749003984063745,0.00796812749003984,0.013280212483399735,0.03718459495351926,0.0026560424966799467,0.01859229747675963,0.25232403718459495,0.0,0.1407702523240372,376.5
254,42.25,-77.91667,9250.0,0.003472222222222222,0.013888888888888888,0.0,0.24305555555555555,0.24305555555555555,0.059027777777777776,0.125,0.024305555555555556,0.010416666666666666,0.024305555555555556,0.006944444444444444,0.03125,0.0798611111111111,0.0,0.13541666666666666,288.0
254,42.25,-77.91667,10250.0,0.019083969465648856,0.06870229007633588,0.0,0.42366412213740456,0.07251908396946564,0.04961832061068702,0.1183206106870229,0.003816793893129771,0.003816793893129771,0.022900763358778626,0.007633587786259542,0.019083969465648856,0.12213740458015267,0.0,0.06870229007633588,262.0
254,42.25,-77.91667,10750.0,0.030683403068340307,0.058577405857740586,0.0,0.1799163179916318,0.09762900976290098,0.03626220362622036,0.12552301255230125,0.008368200836820083,0.030683403068340307,0.019525801952580194,0.002789400278940028,0.002789400278940028,0.0502092050209205,0.002789400278940028,0.3542538354253835,358.5
254,42.25,-77.91667,11250.0,0.20366757705813499,0.020288724151385096,0.0,0.0667186890362856,0.0015606710885680843,0.01872805306281701,0.10846664065548185,0.0023410066328521262,0.06632852126414358,0.007803355442840421,0.0007803355442840422,0.0023410066328521262,0.0023410066328521262,0.0,0.4986344127975029,1281.5
254,42.25,-77.91667,11750.0,0.3371647509578544,0.01277139208173691,0.0,0.09578544061302682,0.0,0.010217113665389528,0.12260536398467432,0.0,0.04597701149425287,0.0,0.005108556832694764,0.01277139208173691,0.002554278416347382,0.0,0.3550446998722861,391.5
254,42.25,-77.91667,12250.0,0.40793201133144474,0.006798866855524079,0.0,0.04589235127478754,0.0,0.02152974504249292,0.08498583569405099,0.0,0.06005665722379604,0.0033994334277620396,0.0011331444759206798,0.0011331444759206798,0.020396600566572238,0.0,0.346742209631728,882.5
254,42.25,-77.91667,12750.0,0.22903225806451613,0.0032258064516129032,0.0,0.05161290322580645,0.0,0.03225806451612903,0.07258064516129033,0.0,0.05,0.0064516129032258064,0.0032258064516129032,0.0016129032258064516,0.02903225806451613,0.0,0.5209677419354839,620.0
254,42.25,-77.91667,13250.0,0.1623119556611243,0.003167062549485352,0.0,0.06334125098970704,0.000791765637371338,0.01583531274742676,0.04275534441805225,0.0,0.027711797307996833,0.000791765637371338,0.004750593824228029,0.00395882818685669,0.03721298495645289,0.0,0.6373713380839272,1263.0
254,42.25,-77.91667,13750.0,0.14896829391041772,0.004026170105686965,0.0,0.0669350780070458,0.0,0.01610468042274786,0.04428787116255662,0.0,0.03623553095118269,0.0010065425264217413,0.003019627579265224,0.003019627579265224,0.03019627579265224,0.0,0.6462003019627579,993.5
254,42.25,-77.91667,14250.0,0.19746121297602257,0.005641748942172073,0.0,0.10860366713681241,0.014104372355430184,0.01692524682651622,0.05077574047954866,0.0028208744710860366,0.031029619181946404,0.0,0.0,0.0,0.01692524682651622,0.0,0.5557122708039492,354.5
254,42.25,-77.91667,14750.0,0.162839248434238,0.0041753653444676405,0.0,0.07306889352818371,0.006263048016701462,0.021920668058455117,0.08455114822546973,0.0,0.022964509394572025,0.005219206680584551,0.0020876826722338203,0.0041753653444676405,0.014613778705636743,0.0,0.5981210855949896,958.0
260,42.5,-73.31667,250.0,0.023923444976076555,0.0,0.0,0.023923444976076555,0.0645933014354067,0.17942583732057416,0.16626794258373206,0.050239234449760764,0.014354066985645933,0.01076555023923445,0.009569377990430622,0.025119617224880382,0.04904306220095694,0.007177033492822967,0.37559808612440193,836.0
260,42.5,-73.31667,750.0,0.02888814242526033,0.0,0.006718172657037286,0.011084984884111521,0.09942895532415183,0.24521330198186092,0.19818609338259993,0.08263352368155862,0.020154517971111858,0.006718172657037286,0.007389989922741014,0.030903594222371517,0.025529056096741685,0.0047027208599261005,0.2324487739334901,1488.5
260,42.5,-73.31667,1250.0,0.017817371937639197,0.002969561989606533,0.0022271714922048997,0.03192279138827023,0.07201187824795843,0.2182628062360802,0.2457312546399406,0.1276911655530809,0.014847809948032665,0.011878247958426132,0.017817371937639197,0.034892353377876766,0.028953229398663696,0.0022271714922048997,0.17074981440237566,1347.0
260,42.5,-73.31667,1750.0,0.01589825119236884,0.0,0.0,0.03656597774244833,0.10386857445680975,0.1907790143084261,0.1971383147853736,0.1483836777954425,0.03815580286168521,0.01377848436671966,0.024377318494965553,0.03709591944886063,0.020137784843667197,0.0021197668256491787,0.17170111287758347,943.5
260,42.5,-73.31667,2250.0,0.0,0.0,0.001652892561983471,0.04132231404958678,0.05785123966942149,0.22975206611570248,0.22148760330578512,0.16859504132231404,0.05289256198347107,0.013223140495867768,0.01818181818181818,0.05454545454545454,0.01652892561983471,0.0049586776859504135,0.11900826446280992,605.0
260,42.5,-73.31667,2750.0,0.0017683465959328027,0.0,0.0,0.02564102564102564,0.040671971706454466,0.21396993810786913,0.22988505747126436,0.12024756852343059,0.028293545534924844,0.01768346595932803,0.015915119363395226,0.05658709106984969,0.007073386383731211,0.007073386383731211,0.23519009725906279,565.5
260,42.5,-73.31667,3250.0,0.004014049172102358,0.0,0.0,0.051680883090817864,0.03411941796287005,0.19769192172604114,0.2870045158053186,0.13948820873055695,0.03311590566984446,0.02007024586051179,0.027094831911690917,0.04315102860010035,0.015052684395383844,0.0010035122930255895,0.14651279478173607,996.5
260,42.5,-73.31667,3750.0,0.0019011406844106464,0.0,0.0,0.058935361216730035,0.030418250950570342,0.20912547528517111,0.3041825095057034,0.15779467680608364,0.03231939163498099,0.013307984790874524,0.022813688212927757,0.03612167300380228,0.009505703422053232,0.0038022813688212928,0.11977186311787072,526.0
260,42.5,-73.31667,4250.0,0.0,0.0,0.0,0.064030131826742,0.04896421845574388,0.2222222222222222,0.3370998116760829,0.10734463276836158,0.02448210922787194,0.022598870056497175,0.030131826741996232,0.05273069679849341,0.011299435028248588,0.0,0.07909604519774012,531.0
260,42.5,-73.31667,4750.0,0.0,0.0,0.0,0.033439953474847336,0.040709508578075024,0.2227391683628962,0.2832218668217505,0.1558592614132015,0.04419889502762431,0.022099447513812154,0.03024134922942716,0.056411747601046815,0.004070950857807502,0.00639720849084036,0.10061064262867113,1719.5
260,42.5,-73.31667,5250.0,0.0017376194613379669,0.0,0.0,0.023457862728062554,0.05386620330147698,0.24500434404865334,0.2693310165073849,0.1355343179843614,0.03996524761077324,0.01737619461337967,0.036490008688097306,0.03127715030408341,0.0034752389226759338,0.0017376194613379669,0.14074717636837533,575.5
260,42.5,-73.31667,5750.0,0.0009555661729574773,0.0,0.0,0.024366937410415672,0.16722408026755853,0.20926899187768752,0.25322503583373146,0.12422360248447205,0.03153368370759675,0.025800286669851888,0.030578117534639272,0.038222646918299095,0.0019111323459149545,0.0,0.0926899187768753,1046.5
260,42.5,-73.31667,6250.0,0.0,0.0,0.0,0.02088912694161757,0.1628280664167113,0.1531869309051955,0.24424209962506696,0.15747188002142476,0.037493304767005894,0.023567220139260846,0.024638457418318157,0.04499196572040707,0.007498660953401178,0.004284949116229245,0.11890733797536154,933.5
260,42.5,-73.31667,6750.0,0.0,0.0,0.0,0.01943198804185351,0.13552566018933732,0.15844544095665172,0.279023418036871,0.10463378176382661,0.048829098156452415,0.027902341803687097,0.029895366218236172,0.03886397608370702,0.005979073243647235,0.006975585450921774,0.14449427005480817,1003.5
260,42.5,-73.31667,7250.0,0.006688963210702341,0.002229654403567447,0.0,0.02564102564102564,0.16722408026755853,0.2831661092530658,0.17614269788182832,0.14715719063545152,0.026755852842809364,0.022296544035674472,0.017837235228539576,0.0379041248606466,0.006688963210702341,0.0,0.0802675585284281,448.5
260,42.5,-73.31667,7750.0,0.0007117437722419929,0.0,0.0,0.03345195729537367,0.21494661921708186,0.17437722419928825,0.2405693950177936,0.11672597864768683,0.03345195729537367,0.01494661921708185,0.012099644128113879,0.04128113879003559,0.0056939501779359435,0.0014234875444839859,0.1103202846975089,1405.0
260,42.5,-73.31667,8250.0,0.0,0.0,0.0,0.04035216434336023,0.15553925165077037,0.19515774027879676,0.30961115187087307,0.11298606016140866,0.03521643433602348,0.022010271460014674,0.004402054292002935,0.041085840058694055,0.010271460014673514,0.007336757153338224,0.06603081438004402,681.5
260,42.5,-73.31667,8750.0,0.005300821627352239,0.0,0.0,0.07553670818976942,0.23323615160349853,0.09700503578054598,0.3010866684336072,0.05512854492446329,0.05459846276172807,0.024913861648555528,0.004240657301881791,0.02703419029949642,0.008481314603763583,0.005300821627352239,0.10813676119798568,1886.5
260,42.5,-73.31667,9750.0,0.024087849805171802,0.0028338646829613886,0.0,0.1781792419411973,0.06801275239107332,0.08218207580588027,0.3471484236627701,0.0007084661707403471,0.057385759829968117,0.029047113000354233,0.0028338646829613886,0.024087849805171802,0.030464045341834927,0.0014169323414806943,0.15161176053843428,1411.5
260,42.5,-73.31667,10250.0,0.04917480633209835,0.0040417649040080834,0.009430784776018861,0.2428427079824857,0.010778039744021556,0.22162344223644326,0.14011451667228023,0.006736274840013472,0.036375884136072754,0.020882452004041766,0.00740990232401482,0.037723139104075445,0.07409902324014819,0.020208824520040417,0.11855843718423711,1484.5
260,42.5,-73.31667,10750.0,0.45364351693465615,0.004105371193978789,0.0006842285323297981,0.12966130687649674,0.009579199452617175,0.05473828258638385,0.06226479644201163,0.0013684570646595963,0.020526855969893943,0.005473828258638385,0.0027369141293191925,0.0027369141293191925,0.07184399589462881,0.011631885049606569,0.16900444748546015,1461.5
260,42.5,-73.31667,11250.0,0.35389048991354466,0.004610951008645533,0.0069164265129683,0.1239193083573487,0.0,0.014985590778097982,0.0484149855907781,0.0023054755043227667,0.004610951008645533,0.0011527377521613833,0.0023054755043227667,0.0069164265129683,0.025360230547550433,0.01729106628242075,0.3873198847262248,867.5
260,42.5,-73.31667,11750.0,0.1744186046511628,0.005813953488372093,0.005813953488372093,0.1569767441860465,0.0,0.005813953488372093,0.03488372093023256,0.0,0.0,0.0,0.0,0.0,0.01744186046511628,0.0,0.5988372093023255,172.0
316,38.15472,-79.61639,750.0,0.0,0.0,0.0,0.05186972255729795,0.0024125452352231603,0.05066344993968637,0.5018094089264173,0.0048250904704463205,0.0048250904704463205,0.0,0.028950542822677925,0.0,0.0024125452352231603,0.0,0.35223160434258144,414.5
316,38.15472,-79.61639,1250.0,0.0050062578222778474,0.0,0.0,0.04130162703379224,0.007509386733416771,0.030037546933667083,0.5481852315394243,0.007509386733416771,0.0050062578222778474,0.0050062578222778474,0.02753441802252816,0.007509386733416771,0.0050062578222778474,0.0025031289111389237,0.3078848560700876,399.5
316,38.15472,-79.61639,1750.0,0.002355712603062426,0.0,0.0,0.02944640753828033,0.002355712603062426,0.016489988221436984,0.4499411071849234,0.002355712603062426,0.0,0.002355712603062426,0.028268551236749116,0.009422850412249705,0.0,0.011778563015312132,0.4452296819787986,424.5
316,38.15472,-79.61639,2250.0,0.0031397174254317113,0.0031397174254317113,0.0,0.04552590266875981,0.0031397174254317113,0.02511773940345369,0.5274725274725275,0.0,0.0031397174254317113,0.0,0.04709576138147567,0.006279434850863423,0.0,0.0031397174254317113,0.3328100470957614,318.5
316,38.15472,-79.61639,3250.0,0.00583941605839416,0.00583941605839416,0.0,0.05401459854014599,0.0,0.026277372262773723,0.5576642335766423,0.0,0.00291970802919708,0.0,0.040875912408759124,0.0,0.00291970802919708,0.017518248175182483,0.28613138686131384,342.5
316,38.15472,-79.61639,3750.0,0.0,0.0,0.0,0.04899135446685879,0.0,0.040345821325648415,0.5590778097982709,0.002881844380403458,0.0,0.0,0.04899135446685879,0.002881844380403458,0.0,0.0,0.2968299711815562,347.0
316,38.15472,-79.61639,4250.0,0.002185792349726776,0.0,0.0,0.053551912568306013,0.01092896174863388,0.008743169398907104,0.4918032786885246,0.008743169398907104,0.002185792349726776,0.0,0.0633879781420765,0.002185792349726776,0.002185792349726776,0.006557377049180328,0.3475409836065574,457.5
316,38.15472,-79.61639,4750.0,0.0,0.0,0.0,0.038,0.022,0.018,0.452,0.006,0.0,0.0,0.05,0.0,0.004,0.004,0.406,500.0
316,38.15472,-79.61639,5250.0,0.0,0.0,0.0,0.05142857142857143,0.036571428571428574,0.018285714285714287,0.5737142857142857,0.018285714285714287,0.004571428571428572,0.004571428571428572,0.06628571428571428,0.002285714285714286,0.0,0.004571428571428572,0.21942857142857142,437.5
316,38.15472,-79.61639,6250.0,0.0,0.0,0.0,0.04269662921348315,0.035955056179775284,0.008988764044943821,0.6584269662921348,0.01348314606741573,0.0,0.0022471910112359553,0.035955056179775284,0.0044943820224719105,0.0,0.0022471910112359553,0.19550561797752808,445.0
316,38.15472,-79.61639,6750.0,0.0,0.0,0.0,0.011389521640091117,0.022779043280182234,0.011389521640091117,0.5261958997722096,0.00683371298405467,0.0,0.002277904328018223,0.018223234624145785,0.004555808656036446,0.0,0.002277904328018223,0.3940774487471526,439.0
316,38.15472,-79.61639,7250.0,0.0,0.0,0.0,0.03288672350791717,0.0341047503045067,0.012180267965895249,0.4993909866017052,0.0,0.0,0.00243605359317905,0.031668696711327646,0.0048721071863581,0.0,0.01705237515225335,0.3654080389768575,410.5
316,38.15472,-79.61639,7750.0,0.0,0.0,0.0,0.02631578947368421,0.1111111111111111,0.011695906432748537,0.4766081871345029,0.0029239766081871343,0.0,0.0,0.02046783625730994,0.0029239766081871343,0.0,0.029239766081871343,0.31871345029239767,342.0
316,38.15472,-79.61639,8750.0,0.0389908256880734,0.01834862385321101,0.0,0.013761467889908258,0.011467889908256881,0.0,0.1926605504587156,0.0,0.0,0.0,0.020642201834862386,0.0045871559633027525,0.19954128440366972,0.01834862385321101,0.481651376146789,436.0
316,38.15472,-79.61639,9750.0,0.0030349013657056147,0.009104704097116844,0.0,0.01669195751138088,0.036418816388467376,0.0030349013657056147,0.16995447647951442,0.0,0.0,0.0,0.0030349013657056147,0.0,0.33990895295902884,0.0,0.4188163884673748,329.5
316,38.15472,-79.61639,10250.0,0.08090185676392574,0.09416445623342175,0.002652519893899204,0.06763925729442971,0.029177718832891247,0.007957559681697613,0.09549071618037135,0.0,0.0,0.001326259946949602,0.003978779840848806,0.007957559681697613,0.3076923076923077,0.005305039787798408,0.2957559681697613,754.0
316,38.15472,-79.61639,10750.0,0.15172413793103448,0.08505747126436781,0.0,0.08735632183908046,0.0,0.02528735632183908,0.05057471264367816,0.0,0.0,0.0022988505747126436,0.0022988505747126436,0.011494252873563218,0.22528735632183908,0.0022988505747126436,0.3563218390804598,435.0
316,38.15472,-79.61639,11250.0,0.0749665327978581,0.02677376171352075,0.0,0.09504685408299866,0.0,0.013386880856760375,0.0214190093708166,0.0,0.0,0.0,0.002677376171352075,0.002677376171352075,0.5622489959839357,0.0,0.20080321285140562,373.5
316,38.15472,-79.61639,11750.0,0.12262773722627737,0.017518248175182483,0.0,0.09781021897810219,0.0,0.00291970802919708,0.01167883211678832,0.0,0.0,0.0,0.0,0.0,0.5372262773722628,0.0,0.21021897810218979,342.5
316,38.15472,-79.61639,12250.0,0.13683483068417415,0.11057360055286801,0.0,0.10158949550794748,0.0,0.01243953006219765,0.08707671043538355,0.00414651002073255,0.0027643400138217,0.0,0.0027643400138217,0.00414651002073255,0.2156185210780926,0.0027643400138217,0.31928127159640635,723.5
316,38.15472,-79.61639,12750.0,0.1026811180832858,0.040501996577296064,0.0,0.09041642897889332,0.0,0.00912721049629207,0.012549914432401598,0.0008556759840273817,0.0019965772960638907,0.0008556759840273817,0.0002852253280091272,0.0008556759840273817,0.5433542498573873,0.0017113519680547634,0.19480889903023388,3506.0
316,38.15472,-79.61639,13250.0,0.07989800254993625,0.02634934126646834,0.0,0.06587335316617085,0.0,0.016149596260093498,0.017849553761155972,0.0,0.0008499787505312367,0.0008499787505312367,0.0008499787505312367,0.0016999575010624734,0.6111347216319593,0.0016999575010624734,0.17679558011049723,1176.5
316,38.15472,-79.61639,13750.0,0.09517514871116986,0.031725049570389956,0.0,0.0945142101784534,0.0,0.013218770654329148,0.009253139458030404,0.0013218770654329147,0.0,0.0,0.0013218770654329147,0.0026437541308658294,0.5208195637805684,0.013218770654329148,0.21678783873099802,756.5
316,38.15472,-79.61639,14250.0,0.2682445759368836,0.054240631163708086,0.0,0.1903353057199211,0.0,0.015779092702169626,0.021696252465483234,0.0,0.0009861932938856016,0.0,0.0,0.0029585798816568047,0.24753451676528598,0.006903353057199211,0.1913214990138067,1014.0
316,38.15472,-79.61639,14750.0,0.3069306930693069,0.07260726072607261,0.0,0.18811881188118812,0.0,0.006600660066006601,0.056105610561056105,0.0,0.006600660066006601,0.0,0.0,0.0033003300330033004,0.132013201320132,0.0033003300330033004,0.22442244224422442,303.0
367,38.46667,-98.66667,250.0,0.0,0.0,0.0,0.011049723756906077,0.0,0.0,0.0055248618784530384,0.0,0.0,0.0027624309392265192,0.0,0.0,0.0,0.0055248618784530384,0.9751381215469613,362.0
367,38.46667,-98.66667,750.0,0.0,0.0,0.0,0.012345679012345678,0.0,0.0,0.0027434842249657062,0.0,0.0,0.0,0.0,0.0,0.0,0.0054869684499314125,0.9794238683127572,364.5
367,38.46667,-98.66667,1750.0,0.0,0.0,0.0,0.006693440428380187,0.0,0.0,0.00535475234270415,0.0,0.0,0.002677376171352075,0.0,0.0,0.0,0.002677376171352075,0.9825970548862115,373.5
367,38.46667,-98.66667,2250.0,0.0,0.0,0.0,0.0068775790921595595,0.0,0.0,0.002751031636863824,0.0,0.0,0.002751031636863824,0.0,0.0,0.0,0.002751031636863824,0.984869325997249,363.5
367,38.46667,-98.66667,3250.0,0.0,0.0,0.0,0.00558659217877095,0.0,0.0,0.002793296089385475,0.0,0.0,0.002793296089385475,0.0,0.0,0.0,0.0,0.9888268156424581,358.0
367,38.46667,-98.66667,3750.0,0.0,0.0,0.0,0.00727802037845706,0.0,0.0,0.008733624454148471,0.0,0.0,0.0,0.0,0.0,0.0,0.0,0.9839883551673945,343.5
367,38.46667,-98.66667,4750.0,0.0,0.0,0.0,0.018030513176144243,0.0,0.0,0.008321775312066574,0.0,0.0,0.0027739251040221915,0.0,0.0,0.0,0.0027739251040221915,0.9680998613037448,360.5
367,38.46667,-98.66667,5750.0,0.0013280212483399733,0.0,0.0,0.01195219123505976,0.0,0.0,0.00796812749003984,0.0,0.0,0.0013280212483399733,0.0,0.0,0.0,0.0026560424966799467,0.9747675962815405,753.0
367,38.46667,-98.66667,6250.0,0.0,0.0,0.0,0.008547008547008548,0.0,0.0,0.011396011396011397,0.0,0.0,0.005698005698005698,0.0,0.002849002849002849,0.0,0.005698005698005698,0.9658119658119658,351.0
367,38.46667,-98.66667,6750.0,0.0,0.0,0.0,0.006693440428380187,0.0,0.0,0.008032128514056224,0.0,0.0,0.002677376171352075,0.0,0.002677376171352075,0.0,0.002677376171352075,0.9772423025435074,373.5
367,38.46667,-98.66667,7250.0,0.0,0.0,0.0,0.014844804318488529,0.0,0.0,0.008097165991902834,0.0,0.0,0.0,0.0,0.0,0.0,0.002699055330634278,0.9743589743589743,370.5
367,38.46667,-98.66667,7750.0,0.0,0.0,0.0,0.01694915254237288,0.0,0.0,0.004842615012106538,0.0,0.0,0.0,0.0,0.002421307506053269,0.0,0.002421307506053269,0.9733656174334141,413.0
367,38.46667,-98.66667,8250.0,0.0,0.0,0.0,0.00646830530401035,0.0,0.0,0.00517464424320828,0.0,0.0,0.00517464424320828,0.0,0.00517464424320828,0.0,0.00517464424320828,0.9728331177231565,386.5
367,38.46667,-98.66667,8750.0,0.0,0.0,0.0,0.006675567423230975,0.0,0.0,0.0,0.0,0.0,0.0,0.0,0.0,0.0,0.0,0.9933244325767691,374.5
367,38.46667,-98.66667,9250.0,0.0,0.0,0.0,0.00946372239747634,0.0,0.0,0.0031545741324921135,0.0,0.0,0.0,0.0,0.0,0.0,0.0,0.9873817034700315,317.0
367,38.46667,-98.66667,9750.0,0.0,0.0,0.0,0.005952380952380952,0.0,0.0,0.0,0.0,0.0,0.0,0.0,0.0,0.002976190476190476,0.002976190476190476,0.9880952380952381,336.0
367,38.46667,-98.66667,10250.0,0.0,0.0,0.0,0.01415929203539823,0.0,0.0017699115044247787,0.007079646017699115,0.0,0.0,0.0017699115044247787,0.0,0.0,0.0,0.0035398230088495575,0.9716814159292035,565.0
367,38.46667,-98.66667,10750.0,0.003134796238244514,0.0,0.0,0.05642633228840126,0.0,0.012539184952978056,0.009404388714733543,0.0,0.0,0.0,0.003134796238244514,0.0,0.012539184952978056,0.009404388714733543,0.8934169278996865,319.0
490,41.63794,-86.545192,250.0,0.0,0.0,0.0,0.012102564102564103,0.00041025641025641023,0.009846153846153846,0.5620512820512821,0.06605128205128205,0.03528205128205128,0.04758974358974359,0.08943589743589743,0.004923076923076923,0.0069743589743589745,0.0008205128205128205,0.1645128205128205,2437.5
490,41.63794,-86.545192,750.0,0.0,0.0,0.0,0.006493506493506494,0.0,0.0021645021645021645,0.40476190476190477,0.1341991341991342,0.021645021645021644,0.09307359307359307,0.08008658008658008,0.030303030303030304,0.010822510822510822,0.006493506493506494,0.20995670995670995,462.0
490,41.63794,-86.545192,1250.0,0.0,0.0,0.0,0.0056179775280898875,0.0028089887640449437,0.016853932584269662,0.45786516853932585,0.13202247191011235,0.025280898876404494,0.10955056179775281,0.06179775280898876,0.028089887640449437,0.0,0.0,0.1601123595505618,356.0
490,41.63794,-86.545192,1750.0,0.0,0.0,0.002600780234070221,0.009102730819245773,0.0,0.02340702210663199,0.5201560468140443,0.10923276983094929,0.033810143042912875,0.09622886866059818,0.07022106631989597,0.015604681404421327,0.002600780234070221,0.0,0.11703511053315994,384.5
490,41.63794,-86.545192,2250.0,0.0,0.0,0.0,0.012222222222222223,0.0011111111111111111,0.012222222222222223,0.62,0.03666666666666667,0.021111111111111112,0.051111111111111114,0.08888888888888889,0.016666666666666666,0.006666666666666667,0.0011111111111111111,0.1322222222222222,900.0
490,41.63794,-86.545192,2750.0,0.0,0.0,0.0,0.01749271137026239,0.0,0.008746355685131196,0.6268221574344023,0.02040816326530612,0.008746355685131196,0.04081632653061224,0.05830903790087463,0.037900874635568516,0.0058309037900874635,0.0,0.1749271137026239,343.0
490,41.63794,-86.545192,3250.0,0.0,0.0,0.0,0.01601164483260553,0.001455604075691412,0.00727802037845706,0.5138282387190685,0.043668122270742356,0.01455604075691412,0.04512372634643377,0.050946142649199416,0.024745269286754003,0.001455604075691412,0.004366812227074236,0.2765647743813683,687.0
490,41.63794,-86.545192,3750.0,0.0,0.0,0.0,0.01804511278195489,0.0,0.012030075187969926,0.5518796992481203,0.03609022556390978,0.042105263157894736,0.058646616541353384,0.058646616541353384,0.012030075187969926,0.004511278195488722,0.0,0.20601503759398496,665.0
490,41.63794,-86.545192,4250.0,0.0,0.0,0.0,0.017374517374517374,0.0,0.007722007722007722,0.5038610038610039,0.029922779922779922,0.016409266409266408,0.05694980694980695,0.06467181467181467,0.027992277992277992,0.0019305019305019305,0.0,0.2731660231660232,1036.0
490,41.63794,-86.545192,4750.0,0.0,0.0,0.0,0.025495750708215296,0.0028328611898017,0.0084985835694051,0.49291784702549574,0.042492917847025496,0.0113314447592068,0.059490084985835696,0.06515580736543909,0.014164305949008499,0.0056657223796034,0.0,0.2719546742209632,353.0
490,41.63794,-86.545192,5250.0,0.0,0.0,0.0,0.020804438280166437,0.0,0.005547850208044383,0.521497919556172,0.06102635228848821,0.011095700416088766,0.07212205270457697,0.033287101248266296,0.024965325936199722,0.005547850208044383,0.0,0.24410540915395285,360.5
490,41.63794,-86.545192,5750.0,0.0,0.0,0.0,0.019494584837545126,0.002888086642599278,0.010108303249097473,0.48953068592057764,0.03176895306859206,0.04332129963898917,0.08808664259927798,0.02888086642599278,0.008664259927797834,0.001444043321299639,0.001444043321299639,0.2743682310469314,692.5
490,41.63794,-86.545192,6250.0,0.0,0.0,0.0013633265167007499,0.017041581458759374,0.0,0.0054533060668029995,0.47171097477845947,0.050443081117927745,0.043626448534423996,0.10770279481935924,0.03953646898432175,0.012269938650306749,0.0013633265167007499,0.0013633265167007499,0.24812542603953647,733.5
490,41.63794,-86.545192,6750.0,0.0,0.0,0.0031923383878691143,0.02314445331205108,0.0,0.009577015163607342,0.48044692737430167,0.05426975259377494,0.0335195530726257,0.11332801276935354,0.03830806065442937,0.014365522745411013,0.004788507581803671,0.0015961691939345571,0.22346368715083798,626.5
490,41.63794,-86.545192,7250.0,0.0,0.0,0.0014803849000740192,0.0229459659511473,0.0,0.005921539600296077,0.463360473723168,0.01924500370096225,0.05477424130273871,0.12879348630643966,0.037009622501850484,0.023686158401184307,0.0029607698001480384,0.0,0.23982235381199113,675.5
490,41.63794,-86.545192,7750.0,0.001389854065323141,0.0,0.0,0.02849200833912439,0.0,0.006949270326615705,0.4850590687977762,0.01250868658790827,0.03613620569840167,0.10562890896455872,0.03335649756775538,0.0236275191104934,0.002779708130646282,0.008339124391938846,0.25573314801945796,719.5
490,41.63794,-86.545192,8250.0,0.0022396416573348264,0.0,0.0,0.02127659574468085,0.0022396416573348264,0.004479283314669653,0.45240761478163494,0.006718924972004479,0.051511758118701005,0.08958566629339305,0.04479283314669653,0.015677491601343786,0.0022396416573348264,0.004479283314669653,0.3023516237402016,446.5
490,41.63794,-86.545192,8750.0,0.009937888198757764,0.0,0.0,0.0484472049689441,0.0012422360248447205,0.009937888198757764,0.4857142857142857,0.002484472049689441,0.024844720496894408,0.08198757763975155,0.040993788819875775,0.012422360248447204,0.0012422360248447205,0.0,0.28074534161490683,805.0
490,41.63794,-86.545192,9250.0,0.004625346901017576,0.0009250693802035153,0.0009250693802035153,0.04440333024976873,0.0,0.012950971322849213,0.45050878815911194,0.0018501387604070306,0.027752081406105456,0.07770582793709528,0.04070305272895467,0.018501387604070305,0.0018501387604070306,0.0074005550416281225,0.3098982423681776,1081.0
490,41.63794,-86.545192,9750.0,0.008531816565943833,0.0014219694276573053,0.0007109847138286527,0.09136153572698187,0.0,0.012086740135087096,0.4322787060078208,0.0028439388553146107,0.05545680767863491,0.08887308922858159,0.025595449697831497,0.008531816565943833,0.009953785993601137,0.0035549235691432635,0.2587984358336296,1406.5
490,41.63794,-86.545192,10250.0,0.11568007230004519,0.031631269769543606,0.004518752824220515,0.2507907817442386,0.0,0.03524627202892002,0.17713511070944418,0.0,0.03524627202892002,0.0867600542250339,0.013556258472661545,0.008133755083596927,0.021690013556258474,0.008133755083596927,0.2114776321735201,1106.5
490,41.63794,-86.545192,10750.0,0.17774667599720084,0.06018194541637509,0.0,0.00489853044086774,0.0,0.01119664100769769,0.13016095171448566,0.0,0.1861441567529741,0.023792862141357594,0.013995801259622114,0.0,0.0013995801259622112,0.04338698390482855,0.3470958712386284,714.5
490,41.63794,-86.545192,11250.0,0.2332814930015552,0.04665629860031104,0.0,0.007776049766718507,0.0,0.012441679626749611,0.14930015552099535,0.0,0.17729393468118196,0.012441679626749611,0.015552099533437015,0.0,0.003110419906687403,0.00933125972006221,0.3328149300155521,321.5
490,41.63794,-86.545192,11750.0,0.25736434108527134,0.006201550387596899,0.0,0.0015503875968992248,0.0,0.009302325581395349,0.15813953488372093,0.0,0.22325581395348837,0.009302325581395349,0.0,0.0031007751937984496,0.0,0.024806201550387597,0.30697674418604654,322.5
490,41.63794,-86.545192,12250.0,0.29473684210526313,0.0,0.004678362573099415,0.0011695906432748538,0.0,0.011695906432748537,0.08654970760233918,0.0,0.13567251461988303,0.00935672514619883,0.004678362573099415,0.007017543859649123,0.004678362573099415,0.021052631578947368,0.41871345029239765,427.5
490,41.63794,-86.545192,12750.0,0.48770053475935826,0.0,0.0,0.0032085561497326204,0.0,0.012834224598930482,0.053475935828877004,0.0,0.047058823529411764,0.008556149732620321,0.0021390374331550803,0.0,0.014973262032085561,0.0042780748663101605,0.3657754010695187,467.5
490,41.63794,-86.545192,13250.0,0.5692640692640693,0.008658008658008658,0.004329004329004329,0.0021645021645021645,0.0,0.015151515151515152,0.047619047619047616,0.0,0.05194805194805195,0.006493506493506494,0.0,0.0,0.008658008658008658,0.006493506493506494,0.2792207792207792,462.0
490,41.63794,-86.545192,13750.0,0.6597774244833068,0.0047694753577106515,0.001589825119236884,0.0047694753577106515,0.0,0.006359300476947536,0.0397456279809221,0.0,0.04133545310015898,0.00794912559618442,0.0,0.0,0.011128775834658187,0.017488076311605722,0.20508744038155802,629.0
490,41.63794,-86.545192,14750.0,0.6625514403292181,0.00823045267489712,0.0,0.00823045267489712,0.0,0.012345679012345678,0.04938271604938271,0.0,0.02880658436213992,0.00823045267489712,0.0,0.0,0.0205761316872428,0.012345679012345678,0.18930041152263374,243.0
518,38.2,-80.28333,250.0,0.06318082788671024,0.0,0.0,0.04139433551198257,0.05228758169934641,0.17538126361655773,0.3627450980392157,0.0457516339869281,0.011982570806100218,0.013071895424836602,0.044662309368191724,0.007625272331154684,0.0196078431372549,0.0,0.16230936819172112,918.0
518,38.2,-80.28333,750.0,0.08955223880597014,0.0,0.0,0.03814262023217247,0.04975124378109453,0.208955223880597,0.33499170812603646,0.06633499170812604,0.009950248756218905,0.006633499170812604,0.05306799336650083,0.013266998341625208,0.029850746268656716,0.0,0.09950248756218906,301.5
518,38.2,-80.28333,1250.0,0.07130730050933787,0.0,0.0,0.06621392190152801,0.03735144312393888,0.13582342954159593,0.3870967741935484,0.050933786078098474,0.0,0.006791171477079796,0.08828522920203735,0.013582342954159592,0.057724957555178265,0.0,0.08488964346349745,294.5
518,38.2,-80.28333,1750.0,0.06070549630844955,0.0,0.0,0.05004101722723544,0.04101722723543889,0.1722723543888433,0.37407711238720265,0.05906480721903199,0.006562756357670222,0.008203445447087777,0.08695652173913043,0.013125512715340444,0.04593929450369155,0.0,0.08203445447087777,609.5
518,38.2,-80.28333,2250.0,0.08813559322033898,0.0,0.0,0.05084745762711865,0.03728813559322034,0.24067796610169492,0.3559322033898305,0.04067796610169491,0.006779661016949152,0.003389830508474576,0.06779661016949153,0.010169491525423728,0.023728813559322035,0.0,0.07457627118644068,295.0
518,38.2,-80.28333,2750.0,0.08293460925039872,0.0,0.0,0.05582137161084529,0.01594896331738437,0.20095693779904306,0.36363636363636365,0.03508771929824561,0.019138755980861243,0.003189792663476874,0.03827751196172249,0.012759170653907496,0.0861244019138756,0.0,0.0861244019138756,313.5
518,38.2,-80.28333,3250.0,0.07633587786259542,0.0,0.0,0.03969465648854962,0.013740458015267175,0.20305343511450383,0.31603053435114503,0.0717557251908397,0.007633587786259542,0.0061068702290076335,0.05801526717557252,0.007633587786259542,0.13282442748091602,0.0,0.06717557251908397,655.0
518,38.2,-80.28333,3750.0,0.0632279534109817,0.0,0.0,0.06156405990016639,0.0033277870216306157,0.24958402662229617,0.3227953410981697,0.056572379367720464,0.02329450915141431,0.0033277870216306157,0.059900166389351084,0.013311148086522463,0.03993344425956739,0.0,0.10316139767054909,300.5
518,38.2,-80.28333,4250.0,0.04021579205492889,0.0,0.0,0.03482099068170672,0.03334968121628249,0.24031387935262383,0.3030897498773909,0.06473761647866601,0.00196174595389897,0.00784698381559588,0.05787150564001962,0.006866110838646395,0.05002452182442374,0.0,0.15890142226581658,1019.5
518,38.2,-80.28333,4750.0,0.019984627209838585,0.0,0.0,0.042275172943889314,0.13835511145272866,0.15987701767870868,0.2859338970023059,0.06302843966179862,0.010760953112990008,0.009223674096848577,0.0415065334358186,0.015372790161414296,0.06917755572636433,0.0,0.1445042275172944,650.5
518,38.2,-80.28333,5250.0,0.0088008800880088,0.0022002200220022,0.0,0.014301430143014302,0.0814081408140814,0.10121012101210121,0.2508250825082508,0.0638063806380638,0.015401540154015401,0.0044004400440044,0.028602860286028604,0.0022002200220022,0.1936193619361936,0.0,0.23322332233223322,454.5
518,38.2,-80.28333,5750.0,0.010649627263045794,0.0,0.0,0.009584664536741214,0.08306709265175719,0.11288604898828541,0.23429179978700745,0.06815761448349308,0.002129925452609159,0.012779552715654952,0.025559105431309903,0.002129925452609159,0.06602768903088392,0.0,0.37273695420660274,469.5
518,38.2,-80.28333,6750.0,0.0051813471502590676,0.0,0.0,0.015544041450777202,0.19948186528497408,0.07772020725388601,0.2823834196891192,0.038860103626943004,0.007772020725388601,0.010362694300518135,0.02849740932642487,0.0025906735751295338,0.15284974093264247,0.0,0.17875647668393782,386.0
518,38.2,-80.28333,7250.0,0.013023255813953489,0.0,0.0,0.008372093023255815,0.06325581395348837,0.10604651162790697,0.20651162790697675,0.026046511627906978,0.009302325581395349,0.0037209302325581397,0.005581395348837209,0.011162790697674419,0.33488372093023255,0.0,0.21209302325581394,537.5
518,38.2,-80.28333,8250.0,0.008781558726673985,0.0,0.0,0.009879253567508232,0.10537870472008781,0.1141602634467618,0.24807903402854006,0.02854006586169045,0.0021953896816684962,0.0043907793633369925,0.019758507135016465,0.0021953896816684962,0.26344676180021953,0.0,0.19319429198682767,455.5
518,38.2,-80.28333,8750.0,0.012756909992912827,0.001417434443656981,0.0,0.009213323883770375,0.10772501771793054,0.042523033309709427,0.13607370659107015,0.008504606661941885,0.001417434443656981,0.001417434443656981,0.008504606661941885,0.002834868887313962,0.3997165131112686,0.0,0.2678951098511694,705.5
518,38.2,-80.28333,9250.0,0.05454545454545454,0.0022727272727272726,0.0,0.022727272727272728,0.2340909090909091,0.07272727272727272,0.1318181818181818,0.006818181818181818,0.0022727272727272726,0.0,0.011363636363636364,0.0,0.2727272727272727,0.0,0.18863636363636363,440.0
518,38.2,-80.28333,10250.0,0.09041980624327234,0.021528525296017224,0.0,0.024757804090419805,0.2303552206673843,0.07319698600645856,0.08396124865446716,0.002152852529601722,0.0,0.0,0.023681377825618945,0.002152852529601722,0.26480086114101187,0.0,0.18299246501614638,464.5
518,38.2,-80.28333,10750.0,0.10191082802547771,0.048407643312101914,0.0,0.02929936305732484,0.2751592356687898,0.08662420382165605,0.06878980891719745,0.0,0.0,0.0,0.012738853503184714,0.0,0.22929936305732485,0.0,0.14777070063694267,392.5
518,38.2,-80.28333,12250.0,0.32574031890660593,0.04669703872437358,0.0,0.12414578587699317,0.12072892938496584,0.04441913439635535,0.06150341685649203,0.0011389521640091116,0.0011389521640091116,0.0056947608200455585,0.007972665148063782,0.0011389521640091116,0.07061503416856492,0.0,0.18906605922551253,878.0
518,38.2,-80.28333,13250.0,0.40408163265306124,0.061224489795918366,0.0,0.2571428571428571,0.0,0.004081632653061225,0.012244897959183673,0.0,0.0,0.0,0.0,0.0,0.02857142857142857,0.0,0.23265306122448978,245.0
518,38.2,-80.28333,13750.0,0.49377593360995853,0.03319502074688797,0.0,0.21991701244813278,0.0,0.0,0.008298755186721992,0.0,0.0,0.0,0.0,0.0,0.004149377593360996,0.0,0.24066390041493776,241.0
518,38.2,-80.28333,14750.0,0.16727272727272727,0.01090909090909091,0.0,0.08727272727272728,0.0,0.0036363636363636364,0.0036363636363636364,0.0,0.0,0.0,0.0,0.0,0.0,0.0,0.7272727272727273,275.0
523,39.96667,-77.55,250.0,0.0011396011396011395,0.0,0.0,0.09857549857549858,0.012535612535612535,0.012535612535612535,0.49572649572649574,0.004558404558404558,0.004558404558404558,0.003418803418803419,0.037606837606837605,0.015954415954415956,0.003418803418803419,0.0,0.30997150997150996,877.5
523,39.96667,-77.55,1250.0,0.0,0.0,0.0,0.08135593220338982,0.010169491525423728,0.013559322033898305,0.49491525423728816,0.006779661016949152,0.010169491525423728,0.0,0.01694915254237288,0.013559322033898305,0.010169491525423728,0.0,0.3423728813559322,295.0
523,39.96667,-77.55,2250.0,0.0,0.0,0.0,0.10499139414802065,0.0068846815834767644,0.013769363166953529,0.4819277108433735,0.0,0.0,0.0068846815834767644,0.0378657487091222,0.010327022375215147,0.0068846815834767644,0.0034423407917383822,0.3270223752151463,290.5
523,39.96667,-77.55,3250.0,0.0,0.0,0.0,0.0859106529209622,0.003436426116838488,0.003436426116838488,0.5498281786941581,0.003436426116838488,0.0,0.003436426116838488,0.044673539518900345,0.010309278350515464,0.013745704467353952,0.0,0.281786941580756,291.0
523,39.96667,-77.55,3750.0,0.0,0.0,0.0,0.099601593625498,0.00796812749003984,0.00796812749003984,0.5046480743691899,0.010624169986719787,0.005312084993359893,0.0,0.02390438247011952,0.013280212483399735,0.005312084993359893,0.0026560424966799467,0.3187250996015936,376.5
523,39.96667,-77.55,4250.0,0.0,0.0,0.0,0.11486486486486487,0.010135135135135136,0.006756756756756757,0.4222972972972973,0.0,0.0033783783783783786,0.006756756756756757,0.02027027027027027,0.02364864864864865,0.0,0.0,0.3918918918918919,296.0
523,39.96667,-77.55,5250.0,0.0,0.0,0.0,0.05564924114671164,0.03035413153456998,0.013490725126475547,0.6138279932546374,0.01011804384485666,0.003372681281618887,0.0,0.03035413153456998,0.006745362563237774,0.006745362563237774,0.0,0.22934232715008432,296.5
523,39.96667,-77.55,5750.0,0.0,0.0,0.0,0.02766798418972332,0.01844532279314888,0.015810276679841896,0.5691699604743083,0.013175230566534914,0.0,0.010540184453227932,0.039525691699604744,0.007905138339920948,0.002635046113306983,0.0,0.2951251646903821,379.5
523,39.96667,-77.55,6750.0,0.0,0.0,0.0,0.018575851393188854,0.030959752321981424,0.02476780185758514,0.631578947368421,0.01238390092879257,0.006191950464396285,0.0030959752321981426,0.01238390092879257,0.0030959752321981426,0.0,0.0,0.25696594427244585,323.0
523,39.96667,-77.55,7250.0,0.0,0.0031446540880503146,0.0,0.025157232704402517,0.015723270440251572,0.006289308176100629,0.6540880503144654,0.009433962264150943,0.0,0.0031446540880503146,0.015723270440251572,0.009433962264150943,0.0,0.0,0.2578616352201258,318.0
523,39.96667,-77.55,7750.0,0.0,0.00819672131147541,0.0,0.04371584699453552,0.03278688524590164,0.00546448087431694,0.6202185792349727,0.00273224043715847,0.01092896174863388,0.00546448087431694,0.00819672131147541,0.00546448087431694,0.00273224043715847,0.0,0.2540983606557377,366.0
523,39.96667,-77.55,8250.0,0.0,0.012618296529968454,0.0,0.07255520504731862,0.022082018927444796,0.006309148264984227,0.5173501577287066,0.006309148264984227,0.006309148264984227,0.01892744479495268,0.0,0.0031545741324921135,0.01892744479495268,0.0,0.31545741324921134,317.0
523,39.96667,-77.55,8750.0,0.03319502074688797,0.03734439834024896,0.0,0.18672199170124482,0.03734439834024896,0.016597510373443983,0.42738589211618255,0.004149377593360996,0.0,0.004149377593360996,0.008298755186721992,0.016597510373443983,0.03734439834024896,0.0,0.1908713692946058,241.0
523,39.96667,-77.55,9250.0,0.022573363431151242,0.03611738148984198,0.0,0.2595936794582393,0.03160270880361174,0.03611738148984198,0.35665914221218964,0.0,0.004514672686230248,0.009029345372460496,0.004514672686230248,0.009029345372460496,0.022573363431151242,0.004514672686230248,0.20316027088036118,221.5
523,39.96667,-77.55,9750.0,0.03571428571428571,0.05714285714285714,0.0,0.22857142857142856,0.02142857142857143,0.025,0.24285714285714285,0.007142857142857143,0.0035714285714285713,0.0035714285714285713,0.0035714285714285713,0.007142857142857143,0.04642857142857143,0.0,0.31785714285714284,280.0
523,39.96667,-77.55,10250.0,0.05741626794258373,0.11483253588516747,0.0,0.37799043062200954,0.009569377990430622,0.014354066985645933,0.12440191387559808,0.0,0.0430622009569378,0.004784688995215311,0.0,0.0,0.004784688995215311,0.009569377990430622,0.23923444976076555,209.0
523,39.96667,-77.55,10750.0,0.06388206388206388,0.10319410319410319,0.0,0.4692874692874693,0.0,0.019656019656019656,0.04914004914004914,0.0,0.014742014742014743,0.0,0.0,0.0,0.0,0.009828009828009828,0.2702702702702703,203.5
523,39.96667,-77.55,11750.0,0.14636591478696742,0.06015037593984962,0.0,0.17794486215538846,0.0,0.034085213032581455,0.07418546365914787,0.0010025062656641604,0.01804511278195489,0.0030075187969924814,0.0020050125313283208,0.0020050125313283208,0.1443609022556391,0.005012531328320802,0.3318295739348371,997.5
523,39.96667,-77.55,12250.0,0.24269440316988608,0.10104011887072809,0.001981178801386825,0.16097077761267956,0.0,0.020802377414561663,0.033680039623576026,0.0,0.004952947003467063,0.0,0.0,0.0,0.14462605250123825,0.001981178801386825,0.2872709262010896,1009.5
523,39.96667,-77.55,12750.0,0.35119280406726633,0.08212749315604223,0.001564333202972233,0.1536957371920219,0.0,0.019554165037152915,0.02033633163863903,0.001564333202972233,0.003910833007430583,0.0,0.0,0.0,0.12671098944075088,0.0007821666014861165,0.23856081345326555,1278.5
523,39.96667,-77.55,13250.0,0.47699050401753107,0.06720233747260775,0.0,0.08181154127100074,0.0,0.02191380569758948,0.022644265887509132,0.0014609203798392988,0.006574141709276844,0.0,0.0029218407596785976,0.0,0.021183345507669833,0.0,0.2972972972972973,1369.0
523,39.96667,-77.55,13750.0,0.5177011494252873,0.005517241379310344,0.0018390804597701149,0.09149425287356322,0.0,0.0367816091954023,0.02482758620689655,0.0,0.0036781609195402297,0.0018390804597701149,0.0018390804597701149,0.0009195402298850574,0.012873563218390805,0.0,0.3006896551724138,1087.5
523,39.96667,-77.55,14250.0,0.6158848118903855,0.0037157454714352067,0.0,0.1072921504876916,0.0,0.01672085462145843,0.01764979098931723,0.0,0.0009289363678588017,0.0009289363678588017,0.0,0.0,0.01114723641430562,0.0,0.22573153738968882,1076.5
523,39.96667,-77.55,14750.0,0.6713417484805985,0.002805049088359046,0.0009350163627863488,0.11453950444132772,0.0,0.018700327255726974,0.014025245441795231,0.0,0.0009350163627863488,0.0,0.0018700327255726976,0.0,0.011220196353436185,0.0,0.16362786348761102,1069.5
539,36.799032,-91.090148,250.0,0.0,0.0,0.0,0.101994301994302,0.0,0.0,0.45356125356125354,0.0,0.013675213675213675,0.006837606837606838,0.045584045584045586,0.004558404558404558,0.002279202279202279,0.011396011396011397,0.36011396011396013,438.75
539,36.799032,-91.090148,750.0,0.0,0.0,0.0,0.06607929515418502,0.0,0.0,0.5462555066079295,0.002936857562408223,0.011747430249632892,0.00881057268722467,0.023494860499265784,0.011747430249632892,0.0,0.0,0.328928046989721,340.5
539,36.799032,-91.090148,1750.0,0.0,0.0,0.0,0.07765263781861292,0.0,0.0023710729104919974,0.4884410195613515,0.0,0.02133965619442798,0.0023710729104919974,0.04742145820983995,0.011855364552459988,0.004742145820983995,0.0023710729104919974,0.34143449911084767,421.75
539,36.799032,-91.090148,2250.0,0.0,0.0,0.0,0.07702020202020202,0.0,0.003787878787878788,0.5176767676767676,0.0,0.010101010101010102,0.005050505050505051,0.01893939393939394,0.0012626262626262627,0.0012626262626262627,0.0012626262626262627,0.36363636363636365,792.0
539,36.799032,-91.090148,2750.0,0.0,0.0,0.0,0.0838946723821188,0.0,0.002449479485609308,0.5364360073484384,0.004898958971218616,0.01224739742804654,0.002449479485609308,0.04654011022657685,0.004898958971218616,0.002449479485609308,0.0,0.3037354562155542,408.25
539,36.799032,-91.090148,3250.0,0.0,0.0,0.0,0.028199566160520606,0.0,0.0,0.4967462039045553,0.0,0.004338394793926247,0.015184381778741865,0.03470715835140998,0.010845986984815618,0.0,0.0,0.40997830802603036,461.0
539,36.799032,-91.090148,3750.0,0.0,0.0,0.0,0.0236709351959643,0.0,0.0,0.46565774155995343,0.0,0.017074117190531625,0.007760962359332557,0.018626309662398137,0.0031043849437330227,0.0015521924718665113,0.0031043849437330227,0.4594489716724874,644.25
539,36.799032,-91.090148,4250.0,0.0,0.0,0.0,0.03603182030884417,0.0,0.003743565746373421,0.47730463266261114,0.0,0.013102480112306972,0.016846045858680395,0.03743565746373421,0.0018717828731867104,0.0,0.0018717828731867104,0.4117922321010763,534.25
539,36.799032,-91.090148,4750.0,0.0,0.0,0.0,0.00851063829787234,0.0,0.002127659574468085,0.5872340425531914,0.0,0.019148936170212766,0.00851063829787234,0.04468085106382979,0.00425531914893617,0.0,0.002127659574468085,0.32340425531914896,470.0
539,36.799032,-91.090148,5250.0,0.0,0.0,0.0,0.004016064257028112,0.0,0.002008032128514056,0.6285140562248996,0.0,0.02610441767068273,0.012048192771084338,0.03413654618473896,0.0,0.002008032128514056,0.004016064257028112,0.28714859437751006,498.0
539,36.799032,-91.090148,6250.0,0.0,0.0,0.0,0.0022271714922048997,0.0,0.002969561989606533,0.48997772828507796,0.0,0.0014847809948032665,0.017817371937639197,0.04305864884929473,0.0,0.0014847809948032665,0.007423904974016332,0.4335560504825538,673.5
539,36.799032,-91.090148,6750.0,0.0,0.0,0.0,0.0004158004158004158,0.0,0.0,0.5155925155925156,0.0,0.00997920997920998,0.006652806652806653,0.04656964656964657,0.0,0.0016632016632016633,0.0016632016632016633,0.4174636174636175,601.25
539,36.799032,-91.090148,7250.0,0.0,0.0,0.0,0.0014211274277593558,0.0,0.005684509711037423,0.5409758408337281,0.0,0.009474182851729039,0.006631927996210327,0.04737091425864519,0.0037896731406916154,0.0,0.0009474182851729038,0.38370440549502605,1055.5
539,36.799032,-91.090148,7750.0,0.0,0.0,0.0,0.0,0.0,0.005025125628140704,0.6482412060301508,0.0,0.01507537688442211,0.01507537688442211,0.04773869346733668,0.002512562814070352,0.0,0.0,0.2663316582914573,398.0
539,36.799032,-91.090148,8250.0,0.0,0.0,0.0,0.0,0.0,0.010570824524312896,0.6701902748414377,0.0,0.004228329809725159,0.023255813953488372,0.03171247357293869,0.008456659619450317,0.0021141649048625794,0.012684989429175475,0.23678646934460887,473.0
539,36.799032,-91.090148,8750.0,0.0,0.0,0.0,0.0026954177897574125,0.0,0.016172506738544475,0.6765498652291105,0.005390835579514825,0.008086253369272238,0.013477088948787063,0.05390835579514825,0.0026954177897574125,0.0,0.005390835579514825,0.215633423180593,371.0
539,36.799032,-91.090148,9250.0,0.0037629350893697085,0.0,0.0018814675446848542,0.0028222013170272815,0.0,0.005644402634054563,0.3179680150517404,0.0,0.024459078080903106,0.016933207902163686,0.07902163687676388,0.00940733772342427,0.005644402634054563,0.007525870178739417,0.5249294449670743,531.5
539,36.799032,-91.090148,10250.0,0.01780693533270853,0.0,0.0,0.0018744142455482662,0.0,0.011246485473289597,0.40487347703842547,0.0037488284910965324,0.01874414245548266,0.028116213683223992,0.1274601686972821,0.00937207122774133,0.005623242736644799,0.007497656982193065,0.36363636363636365,533.5
539,36.799032,-91.090148,10750.0,0.04875076173065204,0.002437538086532602,0.0,0.0030469226081657527,0.0,0.007312614259597806,0.4606946983546618,0.0,0.02437538086532602,0.017062766605728214,0.09750152346130408,0.021937842778793418,0.007312614259597806,0.002437538086532602,0.3071297989031079,410.25
539,36.799032,-91.090148,11250.0,0.02394526795895097,0.0,0.0,0.004561003420752566,0.0,0.013683010262257697,0.3945267958950969,0.0,0.03420752565564424,0.03876852907639681,0.08437856328392246,0.011402508551881414,0.004561003420752566,0.0,0.3899657924743444,438.5
539,36.799032,-91.090148,11750.0,0.02440441603718768,0.0,0.0,0.0017431725740848344,0.0,0.018593840790238233,0.4253341080766996,0.0,0.08134805345729228,0.023242300987797792,0.07205113306217316,0.011621150493898896,0.004648460197559558,0.002324230098779779,0.3346891342242882,430.25
539,36.799032,-91.090148,12250.0,0.0858050847457627,0.00211864406779661,0.0,0.0031779661016949155,0.0,0.019067796610169493,0.3665254237288136,0.0,0.06991525423728813,0.02754237288135593,0.0635593220338983,0.00423728813559322,0.006355932203389831,0.0,0.3516949152542373,472.0
539,36.799032,-91.090148,12750.0,0.07780725022104333,0.006483937518420277,0.0,0.007957559681697613,0.0,0.020041261420571766,0.35838491010904805,0.0,0.1945181255526083,0.011788977306218685,0.0011788977306218685,0.010610079575596816,0.025935750073681107,0.0,0.28529325081049217,848.25
539,36.799032,-91.090148,13250.0,0.1891891891891892,0.005875440658049354,0.0011750881316098707,0.01410105757931845,0.0,0.004700352526439483,0.23854289071680376,0.0011750881316098707,0.22209165687426558,0.009400705052878966,0.004700352526439483,0.004700352526439483,0.01410105757931845,0.0023501762632197414,0.2878965922444183,851.0
539,36.799032,-91.090148,13750.0,0.1965909090909091,0.007954545454545454,0.0,0.020454545454545454,0.0,0.00909090909090909,0.23068181818181818,0.0,0.1534090909090909,0.006818181818181818,0.0,0.0022727272727272726,0.045454545454545456,0.0,0.32727272727272727,880.0
539,36.799032,-91.090148,14250.0,0.296411856474259,0.014352574102964118,0.0,0.027769110764430577,0.0,0.02371294851794072,0.1996879875195008,0.0,0.1310452418096724,0.00374414976599064,0.0024960998439937598,0.0062402496099844,0.039937597503900156,0.0,0.2546021840873635,801.25
539,36.799032,-91.090148,14750.0,0.3792369412149992,0.015392172916325528,0.0013099721630915344,0.0807270345505158,0.0,0.008514819060094972,0.14213197969543148,0.0,0.07073849680694286,0.0019649582446373015,0.0013099721630915344,0.0019649582446373015,0.03405927624037989,0.0,0.26264941869985264,1526.75
679,43.48,-85.0,250.0,0.0556454221934649,0.0012940795858945326,0.005823358136525397,0.19184729860886446,0.014881915237787124,0.05693950177935943,0.2834034293109026,0.05241022322872857,0.02588159171789065,0.04335166612746684,0.009058557101261728,0.03170494985441605,0.017470074409576188,0.024587512131996118,0.18570042057586542,1545.5
679,43.48,-85.0,750.0,0.008803521408563426,0.0,0.011204481792717087,0.21968787515006002,0.0024009603841536613,0.04081632653061224,0.3009203681472589,0.04881952781112445,0.04721888755502201,0.053621448579431776,0.008803521408563426,0.03041216486594638,0.009603841536614645,0.040016006402561026,0.17767106842737096,1249.5
679,43.48,-85.0,1250.0,0.0207732256203116,0.0,0.008078476630121177,0.15983843046739757,0.005770340450086555,0.0415464512406232,0.3404500865551068,0.05770340450086555,0.03577611079053664,0.07039815349105598,0.012694748990190421,0.04385458742065782,0.01154068090017311,0.031159838430467397,0.16041546451240624,866.5
679,43.48,-85.0,1750.0,0.002886002886002886,0.0,0.005772005772005772,0.20346320346320346,0.002886002886002886,0.07503607503607504,0.27705627705627706,0.04329004329004329,0.07792207792207792,0.05483405483405483,0.017316017316017316,0.05483405483405483,0.008658008658008658,0.02886002886002886,0.1471861471861472,346.5
679,43.48,-85.0,2250.0,0.005714285714285714,0.0,0.005714285714285714,0.18571428571428572,0.002857142857142857,0.04285714285714286,0.2714285714285714,0.12571428571428572,0.05714285714285714,0.12857142857142856,0.02857142857142857,0.06571428571428571,0.017142857142857144,0.011428571428571429,0.05142857142857143,350.0
679,43.48,-85.0,2750.0,0.01044932079414838,0.0,0.0041797283176593526,0.12016718913270637,0.0,0.03343782654127482,0.3490073145245559,0.16091954022988506,0.022988505747126436,0.0961337513061651,0.01671891327063741,0.05851619644723093,0.006269592476489028,0.01671891327063741,0.1044932079414838,478.5
679,43.48,-85.0,3250.0,0.0,0.0,0.0,0.11833550065019506,0.0,0.02860858257477243,0.29128738621586475,0.21846553966189858,0.05201560468140442,0.09622886866059818,0.002600780234070221,0.07282184655396619,0.005201560468140442,0.0,0.11443433029908973,384.5
679,43.48,-85.0,3750.0,0.008556149732620321,0.0,0.0,0.10588235294117647,0.0042780748663101605,0.029946524064171122,0.5219251336898396,0.047058823529411764,0.027807486631016044,0.044919786096256686,0.008556149732620321,0.029946524064171122,0.0106951871657754,0.038502673796791446,0.12192513368983957,467.5
679,43.48,-85.0,4250.0,0.0,0.008841732979664015,0.0,0.07338638373121131,0.005305039787798408,0.01768346595932803,0.34129089301503096,0.1184792219274978,0.0671971706454465,0.12024756852343059,0.015915119363395226,0.07250221043324491,0.0017683465959328027,0.042440318302387266,0.11494252873563218,565.5
679,43.48,-85.0,4750.0,0.0,0.0,0.0,0.08684436801375753,0.0,0.02235597592433362,0.4488392089423904,0.1410146173688736,0.06362854686156492,0.10834049871023216,0.008598452278589854,0.04815133276010318,0.0017196904557179708,0.0017196904557179708,0.06878761822871883,581.5
679,43.48,-85.0,5250.0,0.0,0.0,0.0,0.06561085972850679,0.0022624434389140274,0.013574660633484163,0.26244343891402716,0.13800904977375567,0.08823529411764706,0.18099547511312217,0.013574660633484163,0.07013574660633484,0.0022624434389140274,0.049773755656108594,0.11312217194570136,442.0
679,43.48,-85.0,5750.0,0.0,0.0,0.0,0.041666666666666664,0.0,0.013157894736842105,0.31140350877192985,0.12938596491228072,0.05701754385964912,0.24780701754385964,0.006578947368421052,0.041666666666666664,0.0,0.05263157894736842,0.09868421052631579,456.0
679,43.48,-85.0,6250.0,0.0,0.0,0.00243605359317905,0.04263093788063337,0.007308160779537149,0.0194884287454324,0.4238733252131547,0.1315468940316687,0.0925700365408039,0.15347137637028013,0.0,0.02679658952496955,0.012180267965895249,0.0,0.0876979293544458,410.5
679,43.48,-85.0,6750.0,0.0,0.0,0.0,0.09603072983354674,0.0076824583866837385,0.020486555697823303,0.32522407170294493,0.10243277848911651,0.04353393085787452,0.20998719590268886,0.0076824583866837385,0.05377720870678617,0.005121638924455826,0.01792573623559539,0.11011523687580026,390.5
679,43.48,-85.0,7250.0,0.004895960832313341,0.0,0.0,0.09914320685434516,0.004895960832313341,0.04895960832313342,0.4602203182374541,0.0073439412484700125,0.03671970624235006,0.11260709914320685,0.0073439412484700125,0.03671970624235006,0.0,0.0,0.18115055079559364,408.5
679,43.48,-85.0,7750.0,0.0,0.0160857908847185,0.0,0.21983914209115282,0.0,0.05630026809651475,0.3780160857908847,0.010723860589812333,0.032171581769437,0.07506702412868632,0.00804289544235925,0.01876675603217158,0.002680965147453083,0.00804289544235925,0.1742627345844504,373.0
679,43.48,-85.0,8250.0,0.0,0.0,0.0,0.3987341772151899,0.0,0.0379746835443038,0.3987341772151899,0.0,0.0189873417721519,0.03164556962025317,0.006329113924050633,0.006329113924050633,0.0,0.0,0.10126582278481013,158.0
679,43.48,-85.0,8750.0,0.0,0.0,0.006920415224913495,0.44982698961937717,0.0,0.04844290657439446,0.3044982698961938,0.006920415224913495,0.03460207612456748,0.04844290657439446,0.0034602076124567475,0.010380622837370242,0.0034602076124567475,0.0,0.08304498269896193,289.0
679,43.48,-85.0,9250.0,0.06407322654462243,0.004576659038901602,0.0,0.38215102974828374,0.0,0.06407322654462243,0.21967963386727687,0.009153318077803204,0.036613272311212815,0.09610983981693363,0.013729977116704805,0.02745995423340961,0.0,0.0,0.08237986270022883,218.5
679,43.48,-85.0,9750.0,0.0,0.0,0.02666666666666667,0.5,0.0,0.02,0.18666666666666668,0.006666666666666667,0.04,0.1,0.013333333333333334,0.013333333333333334,0.006666666666666667,0.0,0.08666666666666667,150.0
679,43.48,-85.0,10250.0,0.12529550827423167,0.004728132387706856,0.016548463356973995,0.4373522458628842,0.0,0.03309692671394799,0.12293144208037825,0.002364066193853428,0.07092198581560284,0.06855791962174941,0.004728132387706856,0.002364066193853428,0.002364066193853428,0.009456264775413711,0.09929078014184398,423.0
679,43.48,-85.0,10750.0,0.46174988547869905,0.010994044892349977,0.007329363261566651,0.22308749427393496,0.0009161704076958314,0.01832340815391663,0.07329363261566652,0.0009161704076958314,0.03847915712322492,0.007329363261566651,0.002748511223087494,0.002748511223087494,0.009161704076958314,0.0,0.1429225836005497,1091.5
679,43.48,-85.0,11250.0,0.3810451152223304,0.04414151249594288,0.0012982797792924375,0.2009087958455047,0.0,0.01103537812398572,0.0519311911716975,0.0019474196689386564,0.11230120090879585,0.01622849724115547,0.0012982797792924375,0.0012982797792924375,0.00519311911716975,0.002596559558584875,0.16877637130801687,1540.5
679,43.48,-85.0,11750.0,0.20195439739413681,0.03908794788273615,0.0,0.2768729641693811,0.0,0.0,0.06514657980456026,0.0,0.19543973941368079,0.0,0.0,0.0,0.0,0.026058631921824105,0.19543973941368079,153.5
785,44.37,-80.25,250.0,0.013718765311121999,0.017638412542871143,0.005879470847623714,0.08182263596276335,0.0984811366976972,0.1499265066144047,0.06712395884370406,0.04164625183733464,0.030377266046055854,0.08672219500244978,0.007349338559529643,0.08574228319451249,0.007839294463498285,0.006369426751592357,0.29936305732484075,2041.0
785,44.37,-80.25,750.0,0.014697569248162803,0.011305822498586773,0.0033917467495760316,0.06953080836630865,0.13227812323346524,0.20124364047484455,0.07687959299039004,0.07009609949123799,0.06105144149236857,0.12210288298473713,0.00791407574901074,0.10288298473713962,0.010175240248728096,0.005652911249293386,0.11079706048615037,884.5
785,44.37,-80.25,1250.0,0.011881188118811881,0.01287128712871287,0.005940594059405941,0.05247524752475247,0.1306930693069307,0.15346534653465346,0.0900990099009901,0.13960396039603962,0.03564356435643564,0.12772277227722773,0.007920792079207921,0.13663366336633664,0.0039603960396039604,0.0049504950495049506,0.08613861386138613,1010.0
785,44.37,-80.25,1750.0,0.00782472613458529,0.018779342723004695,0.004694835680751174,0.053208137715179966,0.09702660406885759,0.1674491392801252,0.057902973395931145,0.15336463223787167,0.056338028169014086,0.162754303599374,0.009389671361502348,0.14084507042253522,0.004694835680751174,0.0,0.06572769953051644,639.0
785,44.37,-80.25,2250.0,0.007153806847215125,0.011241696474195196,0.0030659172202350538,0.05058763413387839,0.13387838528359736,0.14512008175779254,0.08277976494634645,0.1655595298926929,0.03474706182933061,0.13285641287685232,0.009197751660705161,0.12774655084312725,0.008175779253960144,0.005109862033725089,0.08277976494634645,978.5
785,44.37,-80.25,2750.0,0.0096051227321238,0.011739594450373533,0.005336179295624333,0.05336179295624333,0.08964781216648879,0.18356456776947705,0.06937033084311633,0.1248665955176094,0.05336179295624333,0.16008537886872998,0.007470651013874066,0.12700106723585913,0.007470651013874066,0.004268943436499467,0.09284951974386339,937.0
785,44.37,-80.25,3250.0,0.015625,0.0107421875,0.001953125,0.0830078125,0.0712890625,0.162109375,0.0712890625,0.1240234375,0.0390625,0.138671875,0.015625,0.1533203125,0.0107421875,0.0009765625,0.1015625,1024.0
785,44.37,-80.25,3750.0,0.006405124099279423,0.008006405124099279,0.004803843074459567,0.10808646917534027,0.03843074459567654,0.21136909527622097,0.10248198558847077,0.11048839071257005,0.016012810248198558,0.1377101681345076,0.014411529223378704,0.14251401120896717,0.0016012810248198558,0.0,0.0976781425140112,624.5
785,44.37,-80.25,4250.0,0.0062932662051604785,0.0031466331025802393,0.0018879798615481435,0.07300188797986155,0.032095657646318436,0.1894273127753304,0.07614852108244179,0.11202013845185652,0.03901825047199497,0.144745122718691,0.0062932662051604785,0.17998741346758967,0.010069225928256766,0.005663939584644431,0.12020138451856513,1589.0
785,44.37,-80.25,4750.0,0.0057000356252226575,0.0014250089063056644,0.0014250089063056644,0.07160669754185964,0.11613822586391165,0.16743854649091558,0.06768792304951905,0.1218382614891343,0.057000356252226575,0.1524759529747061,0.007837548984681154,0.12112575703598147,0.004275026718916993,0.009262557890986818,0.09476309226932668,1403.5
785,44.37,-80.25,5250.0,0.00900163666121113,0.0008183306055646482,0.0008183306055646482,0.07855973813420622,0.3608837970540098,0.05646481178396072,0.08346972176759411,0.08346972176759411,0.03764320785597381,0.11374795417348608,0.00900163666121113,0.10556464811783961,0.0024549918166939444,0.0016366612111292963,0.05646481178396072,1222.0
785,44.37,-80.25,5750.0,0.012605042016806723,0.0008403361344537816,0.0008403361344537816,0.08067226890756303,0.3899159663865546,0.034453781512605045,0.06722689075630252,0.05798319327731093,0.040336134453781515,0.13277310924369748,0.004201680672268907,0.0957983193277311,0.0016806722689075631,0.0016806722689075631,0.07899159663865546,1190.0
785,44.37,-80.25,6250.0,0.006213592233009709,0.0,0.0,0.09902912621359224,0.4155339805825243,0.024854368932038837,0.07611650485436894,0.038834951456310676,0.05281553398058252,0.09320388349514563,0.00854368932038835,0.09941747572815535,0.002330097087378641,0.0031067961165048546,0.08,1287.5
785,44.37,-80.25,6750.0,0.014428412874583796,0.021087680355160933,0.003329633740288568,0.31520532741398444,0.1120976692563818,0.06215316315205328,0.13762486126526083,0.01553829078801332,0.03107658157602664,0.08324084350721421,0.0011098779134295228,0.07658157602663707,0.0011098779134295228,0.004439511653718091,0.12097669256381798,901.0
785,44.37,-80.25,7250.0,0.0058679706601467,0.009779951100244499,0.0019559902200488996,0.4640586797066015,0.028361858190709046,0.08801955990220049,0.11833740831295844,0.00293398533007335,0.022493887530562348,0.06259168704156479,0.00293398533007335,0.08312958435207823,0.0009779951100244498,0.00293398533007335,0.10562347188264058,1022.5
785,44.37,-80.25,7750.0,0.027906976744186046,0.023255813953488372,0.006201550387596899,0.5550387596899224,0.004651162790697674,0.14728682170542637,0.09147286821705426,0.0,0.021705426356589147,0.02635658914728682,0.0,0.037209302325581395,0.007751937984496124,0.0015503875968992248,0.04961240310077519,645.0
785,44.37,-80.25,8250.0,0.024469820554649267,0.021207177814029365,0.011419249592169658,0.6101141924959217,0.004893964110929853,0.1370309951060359,0.0734094616639478,0.0016313213703099511,0.02936378466557912,0.024469820554649267,0.0016313213703099511,0.026101141924959218,0.0,0.0,0.03425774877650897,613.0
785,44.37,-80.25,8750.0,0.02422145328719723,0.0726643598615917,0.006920415224913495,0.47750865051903113,0.0034602076124567475,0.2179930795847751,0.10034602076124567,0.0,0.01384083044982699,0.020761245674740483,0.0,0.010380622837370242,0.010380622837370242,0.010380622837370242,0.031141868512110725,289.0
785,44.37,-80.25,9250.0,0.07630522088353414,0.06827309236947791,0.020080321285140562,0.3253012048192771,0.008032128514056224,0.2710843373493976,0.11244979919678715,0.0,0.012048192771084338,0.024096385542168676,0.004016064257028112,0.008032128514056224,0.004016064257028112,0.0,0.06626506024096386,498.0
785,44.37,-80.25,9750.0,0.17834394904458598,0.06832657788071801,0.013896931094383324,0.18934568616097278,0.006948465547191662,0.19455703532136653,0.11117544875506659,0.0,0.018529241459177764,0.03590040532715692,0.004632310364794441,0.009264620729588882,0.0011580775911986102,0.03705848291835553,0.13086276780544295,863.5
785,44.37,-80.25,10250.0,0.32894736842105265,0.011842105263157895,0.006578947368421052,0.12368421052631579,0.005263157894736842,0.12894736842105264,0.04078947368421053,0.003947368421052632,0.0,0.007894736842105263,0.002631578947368421,0.0,0.010526315789473684,0.0013157894736842105,0.32763157894736844,760.0
785,44.37,-80.25,10750.0,0.36301075268817207,0.006021505376344086,0.0025806451612903226,0.06838709677419355,0.0017204301075268817,0.024086021505376344,0.04387096774193548,0.0008602150537634409,0.005161290322580645,0.011182795698924731,0.006021505376344086,0.0,0.004301075268817204,0.0025806451612903226,0.46021505376344085,1162.5
785,44.37,-80.25,11250.0,0.797274275979557,0.013628620102214651,0.0068143100511073255,0.0868824531516184,0.0,0.0,0.020442930153321975,0.0,0.0,0.0,0.0,0.0,0.0,0.0,0.07495741056218058,293.5
785,44.37,-80.25,11750.0,0.5084745762711864,0.013559322033898305,0.013559322033898305,0.11186440677966102,0.0,0.0,0.03389830508474576,0.0,0.006779661016949152,0.006779661016949152,0.0,0.013559322033898305,0.020338983050847456,0.006779661016949152,0.26440677966101694,147.5
785,44.37,-80.25,12250.0,0.5605483625285606,0.00456968773800457,0.0,0.13785224676313784,0.0,0.00456968773800457,0.04112718964204113,0.0,0.0015232292460015233,0.006092916984006093,0.0015232292460015233,0.0015232292460015233,0.00456968773800457,0.01827875095201828,0.21782178217821782,656.5
785,44.37,-80.25,12750.0,0.4386792452830189,0.018867924528301886,0.0015723270440251573,0.1792452830188679,0.0,0.009433962264150943,0.05660377358490566,0.0,0.006289308176100629,0.006289308176100629,0.0,0.0,0.0220125786163522,0.009433962264150943,0.25157232704402516,636.0
785,44.37,-80.25,13250.0,0.3965381589299764,0.014162077104642014,0.006294256490952006,0.18017309205350118,0.0015735641227380016,0.0,0.08497246262785209,0.0,0.003147128245476003,0.0015735641227380016,0.015735641227380016,0.0015735641227380016,0.01888276947285602,0.022029897718332022,0.25334382376081827,635.5
785,44.37,-80.25,13750.0,0.46779661016949153,0.003389830508474576,0.0,0.20677966101694914,0.0,0.006779661016949152,0.04745762711864407,0.0,0.0,0.003389830508474576,0.01694915254237288,0.003389830508474576,0.023728813559322035,0.010169491525423728,0.21016949152542372,295.0
785,44.37,-80.25,14250.0,0.5210608424336973,0.0093603744149766,0.0,0.1684867394695788,0.0,0.0202808112324493,0.0202808112324493,0.0,0.0031201248049922,0.0249609984399376,0.0031201248049922,0.0046801872074883,0.0046801872074883,0.0062402496099844,0.21372854914196568,641.0
805,41.92,-82.76,250.0,0.004322766570605188,0.001440922190201729,0.002881844380403458,0.1786743515850144,0.02881844380403458,0.023054755043227664,0.3314121037463977,0.010086455331412104,0.04755043227665706,0.03170028818443804,0.025936599423631124,0.03314121037463977,0.011527377521613832,0.0,0.26945244956772335,694.0
805,41.92,-82.76,1250.0,0.003316749585406302,0.0,0.0,0.13764510779436154,0.03648424543946932,0.013266998341625208,0.39800995024875624,0.026533996683250415,0.09286898839137644,0.04311774461028192,0.04975124378109453,0.04643449419568822,0.003316749585406302,0.0,0.14925373134328357,301.5
805,41.92,-82.76,1750.0,0.022257551669316374,0.0,0.0,0.1192368839427663,0.01589825119236884,0.022257551669316374,0.3275039745627981,0.03815580286168521,0.09538950715421304,0.06359300476947535,0.05087440381558029,0.0794912559618442,0.0,0.0,0.16534181240063592,314.5
805,41.92,-82.76,2250.0,0.022922636103151862,0.0,0.0028653295128939827,0.12034383954154727,0.008595988538681949,0.011461318051575931,0.28653295128939826,0.08595988538681948,0.09455587392550144,0.09169054441260745,0.03151862464183381,0.034383954154727794,0.0057306590257879654,0.0,0.2034383954154728,349.0
805,41.92,-82.76,2750.0,0.015197568389057751,0.00911854103343465,0.0,0.13677811550151975,0.00303951367781155,0.015197568389057751,0.3495440729483283,0.00911854103343465,0.10638297872340426,0.03343465045592705,0.06990881458966565,0.03951367781155015,0.0,0.0,0.2127659574468085,329.0
805,41.92,-82.76,3250.0,0.027149321266968326,0.003878474466709761,0.001292824822236587,0.13122171945701358,0.011635423400129283,0.015513897866839044,0.27020038784744665,0.027149321266968326,0.04654169360051713,0.07756948933419522,0.04137039431157078,0.029734970911441498,0.0,0.0,0.3167420814479638,773.5
805,41.92,-82.76,3750.0,0.01867219917012448,0.002074688796680498,0.002074688796680498,0.0995850622406639,0.008298755186721992,0.014522821576763486,0.27800829875518673,0.022821576763485476,0.06639004149377593,0.04564315352697095,0.03319502074688797,0.02074688796680498,0.002074688796680498,0.0,0.38589211618257263,482.0
805,41.92,-82.76,4250.0,0.020156774916013438,0.0022396416573348264,0.0,0.08622620380739082,0.006718924972004479,0.013437849944008958,0.20604703247480402,0.03135498320268757,0.06494960806270997,0.04479283314669653,0.03807390817469205,0.03807390817469205,0.0,0.0,0.4479283314669653,446.5
805,41.92,-82.76,4750.0,0.0015455950540958269,0.0,0.0,0.04791344667697063,0.00463678516228748,0.0061823802163833074,0.18547140649149924,0.017001545595054096,0.06646058732612056,0.04173106646058733,0.02936630602782071,0.00927357032457496,0.0,0.0,0.5904173106646059,647.0
805,41.92,-82.76,5250.0,0.0,0.0,0.0,0.04924242424242424,0.008522727272727272,0.007575757575757576,0.22348484848484848,0.01893939393939394,0.07575757575757576,0.03125,0.03977272727272727,0.02462121212121212,0.001893939393939394,0.0,0.5189393939393939,1056.0
805,41.92,-82.76,5750.0,0.0012853470437017994,0.0,0.0,0.08097686375321336,0.002570694087403599,0.012853470437017995,0.35732647814910024,0.010282776349614395,0.12467866323907455,0.02313624678663239,0.038560411311053984,0.043701799485861184,0.0012853470437017994,0.0,0.3033419023136247,778.0
805,41.92,-82.76,6250.0,0.0015408320493066256,0.0,0.0,0.12326656394453005,0.0015408320493066256,0.012326656394453005,0.4946070878274268,0.0015408320493066256,0.10939907550077041,0.026194144838212634,0.020030816640986132,0.040061633281972264,0.0015408320493066256,0.004622496147919877,0.1633281972265023,649.0
805,41.92,-82.76,6750.0,0.003484320557491289,0.0,0.0,0.18815331010452963,0.003484320557491289,0.010452961672473868,0.42160278745644597,0.0,0.14634146341463414,0.020905923344947737,0.020905923344947737,0.024390243902439025,0.006968641114982578,0.0,0.15331010452961671,287.0
805,41.92,-82.76,7250.0,0.0017079419299743809,0.0,0.0017079419299743809,0.18018787361229718,0.0017079419299743809,0.011955593509820665,0.49530315969257044,0.0017079419299743809,0.09222886421861656,0.03928266438941076,0.02391118701964133,0.025619128949615714,0.0017079419299743809,0.0,0.12297181895815543,585.5
805,41.92,-82.76,7750.0,0.00336417157275021,0.001682085786375105,0.00336417157275021,0.216148023549201,0.00672834314550042,0.00336417157275021,0.447434819175778,0.001682085786375105,0.060555088309503784,0.025231286795626577,0.03532380151387721,0.031959629941127,0.00672834314550042,0.001682085786375105,0.15475189234650968,594.5
805,41.92,-82.76,8250.0,0.012903225806451613,0.0,0.0,0.1967741935483871,0.00967741935483871,0.00967741935483871,0.4290322580645161,0.0032258064516129032,0.035483870967741936,0.035483870967741936,0.04516129032258064,0.02258064516129032,0.0,0.0,0.2,310.0
805,41.92,-82.76,8750.0,0.005591798695246971,0.003727865796831314,0.001863932898415657,0.3084808946877912,0.003727865796831314,0.011183597390493943,0.3317800559179869,0.001863932898415657,0.06337371854613234,0.04287045666356011,0.0260950605778192,0.048462255358807084,0.0,0.001863932898415657,0.14911463187325255,536.5
805,41.92,-82.76,9250.0,0.006299212598425197,0.0,0.0,0.29448818897637796,0.006299212598425197,0.01732283464566929,0.33228346456692914,0.0,0.05669291338582677,0.04566929133858268,0.01889763779527559,0.03307086614173228,0.0015748031496062992,0.0,0.18740157480314962,635.0
805,41.92,-82.76,9750.0,0.029556650246305417,0.003284072249589491,0.006568144499178982,0.3464696223316913,0.003284072249589491,0.006568144499178982,0.33169129720853857,0.006568144499178982,0.06239737274220033,0.022988505747126436,0.019704433497536946,0.016420361247947456,0.0,0.003284072249589491,0.1412151067323481,304.5
805,41.92,-82.76,10250.0,0.05953338696701529,0.019308125502815767,0.004827031375703942,0.25502815768302495,0.008045052292839904,0.028962188254223652,0.2413515687851971,0.0016090104585679806,0.07884151246983105,0.057924376508447305,0.011263073209975865,0.016090104585679808,0.006436041834271922,0.0016090104585679806,0.20917135961383748,621.5
805,41.92,-82.76,10750.0,0.274822695035461,0.03723404255319149,0.044326241134751775,0.29609929078014185,0.008865248226950355,0.024822695035460994,0.0797872340425532,0.0,0.012411347517730497,0.028368794326241134,0.005319148936170213,0.005319148936170213,0.005319148936170213,0.005319148936170213,0.17198581560283688,564.0
805,41.92,-82.76,11750.0,0.45911047345767575,0.0,0.11190817790530846,0.08464849354375897,0.005738880918220947,0.03730272596843615,0.04878048780487805,0.0,0.0028694404591104736,0.014347202295552367,0.0,0.0,0.0,0.005738880918220947,0.22955523672883787,348.5
805,41.92,-82.76,12250.0,0.30864197530864196,0.0030864197530864196,0.05709876543209876,0.010802469135802469,0.0,0.010802469135802469,0.029320987654320986,0.0,0.006172839506172839,0.021604938271604937,0.0,0.006172839506172839,0.007716049382716049,0.0,0.5385802469135802,648.0
805,41.92,-82.76,13250.0,0.25137952176578787,0.0,0.001226241569589209,0.010423053341508276,0.0,0.012262415695892091,0.05272838749233599,0.0,0.0061312078479460455,0.011036174126302882,0.002452483139178418,0.001226241569589209,0.0,0.008583690987124463,0.6425505824647455,815.5
805,41.92,-82.76,14750.0,0.3313304721030043,0.0017167381974248926,0.0034334763948497852,0.024892703862660945,0.0017167381974248926,0.0068669527896995704,0.04291845493562232,0.0,0.0034334763948497852,0.0068669527896995704,0.0034334763948497852,0.0,0.005150214592274678,0.01888412017167382,0.5493562231759657,582.5
847,42.33,-83.63,250.0,0.0009510223490252021,0.0009510223490252021,0.0009510223490252021,0.020446980504041846,0.0038040893961008085,0.01806942463147884,0.4983357108892059,0.029481692819781264,0.03613884926295768,0.04089396100808369,0.04850213980028531,0.019971469329529243,0.0028530670470756064,0.0,0.2786495482643842,1051.5
847,42.33,-83.63,750.0,0.002369668246445498,0.0,0.002369668246445498,0.011848341232227487,0.004739336492890996,0.02132701421800948,0.5829383886255924,0.08056872037914692,0.04265402843601896,0.054502369668246446,0.061611374407582936,0.026066350710900472,0.004739336492890996,0.0,0.10426540284360189,422.0
847,42.33,-83.63,1250.0,0.0,0.0,0.0,0.01910828025477707,0.007643312101910828,0.017834394904458598,0.5375796178343949,0.05605095541401274,0.048407643312101914,0.07133757961783439,0.04076433121019108,0.033121019108280254,0.012738853503184714,0.007643312101910828,0.14777070063694267,392.5
847,42.33,-83.63,1750.0,0.0,0.0,0.0051813471502590676,0.010362694300518135,0.0051813471502590676,0.0,0.5233160621761658,0.07772020725388601,0.06217616580310881,0.06217616580310881,0.05181347150259067,0.07253886010362694,0.0,0.010362694300518135,0.11917098445595854,193.0
847,42.33,-83.63,2250.0,0.0,0.0,0.0,0.012853470437017995,0.0,0.005141388174807198,0.35475578406169667,0.14395886889460155,0.10796915167095116,0.10796915167095116,0.04627249357326478,0.056555269922879174,0.0,0.005141388174807198,0.15938303341902313,194.5
847,42.33,-83.63,2750.0,0.004830917874396135,0.0,0.0,0.004830917874396135,0.00966183574879227,0.014492753623188406,0.2946859903381642,0.17391304347826086,0.10144927536231885,0.10628019323671498,0.028985507246376812,0.06763285024154589,0.0,0.0,0.1932367149758454,207.0
847,42.33,-83.63,3250.0,0.0,0.0,0.0,0.007633587786259542,0.0,0.0,0.43765903307888043,0.11195928753180662,0.0916030534351145,0.13231552162849872,0.010178117048346057,0.07124681933842239,0.0,0.0,0.13740458015267176,196.5
847,42.33,-83.63,4250.0,0.0,0.0,0.0,0.014925373134328358,0.0,0.01990049751243781,0.43283582089552236,0.04477611940298507,0.06965174129353234,0.16417910447761194,0.03482587064676617,0.04477611940298507,0.009950248756218905,0.004975124378109453,0.15920398009950248,201.0
847,42.33,-83.63,5250.0,0.0,0.0,0.0,0.007594936708860759,0.0,0.010126582278481013,0.379746835443038,0.10126582278481013,0.09113924050632911,0.20759493670886076,0.035443037974683546,0.010126582278481013,0.005063291139240506,0.005063291139240506,0.1468354430379747,197.5
847,42.33,-83.63,6250.0,0.0,0.0,0.0,0.017721518987341773,0.0,0.010126582278481013,0.5063291139240507,0.09113924050632911,0.07088607594936709,0.09113924050632911,0.010126582278481013,0.02531645569620253,0.0,0.0,0.17721518987341772,197.5
847,42.33,-83.63,6750.0,0.0,0.0,0.005208333333333333,0.005208333333333333,0.0,0.005208333333333333,0.3020833333333333,0.14583333333333334,0.078125,0.20833333333333334,0.036458333333333336,0.046875,0.0,0.0,0.16666666666666666,192.0
847,42.33,-83.63,7750.0,0.016853932584269662,0.0,0.0,0.0,0.0,0.028089887640449437,0.398876404494382,0.033707865168539325,0.033707865168539325,0.23595505617977527,0.056179775280898875,0.033707865168539325,0.0,0.0,0.16292134831460675,178.0
847,42.33,-83.63,8250.0,0.0,0.0,0.0,0.05013192612137203,0.0,0.010554089709762533,0.5593667546174143,0.0,0.04221635883905013,0.16358839050131926,0.021108179419525065,0.021108179419525065,0.005277044854881266,0.0,0.1266490765171504,189.5
847,42.33,-83.63,9250.0,0.0,0.0,0.0,0.08042895442359249,0.0,0.021447721179624665,0.5254691689008043,0.0,0.09115281501340483,0.05093833780160858,0.021447721179624665,0.02680965147453083,0.0,0.002680965147453083,0.17962466487935658,373.0
847,42.33,-83.63,9750.0,0.008875739644970414,0.005917159763313609,0.008875739644970414,0.20118343195266272,0.0029585798816568047,0.026627218934911243,0.29289940828402367,0.0,0.10650887573964497,0.12130177514792899,0.04142011834319527,0.014792899408284023,0.005917159763313609,0.023668639053254437,0.1390532544378698,338.0
847,42.33,-83.63,10250.0,0.052980132450331126,0.019867549668874173,0.033112582781456956,0.4105960264900662,0.0,0.039735099337748346,0.1456953642384106,0.0,0.052980132450331126,0.046357615894039736,0.013245033112582781,0.013245033112582781,0.006622516556291391,0.019867549668874173,0.1456953642384106,151.0
847,42.33,-83.63,11250.0,0.2971014492753623,0.0,0.014492753623188406,0.4492753623188406,0.007246376811594203,0.021739130434782608,0.021739130434782608,0.0,0.0,0.036231884057971016,0.0,0.0,0.021739130434782608,0.050724637681159424,0.07971014492753623,138.0
847,42.33,-83.63,11750.0,0.47959183673469385,0.030612244897959183,0.01020408163265306,0.04591836734693878,0.0,0.015306122448979591,0.10204081632653061,0.0,0.025510204081632654,0.01020408163265306,0.0,0.0,0.0,0.015306122448979591,0.2653061224489796,196.0
847,42.33,-83.63,12250.0,0.26277372262773724,0.0072992700729927005,0.0072992700729927005,0.0072992700729927005,0.0,0.0,0.058394160583941604,0.0,0.0948905109489051,0.014598540145985401,0.0072992700729927005,0.0072992700729927005,0.0,0.0364963503649635,0.49635036496350365,137.0
860,44.05,-87.73333,250.0,0.0062176165803108805,0.0034542314335060447,0.001381692573402418,0.06528497409326425,0.0062176165803108805,0.11882556131260795,0.16787564766839377,0.04214162348877375,0.10086355785837652,0.06286701208981002,0.008290155440414507,0.028324697754749568,0.06286701208981002,0.02141623488773748,0.30397236614853196,1447.5
860,44.05,-87.73333,1250.0,0.003424657534246575,0.0,0.003424657534246575,0.09931506849315068,0.03424657534246575,0.16095890410958905,0.2602739726027397,0.08904109589041095,0.06164383561643835,0.05821917808219178,0.010273972602739725,0.023972602739726026,0.04452054794520548,0.0,0.1506849315068493,292.0
860,44.05,-87.73333,1750.0,0.0034482758620689655,0.0,0.0,0.09655172413793103,0.013793103448275862,0.13448275862068965,0.32413793103448274,0.034482758620689655,0.09655172413793103,0.03793103448275862,0.017241379310344827,0.02413793103448276,0.07586206896551724,0.006896551724137931,0.13448275862068965,290.0
860,44.05,-87.73333,2250.0,0.0,0.0018050541516245488,0.0018050541516245488,0.1371841155234657,0.010830324909747292,0.0740072202166065,0.34657039711191334,0.039711191335740074,0.06859205776173286,0.04151624548736462,0.007220216606498195,0.018050541516245487,0.11732851985559567,0.007220216606498195,0.12815884476534295,554.0
860,44.05,-87.73333,2750.0,0.0036036036036036037,0.0,0.007207207207207207,0.10810810810810811,0.009009009009009009,0.10810810810810811,0.3441441441441441,0.03423423423423423,0.10810810810810811,0.03963963963963964,0.009009009009009009,0.02702702702702703,0.05945945945945946,0.0018018018018018018,0.14054054054054055,555.0
860,44.05,-87.73333,3250.0,0.0,0.0,0.006661115736885929,0.05745212323064113,0.00832639467110741,0.10657785179017486,0.28309741881765194,0.093255620316403,0.11990008326394672,0.04995836802664446,0.01665278934221482,0.044962531223980015,0.06994171523730225,0.006661115736885929,0.13655287260616153,600.5
860,44.05,-87.73333,3750.0,0.004574042309891366,0.0,0.002287021154945683,0.06575185820468839,0.003430531732418525,0.09605488850771869,0.4208118925100057,0.045740423098913664,0.08690680388793597,0.03659233847913093,0.005717552887364208,0.017152658662092625,0.049170954831332186,0.009148084619782733,0.1566609491137793,874.5
860,44.05,-87.73333,4250.0,0.0011229646266142617,0.003368893879842785,0.004491858506457047,0.07130825379000562,0.0022459292532285235,0.0763615946097698,0.3357664233576642,0.05614823133071308,0.12128017967434025,0.06288601909039865,0.004491858506457047,0.02582818641212802,0.049410443571027515,0.003368893879842785,0.18192026951151039,890.5
860,44.05,-87.73333,4750.0,0.0006828269033799932,0.0,0.0027313076135199728,0.07272106520996928,0.0027313076135199728,0.03209286445885968,0.46227381358825537,0.02321611471491977,0.09423011266643906,0.0908159781495391,0.012973711164219871,0.030044383748719698,0.01911915329463981,0.0013656538067599864,0.15500170706725844,1464.5
860,44.05,-87.73333,5750.0,0.0,0.0,0.0,0.056162246489859596,0.0031201248049922,0.0202808112324493,0.44929797191887677,0.0062402496099844,0.11544461778471139,0.0904836193447738,0.0124804992199688,0.029641185647425898,0.015600624024960999,0.0031201248049922,0.1981279251170047,641.0
860,44.05,-87.73333,6250.0,0.0,0.0,0.0016339869281045752,0.049019607843137254,0.0,0.0196078431372549,0.38562091503267976,0.006535947712418301,0.06209150326797386,0.18137254901960784,0.00980392156862745,0.049019607843137254,0.02287581699346405,0.0,0.21241830065359477,612.0
860,44.05,-87.73333,6750.0,0.0021893814997263274,0.0010946907498631637,0.0,0.022441160372194856,0.0,0.016420361247947456,0.43459222769567596,0.00875752599890531,0.0810071154898741,0.15763546798029557,0.028461959496442254,0.051450465243568694,0.013136288998357963,0.004378762999452655,0.17843459222769567,913.5
860,44.05,-87.73333,7250.0,0.0015723270440251573,0.0015723270440251573,0.0,0.08962264150943396,0.0,0.026729559748427674,0.31446540880503143,0.0031446540880503146,0.0440251572327044,0.1430817610062893,0.01729559748427673,0.040880503144654086,0.009433962264150943,0.0015723270440251573,0.30660377358490565,636.0
860,44.05,-87.73333,7750.0,0.0,0.0,0.005119453924914676,0.10238907849829351,0.0,0.030716723549488054,0.3464163822525597,0.0,0.07167235494880546,0.11433447098976109,0.006825938566552901,0.042662116040955635,0.02218430034129693,0.006825938566552901,0.2508532423208191,586.0
860,44.05,-87.73333,8250.0,0.0,0.0,0.00354924578527063,0.160603371783496,0.0,0.07808340727595386,0.3034605146406389,0.0,0.09937888198757763,0.07985803016858918,0.01419698314108252,0.04259094942324756,0.01064773735581189,0.012422360248447204,0.19520851818988466,563.5
860,44.05,-87.73333,8750.0,0.0019286403085824494,0.0019286403085824494,0.003857280617164899,0.19961427193828352,0.0,0.06171648987463838,0.29893924783027964,0.0,0.07328833172613308,0.08293153326904533,0.011571841851494697,0.019286403085824494,0.011571841851494697,0.0057859209257473485,0.22757955641272903,518.5
860,44.05,-87.73333,9250.0,0.010416666666666666,0.0,0.0,0.1701388888888889,0.0,0.10416666666666667,0.2569444444444444,0.0,0.09027777777777778,0.0798611111111111,0.006944444444444444,0.03125,0.027777777777777776,0.017361111111111112,0.2048611111111111,288.0
860,44.05,-87.73333,9750.0,0.011988011988011988,0.003996003996003996,0.007992007992007992,0.26873126873126874,0.0,0.10589410589410589,0.1878121878121878,0.0,0.06793206793206794,0.17382617382617382,0.011988011988011988,0.013986013986013986,0.007992007992007992,0.011988011988011988,0.1258741258741259,500.5
860,44.05,-87.73333,10250.0,0.055315471045808126,0.03111495246326707,0.010371650821089023,0.13396715643906656,0.0,0.20570440795159897,0.12964563526361278,0.001728608470181504,0.15211754537597233,0.09680207433016422,0.013828867761452032,0.010371650821089023,0.0,0.00864304235090752,0.15038893690579083,578.5
860,44.05,-87.73333,10750.0,0.28502802241793435,0.01120896717373899,0.01921537229783827,0.08406725380304243,0.0,0.09287429943955164,0.10088070456365092,0.0,0.16653322658126501,0.057646116893514815,0.01120896717373899,0.0016012810248198558,0.01921537229783827,0.01921537229783827,0.1313050440352282,624.5
860,44.05,-87.73333,11250.0,0.43288590604026844,0.0,0.02348993288590604,0.0738255033557047,0.0,0.050335570469798654,0.10067114093959731,0.0,0.10738255033557047,0.02348993288590604,0.0,0.003355704697986577,0.010067114093959731,0.020134228187919462,0.15436241610738255,298.0
860,44.05,-87.73333,11750.0,0.44375,0.0,0.00625,0.00625,0.0,0.075,0.05,0.0,0.075,0.01875,0.0,0.0,0.1,0.00625,0.21875,160.0
860,44.05,-87.73333,12250.0,0.2737819025522042,0.009280742459396751,0.004640371229698376,0.002320185614849188,0.0,0.03248259860788863,0.08352668213457076,0.0,0.12993039443155452,0.037122969837587005,0.0,0.0,0.04640371229698376,0.05104408352668213,0.3294663573085847,215.5
860,44.05,-87.73333,13250.0,0.22451994091580502,0.0,0.008862629246676515,0.0014771048744460858,0.0,0.0,0.07976366322008863,0.0,0.2895125553914328,0.01772525849335303,0.005908419497784343,0.0,0.005908419497784343,0.0206794682422452,0.345642540620384,338.5
860,44.05,-87.73333,13750.0,0.16269284712482468,0.002805049088359046,0.0,0.001402524544179523,0.0,0.014025245441795231,0.12342215988779803,0.0,0.23562412342215988,0.028050490883590462,0.002805049088359046,0.0,0.028050490883590462,0.025245441795231416,0.3758765778401122,356.5
860,44.05,-87.73333,14750.0,0.15849056603773584,0.0,0.0037735849056603774,0.0,0.0,0.01509433962264151,0.05660377358490566,0.0,0.2641509433962264,0.0037735849056603774,0.007547169811320755,0.0037735849056603774,0.007547169811320755,0.026415094339622643,0.4528301886792453,265.0
999,37.98472,-78.99722,250.0,0.002012072434607646,0.0,0.0,0.21327967806841047,0.004024144869215292,0.04426559356136821,0.5472837022132797,0.002012072434607646,0.006036217303822937,0.004024144869215292,0.052313883299798795,0.01006036217303823,0.03621730382293763,0.0,0.07847082494969819,497.0
999,37.98472,-78.99722,750.0,0.0,0.0,0.0,0.17054263565891473,0.003875968992248062,0.027131782945736434,0.5930232558139535,0.007751937984496124,0.007751937984496124,0.0,0.07364341085271318,0.0,0.06589147286821706,0.0,0.050387596899224806,258.0
999,37.98472,-78.99722,1250.0,0.0,0.0,0.0,0.16988416988416988,0.0,0.007722007722007722,0.6563706563706564,0.0,0.0,0.0,0.04247104247104247,0.0,0.05791505791505792,0.0,0.06563706563706563,259.0
999,37.98472,-78.99722,1750.0,0.0,0.0,0.0,0.16314779270633398,0.0,0.023032629558541268,0.6333973128598849,0.003838771593090211,0.0,0.0,0.026871401151631478,0.0,0.07293666026871401,0.0,0.07677543186180422,260.5
999,37.98472,-78.99722,2250.0,0.0,0.0,0.0,0.14990512333965844,0.0,0.03415559772296015,0.5996204933586338,0.003795066413662239,0.003795066413662239,0.003795066413662239,0.07210626185958255,0.003795066413662239,0.07590132827324478,0.0,0.05313092979127135,263.5
999,37.98472,-78.99722,2750.0,0.00784313725490196,0.0,0.0,0.18823529411764706,0.00784313725490196,0.03529411764705882,0.5686274509803921,0.00784313725490196,0.0,0.0,0.06274509803921569,0.00392156862745098,0.058823529411764705,0.0,0.058823529411764705,255.0
999,37.98472,-78.99722,3250.0,0.0033003300330033004,0.0,0.0,0.12211221122112212,0.0,0.013201320132013201,0.5181518151815182,0.0033003300330033004,0.0033003300330033004,0.0,0.04950495049504951,0.12871287128712872,0.07590759075907591,0.0,0.08250825082508251,303.0
999,37.98472,-78.99722,3750.0,0.00186219739292365,0.0,0.0,0.1266294227188082,0.01303538175046555,0.0297951582867784,0.6145251396648045,0.0037243947858473,0.0,0.0074487895716946,0.0782122905027933,0.0,0.054003724394785846,0.0,0.07076350093109869,537.0
999,37.98472,-78.99722,4250.0,0.0,0.0,0.0,0.1282051282051282,0.014652014652014652,0.007326007326007326,0.684981684981685,0.007326007326007326,0.0,0.003663003663003663,0.03663003663003663,0.0,0.05128205128205128,0.0,0.06593406593406594,273.0
999,37.98472,-78.99722,4750.0,0.003424657534246575,0.0,0.0,0.04452054794520548,0.0136986301369863,0.0136986301369863,0.726027397260274,0.010273972602739725,0.003424657534246575,0.0,0.04794520547945205,0.0,0.03767123287671233,0.0,0.09931506849315068,292.0
999,37.98472,-78.99722,5250.0,0.00338409475465313,0.0,0.0,0.04568527918781726,0.00676818950930626,0.01692047377326565,0.7241962774957699,0.0,0.0,0.0,0.04060913705583756,0.0,0.06091370558375635,0.0,0.10152284263959391,295.5
999,37.98472,-78.99722,6250.0,0.009933774834437087,0.0,0.0,0.04304635761589404,0.019867549668874173,0.006622516556291391,0.6821192052980133,0.0033112582781456954,0.0,0.0,0.059602649006622516,0.0,0.06622516556291391,0.0,0.10927152317880795,302.0
999,37.98472,-78.99722,6750.0,0.01675041876046901,0.0,0.0,0.05862646566164154,0.02680067001675042,0.006700167504187605,0.6800670016750419,0.0033500837520938024,0.0033500837520938024,0.006700167504187605,0.020100502512562814,0.0,0.04020100502512563,0.0,0.1373534338358459,298.5
999,37.98472,-78.99722,7250.0,0.06621392190152801,0.0,0.0,0.06791171477079797,0.027164685908319185,0.010186757215619695,0.634974533106961,0.003395585738539898,0.001697792869269949,0.006791171477079796,0.01867572156196944,0.0050933786078098476,0.003395585738539898,0.0,0.15449915110356535,589.0
999,37.98472,-78.99722,7750.0,0.12811387900355872,0.0,0.0,0.07473309608540925,0.0498220640569395,0.010676156583629894,0.5800711743772242,0.021352313167259787,0.0,0.0035587188612099642,0.017793594306049824,0.0,0.0071174377224199285,0.0,0.10676156583629894,281.0
999,37.98472,-78.99722,8250.0,0.14471243042671614,0.0,0.0,0.12430426716141002,0.022263450834879406,0.03710575139146568,0.5528756957328386,0.0,0.0,0.0,0.011131725417439703,0.014842300556586271,0.03710575139146568,0.0,0.055658627087198514,269.5
999,37.98472,-78.99722,8750.0,0.1391941391941392,0.0,0.0,0.12087912087912088,0.04395604395604396,0.02564102564102564,0.5677655677655677,0.0,0.0,0.007326007326007326,0.02564102564102564,0.0,0.007326007326007326,0.0,0.06227106227106227,273.0
999,37.98472,-78.99722,9250.0,0.25968109339407747,0.004555808656036446,0.0,0.3804100227790433,0.01366742596810934,0.004555808656036446,0.10478359908883828,0.0,0.0,0.0,0.0,0.004555808656036446,0.08200455580865604,0.0,0.14578587699316628,219.5
999,37.98472,-78.99722,9750.0,0.29694323144104806,0.004366812227074236,0.0,0.3537117903930131,0.0,0.021834061135371178,0.09606986899563319,0.004366812227074236,0.0,0.0,0.0,0.0,0.034934497816593885,0.0,0.18777292576419213,229.0
999,37.98472,-78.99722,10250.0,0.24507658643326038,0.0,0.0,0.33916849015317285,0.0,0.04814004376367615,0.15317286652078774,0.0,0.0,0.0,0.0,0.00437636761487965,0.04814004376367615,0.0,0.16192560175054704,228.5
999,37.98472,-78.99722,10750.0,0.38362068965517243,0.008620689655172414,0.0,0.3577586206896552,0.0,0.04741379310344827,0.05603448275862069,0.0,0.004310344827586207,0.0,0.008620689655172414,0.0,0.021551724137931036,0.0,0.11206896551724138,232.0
999,37.98472,-78.99722,11750.0,0.411214953271028,0.0,0.0,0.4158878504672897,0.0,0.004672897196261682,0.037383177570093455,0.0,0.004672897196261682,0.0,0.0,0.0,0.028037383177570093,0.0,0.09813084112149532,214.0
999,37.98472,-78.99722,12250.0,0.39913232104121477,0.013015184381778741,0.0,0.3188720173535792,0.0,0.004338394793926247,0.052060737527114966,0.0,0.0,0.0,0.004338394793926247,0.0,0.039045553145336226,0.0,0.16919739696312364,230.5
999,37.98472,-78.99722,12750.0,0.36936936936936937,0.0,0.0,0.3783783783783784,0.0,0.02702702702702703,0.02702702702702703,0.0,0.0,0.0,0.0,0.0,0.03153153153153153,0.0,0.16666666666666666,222.0
999,37.98472,-78.99722,13250.0,0.5054466230936819,0.008714596949891068,0.0,0.3420479302832244,0.0,0.017429193899782137,0.004357298474945534,0.0,0.0,0.0,0.0,0.0,0.013071895424836602,0.0,0.10893246187363835,229.5
999,37.98472,-78.99722,13750.0,0.29723991507430997,0.0,0.0,0.31210191082802546,0.0,0.07218683651804671,0.04670912951167728,0.0,0.0,0.0,0.008492569002123142,0.004246284501061571,0.04246284501061571,0.0,0.21656050955414013,235.5
999,37.98472,-78.99722,14250.0,0.3837471783295711,0.004514672686230248,0.0,0.39503386004514673,0.0,0.009029345372460496,0.009029345372460496,0.0,0.0,0.0,0.0,0.0,0.013544018058690745,0.0,0.18510158013544017,221.5
1004,43.43860600000001,-89.672484,1750.0,0.05785123966942149,0.008264462809917356,0.0,0.18181818181818182,0.004132231404958678,0.008264462809917356,0.2231404958677686,0.0,0.012396694214876033,0.008264462809917356,0.0,0.012396694214876033,0.008264462809917356,0.02066115702479339,0.45454545454545453,242.0
1004,43.43860600000001,-89.672484,2750.0,0.03557312252964427,0.007905138339920948,0.0,0.11857707509881422,0.011857707509881422,0.023715415019762844,0.25691699604743085,0.0,0.011857707509881422,0.003952569169960474,0.011857707509881422,0.019762845849802372,0.03557312252964427,0.011857707509881422,0.4505928853754941,253.0
1004,43.43860600000001,-89.672484,3250.0,0.03131115459882583,0.0,0.0,0.10371819960861056,0.0,0.003913894324853229,0.17221135029354206,0.0,0.007827788649706457,0.011741682974559686,0.011741682974559686,0.011741682974559686,0.011741682974559686,0.007827788649706457,0.6262230919765166,255.5
1004,43.43860600000001,-89.672484,4250.0,0.015238095238095238,0.011428571428571429,0.0,0.08952380952380952,0.0038095238095238095,0.0038095238095238095,0.14857142857142858,0.0,0.011428571428571429,0.011428571428571429,0.007619047619047619,0.015238095238095238,0.007619047619047619,0.0,0.6742857142857143,262.5
1004,43.43860600000001,-89.672484,5250.0,0.06741573033707865,0.008988764044943821,0.0,0.24044943820224718,0.0,0.0,0.2247191011235955,0.0044943820224719105,0.01348314606741573,0.02696629213483146,0.0,0.017977528089887642,0.035955056179775284,0.0,0.3595505617977528,222.5
1004,43.43860600000001,-89.672484,5750.0,0.012219959266802444,0.004073319755600814,0.0,0.15682281059063136,0.0,0.0,0.15071283095723015,0.012219959266802444,0.012219959266802444,0.028513238289205704,0.004073319755600814,0.020366598778004074,0.3421588594704684,0.0,0.25661914460285135,245.5
1004,43.43860600000001,-89.672484,6250.0,0.04477611940298507,0.009950248756218905,0.0,0.4626865671641791,0.0,0.0,0.21890547263681592,0.0,0.004975124378109453,0.04477611940298507,0.0,0.014925373134328358,0.029850746268656716,0.0,0.1691542288557214,201.0
1004,43.43860600000001,-89.672484,6750.0,0.01579466929911155,0.005923000987166831,0.0,0.1688055281342547,0.0,0.005923000987166831,0.2428430404738401,0.003948667324777887,0.013820335636722606,0.10463968410661402,0.011846001974333662,0.03356367226061204,0.06712734452122408,0.005923000987166831,0.3198420533070089,506.5
1004,43.43860600000001,-89.672484,7250.0,0.011472275334608031,0.0,0.0,0.124282982791587,0.0,0.011472275334608031,0.2676864244741874,0.0038240917782026767,0.0076481835564053535,0.12619502868068833,0.0076481835564053535,0.015296367112810707,0.0497131931166348,0.0,0.37476099426386233,261.5
1004,43.43860600000001,-89.672484,8250.0,0.008421052631578947,0.0,0.0,0.23789473684210527,0.0,0.0,0.16842105263157894,0.0,0.016842105263157894,0.05473684210526316,0.0,0.02526315789473684,0.029473684210526315,0.004210526315789474,0.45473684210526316,237.5
1004,43.43860600000001,-89.672484,8750.0,0.01195219123505976,0.00398406374501992,0.0,0.14741035856573706,0.0,0.00796812749003984,0.22709163346613545,0.00398406374501992,0.027888446215139442,0.1952191235059761,0.01593625498007968,0.055776892430278883,0.04780876494023904,0.0,0.2549800796812749,251.0
1004,43.43860600000001,-89.672484,9250.0,0.019083969465648856,0.011450381679389313,0.0,0.12595419847328243,0.0,0.030534351145038167,0.24045801526717558,0.003816793893129771,0.030534351145038167,0.18702290076335878,0.03816793893129771,0.03435114503816794,0.015267175572519083,0.003816793893129771,0.2595419847328244,262.0
1004,43.43860600000001,-89.672484,9750.0,0.24314442413162707,0.02010968921389397,0.0,0.07678244972577697,0.0,0.003656307129798903,0.16453382084095064,0.003656307129798903,0.08226691042047532,0.08043875685557587,0.016453382084095063,0.014625228519195612,0.012797074954296161,0.0018281535648994515,0.2797074954296161,547.0
1004,43.43860600000001,-89.672484,10250.0,0.5072716695753345,0.025596276905177427,0.0,0.012216404886561954,0.0,0.009307737056428156,0.07737056428155904,0.0005817335660267597,0.15241419429901104,0.008144269924374637,0.0034904013961605585,0.0075625363583478765,0.0034904013961605585,0.006980802792321117,0.18557300756253636,1719.0
1004,43.43860600000001,-89.672484,10750.0,0.4412647942059707,0.020844373785550256,0.0010598834128245894,0.03868574456809751,0.0,0.01519166225048578,0.07737148913619502,0.0007065889418830596,0.0925631513866808,0.010952128599187422,0.0038862391803568272,0.0021197668256491787,0.022257551669316374,0.0038862391803568272,0.2692103868574457,2830.5
1004,43.43860600000001,-89.672484,11250.0,0.3591721300938424,0.014654839953721558,0.004884946651240519,0.046406993186784935,0.002571024553284484,0.0159403522303638,0.04345031495050778,0.0,0.03830826584393881,0.0023139220979560356,0.0010284098213137935,0.001285512276642242,0.051420491065689675,0.007455971204525003,0.41110682607018895,3889.5
1004,43.43860600000001,-89.672484,11750.0,0.46629111393785205,0.01889878248228239,0.0018171906232963837,0.0430674177721243,0.0032709431219334908,0.0036343812465927674,0.029801926222060696,0.0,0.021806287479556607,0.0007268762493185535,0.0,0.0018171906232963837,0.02943848809740142,0.004724695620570598,0.37470470652371435,2751.5
1004,43.43860600000001,-89.672484,12750.0,0.759075907590759,0.0,0.0,0.0891089108910891,0.0,0.0,0.019801980198019802,0.0,0.013201320132013201,0.0,0.0,0.0,0.0,0.013201320132013201,0.10561056105610561,151.5
1004,43.43860600000001,-89.672484,13750.0,0.6761565836298933,0.014234875444839857,0.0,0.05338078291814947,0.0,0.0,0.0,0.0,0.0071174377224199285,0.0071174377224199285,0.0,0.0071174377224199285,0.0,0.0071174377224199285,0.2277580071174377,140.5
1004,43.43860600000001,-89.672484,14250.0,0.6106870229007634,0.007633587786259542,0.0,0.061068702290076333,0.0,0.007633587786259542,0.015267175572519083,0.0,0.0,0.0,0.0,0.0,0.0,0.0,0.29770992366412213,131.0
1153,47.13556,-93.64361,250.0,0.016557518843444953,0.011614975905103176,0.003954034350673421,0.18744594093661188,0.0,0.4408748301000865,0.047448412208081055,0.0,0.013344865933522798,0.01285061163968862,0.0009885085876683553,0.026689731867045596,0.047448412208081055,0.033609291980724085,0.1571728654392685,2023.25
1153,47.13556,-93.64361,750.0,0.02626123013130615,0.006910850034554251,0.0055286800276434,0.18728403593642018,0.0,0.497581202487906,0.0497581202487906,0.0,0.0110573600552868,0.0027643400138217,0.0027643400138217,0.019350380096751902,0.0359364201796821,0.0248790601243953,0.1299239806496199,361.75
1153,47.13556,-93.64361,1250.0,0.013039934800325998,0.0054333061668024995,0.006519967400162999,0.2208638956805216,0.0,0.45531105677804945,0.04998641673458299,0.0,0.018473240967128497,0.017386579733767997,0.0,0.027166530834012496,0.05107307796794349,0.023906547133931,0.11083944580277098,920.25
1153,47.13556,-93.64361,1750.0,0.012993674132330314,0.010942041374593947,0.01162591896050607,0.3181740468456146,0.0,0.4028038981022397,0.0471875534279364,0.0,0.014361429304154556,0.015045306890066678,0.0,0.018464694819627286,0.03829714481107881,0.017780817233715166,0.09232347409813643,1462.25
1153,47.13556,-93.64361,2250.0,0.020401854714064915,0.014219474497681607,0.002472952086553323,0.34590417310664606,0.0,0.3783616692426584,0.04698608964451314,0.0,0.0061823802163833074,0.009891808346213293,0.0,0.012364760432766615,0.0482225656877898,0.022256568778979906,0.09273570324574962,808.75
1153,47.13556,-93.64361,2750.0,0.014763352149370386,0.0121580547112462,0.0034737299174989146,0.3287016934433348,0.0,0.4046895353886235,0.04342162396873643,0.0,0.008684324793747287,0.0121580547112462,0.0,0.008684324793747287,0.04168475900998697,0.0121580547112462,0.1094224924012158,575.75
1153,47.13556,-93.64361,3250.0,0.011759384893713252,0.018995929443690638,0.007236544549977386,0.3378561736770692,0.0,0.2460425146992311,0.11035730438715513,0.0,0.018091361374943465,0.032564450474898234,0.0,0.023518769787426504,0.03980099502487562,0.010854816824966078,0.14292175486205336,552.75
1153,47.13556,-93.64361,3750.0,0.013333333333333334,0.005,0.0,0.285,0.0,0.38333333333333336,0.02666666666666667,0.0,0.016666666666666666,0.03,0.0,0.006666666666666667,0.07333333333333333,0.03666666666666667,0.12333333333333334,300.0
1153,47.13556,-93.64361,4250.0,0.005455962587685113,0.001558846453624318,0.003117692907248636,0.18082618862042088,0.0,0.19173811379579112,0.20265003897116135,0.0,0.01558846453624318,0.018706157443491817,0.0,0.009353078721745909,0.18862042088854247,0.0171473109898675,0.1652377240841777,641.5
1153,47.13556,-93.64361,4750.0,0.002785515320334262,0.0,0.002785515320334262,0.06685236768802229,0.0,0.2924791086350975,0.22284122562674094,0.0,0.025069637883008356,0.008356545961002786,0.0,0.011142061281337047,0.1532033426183844,0.04735376044568245,0.1671309192200557,359.0
1153,47.13556,-93.64361,5250.0,0.004100461301896463,0.0010251153254741158,0.0020502306509482316,0.13685289595079447,0.0,0.17837006663249616,0.15274218349564325,0.0,0.018452075858534086,0.01742696053305997,0.0,0.006150691952844695,0.2778062532034854,0.016401845207585853,0.18862121988723732,975.5
1153,47.13556,-93.64361,5750.0,0.010441138084051161,0.0026102845210127902,0.0010441138084051162,0.2028191072826938,0.0,0.2265726964239102,0.1357347950926651,0.0,0.03027930044374837,0.0386322109109893,0.0,0.006264682850430697,0.025058731401722788,0.0031323414252153485,0.3174105977551553,957.75
1153,47.13556,-93.64361,6250.0,0.0014727540500736377,0.0014727540500736377,0.0,0.07118311242022582,0.0,0.2621502209131075,0.3181148748159057,0.0,0.031418753068237604,0.027491408934707903,0.0,0.0019636720667648502,0.03632793323514973,0.005891016200294551,0.242513500245459,1018.5
1153,47.13556,-93.64361,6750.0,0.0,0.0,0.0,0.044595616024187455,0.0,0.16628873771730915,0.29931972789115646,0.0,0.022675736961451247,0.02418745275888133,0.0,0.0015117157974300832,0.05139833711262283,0.012093726379440665,0.3779289493575208,661.5
1153,47.13556,-93.64361,7250.0,0.004676539360872954,0.0,0.0,0.07872174590802807,0.0,0.12470771628994544,0.16835541699142634,0.0,0.006235385814497272,0.02494154325798909,0.0,0.003117692907248636,0.1465315666406859,0.012470771628994544,0.4302416212003118,320.75
1153,47.13556,-93.64361,7750.0,0.001692047377326565,0.0,0.00338409475465313,0.14382402707275804,0.0,0.12013536379018612,0.1116751269035533,0.0,0.015228426395939087,0.018612521150592216,0.0,0.0,0.17089678510998307,0.018612521150592216,0.39593908629441626,591.0
1153,47.13556,-93.64361,8250.0,0.007155635062611807,0.0035778175313059034,0.01073345259391771,0.16279069767441862,0.0,0.2039355992844365,0.05366726296958855,0.0,0.017889087656529516,0.046511627906976744,0.0,0.025044722719141325,0.06440071556350627,0.007155635062611807,0.39713774597495527,279.5
1153,47.13556,-93.64361,8750.0,0.012121212121212121,0.0,0.0,0.301010101010101,0.0,0.14545454545454545,0.048484848484848485,0.0,0.00808080808080808,0.03232323232323232,0.0,0.0,0.05656565656565657,0.01616161616161616,0.3797979797979798,247.5
1153,47.13556,-93.64361,9250.0,0.018395503321410323,0.005109862033725089,0.002043944813490036,0.26520183955033216,0.0,0.15125191619826264,0.026571282575370465,0.0,0.022483392948390392,0.04292284108329075,0.002043944813490036,0.004087889626980072,0.02452733776188043,0.02452733776188043,0.4108329075114972,489.25
1153,47.13556,-93.64361,9750.0,0.12671059300557527,0.0020273694880892043,0.022301064368981247,0.2772427774961987,0.0,0.0952863659401926,0.012164216928535226,0.0,0.016218955904713634,0.048656867714140906,0.0,0.0,0.01419158641662443,0.030410542321338063,0.3547896604156107,493.25
1153,47.13556,-93.64361,10250.0,0.3378016085790885,0.0013404825737265416,0.04155495978552279,0.014745308310991957,0.0,0.11528150134048257,0.020107238605898123,0.0,0.028150134048257374,0.014745308310991957,0.0,0.0013404825737265416,0.030831099195710455,0.013404825737265416,0.3806970509383378,746.0
1153,47.13556,-93.64361,10750.0,0.3145539906103286,0.0,0.009389671361502348,0.03755868544600939,0.0,0.051643192488262914,0.018779342723004695,0.0,0.056338028169014086,0.014084507042253521,0.0,0.0,0.0,0.018779342723004695,0.4788732394366197,213.0
1153,47.13556,-93.64361,11250.0,0.3056930693069307,0.0024752475247524753,0.0049504950495049506,0.050742574257425746,0.0,0.009900990099009901,0.01485148514851485,0.0,0.009900990099009901,0.0024752475247524753,0.0,0.0,0.0024752475247524753,0.027227722772277228,0.5693069306930693,404.0
1153,47.13556,-93.64361,12250.0,0.2028985507246377,0.0,0.00966183574879227,0.014492753623188406,0.0,0.01932367149758454,0.01932367149758454,0.0,0.06280193236714976,0.028985507246376812,0.0,0.004830917874396135,0.004830917874396135,0.01932367149758454,0.6135265700483091,207.0
1160,37.432336,-85.72495599999999,250.0,0.0014220860909041186,0.0,0.0,0.013837991576874693,0.0010939123776185528,0.0021878247552371056,0.37214899086583164,0.0008751299020948422,0.03237980637750916,0.017502598041896845,0.04047475797188645,0.010282776349614395,0.003719302083903079,0.006563474265711316,0.4975113493409178,4570.75
1160,37.432336,-85.72495599999999,750.0,0.0018960341286143152,0.0,0.0,0.009638173487122767,0.0,0.0012640227524095434,0.365302575446358,0.0,0.05561700110601991,0.0031600568810238585,0.04044872807710539,0.009480170643071575,0.0031600568810238585,0.006320113762047717,0.503713066835203,1582.25
1160,37.432336,-85.72495599999999,1750.0,0.0,0.0,0.0,0.006562342251388188,0.0,0.0,0.36951034830893487,0.0,0.08682483594144372,0.008076728924785462,0.03634528016153458,0.020191822311963654,0.0020191822311963654,0.008076728924785462,0.4623927309439677,495.25
1160,37.432336,-85.72495599999999,2250.0,0.0,0.0,0.0,0.0,0.0,0.0,0.35040983606557374,0.0,0.05942622950819672,0.0020491803278688526,0.02459016393442623,0.00819672131147541,0.0,0.006147540983606557,0.5491803278688525,488.0
1160,37.432336,-85.72495599999999,3250.0,0.0,0.0,0.0,0.006753246753246753,0.0,0.0,0.3657142857142857,0.0,0.054025974025974026,0.004155844155844156,0.06025974025974026,0.002077922077922078,0.002077922077922078,0.004155844155844156,0.5007792207792208,481.25
1160,37.432336,-85.72495599999999,3750.0,0.005063291139240506,0.0,0.0,0.010126582278481013,0.0,0.002531645569620253,0.3265822784810127,0.0,0.0759493670886076,0.005063291139240506,0.02531645569620253,0.010126582278481013,0.0,0.002531645569620253,0.5367088607594936,395.0
1160,37.432336,-85.72495599999999,4750.0,0.0035294117647058825,0.0,0.0,0.001176470588235294,0.0,0.0,0.3552941176470588,0.0,0.058823529411764705,0.004705882352941176,0.03294117647058824,0.009411764705882352,0.004705882352941176,0.004705882352941176,0.5247058823529411,425.0
1160,37.432336,-85.72495599999999,5250.0,0.0048134777376654635,0.0,0.0,0.0012033694344163659,0.0,0.0024067388688327317,0.358604091456077,0.0,0.09386281588447654,0.0048134777376654635,0.031287605294825514,0.01444043321299639,0.0048134777376654635,0.0024067388688327317,0.4813477737665463,415.5
1160,37.432336,-85.72495599999999,6250.0,0.009685230024213076,0.0,0.0,0.002421307506053269,0.0,0.0,0.44794188861985473,0.002421307506053269,0.0387409200968523,0.007263922518159807,0.0387409200968523,0.01694915254237288,0.002421307506053269,0.012106537530266344,0.4213075060532688,413.0
1160,37.432336,-85.72495599999999,6750.0,0.04142692750287687,0.0,0.0,0.012658227848101266,0.0023014959723820483,0.0,0.33141542002301494,0.0,0.05063291139240506,0.018411967779056387,0.02761795166858458,0.011507479861910242,0.0759493670886076,0.006904487917146145,0.42117376294591485,434.5
1160,37.432336,-85.72495599999999,7750.0,0.10090556274256145,0.0,0.0,0.0038809831824062097,0.0,0.00258732212160414,0.3958602846054334,0.00258732212160414,0.0129366106080207,0.03363518758085381,0.02069857697283312,0.007761966364812419,0.03622250970245795,0.00258732212160414,0.38033635187580855,386.5
1160,37.432336,-85.72495599999999,8250.0,0.12911725955204217,0.0,0.0,0.00922266139657444,0.002635046113306983,0.005270092226613966,0.36100131752305664,0.0,0.028985507246376812,0.021080368906455864,0.04743083003952569,0.010540184453227932,0.03162055335968379,0.0,0.3530961791831357,379.5
1160,37.432336,-85.72495599999999,9250.0,0.2193877551020408,0.002551020408163265,0.0,0.00510204081632653,0.0,0.002551020408163265,0.30357142857142855,0.002551020408163265,0.012755102040816327,0.03571428571428571,0.02040816326530612,0.007653061224489796,0.025510204081632654,0.0,0.3622448979591837,392.0
1160,37.432336,-85.72495599999999,9750.0,0.06219839142091153,0.0,0.0,0.00482573726541555,0.0,0.0021447721179624667,0.3131367292225201,0.004289544235924933,0.06219839142091153,0.03431635388739947,0.008579088471849867,0.010723860589812333,0.017158176943699734,0.0021447721179624667,0.47828418230563,466.25
1160,37.432336,-85.72495599999999,10250.0,0.2457747591217817,0.005370399620912968,0.0,0.01721686937292687,0.0,0.007581740641288896,0.24387932396145948,0.001895435160322224,0.12257147370083715,0.01895435160322224,0.01642710472279261,0.00631811720107408,0.04106776180698152,0.004422682040751856,0.2685199810456484,1582.75
1160,37.432336,-85.72495599999999,10750.0,0.1392988929889299,0.008302583025830259,0.0,0.01429889298892989,0.0013837638376383763,0.004151291512915129,0.33025830258302585,0.0036900369003690036,0.06226937269372694,0.008302583025830259,0.02859778597785978,0.012453874538745387,0.04151291512915129,0.0023062730627306273,0.34317343173431736,2168.0
1160,37.432336,-85.72495599999999,11250.0,0.3974280465401102,0.020820575627679118,0.0,0.05511328842620943,0.000612369871402327,0.002449479485609308,0.11451316595223515,0.0,0.04592774035517452,0.006736068585425597,0.00612369871402327,0.004898958971218616,0.012859767299448868,0.005511328842620943,0.32700551132884265,1633.0
1160,37.432336,-85.72495599999999,11750.0,0.390944229707344,0.014908890115958034,0.0,0.08724461623412479,0.0022087244616234127,0.0022087244616234127,0.04307012700165654,0.0,0.02981778023191607,0.006626173384870237,0.0011043622308117063,0.0022087244616234127,0.013252346769740474,0.0022087244616234127,0.40419657647708446,905.5
1160,37.432336,-85.72495599999999,12250.0,0.353518821603928,0.01309328968903437,0.0,0.09874522640480088,0.002182214948172395,0.002182214948172395,0.05455537370430987,0.0,0.03273322422258593,0.002182214948172395,0.002182214948172395,0.0,0.019639934533551555,0.0,0.41898527004909986,458.25
1160,37.432336,-85.72495599999999,12750.0,0.3864734299516908,0.004830917874396135,0.0,0.12318840579710146,0.0,0.0024154589371980675,0.050724637681159424,0.0,0.024154589371980676,0.0024154589371980675,0.0,0.0,0.024154589371980676,0.0024154589371980675,0.37922705314009664,414.0
1160,37.432336,-85.72495599999999,13750.0,0.34177215189873417,0.015189873417721518,0.0,0.14936708860759493,0.0,0.0,0.06329113924050633,0.0,0.027848101265822784,0.012658227848101266,0.002531645569620253,0.0,0.005063291139240506,0.0,0.3822784810126582,395.0
1160,37.432336,-85.72495599999999,14250.0,0.36246786632390743,0.005141388174807198,0.0,0.16452442159383032,0.002570694087403599,0.005141388174807198,0.028277634961439587,0.0,0.02313624678663239,0.005141388174807198,0.002570694087403599,0.007712082262210797,0.02313624678663239,0.0,0.37017994858611825,389.0
1448,44.23806,-87.84806,250.0,0.005788712011577424,0.000723589001447178,0.007959479015918957,0.09985528219971057,0.029667149059334298,0.15701881331403764,0.26845151953690305,0.07742402315484805,0.04775687409551375,0.05065123010130246,0.013748191027496382,0.029667149059334298,0.04630969609261939,0.0,0.1649782923299566,1382.0
1448,44.23806,-87.84806,750.0,0.00619743249225321,0.0017706949977866313,0.015050907481186366,0.12350597609561753,0.02036299247454626,0.12306330234617087,0.3196104471004869,0.0903054448871182,0.035413899955732624,0.05312084993359894,0.007082779991146525,0.02036299247454626,0.04161133244798584,0.0,0.14254094732182382,1129.5
1448,44.23806,-87.84806,1250.0,0.005689900426742532,0.000948316737790422,0.013276434329065908,0.1721194879089616,0.020862968231389285,0.09957325746799431,0.3176861071597914,0.0388809862494073,0.04836415362731152,0.059743954480796585,0.008534850640113799,0.034139402560455195,0.02275960170697013,0.002844950213371266,0.15457562825983878,1054.5
1448,44.23806,-87.84806,1750.0,0.0034965034965034965,0.0,0.005827505827505828,0.12937062937062938,0.015151515151515152,0.09557109557109557,0.3543123543123543,0.046620046620046623,0.03496503496503497,0.07692307692307693,0.01048951048951049,0.029137529137529136,0.037296037296037296,0.0,0.16083916083916083,858.0
1448,44.23806,-87.84806,2250.0,0.00546448087431694,0.0,0.00546448087431694,0.13296903460837886,0.00546448087431694,0.12386156648451731,0.25318761384335153,0.09836065573770492,0.03460837887067395,0.06375227686703097,0.014571948998178506,0.02185792349726776,0.04553734061930783,0.0,0.19489981785063754,549.0
1448,44.23806,-87.84806,2750.0,0.004747774480712166,0.0011869436201780415,0.009495548961424332,0.143026706231454,0.007121661721068249,0.08427299703264095,0.3121661721068249,0.07952522255192879,0.04391691394658754,0.05222551928783383,0.014243323442136498,0.026112759643916916,0.024925816023738872,0.0,0.1970326409495549,842.5
1448,44.23806,-87.84806,3250.0,0.0059417706476530005,0.0,0.0059417706476530005,0.12061794414735591,0.004753416518122401,0.0629827688651218,0.38621509209744503,0.030897207367795602,0.0392156862745098,0.058229352346999406,0.0035650623885918,0.035650623885918005,0.035650623885918005,0.0011883541295306002,0.20915032679738563,841.5
1448,44.23806,-87.84806,3750.0,0.003421727972626176,0.0,0.0051325919589392645,0.11035072711719418,0.0051325919589392645,0.03592814371257485,0.3661248930710009,0.09409751924721985,0.04961505560307956,0.09067579127459367,0.01710863986313088,0.03421727972626176,0.022241231822070145,0.001710863986313088,0.16424294268605646,584.5
1448,44.23806,-87.84806,4250.0,0.0,0.0012084592145015106,0.002416918429003021,0.13595166163141995,0.0036253776435045317,0.03746223564954683,0.39274924471299094,0.047129909365558914,0.033836858006042296,0.10513595166163142,0.014501510574018127,0.02054380664652568,0.02175226586102719,0.0,0.18368580060422962,827.5
1448,44.23806,-87.84806,4750.0,0.0030211480362537764,0.0,0.01812688821752266,0.08157099697885196,0.0030211480362537764,0.03625377643504532,0.4199395770392749,0.0030211480362537764,0.045317220543806644,0.08459214501510574,0.015105740181268883,0.03625377643504532,0.027190332326283987,0.00906344410876133,0.2175226586102719,331.0
1448,44.23806,-87.84806,5250.0,0.001693480101608806,0.001693480101608806,0.003386960203217612,0.056731583403895,0.001693480101608806,0.03895004233700254,0.39627434377646065,0.00846740050804403,0.03386960203217612,0.12362404741744284,0.006773920406435224,0.03386960203217612,0.027095681625740897,0.0,0.26587637595258257,590.5
1448,44.23806,-87.84806,5750.0,0.0017316017316017316,0.0,0.0,0.06493506493506493,0.005194805194805195,0.01904761904761905,0.3601731601731602,0.01038961038961039,0.03636363636363636,0.15411255411255412,0.015584415584415584,0.06060606060606061,0.008658008658008658,0.0,0.2632034632034632,577.5
1448,44.23806,-87.84806,6250.0,0.0,0.0017467248908296944,0.005240174672489083,0.1056768558951965,0.0,0.017467248908296942,0.3388646288209607,0.0017467248908296944,0.05764192139737991,0.2183406113537118,0.03318777292576419,0.01572052401746725,0.0034934497816593887,0.0,0.20087336244541484,572.5
1448,44.23806,-87.84806,6750.0,0.0,0.0,0.006968641114982578,0.11149825783972125,0.0017421602787456446,0.013937282229965157,0.3205574912891986,0.003484320557491289,0.04355400696864112,0.21080139372822299,0.006968641114982578,0.05226480836236934,0.006968641114982578,0.0,0.22125435540069685,574.0
1448,44.23806,-87.84806,7250.0,0.0035714285714285713,0.0,0.0035714285714285713,0.11785714285714285,0.0,0.0035714285714285713,0.375,0.0,0.039285714285714285,0.19642857142857142,0.014285714285714285,0.05,0.014285714285714285,0.0,0.18214285714285713,280.0
1448,44.23806,-87.84806,7750.0,0.0034904013961605585,0.0,0.0017452006980802793,0.15532286212914484,0.0,0.020942408376963352,0.25654450261780104,0.0,0.04013961605584642,0.15706806282722513,0.005235602094240838,0.031413612565445025,0.008726003490401396,0.0,0.3193717277486911,573.0
1448,44.23806,-87.84806,8250.0,0.009433962264150943,0.0,0.009433962264150943,0.21132075471698114,0.0,0.04716981132075472,0.17547169811320754,0.0,0.026415094339622643,0.15471698113207547,0.005660377358490566,0.04150943396226415,0.0037735849056603774,0.0,0.3150943396226415,530.0
1448,44.23806,-87.84806,8750.0,0.00375234521575985,0.0,0.001876172607879925,0.21951219512195122,0.0,0.06566604127579738,0.23827392120075047,0.0,0.020637898686679174,0.08818011257035648,0.0075046904315197,0.07692307692307693,0.00375234521575985,0.0,0.27392120075046905,533.0
1448,44.23806,-87.84806,9250.0,0.011834319526627219,0.007889546351084813,0.0019723865877712033,0.2603550295857988,0.0,0.10059171597633136,0.22879684418145957,0.0,0.04142011834319527,0.09270216962524655,0.0019723865877712033,0.03944773175542406,0.009861932938856016,0.0,0.20315581854043394,507.0
1448,44.23806,-87.84806,9750.0,0.031936127744510975,0.01996007984031936,0.015968063872255488,0.34930139720558884,0.0,0.17964071856287425,0.14770459081836326,0.0,0.011976047904191617,0.11177644710578842,0.01996007984031936,0.0,0.0,0.0,0.11177644710578842,250.5
1448,44.23806,-87.84806,10250.0,0.05315904139433551,0.036601307189542485,0.027886710239651415,0.17037037037037037,0.0,0.21350762527233116,0.16209150326797386,0.0,0.07407407407407407,0.10544662309368191,0.00784313725490196,0.003485838779956427,0.00261437908496732,0.0,0.14291938997821352,1147.5
1448,44.23806,-87.84806,10750.0,0.3312555654496883,0.024933214603739984,0.03561887800534283,0.1433659839715049,0.0,0.05520926090828139,0.12644701691896706,0.0,0.07658058771148708,0.0730186999109528,0.0017809439002671415,0.0,0.01068566340160285,0.0,0.12110418521816563,561.5
1448,44.23806,-87.84806,11250.0,0.547945205479452,0.00684931506849315,0.03424657534246575,0.06506849315068493,0.0,0.03767123287671233,0.07191780821917808,0.0,0.09246575342465753,0.03767123287671233,0.0,0.00684931506849315,0.00684931506849315,0.0,0.09246575342465753,292.0
1448,44.23806,-87.84806,11750.0,0.6380165289256199,0.013223140495867768,0.05289256198347107,0.024793388429752067,0.0,0.03636363636363636,0.04628099173553719,0.0,0.026446280991735537,0.026446280991735537,0.0,0.0,0.006611570247933884,0.0,0.12892561983471074,302.5
1448,44.23806,-87.84806,12250.0,0.6578073089700996,0.009966777408637873,0.03322259136212625,0.013289036544850499,0.0,0.016611295681063124,0.04318936877076412,0.0,0.026578073089700997,0.0033222591362126247,0.0,0.0,0.023255813953488372,0.0,0.17275747508305647,301.0
1448,44.23806,-87.84806,12750.0,0.5686847599164927,0.007515657620041753,0.03507306889352818,0.004592901878914405,0.0,0.02338204592901879,0.05177453027139875,0.0,0.01753653444676409,0.012526096033402923,0.0041753653444676405,0.0016701461377870565,0.007515657620041753,0.0,0.26555323590814195,1197.5
1448,44.23806,-87.84806,13250.0,0.5427821522309711,0.006299212598425197,0.023097112860892388,0.0015748031496062992,0.0,0.0031496062992125984,0.06929133858267716,0.0,0.09973753280839895,0.01994750656167979,0.0031496062992125984,0.0,0.005249343832020997,0.0,0.22572178477690288,952.5
1448,44.23806,-87.84806,13750.0,0.5847769028871391,0.0031496062992125984,0.047244094488188976,0.003674540682414698,0.0,0.005249343832020997,0.06719160104986877,0.0,0.06194225721784777,0.0031496062992125984,0.006299212598425197,0.0010498687664041995,0.0031496062992125984,0.0,0.2131233595800525,952.5
1448,44.23806,-87.84806,14250.0,0.4781144781144781,0.0,0.04713804713804714,0.006734006734006734,0.0,0.013468013468013467,0.05723905723905724,0.0,0.1111111111111111,0.010101010101010102,0.0,0.0,0.0,0.0,0.2760942760942761,297.0
1633,45.047734000000005,-92.824634,250.0,0.0067862336403296175,0.0,0.0019389238972370335,0.08870576829859428,0.004847309743092583,0.0756180319922443,0.3422200678623364,0.0,0.0116335433834222,0.025206010664081433,0.003877847794474067,0.018419777023751818,0.031022782355792537,0.009694619486185167,0.38002908385845857,1031.5
1633,45.047734000000005,-92.824634,750.0,0.0,0.0,0.0,0.05365853658536585,0.004878048780487805,0.08780487804878048,0.5560975609756098,0.004878048780487805,0.0,0.01951219512195122,0.004878048780487805,0.014634146341463415,0.03414634146341464,0.00975609756097561,0.2097560975609756,205.0
1633,45.047734000000005,-92.824634,1250.0,0.002372479240806643,0.002372479240806643,0.0,0.060498220640569395,0.0,0.0711743772241993,0.4531435349940688,0.0,0.0071174377224199285,0.02372479240806643,0.0,0.002372479240806643,0.028469750889679714,0.0,0.3487544483985765,421.5
1633,45.047734000000005,-92.824634,2250.0,0.0,0.0,0.0,0.05442176870748299,0.0,0.05782312925170068,0.4523809523809524,0.0,0.017006802721088437,0.034013605442176874,0.006802721088435374,0.01020408163265306,0.034013605442176874,0.017006802721088437,0.3163265306122449,294.0
1633,45.047734000000005,-92.824634,2750.0,0.0,0.0,0.0,0.07534246575342465,0.003424657534246575,0.07534246575342465,0.4349315068493151,0.0,0.010273972602739725,0.03424657534246575,0.003424657534246575,0.0136986301369863,0.04452054794520548,0.00684931506849315,0.2979452054794521,292.0
1633,45.047734000000005,-92.824634,3250.0,0.008456659619450317,0.0,0.004228329809725159,0.07399577167019028,0.0,0.06765327695560254,0.40169133192389006,0.0,0.021141649048625793,0.008456659619450317,0.004228329809725159,0.016913319238900635,0.05496828752642706,0.0,0.3382663847780127,236.5
1633,45.047734000000005,-92.824634,3750.0,0.005016722408026756,0.0,0.0,0.061872909698996656,0.0,0.03678929765886288,0.5117056856187291,0.0016722408026755853,0.008361204013377926,0.01839464882943144,0.0,0.016722408026755852,0.026755852842809364,0.0033444816053511705,0.3093645484949833,598.0
1633,45.047734000000005,-92.824634,4250.0,0.008888888888888889,0.0044444444444444444,0.0,0.09777777777777778,0.0,0.013333333333333334,0.30666666666666664,0.0,0.03111111111111111,0.017777777777777778,0.0044444444444444444,0.0,0.035555555555555556,0.0044444444444444444,0.47555555555555556,225.0
1633,45.047734000000005,-92.824634,5250.0,0.0,0.0,0.0,0.05405405405405406,0.0,0.009009009009009009,0.2927927927927928,0.0,0.009009009009009009,0.036036036036036036,0.0,0.013513513513513514,0.018018018018018018,0.0045045045045045045,0.5630630630630631,222.0
1633,45.047734000000005,-92.824634,6250.0,0.0,0.0037174721189591076,0.0,0.06319702602230483,0.0,0.01486988847583643,0.2825278810408922,0.0,0.01858736059479554,0.055762081784386616,0.0,0.011152416356877323,0.01486988847583643,0.0,0.5353159851301115,269.0
1633,45.047734000000005,-92.824634,7250.0,0.005687203791469194,0.0,0.0,0.08056872037914692,0.0,0.0,0.16492890995260664,0.0018957345971563982,0.007582938388625593,0.06824644549763033,0.009478672985781991,0.005687203791469194,0.024644549763033177,0.005687203791469194,0.6255924170616114,527.5
1633,45.047734000000005,-92.824634,7750.0,0.0,0.0030816640986132513,0.0030816640986132513,0.10015408320493066,0.0,0.02157164869029276,0.16024653312788906,0.0030816640986132513,0.040061633281972264,0.1263482280431433,0.0030816640986132513,0.02157164869029276,0.012326656394453005,0.0,0.5053929121725732,324.5
1633,45.047734000000005,-92.824634,8750.0,0.017094017094017096,0.0,0.0,0.15384615384615385,0.0,0.022792022792022793,0.1396011396011396,0.0,0.03418803418803419,0.20512820512820512,0.011396011396011397,0.005698005698005698,0.022792022792022793,0.005698005698005698,0.3817663817663818,351.0
1633,45.047734000000005,-92.824634,9250.0,0.011045029736618521,0.006796941376380629,0.0016992353440951572,0.2531860662701784,0.0,0.04248088360237893,0.135089209855565,0.0,0.0356839422259983,0.19541206457094307,0.008496176720475786,0.01784197111299915,0.038232795242141036,0.0008496176720475786,0.2531860662701784,1177.0
1633,45.047734000000005,-92.824634,9750.0,0.003669724770642202,0.003669724770642202,0.003669724770642202,0.3321100917431193,0.0,0.10642201834862386,0.11376146788990826,0.0,0.06972477064220184,0.1944954128440367,0.011009174311926606,0.007339449541284404,0.029357798165137616,0.0,0.12477064220183487,272.5
1633,45.047734000000005,-92.824634,10250.0,0.05625,0.025,0.0,0.35,0.0,0.153125,0.0625,0.0,0.1,0.059375,0.0,0.003125,0.05625,0.00625,0.128125,320.0
1633,45.047734000000005,-92.824634,10750.0,0.40718562874251496,0.009580838323353293,0.033532934131736525,0.0011976047904191617,0.0,0.17964071856287425,0.05029940119760479,0.0,0.0407185628742515,0.026347305389221556,0.0,0.0,0.045508982035928146,0.02874251497005988,0.17724550898203592,417.5
1633,45.047734000000005,-92.824634,11250.0,0.46901172529313234,0.0016750418760469012,0.03015075376884422,0.005025125628140704,0.0,0.16080402010050251,0.02512562814070352,0.0,0.031825795644891124,0.008375209380234505,0.0,0.0016750418760469012,0.005025125628140704,0.011725293132328308,0.24958123953098826,597.0
1633,45.047734000000005,-92.824634,12250.0,0.362962962962963,0.011111111111111112,0.025925925925925925,0.011111111111111112,0.0,0.007407407407407408,0.06296296296296296,0.0,0.17777777777777778,0.011111111111111112,0.0,0.011111111111111112,0.003703703703703704,0.011111111111111112,0.3037037037037037,270.0
1633,45.047734000000005,-92.824634,13250.0,0.4439140811455847,0.0,0.01909307875894988,0.021479713603818614,0.0,0.00954653937947494,0.028639618138424822,0.0,0.20047732696897375,0.014319809069212411,0.0,0.0,0.0,0.0,0.26252983293556087,209.5
1643,45.28333,-91.48333,250.0,0.028306878306878308,0.00026455026455026457,0.0010582010582010583,0.11693121693121693,0.007407407407407408,0.1365079365079365,0.25952380952380955,0.00026455026455026457,0.01455026455026455,0.021164021164021163,0.003703703703703704,0.011904761904761904,0.056613756613756616,0.031746031746031744,0.3100529100529101,3780.0
1643,45.28333,-91.48333,750.0,0.015479876160990712,0.0,0.005307386112339673,0.18310482087571872,0.018575851393188854,0.2755417956656347,0.22998673153471916,0.0,0.011499336576735958,0.020344980097302078,0.0035382574082264487,0.026536930561698365,0.04555506413091552,0.0291906236178682,0.13533834586466165,2261.0
1643,45.28333,-91.48333,1250.0,0.013550135501355014,0.0,0.008130081300813009,0.1842818428184282,0.013550135501355014,0.23306233062330622,0.23848238482384823,0.0,0.016260162601626018,0.016260162601626018,0.0027100271002710027,0.02168021680216802,0.06775067750677506,0.02168021680216802,0.16260162601626016,369.0
1643,45.28333,-91.48333,1750.0,0.020689655172413793,0.0,0.005747126436781609,0.12298850574712644,0.01264367816091954,0.28160919540229884,0.2264367816091954,0.0011494252873563218,0.03103448275862069,0.017241379310344827,0.0011494252873563218,0.01954022988505747,0.07931034482758621,0.03218390804597701,0.1482758620689655,870.0
1643,45.28333,-91.48333,2250.0,0.02763819095477387,0.0,0.005025125628140704,0.13316582914572864,0.017587939698492462,0.24120603015075376,0.23366834170854273,0.0,0.02512562814070352,0.022613065326633167,0.005025125628140704,0.02512562814070352,0.0829145728643216,0.020100502512562814,0.16080402010050251,398.0
1643,45.28333,-91.48333,3250.0,0.010438413361169102,0.0,0.006263048016701462,0.162839248434238,0.016701461377870562,0.16910229645093947,0.32150313152400833,0.0,0.006263048016701462,0.018789144050104383,0.0041753653444676405,0.025052192066805846,0.06471816283924843,0.060542797494780795,0.1336116910229645,479.0
1643,45.28333,-91.48333,4750.0,0.017721518987341773,0.0,0.005063291139240506,0.37721518987341773,0.015189873417721518,0.12658227848101267,0.1848101265822785,0.0,0.010126582278481013,0.017721518987341773,0.002531645569620253,0.005063291139240506,0.053164556962025315,0.010126582278481013,0.17468354430379746,395.0
1643,45.28333,-91.48333,5750.0,0.036036036036036036,0.006006006006006006,0.006006006006006006,0.25225225225225223,0.02702702702702703,0.0960960960960961,0.24024024024024024,0.0,0.012012012012012012,0.018018018018018018,0.0,0.018018018018018018,0.05405405405405406,0.04804804804804805,0.18618618618618618,333.0
1643,45.28333,-91.48333,7750.0,0.010178117048346057,0.0,0.005089058524173028,0.25190839694656486,0.015267175572519083,0.16539440203562342,0.28498727735368956,0.007633587786259542,0.015267175572519083,0.020356234096692113,0.005089058524173028,0.02544529262086514,0.04580152671755725,0.03307888040712468,0.11450381679389313,393.0
1643,45.28333,-91.48333,9250.0,0.05507246376811594,0.005797101449275362,0.002898550724637681,0.23768115942028986,0.008695652173913044,0.13333333333333333,0.33043478260869563,0.002898550724637681,0.014492753623188406,0.020289855072463767,0.005797101449275362,0.014492753623188406,0.011594202898550725,0.011594202898550725,0.14492753623188406,345.0
1643,45.28333,-91.48333,10750.0,0.034739454094292806,0.0024813895781637717,0.007444168734491315,0.2853598014888337,0.01488833746898263,0.12158808933002481,0.34987593052109184,0.0,0.0,0.017369727047146403,0.0024813895781637717,0.009925558312655087,0.03225806451612903,0.019851116625310174,0.10173697270471464,403.0
1643,45.28333,-91.48333,12750.0,0.023054755043227664,0.005763688760806916,0.008645533141210375,0.23919308357348704,0.025936599423631124,0.15561959654178675,0.3025936599423631,0.005763688760806916,0.01729106628242075,0.023054755043227664,0.002881844380403458,0.008645533141210375,0.02881844380403458,0.023054755043227664,0.12968299711815562,347.0
1643,45.28333,-91.48333,14250.0,0.035422343324250684,0.0,0.0027247956403269754,0.24250681198910082,0.010899182561307902,0.17438692098092642,0.2615803814713896,0.0,0.01634877384196185,0.02452316076294278,0.0,0.008174386920980926,0.051771117166212535,0.01634877384196185,0.1553133514986376,367.0
1824,43.34114,-95.12645,250.0,0.010063637709042474,0.0005919786887672044,0.0,0.022347195500961967,0.0,0.010063637709042474,0.18676927630605297,0.0,0.0133195204972621,0.01746337131863253,0.007399733609590055,0.0035518721326032263,0.0026639040994524197,0.0008879680331508066,0.7248779043954418,3378.5
1824,43.34114,-95.12645,750.0,0.017965992941931345,0.0006416426050689766,0.0,0.04587744626243183,0.0,0.012832852101379532,0.18415142765479628,0.0,0.012191209496310555,0.017965992941931345,0.007699711260827719,0.0019249278152069298,0.008341353865896696,0.0006416426050689766,0.6897658004491498,1558.5
1824,43.34114,-95.12645,1250.0,0.020607934054611025,0.0,0.0,0.04276146316331788,0.0,0.013395157135497167,0.16692426584234932,0.0,0.014425553838227717,0.015455950540958269,0.013395157135497167,0.0010303967027305513,0.005151983513652756,0.0,0.7068521380731582,970.5
1824,43.34114,-95.12645,1750.0,0.03314917127071823,0.0,0.0,0.01757910597689603,0.0,0.01607232546459066,0.19688598694123555,0.0,0.007031642390758413,0.022099447513812154,0.010045203415369162,0.0020090406830738324,0.005022601707684581,0.0,0.6901054746358614,995.5
1824,43.34114,-95.12645,2250.0,0.01735700197238659,0.0,0.0,0.03116370808678501,0.0,0.016568047337278107,0.19013806706114397,0.0,0.008678500986193294,0.026824457593688362,0.0039447731755424065,0.002366863905325444,0.0126232741617357,0.0007889546351084812,0.6895463510848127,1267.5
1824,43.34114,-95.12645,2750.0,0.014973262032085561,0.0,0.0,0.029946524064171122,0.0,0.015508021390374332,0.16149732620320856,0.0,0.010160427807486631,0.031016042780748664,0.0042780748663101605,0.0021390374331550803,0.0074866310160427805,0.0,0.7229946524064171,1870.0
1824,43.34114,-95.12645,3250.0,0.015170670037926675,0.0,0.0,0.03413400758533502,0.0,0.007585335018963337,0.1845764854614412,0.0,0.01327433628318584,0.02718078381795196,0.006321112515802781,0.0018963337547408343,0.008217446270543615,0.0,0.7016434892541087,1582.0
1824,43.34114,-95.12645,3750.0,0.012628255722178374,0.0015785319652722968,0.0,0.016574585635359115,0.0,0.011049723756906077,0.1468034727703236,0.0,0.01578531965272297,0.026835043409629045,0.0031570639305445935,0.0,0.0015785319652722968,0.0,0.7640094711917916,633.5
1824,43.34114,-95.12645,4250.0,0.0,0.0,0.0,0.05136986301369863,0.0,0.010273972602739725,0.05821917808219178,0.0,0.010273972602739725,0.00684931506849315,0.0,0.003424657534246575,0.003424657534246575,0.0,0.8561643835616438,292.0
1824,43.34114,-95.12645,4750.0,0.01919191919191919,0.00101010101010101,0.0,0.029292929292929294,0.0,0.006060606060606061,0.06262626262626263,0.0,0.00404040404040404,0.00909090909090909,0.00404040404040404,0.0,0.005050505050505051,0.0,0.8595959595959596,990.0
1824,43.34114,-95.12645,5250.0,0.009781790820165538,0.0007524454477050414,0.0007524454477050414,0.0218209179834462,0.0,0.0015048908954100827,0.03837471783295711,0.0,0.005267118133935289,0.011286681715575621,0.0,0.0015048908954100827,0.0,0.0,0.90895410082769,1329.0
1824,43.34114,-95.12645,5750.0,0.006187161639597835,0.0,0.0,0.019334880123743233,0.0,0.0010311936065996391,0.03609177623098737,0.0,0.005671564836298015,0.012889920082495489,0.0010311936065996391,0.0,0.0010311936065996391,0.0,0.9167311162670791,1939.5
1824,43.34114,-95.12645,6250.0,0.006697108066971081,0.0,0.0,0.01796042617960426,0.0,0.0006088280060882801,0.023744292237442923,0.0,0.005479452054794521,0.0073059360730593605,0.0,0.0024353120243531205,0.0012176560121765602,0.0,0.9345509893455098,1642.5
1824,43.34114,-95.12645,6750.0,0.008905380333951763,0.0,0.0,0.023376623376623377,0.0007421150278293135,0.0007421150278293135,0.024489795918367346,0.0,0.00816326530612245,0.011131725417439703,0.0007421150278293135,0.0007421150278293135,0.002968460111317254,0.0,0.9179962894248609,1347.5
1824,43.34114,-95.12645,7250.0,0.00914733747141457,0.0,0.0,0.014047696831100947,0.0,0.0026135249918327343,0.019601437438745508,0.0,0.0026135249918327343,0.009800718719372754,0.0,0.0,0.0013067624959163672,0.0,0.9408689970597843,1530.5
1824,43.34114,-95.12645,7750.0,0.012687427912341407,0.0,0.0,0.015570934256055362,0.0,0.0057670126874279125,0.04498269896193772,0.0,0.0057670126874279125,0.025374855824682813,0.0017301038062283738,0.0,0.005190311418685121,0.0,0.8829296424452133,1734.0
1824,43.34114,-95.12645,8250.0,0.02494802494802495,0.001848001848001848,0.0,0.021021021021021023,0.000462000462000462,0.008316008316008316,0.07022407022407022,0.0,0.006468006468006468,0.05682605682605683,0.00231000231000231,0.006468006468006468,0.00462000462000462,0.0,0.7964887964887964,2164.5
1824,43.34114,-95.12645,8750.0,0.03185437997724687,0.0022753128555176336,0.0013651877133105802,0.023435722411831627,0.0,0.011831626848691695,0.11194539249146758,0.0,0.017292377701934016,0.11422070534698521,0.009101251422070534,0.015017064846416382,0.007736063708759955,0.0,0.653924914675768,2197.5
1824,43.34114,-95.12645,9250.0,0.010517799352750809,0.0008090614886731392,0.0,0.021035598705501618,0.0,0.01699029126213592,0.1553398058252427,0.0,0.023462783171521034,0.31472491909385114,0.021035598705501618,0.010517799352750809,0.00889967637540453,0.0,0.4166666666666667,1236.0
1824,43.34114,-95.12645,9750.0,0.0046801872074883,0.0015600624024961,0.0,0.0202808112324493,0.0,0.0046801872074883,0.22464898595943839,0.0,0.0234009360374415,0.36973478939157567,0.029641185647425898,0.0265210608424337,0.0078003120124804995,0.0,0.2870514820592824,641.0
1824,43.34114,-95.12645,10250.0,0.011851851851851851,0.005925925925925926,0.0019753086419753087,0.015308641975308642,0.0,0.08,0.2696296296296296,0.0,0.09580246913580247,0.30320987654320986,0.017777777777777778,0.023703703703703703,0.007901234567901235,0.0,0.16691358024691358,1012.5
1824,43.34114,-95.12645,10750.0,0.18806875631951467,0.0262891809908999,0.006066734074823054,0.00910010111223458,0.0,0.20020222446916078,0.05864509605662285,0.0,0.08190091001011122,0.12841253791708795,0.0,0.004044489383215369,0.12133468149646107,0.0,0.17593528816986856,989.0
1824,43.34114,-95.12645,11250.0,0.3601190476190476,0.002976190476190476,0.011904761904761904,0.002976190476190476,0.0,0.0744047619047619,0.041666666666666664,0.0,0.05952380952380952,0.026785714285714284,0.002976190476190476,0.0,0.09821428571428571,0.0,0.31845238095238093,336.0
1824,43.34114,-95.12645,11750.0,0.4447852760736196,0.015337423312883436,0.0,0.006134969325153374,0.0,0.012269938650306749,0.024539877300613498,0.0,0.15950920245398773,0.018404907975460124,0.0,0.0,0.009202453987730062,0.0,0.3098159509202454,326.0
1824,43.34114,-95.12645,12250.0,0.4633093525179856,0.02302158273381295,0.014388489208633094,0.0014388489208633094,0.0,0.0028776978417266188,0.06330935251798561,0.0,0.08057553956834532,0.017266187050359712,0.0,0.0,0.0057553956834532375,0.0,0.32805755395683456,347.5
1824,43.34114,-95.12645,12750.0,0.442056792018419,0.01841903300076746,0.019953952417498082,0.003837298541826554,0.0,0.042977743668457406,0.052187260168841135,0.0,0.0920951650038373,0.013814274750575594,0.0,0.0030698388334612432,0.012279355333844973,0.0,0.2993092862624712,651.5
1824,43.34114,-95.12645,13250.0,0.6718995290423861,0.01726844583987441,0.02197802197802198,0.0015698587127158557,0.0,0.03139717425431711,0.023547880690737835,0.0,0.04395604395604396,0.026687598116169546,0.0,0.006279434850863423,0.01098901098901099,0.0,0.14442700156985872,637.0
1824,43.34114,-95.12645,13750.0,0.656957928802589,0.006472491909385114,0.04854368932038835,0.009708737864077669,0.0,0.003236245954692557,0.019417475728155338,0.0,0.019417475728155338,0.0,0.0,0.003236245954692557,0.006472491909385114,0.0,0.22653721682847897,309.0
1824,43.34114,-95.12645,14250.0,0.5671641791044776,0.004975124378109453,0.024875621890547265,0.009950248756218905,0.0,0.006633499170812604,0.011608623548922056,0.0,0.004975124378109453,0.003316749585406302,0.0,0.0,0.011608623548922056,0.0,0.3548922056384743,603.0
1961,44.03333,-70.35,250.0,0.027137042062415198,0.003618272274988693,0.0009045680687471732,0.07281772953414745,0.09678878335594754,0.27544097693351427,0.2302125734961556,0.10673903211216644,0.018995929443690638,0.010402532790592492,0.002261420171867933,0.019448213478064226,0.015377657168701944,0.0027137042062415195,0.11714156490275893,2211.0
1961,44.03333,-70.35,750.0,0.01349527665317139,0.004048582995951417,0.0,0.06477732793522267,0.20242914979757085,0.2968960863697706,0.07152496626180836,0.1970310391363023,0.024291497975708502,0.01349527665317139,0.001349527665317139,0.029689608636977057,0.005398110661268556,0.001349527665317139,0.07422402159244265,741.0
1961,44.03333,-70.35,1250.0,0.007194244604316547,0.007194244604316547,0.0,0.07553956834532374,0.2697841726618705,0.24820143884892087,0.05755395683453238,0.24100719424460432,0.014388489208633094,0.014388489208633094,0.0,0.01079136690647482,0.014388489208633094,0.01079136690647482,0.02877697841726619,278.0
1961,44.03333,-70.35,1750.0,0.0017528483786152498,0.0,0.0,0.10604732690622261,0.24539877300613497,0.23488168273444346,0.1016652059596845,0.19631901840490798,0.017528483786152498,0.007011393514460999,0.0017528483786152498,0.03155127081507449,0.007011393514460999,0.0035056967572304996,0.04557405784399649,570.5
1961,44.03333,-70.35,2250.0,0.004654771140418929,0.0015515903801396431,0.0,0.09076803723816912,0.1908456167571761,0.28549262994569435,0.10550814584949574,0.19550038789759502,0.013964313421256789,0.004654771140418929,0.0031031807602792862,0.035686578743211794,0.007757951900698216,0.0015515903801396431,0.05896043444530644,644.5
1961,44.03333,-70.35,2750.0,0.0,0.0,0.0,0.05089058524173028,0.2875318066157761,0.23155216284987276,0.089058524173028,0.2035623409669211,0.02544529262086514,0.010178117048346057,0.002544529262086514,0.04834605597964377,0.01272264631043257,0.0,0.03816793893129771,393.0
1961,44.03333,-70.35,3250.0,0.002699055330634278,0.0,0.002699055330634278,0.10796221322537113,0.1524966261808367,0.18758434547908232,0.1241565452091768,0.2726045883940621,0.021592442645074223,0.014844804318488529,0.002699055330634278,0.02699055330634278,0.010796221322537112,0.002699055330634278,0.07017543859649122,741.0
1961,44.03333,-70.35,3750.0,0.0010319917440660474,0.0,0.0010319917440660474,0.13828689370485037,0.06398348813209494,0.22807017543859648,0.2528379772961816,0.15170278637770898,0.016511867905056758,0.007223942208462332,0.0020639834881320948,0.04643962848297214,0.010319917440660475,0.0,0.0804953560371517,969.0
1961,44.03333,-70.35,4250.0,0.0010090817356205853,0.0,0.0,0.11402623612512613,0.025227043390514632,0.28254288597376387,0.29364278506559033,0.15539858728557013,0.016145307769929364,0.012108980827447022,0.0010090817356205853,0.024217961654894045,0.007063572149344097,0.0030272452068617556,0.06458123107971746,991.0
1961,44.03333,-70.35,4750.0,0.0008904719501335708,0.0008904719501335708,0.0,0.11932324131789848,0.17186108637577915,0.23330365093499555,0.16295636687444345,0.1460373998219056,0.02315227070347284,0.016918967052537846,0.003561887800534283,0.03294746215494212,0.012466607301869992,0.0026714158504007124,0.0730186999109528,1123.0
1961,44.03333,-70.35,5250.0,0.0020829717063009894,0.0,0.0,0.08522825898281548,0.2641902447491755,0.22877972574205868,0.16663773650407915,0.11143898628710293,0.026731470230862697,0.018746745356708904,0.0006943239021003298,0.026731470230862697,0.011109182433605277,0.002430133657351154,0.05519875021697622,2880.5
1961,44.03333,-70.35,5750.0,0.003177124702144559,0.0,0.0,0.1374106433677522,0.25734710087370927,0.15250198570293885,0.21604447974583002,0.05877680698967434,0.03335980937251787,0.046068308181096106,0.003177124702144559,0.030182684670373314,0.015885623510722795,0.003177124702144559,0.04289118347895155,629.5
1961,44.03333,-70.35,6250.0,0.014311270125223614,0.0,0.0,0.13059033989266547,0.18962432915921287,0.2003577817531306,0.26475849731663686,0.017889087656529516,0.03577817531305903,0.03220035778175313,0.0035778175313059034,0.017889087656529516,0.03220035778175313,0.0035778175313059034,0.057245080500894455,279.5
1961,44.03333,-70.35,6750.0,0.001448225923244026,0.0,0.0,0.2816799420709631,0.1998551774076756,0.1274438812454743,0.19695872556118754,0.017378711078928313,0.024619840695148443,0.010137581462708182,0.001448225923244026,0.013034033309196235,0.020275162925416364,0.002896451846488052,0.10282404055032585,690.5
1961,44.03333,-70.35,7250.0,0.0,0.0,0.0,0.1898238747553816,0.11741682974559686,0.1761252446183953,0.29354207436399216,0.003913894324853229,0.0273972602739726,0.019569471624266144,0.0,0.023483365949119372,0.0273972602739726,0.011741682974559686,0.1095890410958904,255.5
1961,44.03333,-70.35,7750.0,0.0016835016835016834,0.006734006734006734,0.0,0.27946127946127947,0.0723905723905724,0.21212121212121213,0.25757575757575757,0.0016835016835016834,0.02861952861952862,0.016835016835016835,0.0,0.006734006734006734,0.02356902356902357,0.008417508417508417,0.08417508417508418,594.0
1961,44.03333,-70.35,8250.0,0.0,0.0035650623885918,0.0,0.25668449197860965,0.03208556149732621,0.2281639928698752,0.2905525846702317,0.0035650623885918,0.0213903743315508,0.026737967914438502,0.0017825311942959,0.0053475935828877,0.035650623885918005,0.0071301247771836,0.0873440285204991,561.0
1961,44.03333,-70.35,8750.0,0.0,0.016556291390728478,0.0033112582781456954,0.17218543046357615,0.009933774834437087,0.271523178807947,0.33112582781456956,0.0033112582781456954,0.03642384105960265,0.009933774834437087,0.0,0.016556291390728478,0.023178807947019868,0.016556291390728478,0.08940397350993377,302.0
1961,44.03333,-70.35,9250.0,0.019221041982802226,0.013151239251390997,0.0020232675771370764,0.2422862923621649,0.01112797167425392,0.45928174001011635,0.14972180070814364,0.0010116337885685382,0.012139605462822459,0.009104704097116844,0.0,0.01112797167425392,0.019221041982802226,0.012139605462822459,0.03844208396560445,988.5
1961,44.03333,-70.35,9750.0,0.24242424242424243,0.04040404040404041,0.02356902356902357,0.08754208754208755,0.0,0.13468013468013468,0.04377104377104377,0.0,0.020202020202020204,0.003367003367003367,0.0,0.006734006734006734,0.18181818181818182,0.04713804713804714,0.16835016835016836,297.0
1961,44.03333,-70.35,10250.0,0.5291631445477599,0.00507185122569738,0.0016906170752324597,0.0650887573964497,0.0,0.15722738799661876,0.00507185122569738,0.0,0.0016906170752324597,0.0,0.0,0.00507185122569738,0.08791208791208792,0.0016906170752324597,0.14032121724429417,591.5
1961,44.03333,-70.35,10750.0,0.7024221453287197,0.006920415224913495,0.0,0.06228373702422145,0.0,0.04498269896193772,0.05536332179930796,0.0,0.006920415224913495,0.0,0.0,0.0,0.01384083044982699,0.006920415224913495,0.10034602076124567,289.0
1961,44.03333,-70.35,11250.0,0.5377358490566038,0.0,0.0,0.08490566037735849,0.0,0.08490566037735849,0.014150943396226415,0.0,0.0,0.0,0.0,0.0,0.0,0.018867924528301886,0.25943396226415094,212.0
1961,44.03333,-70.35,12250.0,0.37433155080213903,0.0,0.0035650623885918,0.09090909090909091,0.0,0.11051693404634581,0.017825311942959002,0.0,0.0,0.0,0.0,0.0,0.0,0.14616755793226383,0.25668449197860965,280.5
1961,44.03333,-70.35,13250.0,0.46616541353383456,0.0,0.0,0.11278195488721804,0.0,0.06766917293233082,0.007518796992481203,0.0,0.0,0.015037593984962405,0.007518796992481203,0.0,0.0,0.007518796992481203,0.3157894736842105,133.0
1966,47.0798,-94.1142,250.0,0.02245088868101029,0.013096351730589336,0.011225444340505144,0.40130963517305895,0.002806361085126286,0.18288119738072967,0.060336763330215155,0.0,0.011225444340505144,0.011225444340505144,0.001403180542563143,0.009822263797942002,0.05332086061739944,0.006548175865294668,0.21234798877455566,2138.0
1966,47.0798,-94.1142,750.0,0.009784735812133072,0.007827788649706457,0.011741682974559686,0.40313111545988256,0.0,0.22113502935420742,0.07045009784735812,0.0,0.003913894324853229,0.0136986301369863,0.0,0.007827788649706457,0.08414872798434442,0.007827788649706457,0.15851272015655576,511.0
1966,47.0798,-94.1142,1250.0,0.01568627450980392,0.00784313725490196,0.013725490196078431,0.43137254901960786,0.0,0.22549019607843138,0.07647058823529412,0.0,0.00196078431372549,0.011764705882352941,0.0,0.00392156862745098,0.047058823529411764,0.013725490196078431,0.15098039215686274,510.0
1966,47.0798,-94.1142,1750.0,0.00425531914893617,0.00425531914893617,0.01276595744680851,0.44680851063829785,0.0,0.2297872340425532,0.09361702127659574,0.0,0.00425531914893617,0.00851063829787234,0.0,0.00851063829787234,0.06382978723404255,0.0,0.12340425531914893,235.0
1966,47.0798,-94.1142,2250.0,0.011627906976744186,0.0069767441860465115,0.020930232558139535,0.5511627906976744,0.0,0.15813953488372093,0.08372093023255814,0.0,0.004651162790697674,0.018604651162790697,0.0,0.0,0.04883720930232558,0.0,0.09534883720930233,430.0
1966,47.0798,-94.1142,2750.0,0.011494252873563218,0.017241379310344827,0.013409961685823755,0.5,0.0,0.16475095785440613,0.06130268199233716,0.0,0.005747126436781609,0.01532567049808429,0.0,0.0019157088122605363,0.044061302681992334,0.009578544061302681,0.15517241379310345,522.0
1966,47.0798,-94.1142,3250.0,0.004018754186202277,0.0026791694574681848,0.0026791694574681848,0.45880776959142666,0.0,0.17146684527796383,0.10180843938379103,0.0,0.016075016744809108,0.017414601473543203,0.0013395847287340924,0.0026791694574681848,0.050904219691895514,0.0013395847287340924,0.16878767582049564,746.5
1966,47.0798,-94.1142,3750.0,0.0028208744710860366,0.0007052186177715092,0.014104372355430184,0.1692524682651622,0.0,0.1777150916784203,0.18406205923836388,0.0,0.01763046544428773,0.014104372355430184,0.0,0.0014104372355430183,0.0930888575458392,0.005641748942172073,0.31946403385049366,1418.0
1966,47.0798,-94.1142,4250.0,0.004251700680272109,0.0017006802721088435,0.011904761904761904,0.1564625850340136,0.0,0.13180272108843538,0.1836734693877551,0.0008503401360544217,0.02465986394557823,0.0195578231292517,0.0,0.0017006802721088435,0.08503401360544217,0.00510204081632653,0.37329931972789115,1176.0
1966,47.0798,-94.1142,4750.0,0.0016034206306787815,0.0016034206306787815,0.01122394441475147,0.10956707642971673,0.0005344735435595938,0.10529128808123998,0.2415820416889364,0.0,0.03848209513629075,0.04756814537680385,0.0,0.0037413148049171567,0.04703367183324426,0.006413682522715126,0.3853554249064671,1871.0
1966,47.0798,-94.1142,5250.0,0.0019461563412260785,0.0,0.0025948751216347712,0.07622445669802141,0.0,0.0895231916963996,0.2789490755757379,0.0006487187804086928,0.02984106389879987,0.0454103146286085,0.0,0.0012974375608173856,0.029192345118391177,0.0051897502432695424,0.43918261433668504,1541.5
1966,47.0798,-94.1142,5750.0,0.0,0.0,0.0007861635220125787,0.12735849056603774,0.0,0.04874213836477988,0.23034591194968554,0.0,0.018081761006289308,0.02437106918238994,0.0,0.0007861635220125787,0.04323899371069182,0.0031446540880503146,0.5031446540880503,1272.0
1966,47.0798,-94.1142,6250.0,0.003805899143672693,0.0009514747859181732,0.0,0.11417697431018078,0.0,0.12274024738344434,0.23120837297811608,0.0,0.019029495718363463,0.03615604186489058,0.0028544243577545195,0.0028544243577545195,0.028544243577545196,0.009514747859181731,0.42816365366317793,1051.0
1966,47.0798,-94.1142,6750.0,0.0,0.0,0.0,0.07763975155279502,0.0,0.059006211180124224,0.32608695652173914,0.0,0.02251552795031056,0.04813664596273292,0.0015527950310559005,0.002329192546583851,0.019409937888198756,0.011645962732919254,0.43167701863354035,1288.0
1966,47.0798,-94.1142,7250.0,0.0015041363750313362,0.000501378791677112,0.000501378791677112,0.1100526447731261,0.0,0.03409375783404362,0.20506392579593882,0.0,0.013035848583604914,0.0376034093757834,0.001002757583354224,0.00250689395838556,0.018049636500376033,0.011030333416896465,0.5650538982201053,1994.5
1966,47.0798,-94.1142,7750.0,0.0030935808197989174,0.0015467904098994587,0.004640371229698376,0.3503480278422274,0.0,0.14385150812064965,0.061871616395978345,0.0,0.013921113689095127,0.026295436968290797,0.0015467904098994587,0.0,0.02165506573859242,0.01082753286929621,0.36040216550657383,646.5
1966,47.0798,-94.1142,8250.0,0.0210896309314587,0.007029876977152899,0.01054481546572935,0.3216168717047452,0.0,0.22495606326889278,0.028119507908611598,0.0,0.014059753954305799,0.0351493848857645,0.007029876977152899,0.0,0.0,0.014059753954305799,0.3163444639718805,284.5
1966,47.0798,-94.1142,8750.0,0.016057091882247992,0.003568242640499554,0.007136485280999108,0.3791257805530776,0.0,0.12132024977698483,0.026761819803746655,0.0,0.014272970561998216,0.028545941123996433,0.001784121320249777,0.0053523639607493305,0.057091882247992866,0.014272970561998216,0.3247100802854594,560.5
1966,47.0798,-94.1142,9250.0,0.020833333333333332,0.00625,0.008333333333333333,0.475,0.0,0.13125,0.0375,0.0,0.016666666666666666,0.0375,0.0020833333333333333,0.0,0.020833333333333332,0.00625,0.2375,480.0
1966,47.0798,-94.1142,9750.0,0.057692307692307696,0.024475524475524476,0.02097902097902098,0.2902097902097902,0.0,0.291958041958042,0.043706293706293704,0.0,0.01048951048951049,0.07167832167832168,0.0017482517482517483,0.008741258741258742,0.012237762237762238,0.005244755244755245,0.16083916083916083,572.0
1966,47.0798,-94.1142,10250.0,0.4763485477178423,0.0016597510373443983,0.03319502074688797,0.14356846473029045,0.0,0.0912863070539419,0.03983402489626556,0.0,0.013278008298755186,0.03319502074688797,0.0016597510373443983,0.0016597510373443983,0.006639004149377593,0.016597510373443983,0.14107883817427386,602.5
1966,47.0798,-94.1142,10750.0,0.5792922673656619,0.0,0.03407601572739188,0.009174311926605505,0.0,0.03407601572739188,0.01310615989515072,0.0,0.01310615989515072,0.007863695937090432,0.0,0.002621231979030144,0.01310615989515072,0.020969855832241154,0.272608125819135,381.5
1966,47.0798,-94.1142,11250.0,0.41316685584562995,0.0,0.0022701475595913734,0.021566401816118047,0.0,0.036322360953461974,0.011350737797956867,0.0,0.009080590238365494,0.0,0.0,0.0,0.004540295119182747,0.009080590238365494,0.492622020431328,440.5
2053,46.21194,-95.28417,250.0,0.014099037138927097,0.0,0.01581843191196699,0.078060522696011,0.000687757909215956,0.1155433287482806,0.19807427785419532,0.0,0.014442916093535076,0.02888583218707015,0.0,0.008253094910591471,0.06052269601100413,0.013755158184319119,0.4518569463548831,1454.0
2053,46.21194,-95.28417,750.0,0.014285714285714285,0.0,0.007142857142857143,0.06964285714285715,0.0,0.10178571428571428,0.28035714285714286,0.0,0.0035714285714285713,0.017857142857142856,0.0,0.007142857142857143,0.025,0.0125,0.4607142857142857,560.0
2053,46.21194,-95.28417,1250.0,0.0,0.0,0.003281378178835111,0.03199343724364233,0.0,0.08203445447087777,0.29860541427399506,0.0,0.009844134536505332,0.009844134536505332,0.0,0.0,0.019688269073010665,0.006562756357670222,0.5381460213289582,304.75
2053,46.21194,-95.28417,1750.0,0.0018587360594795538,0.0,0.0012391573729863693,0.036555142503097895,0.0,0.04337050805452292,0.13630731102850063,0.0,0.012391573729863693,0.006195786864931847,0.0,0.0037174721189591076,0.01734820322180917,0.0012391573729863693,0.7397769516728625,807.0
2053,46.21194,-95.28417,2250.0,0.007029876977152899,0.0,0.0,0.043936731107205626,0.0,0.0492091388400703,0.15867436605573687,0.0,0.011046949535525985,0.011046949535525985,0.0,0.003012804418779814,0.02209389907105197,0.007029876977152899,0.6869194074817977,995.75
2053,46.21194,-95.28417,2750.0,0.001538856116953065,0.0,0.0,0.025904077968709926,0.0,0.04821749166452936,0.12003077712233906,0.0010259040779687098,0.00718132854578097,0.01231084893562452,0.0,0.004103616311874839,0.022569889715311618,0.005129520389843549,0.7519876891510644,974.75
2053,46.21194,-95.28417,3250.0,0.007079646017699115,0.0,0.0,0.04991150442477876,0.0,0.07221238938053097,0.20389380530973453,0.001415929203539823,0.00991150442477876,0.012743362831858408,0.002831858407079646,0.025486725663716816,0.02265486725663717,0.011327433628318584,0.5805309734513274,706.25
2053,46.21194,-95.28417,3750.0,0.003063960168517809,0.0,0.0,0.04404442742244351,0.0,0.05361930294906166,0.1378782075833014,0.0,0.01685178092684795,0.01991574109536576,0.0,0.006127920337035618,0.01685178092684795,0.004595940252776714,0.6970509383378016,652.75
2053,46.21194,-95.28417,4250.0,0.0,0.0007733952049497294,0.0,0.04176334106728538,0.0,0.027842227378190254,0.0897138437741686,0.0,0.01237432327919567,0.013921113689095127,0.0015467904098994587,0.0030935808197989174,0.02320185614849188,0.015467904098994586,0.7703016241299304,646.5
2053,46.21194,-95.28417,4750.0,0.001520912547528517,0.0,0.0,0.022053231939163497,0.0,0.006083650190114068,0.11254752851711027,0.0,0.015209125475285171,0.012167300380228136,0.0,0.001520912547528517,0.009125475285171103,0.009125475285171103,0.8106463878326996,657.5
2053,46.21194,-95.28417,5250.0,0.004154549231408392,0.0,0.0,0.035313668466971336,0.0,0.018280016618196927,0.09970918155380142,0.0,0.008309098462816784,0.02160365600332364,0.0,0.0016618196925633569,0.014956377233070212,0.009970918155380142,0.7860407145824678,601.75
2053,46.21194,-95.28417,5750.0,0.003976143141153081,0.0,0.0,0.04970178926441352,0.0,0.007952286282306162,0.1312127236580517,0.0,0.02385685884691849,0.039761431411530816,0.0,0.011928429423459244,0.007952286282306162,0.019880715705765408,0.7037773359840954,251.5
2053,46.21194,-95.28417,6250.0,0.0025348542458808617,0.0,0.0025348542458808617,0.043092522179974654,0.0,0.022813688212927757,0.1229404309252218,0.0,0.015209125475285171,0.025348542458808618,0.0012674271229404308,0.005069708491761723,0.0076045627376425855,0.0,0.7515842839036755,789.0
2053,46.21194,-95.28417,6750.0,0.0054858934169279,0.001567398119122257,0.0,0.02586206896551724,0.0,0.0109717868338558,0.10344827586206896,0.0,0.0109717868338558,0.02664576802507837,0.0,0.001567398119122257,0.006269592476489028,0.012539184952978056,0.7946708463949843,638.0
2053,46.21194,-95.28417,7250.0,0.006132617861249521,0.0,0.0,0.06784208509007282,0.0,0.012265235722499043,0.06285933307780758,0.0,0.013798390187811422,0.029129934840935224,0.0,0.0045994633959371405,0.0030663089306247606,0.010732081257186662,0.7895745496358758,652.25
2053,46.21194,-95.28417,7750.0,0.009700889248181084,0.0,0.0,0.0719482619240097,0.0,0.03556992724333064,0.09700889248181083,0.0,0.0,0.05173807599029911,0.0,0.0032336297493936943,0.009700889248181084,0.016168148746968473,0.7049312853678253,309.25
2053,46.21194,-95.28417,8250.0,0.0064965197215777265,0.0,0.0,0.12296983758700696,0.0,0.04825986078886311,0.08538283062645012,0.0,0.018561484918793503,0.04640371229698376,0.0018561484918793504,0.0018561484918793504,0.014849187935034803,0.020417633410672854,0.6329466357308585,538.75
2053,46.21194,-95.28417,8750.0,0.008342022940563087,0.0,0.0,0.34515119916579773,0.0,0.08342022940563086,0.08342022940563086,0.0,0.016684045881126174,0.17518248175182483,0.004171011470281543,0.008342022940563087,0.008342022940563087,0.020855057351407715,0.24608967674661106,239.75
2053,46.21194,-95.28417,9250.0,0.03560830860534125,0.0,0.003956478733926805,0.39861523244312563,0.0,0.1582591493570722,0.0830860534124629,0.0,0.03560830860534125,0.12660731948565776,0.00791295746785361,0.011869436201780416,0.02373887240356083,0.011869436201780416,0.10286844708209693,252.75
2053,46.21194,-95.28417,9750.0,0.27602523659305994,0.0031545741324921135,0.022082018927444796,0.033123028391167195,0.0,0.12302839116719243,0.04100946372239748,0.0,0.0694006309148265,0.056782334384858045,0.0031545741324921135,0.006309148264984227,0.01892744479495268,0.06624605678233439,0.2807570977917981,317.0
2053,46.21194,-95.28417,10250.0,0.5002344116268167,0.0009376465072667605,0.02062822315986873,0.015002344116268168,0.0,0.11064228785747773,0.03656821378340366,0.0,0.03844350679793718,0.034692920768870136,0.001875293014533521,0.009376465072667605,0.01875293014533521,0.02156586966713549,0.19127988748241911,1066.5
2053,46.21194,-95.28417,10750.0,0.6425520555258943,0.0005339028296849973,0.012813667912439935,0.006673785371062467,0.0,0.04538174052322477,0.011211959423384944,0.0,0.015483182060864922,0.007474639615589963,0.0,0.0026695141484249867,0.014949279231179925,0.016550987720234916,0.22370528563801387,1873.0
2053,46.21194,-95.28417,11250.0,0.5258620689655172,0.0,0.005747126436781609,0.0019157088122605363,0.0,0.006704980842911878,0.019157088122605363,0.0,0.05555555555555555,0.0028735632183908046,0.0009578544061302681,0.0009578544061302681,0.0028735632183908046,0.04118773946360153,0.33620689655172414,1044.0
2385,40.353714,-83.813074,250.0,0.0,0.0,0.0,0.009781357882623706,0.0017261219792865361,0.004602991944764097,0.4223245109321059,0.02991944764096663,0.04660529344073648,0.02243958573072497,0.07192174913693901,0.012082853855005753,0.0028768699654775605,0.005753739930955121,0.36996547756041426,1738.0
2385,40.353714,-83.813074,750.0,0.0,0.0,0.00202020202020202,0.00808080808080808,0.0,0.0030303030303030303,0.5464646464646464,0.045454545454545456,0.046464646464646465,0.05353535353535353,0.09494949494949495,0.01919191919191919,0.00101010101010101,0.00909090909090909,0.1707070707070707,990.0
2385,40.353714,-83.813074,1250.0,0.0,0.0,0.002168021680216802,0.005962059620596206,0.002168021680216802,0.0065040650406504065,0.5658536585365853,0.03035230352303523,0.041192411924119245,0.04010840108401084,0.15609756097560976,0.011924119241192412,0.002168021680216802,0.0,0.13550135501355012,922.5
2385,40.353714,-83.813074,1750.0,0.0,0.0,0.006628003314001657,0.00579950289975145,0.014913007456503728,0.008285004142502071,0.5285832642916322,0.014913007456503728,0.016570008285004142,0.07622203811101906,0.12261806130903065,0.008285004142502071,0.0,0.008285004142502071,0.18889809444904723,603.5
2385,40.353714,-83.813074,2250.0,0.0,0.0,0.004788507581803671,0.008778930566640064,0.0015961691939345571,0.0111731843575419,0.5442936951316839,0.007980845969672785,0.017557861133280128,0.03830806065442937,0.18355945730247406,0.004788507581803671,0.0031923383878691143,0.004788507581803671,0.16919393455706305,626.5
2385,40.353714,-83.813074,2750.0,0.0,0.0,0.030864197530864196,0.0,0.0,0.018518518518518517,0.5246913580246914,0.030864197530864196,0.037037037037037035,0.09259259259259259,0.08024691358024691,0.0,0.006172839506172839,0.024691358024691357,0.15432098765432098,162.0
2385,40.353714,-83.813074,3250.0,0.0,0.0,0.013322231473771857,0.00749375520399667,0.0,0.009991673605328892,0.5878434637801832,0.004995836802664446,0.004995836802664446,0.041631973355537054,0.15986677768526228,0.0,0.0033305578684429643,0.0016652789342214821,0.16486261448792672,600.5
2385,40.353714,-83.813074,3750.0,0.0,0.0,0.06643356643356643,0.0034965034965034965,0.006993006993006993,0.006993006993006993,0.527972027972028,0.006993006993006993,0.024475524475524476,0.055944055944055944,0.14685314685314685,0.0,0.0,0.0,0.15384615384615385,286.0
2385,40.353714,-83.813074,4250.0,0.0,0.0,0.019715224534501644,0.0032858707557502738,0.0,0.0065717415115005475,0.5388828039430449,0.03066812705366922,0.013143483023001095,0.09857612267250822,0.10514786418400876,0.0,0.0,0.0,0.18400876232201532,456.5
2385,40.353714,-83.813074,4750.0,0.0,0.0,0.007861635220125786,0.0031446540880503146,0.0015723270440251573,0.0,0.4669811320754717,0.09433962264150944,0.006289308176100629,0.10534591194968554,0.1069182389937107,0.0031446540880503146,0.0,0.0015723270440251573,0.2028301886792453,636.0
2385,40.353714,-83.813074,5250.0,0.0,0.0,0.006717044500419815,0.0041981528127623844,0.0,0.005037783375314861,0.4450041981528128,0.07556675062972293,0.010075566750629723,0.10747271200671704,0.09403862300587741,0.020151133501259445,0.0,0.0033585222502099076,0.22837951301427373,595.5
2385,40.353714,-83.813074,5750.0,0.0,0.0027359781121751026,0.012311901504787962,0.015047879616963064,0.0,0.012311901504787962,0.5170998632010944,0.012311901504787962,0.009575923392612859,0.10533515731874145,0.09439124487004104,0.013679890560875513,0.0013679890560875513,0.004103967168262654,0.1997264021887825,731.0
2385,40.353714,-83.813074,6250.0,0.0,0.0,0.012674271229404309,0.01394169835234474,0.0,0.0025348542458808617,0.4968314321926489,0.012674271229404309,0.0076045627376425855,0.08111533586818757,0.15716096324461343,0.005069708491761723,0.0,0.0,0.21039290240811154,394.5
2385,40.353714,-83.813074,6750.0,0.0,0.0,0.02786377708978328,0.02786377708978328,0.0030959752321981426,0.006191950464396285,0.5758513931888545,0.0030959752321981426,0.015479876160990712,0.08668730650154799,0.11455108359133127,0.009287925696594427,0.0,0.006191950464396285,0.1238390092879257,323.0
2385,40.353714,-83.813074,7750.0,0.0,0.0,0.012755102040816327,0.012755102040816327,0.0,0.02040816326530612,0.5994897959183674,0.00510204081632653,0.01020408163265306,0.06887755102040816,0.10459183673469388,0.02040816326530612,0.0,0.0,0.14540816326530612,392.0
2385,40.353714,-83.813074,8750.0,0.0,0.0,0.015360983102918587,0.0015360983102918587,0.0,0.01228878648233487,0.4270353302611367,0.006144393241167435,0.006144393241167435,0.20583717357910905,0.07987711213517665,0.02457757296466974,0.0,0.0,0.22119815668202766,325.5
2385,40.353714,-83.813074,9250.0,0.0,0.0,0.0,0.01160092807424594,0.002320185614849188,0.009280742459396751,0.39443155452436196,0.0069605568445475635,0.018561484918793503,0.2505800464037123,0.09280742459396751,0.025522041763341066,0.002320185614849188,0.0,0.18561484918793503,431.0
2385,40.353714,-83.813074,10250.0,0.0028089887640449437,0.0056179775280898875,0.0028089887640449437,0.21629213483146068,0.014044943820224719,0.03089887640449438,0.2443820224719101,0.0056179775280898875,0.02247191011235955,0.17696629213483145,0.016853932584269662,0.016853932584269662,0.0,0.0,0.2443820224719101,356.0
2385,40.353714,-83.813074,10750.0,0.12343966712898752,0.05409153952843273,0.036061026352288486,0.08460471567267684,0.006934812760055479,0.0319001386962552,0.22330097087378642,0.005547850208044383,0.06657420249653259,0.07489597780859916,0.012482662968099861,0.004160887656033287,0.0,0.0,0.27600554785020803,721.0
2385,40.353714,-83.813074,11250.0,0.11965811965811966,0.008547008547008548,0.029914529914529916,0.038461538461538464,0.0,0.017094017094017096,0.24358974358974358,0.0,0.01282051282051282,0.03418803418803419,0.008547008547008548,0.0,0.0,0.004273504273504274,0.4829059829059829,234.0
2385,40.353714,-83.813074,11750.0,0.16230366492146597,0.06282722513089005,0.031413612565445025,0.010471204188481676,0.0,0.020942408376963352,0.12041884816753927,0.0,0.0,0.031413612565445025,0.005235602094240838,0.005235602094240838,0.015706806282722512,0.04712041884816754,0.4869109947643979,191.0
2385,40.353714,-83.813074,12750.0,0.653968253968254,0.006349206349206349,0.012698412698412698,0.07301587301587302,0.0,0.01904761904761905,0.031746031746031744,0.0,0.0,0.012698412698412698,0.006349206349206349,0.0,0.0,0.006349206349206349,0.17777777777777778,157.5
2385,40.353714,-83.813074,13250.0,0.6584362139917695,0.0411522633744856,0.00823045267489712,0.02880658436213992,0.0,0.0,0.03292181069958848,0.0,0.00823045267489712,0.0,0.0,0.0,0.04938271604938271,0.00823045267489712,0.1646090534979424,121.5
2385,40.353714,-83.813074,13750.0,0.592375366568915,0.03519061583577713,0.011730205278592375,0.07331378299120235,0.0,0.005865102639296188,0.03519061583577713,0.0,0.0,0.0,0.0,0.005865102639296188,0.011730205278592375,0.005865102639296188,0.22287390029325513,170.5
2385,40.353714,-83.813074,14250.0,0.6959247648902821,0.012539184952978056,0.018808777429467086,0.034482758620689655,0.0,0.0,0.03761755485893417,0.0,0.0,0.006269592476489028,0.0,0.0,0.018808777429467086,0.018808777429467086,0.15673981191222572,159.5
2385,40.353714,-83.813074,14750.0,0.5579831932773109,0.05714285714285714,0.0067226890756302525,0.06218487394957983,0.0,0.0067226890756302525,0.01680672268907563,0.0,0.0,0.0,0.0,0.0,0.0067226890756302525,0.0067226890756302525,0.27899159663865547,297.5
2586,46.47,-86.95833,250.0,0.018061088977423638,0.008764940239043825,0.0031872509960159364,0.11606905710491368,0.17928286852589642,0.3856573705179283,0.045683930942895086,0.03745019920318725,0.011686586985391767,0.020451527224435592,0.0013280212483399733,0.034794156706507304,0.02151394422310757,0.010092961487383798,0.10597609561752988,3765.0
2586,46.47,-86.95833,750.0,0.024820378837361202,0.006531678641410843,0.0,0.15610711952971915,0.2077073807968648,0.3762246897452645,0.040496407576747225,0.024820378837361202,0.016982364467668192,0.019595035924232528,0.0013063357282821686,0.028739386022207707,0.023514043109079032,0.011757021554539516,0.06139777922926192,765.5
2586,46.47,-86.95833,1250.0,0.03581661891117478,0.008595988538681949,0.0,0.13896848137535817,0.23925501432664756,0.36103151862464183,0.03151862464183381,0.011461318051575931,0.014326647564469915,0.025787965616045846,0.004297994269340974,0.03724928366762178,0.017191977077363897,0.014326647564469915,0.06017191977077364,698.0
2586,46.47,-86.95833,1750.0,0.055312954876273655,0.01455604075691412,0.0,0.18777292576419213,0.1222707423580786,0.3988355167394469,0.07278020378457059,0.005822416302765648,0.023289665211062592,0.0,0.0,0.03784570596797671,0.008733624454148471,0.01455604075691412,0.05822416302765648,343.5
2586,46.47,-86.95833,2250.0,0.015056461731493099,0.002509410288582183,0.0,0.16938519447929737,0.08782936010037641,0.4968632371392723,0.0451693851944793,0.012547051442910916,0.02258469259723965,0.027603513174404015,0.0,0.030112923462986198,0.01756587202007528,0.01756587202007528,0.05520702634880803,398.5
2586,46.47,-86.95833,2750.0,0.008097165991902834,0.005398110661268556,0.0,0.12010796221322537,0.17813765182186234,0.48582995951417,0.043184885290148446,0.01349527665317139,0.01349527665317139,0.029689608636977057,0.0,0.02699055330634278,0.01349527665317139,0.002699055330634278,0.059379217273954114,370.5
2586,46.47,-86.95833,3250.0,0.015082956259426848,0.0030165912518853697,0.0,0.14328808446455504,0.1297134238310709,0.4555052790346908,0.07239819004524888,0.0030165912518853697,0.01809954751131222,0.015082956259426848,0.0,0.07239819004524888,0.015082956259426848,0.015082956259426848,0.042232277526395176,331.5
2586,46.47,-86.95833,3750.0,0.013753581661891117,0.004584527220630372,0.002292263610315186,0.28137535816618914,0.03896848137535817,0.34269340974212037,0.07220630372492837,0.0034383954154727794,0.01489971346704871,0.030945558739255013,0.001146131805157593,0.04126074498567335,0.03782234957020057,0.01489971346704871,0.0997134670487106,872.5
2586,46.47,-86.95833,4250.0,0.020618556701030927,0.003124023742580444,0.003124023742580444,0.22711652608559826,0.03748828491096532,0.2449234614183068,0.17432052483598875,0.0037488284910965324,0.031865042174320526,0.041861918150577944,0.0,0.0612308653545767,0.023742580443611373,0.008747266479225243,0.11808809746954077,1600.5
2586,46.47,-86.95833,4750.0,0.01877649909145972,0.0024227740763173833,0.0018170805572380376,0.29133858267716534,0.17686250757116898,0.18110236220472442,0.09024833434282253,0.004239854633555421,0.021804966686856452,0.03210175651120533,0.0018170805572380376,0.036947304663840094,0.030890369473046637,0.009085402786190187,0.10054512416717142,1651.0
2586,46.47,-86.95833,5250.0,0.01391304347826087,0.010434782608695653,0.0,0.3826086956521739,0.11652173913043479,0.13217391304347825,0.09913043478260869,0.0,0.022608695652173914,0.034782608695652174,0.0017391304347826088,0.03130434782608696,0.02434782608695652,0.019130434782608695,0.11130434782608696,575.0
2586,46.47,-86.95833,5750.0,0.029609690444145357,0.005383580080753701,0.0,0.43741588156123823,0.005383580080753701,0.15343203230148048,0.1480484522207268,0.0,0.016150740242261104,0.024226110363391656,0.005383580080753701,0.04306864064602961,0.024226110363391656,0.0026917900403768506,0.10497981157469717,371.5
2586,46.47,-86.95833,6250.0,0.006747638326585695,0.004048582995951417,0.0,0.4574898785425101,0.001349527665317139,0.17813765182186234,0.14439946018893388,0.001349527665317139,0.018893387314439947,0.03508771929824561,0.0,0.048582995951417005,0.012145748987854251,0.002699055330634278,0.08906882591093117,741.0
2586,46.47,-86.95833,6750.0,0.02422145328719723,0.02768166089965398,0.0,0.5467128027681661,0.0,0.17301038062283736,0.06920415224913495,0.0,0.01384083044982699,0.02422145328719723,0.0,0.02422145328719723,0.02768166089965398,0.02422145328719723,0.04498269896193772,289.0
2586,46.47,-86.95833,7250.0,0.022774327122153208,0.016563146997929608,0.002070393374741201,0.4658385093167702,0.0,0.2567287784679089,0.033126293995859216,0.0,0.014492753623188406,0.033126293995859216,0.0,0.006211180124223602,0.035196687370600416,0.008281573498964804,0.10559006211180125,483.0
2586,46.47,-86.95833,7750.0,0.05150214592274678,0.02861230329041488,0.002861230329041488,0.30472103004291845,0.0,0.4034334763948498,0.02575107296137339,0.0,0.01430615164520744,0.034334763948497854,0.0,0.005722460658082976,0.060085836909871244,0.011444921316165951,0.05722460658082976,349.5
2586,46.47,-86.95833,8250.0,0.059375,0.01875,0.00625,0.29375,0.0,0.4,0.028125,0.0,0.0125,0.034375,0.0,0.0,0.06875,0.01875,0.059375,320.0
2586,46.47,-86.95833,8750.0,0.0855614973262032,0.019013666072489603,0.0059417706476530005,0.34878193701723115,0.0,0.29233511586452765,0.05228758169934641,0.0011883541295306002,0.0023767082590612004,0.0213903743315508,0.0011883541295306002,0.0023767082590612004,0.04040404040404041,0.0071301247771836,0.12002376708259062,841.5
2586,46.47,-86.95833,9250.0,0.10352588147036759,0.02700675168792198,0.012003000750187547,0.37134283570892723,0.0,0.2535633908477119,0.05101275318829707,0.0015003750937734434,0.007501875468867217,0.024006001500375095,0.0,0.006001500375093774,0.01350337584396099,0.00900225056264066,0.12003000750187547,666.5
2586,46.47,-86.95833,9750.0,0.10569777043765483,0.03303055326176713,0.011560693641618497,0.412056151940545,0.0,0.18662262592898432,0.08092485549132948,0.0,0.018166804293971925,0.02477291494632535,0.0033030553261767133,0.0033030553261767133,0.006606110652353427,0.01981833195706028,0.09413707679603633,605.5
2586,46.47,-86.95833,10250.0,0.11598746081504702,0.025078369905956112,0.018808777429467086,0.3761755485893417,0.0,0.11285266457680251,0.12225705329153605,0.0,0.012539184952978056,0.09090909090909091,0.006269592476489028,0.0,0.009404388714733543,0.0,0.109717868338558,319.0
2586,46.47,-86.95833,10750.0,0.2222222222222222,0.011608623548922056,0.024875621890547265,0.23548922056384744,0.0,0.05472636815920398,0.11276948590381426,0.0,0.01824212271973466,0.07960199004975124,0.009950248756218905,0.009950248756218905,0.003316749585406302,0.008291873963515755,0.208955223880597,603.0
2586,46.47,-86.95833,11250.0,0.22129436325678498,0.0,0.0,0.407098121085595,0.0,0.020876826722338204,0.05010438413361169,0.0,0.033402922755741124,0.05845511482254697,0.0041753653444676405,0.0,0.0041753653444676405,0.012526096033402923,0.18789144050104384,239.5
2586,46.47,-86.95833,11750.0,0.1510574018126888,0.015105740181268883,0.00906344410876133,0.32628398791540786,0.0,0.07250755287009064,0.12084592145015106,0.0,0.027190332326283987,0.13293051359516617,0.0030211480362537764,0.0030211480362537764,0.006042296072507553,0.0,0.13293051359516617,331.0
2623,40.4,-74.48333,250.0,0.0,0.0,0.0,0.01872006965607314,0.0043535045711798,0.01828471919895516,0.4727905964301263,0.013060513713539399,0.00261210274270788,0.0034828036569438396,0.029603831084022637,0.00783630822812364,0.006965607313887679,0.0,0.4222899434044406,1148.5
2623,40.4,-74.48333,750.0,0.0025940337224383916,0.0,0.0,0.011673151750972763,0.0,0.018158236057068743,0.5447470817120622,0.010376134889753566,0.0025940337224383916,0.010376134889753566,0.04409857328145266,0.0025940337224383916,0.010376134889753566,0.0,0.3424124513618677,385.5
2623,40.4,-74.48333,1750.0,0.0,0.0,0.0,0.01971830985915493,0.008450704225352112,0.014084507042253521,0.6084507042253521,0.016901408450704224,0.0028169014084507044,0.005633802816901409,0.036619718309859155,0.008450704225352112,0.0028169014084507044,0.0,0.27605633802816903,355.0
2623,40.4,-74.48333,2750.0,0.0,0.0,0.0,0.011235955056179775,0.008426966292134831,0.016853932584269662,0.6235955056179775,0.014044943820224719,0.0056179775280898875,0.011235955056179775,0.025280898876404494,0.016853932584269662,0.0,0.0,0.26685393258426965,356.0
2623,40.4,-74.48333,3750.0,0.0,0.0,0.0,0.013368983957219251,0.008021390374331552,0.016042780748663103,0.5935828877005348,0.008021390374331552,0.008021390374331552,0.0,0.0213903743315508,0.013368983957219251,0.0053475935828877,0.0,0.31283422459893045,374.0
2623,40.4,-74.48333,4250.0,0.0,0.0,0.0,0.02533532041728763,0.011922503725782414,0.014903129657228018,0.5991058122205664,0.02384500745156483,0.0,0.00894187779433681,0.038748137108792845,0.005961251862891207,0.00894187779433681,0.0,0.26229508196721313,335.5
2623,40.4,-74.48333,5250.0,0.0,0.0,0.0,0.014285714285714285,0.008571428571428572,0.011428571428571429,0.6628571428571428,0.011428571428571429,0.005714285714285714,0.002857142857142857,0.005714285714285714,0.0,0.014285714285714285,0.0,0.26285714285714284,350.0
2623,40.4,-74.48333,6250.0,0.0027434842249657062,0.0,0.0,0.015089163237311385,0.0054869684499314125,0.0027434842249657062,0.6008230452674898,0.0,0.0,0.0,0.0027434842249657062,0.0,0.0054869684499314125,0.0,0.36488340192043894,364.5
2623,40.4,-74.48333,7250.0,0.0,0.006472491909385114,0.0,0.02912621359223301,0.009708737864077669,0.022653721682847898,0.6925566343042071,0.0,0.0,0.003236245954692557,0.003236245954692557,0.006472491909385114,0.006472491909385114,0.0,0.22006472491909385,309.0
2623,40.4,-74.48333,8750.0,0.025510204081632654,0.00510204081632653,0.0,0.05612244897959184,0.01020408163265306,0.08333333333333333,0.5561224489795918,0.00510204081632653,0.003401360544217687,0.0017006802721088435,0.003401360544217687,0.003401360544217687,0.03231292517006803,0.0,0.21428571428571427,588.0
2623,40.4,-74.48333,9250.0,0.12839059674502712,0.0216998191681736,0.0,0.0922242314647378,0.012658227848101266,0.21338155515370705,0.2423146473779385,0.003616636528028933,0.0054249547920434,0.0,0.0,0.0,0.0433996383363472,0.0,0.23688969258589512,553.0
2623,40.4,-74.48333,9750.0,0.177007299270073,0.009124087591240875,0.0,0.072992700729927,0.0018248175182481751,0.20255474452554745,0.10036496350364964,0.0018248175182481751,0.01824817518248175,0.0,0.0018248175182481751,0.0,0.051094890510948905,0.0,0.36313868613138683,548.0
2623,40.4,-74.48333,10250.0,0.24593128390596744,0.0,0.0,0.06690777576853527,0.0,0.19168173598553345,0.045207956600361664,0.0,0.009041591320072333,0.0,0.0018083182640144665,0.0,0.045207956600361664,0.0,0.39421338155515373,553.0
2623,40.4,-74.48333,10750.0,0.3339317773788151,0.0,0.0,0.07001795332136446,0.0,0.1867145421903052,0.04308797127468582,0.0,0.00718132854578097,0.0,0.0,0.0,0.010771992818671455,0.0,0.348294434470377,278.5
2623,40.4,-74.48333,11250.0,0.33543733092876465,0.0,0.0,0.07664562669071236,0.0,0.2037871956717764,0.014427412082957619,0.0,0.0036068530207394047,0.0,0.0036068530207394047,0.0,0.034265103697024346,0.0,0.32822362488728585,554.5
2623,40.4,-74.48333,11750.0,0.21493624772313297,0.0,0.0,0.07832422586520947,0.0,0.34972677595628415,0.04371584699453552,0.0,0.0036429872495446266,0.0,0.0,0.0,0.0036429872495446266,0.0,0.30601092896174864,274.5
2626,41.03779,-75.26551,250.0,0.020211515863689775,0.0,0.007050528789659225,0.06462984723854288,0.06063454759106933,0.08977673325499412,0.27403055229142187,0.025381903642773207,0.007050528789659225,0.00846063454759107,0.023501762632197415,0.01128084606345476,0.03760282021151586,0.003290246768507638,0.36709753231492365,2127.5
2626,41.03779,-75.26551,750.0,0.013900955690703735,0.0,0.0017376194613379669,0.06168549087749783,0.07471763683753258,0.09209383145091225,0.49869678540399653,0.060816681146828845,0.0069504778453518675,0.01737619461337967,0.04865334491746308,0.015638575152041704,0.02432667245873154,0.0017376194613379669,0.08166811468288444,575.5
2626,41.03779,-75.26551,1250.0,0.0024783147459727386,0.0,0.008674101610904586,0.08674101610904585,0.061957868649318466,0.11028500619578686,0.4250309789343247,0.03593556381660471,0.011152416356877323,0.006195786864931847,0.03469640644361834,0.01486988847583643,0.06939281288723669,0.0012391573729863693,0.13135068153655513,807.0
2626,41.03779,-75.26551,1750.0,0.00880503144654088,0.0,0.0012578616352201257,0.08679245283018867,0.08050314465408805,0.1169811320754717,0.4276729559748428,0.050314465408805034,0.011320754716981131,0.005031446540880503,0.027672955974842768,0.022641509433962263,0.05786163522012579,0.0,0.10314465408805032,795.0
2626,41.03779,-75.26551,2250.0,0.0054249547920434,0.0,0.0018083182640144665,0.06871609403254973,0.08860759493670886,0.10488245931283906,0.45027124773960214,0.059674502712477394,0.0108499095840868,0.007233273056057866,0.023508137432188065,0.014466546112115732,0.07233273056057866,0.0,0.0922242314647378,553.0
2626,41.03779,-75.26551,2750.0,0.005703422053231939,0.0,0.005703422053231939,0.10076045627376426,0.043726235741444866,0.07034220532319392,0.4847908745247148,0.030418250950570342,0.015209125475285171,0.009505703422053232,0.04752851711026616,0.015209125475285171,0.060836501901140684,0.0019011406844106464,0.10836501901140684,526.0
2626,41.03779,-75.26551,3250.0,0.012422360248447204,0.0,0.0012422360248447205,0.08074534161490683,0.02360248447204969,0.0670807453416149,0.5267080745341615,0.02857142857142857,0.014906832298136646,0.014906832298136646,0.043478260869565216,0.018633540372670808,0.06086956521739131,0.0,0.10683229813664596,805.0
2626,41.03779,-75.26551,3750.0,0.0024600246002460025,0.0,0.0024600246002460025,0.07134071340713408,0.00984009840098401,0.05412054120541206,0.6125461254612546,0.05043050430504305,0.012300123001230012,0.01107011070110701,0.04428044280442804,0.01968019680196802,0.04305043050430504,0.0012300123001230013,0.06519065190651907,813.0
2626,41.03779,-75.26551,4250.0,0.0007207207207207207,0.0007207207207207207,0.0,0.04936936936936937,0.01945945945945946,0.08504504504504505,0.5744144144144144,0.06126126126126126,0.018738738738738738,0.01009009009009009,0.03099099099099099,0.02018018018018018,0.041801801801801805,0.0036036036036036037,0.08360360360360361,1387.5
2626,41.03779,-75.26551,4750.0,0.0,0.0,0.0,0.03812316715542522,0.10439882697947214,0.07390029325513196,0.48211143695014663,0.07272727272727272,0.021114369501466276,0.01407624633431085,0.04105571847507331,0.01994134897360704,0.04340175953079179,0.0,0.08914956011730206,852.5
2626,41.03779,-75.26551,5250.0,0.0,0.0,0.0,0.027336860670194002,0.1384479717813051,0.042328042328042326,0.5238095238095238,0.07142857142857142,0.020282186948853614,0.01146384479717813,0.04056437389770723,0.021164021164021163,0.03439153439153439,0.0008818342151675485,0.06790123456790123,1134.0
2626,41.03779,-75.26551,5750.0,0.0,0.0,0.0,0.017584994138335287,0.1406799531066823,0.041031652989449004,0.5322391559202814,0.09261430246189918,0.026963657678780773,0.01406799531066823,0.016412661195779603,0.023446658851113716,0.032825322391559206,0.0,0.06213364595545135,853.0
2626,41.03779,-75.26551,6250.0,0.0,0.0,0.0,0.01584507042253521,0.13204225352112675,0.040492957746478875,0.5545774647887324,0.0897887323943662,0.01936619718309859,0.01232394366197183,0.008802816901408451,0.02112676056338028,0.028169014084507043,0.0,0.07746478873239436,568.0
2626,41.03779,-75.26551,6750.0,0.0011500862564692352,0.0,0.0,0.01667625071880391,0.12075905692926969,0.04945370902817711,0.5876940770557791,0.08280621046578493,0.017251293847038527,0.017251293847038527,0.013801035077630822,0.010350776308223116,0.03105232892466935,0.0,0.051753881541115584,869.5
2626,41.03779,-75.26551,7250.0,0.0011799410029498525,0.0,0.0,0.027728613569321534,0.10501474926253687,0.08141592920353982,0.5592920353982301,0.06725663716814159,0.017699115044247787,0.01415929203539823,0.00471976401179941,0.016519174041297935,0.04247787610619469,0.0011799410029498525,0.06135693215339233,847.5
2626,41.03779,-75.26551,7750.0,0.0,0.0,0.0,0.03670546105640107,0.11459265890778872,0.04118173679498657,0.6606982990152194,0.03222918531781558,0.010743061772605193,0.023276633840644583,0.007162041181736795,0.01611459265890779,0.012533572068039392,0.0,0.044762757385854966,558.5
2626,41.03779,-75.26551,8250.0,0.0,0.0,0.0,0.061567164179104475,0.07462686567164178,0.03544776119402985,0.6902985074626866,0.024253731343283583,0.018656716417910446,0.014925373134328358,0.0037313432835820895,0.011194029850746268,0.011194029850746268,0.0018656716417910447,0.05223880597014925,536.0
2626,41.03779,-75.26551,8750.0,0.0,0.0,0.0,0.13515016685205783,0.0867630700778643,0.04560622914349277,0.6173526140155728,0.012791991101223582,0.012791991101223582,0.01167964404894327,0.002224694104560623,0.009454949944382647,0.01557285873192436,0.0005561735261401557,0.05005561735261402,1798.0
2626,41.03779,-75.26551,9250.0,0.0031545741324921135,0.0,0.0,0.21556256572029442,0.16824395373291273,0.05573080967402734,0.42902208201892744,0.0031545741324921135,0.017875920084121977,0.02103049421661409,0.002103049421661409,0.00946372239747634,0.011566771819137749,0.005257623554153523,0.05783385909568875,951.0
2626,41.03779,-75.26551,9750.0,0.0,0.00408997955010225,0.0,0.3333333333333333,0.15132924335378323,0.054533060668029994,0.332651670074983,0.0,0.00954328561690525,0.012269938650306749,0.0,0.021813224267211998,0.012269938650306749,0.0054533060668029995,0.0627130197682345,733.5
2626,41.03779,-75.26551,10250.0,0.036923076923076927,0.027252747252747254,0.007912087912087912,0.389010989010989,0.014945054945054945,0.15296703296703296,0.22153846153846155,0.0017582417582417582,0.018461538461538463,0.011428571428571429,0.0017582417582417582,0.02021978021978022,0.03340659340659341,0.005274725274725275,0.05714285714285714,1137.5
2626,41.03779,-75.26551,10750.0,0.11177278973889143,0.05130554283096656,0.004580852038479157,0.19560238204306002,0.013742556115437472,0.3032524049473202,0.14658726523133303,0.0,0.011910215300045808,0.007329363261566651,0.0009161704076958314,0.0018323408153916628,0.08978469995419149,0.004580852038479157,0.056802565277141545,1091.5
2626,41.03779,-75.26551,11250.0,0.13533834586466165,0.05827067669172932,0.0037593984962406013,0.2349624060150376,0.0037593984962406013,0.14661654135338345,0.14849624060150377,0.0037593984962406013,0.0037593984962406013,0.009398496240601503,0.0,0.0018796992481203006,0.17481203007518797,0.0018796992481203006,0.07330827067669173,532.0
2626,41.03779,-75.26551,11750.0,0.11764705882352941,0.0546218487394958,0.0,0.3445378151260504,0.0021008403361344537,0.06092436974789916,0.19747899159663865,0.0021008403361344537,0.018907563025210083,0.0021008403361344537,0.0,0.0,0.11554621848739496,0.0063025210084033615,0.07773109243697479,476.0
2626,41.03779,-75.26551,12250.0,0.14863387978142076,0.048087431693989074,0.0,0.2939890710382514,0.0,0.08524590163934426,0.146448087431694,0.01092896174863388,0.03934426229508197,0.0,0.0,0.0,0.07868852459016394,0.006557377049180328,0.14207650273224043,457.5
2626,41.03779,-75.26551,12750.0,0.22466960352422907,0.06387665198237885,0.0,0.29515418502202645,0.0022026431718061676,0.07048458149779736,0.13215859030837004,0.00881057268722467,0.022026431718061675,0.0,0.0022026431718061676,0.0,0.024229074889867842,0.00881057268722467,0.14537444933920704,454.0
2626,41.03779,-75.26551,13250.0,0.39844130540672185,0.00876765708718948,0.0,0.1358986848514369,0.0,0.09059912323429128,0.07111544081831467,0.000974184120798831,0.014612761811982464,0.004870920603994155,0.000974184120798831,0.000974184120798831,0.03214807598636142,0.013638577691183634,0.22698490014612763,1026.5
2626,41.03779,-75.26551,13750.0,0.2513586956521739,0.006793478260869565,0.0,0.21331521739130435,0.0,0.058423913043478264,0.021739130434782608,0.001358695652173913,0.001358695652173913,0.002717391304347826,0.005434782608695652,0.0,0.06929347826086957,0.002717391304347826,0.3654891304347826,736.0
2626,41.03779,-75.26551,14250.0,0.2261640798226164,0.004434589800443459,0.0,0.3170731707317073,0.0,0.008869179600886918,0.008869179600886918,0.004434589800443459,0.0,0.0,0.0,0.0,0.057649667405764965,0.0,0.37250554323725055,225.5
2626,41.03779,-75.26551,14750.0,0.19700214132762311,0.004282655246252677,0.0,0.2762312633832976,0.0,0.01284796573875803,0.01284796573875803,0.0,0.0,0.004282655246252677,0.004282655246252677,0.0,0.05139186295503212,0.0,0.43683083511777304,233.5
2638,47.192748,-95.787316,250.0,0.02068446784505453,0.003008649868371568,0.003008649868371568,0.10943963896201579,0.0,0.21098157201955622,0.16773223016171493,0.0,0.013162843174125612,0.059420834900338476,0.001504324934185784,0.004889056036103798,0.024069198946972545,0.020308386611508085,0.3617901466716811,2659.0
2638,47.192748,-95.787316,750.0,0.01756697408871322,0.007905138339920948,0.005270092226613966,0.13658322353974528,0.0,0.12999560825647782,0.1800614844093105,0.0,0.015810276679841896,0.04216073781291173,0.001756697408871322,0.022837066315327184,0.025472112428634168,0.012296881862099254,0.40228370663153273,1138.5
2638,47.192748,-95.787316,1250.0,0.014251781472684086,0.007600950118764846,0.007600950118764846,0.09453681710213777,0.0,0.14916864608076008,0.28978622327790976,0.0,0.009501187648456057,0.05890736342042755,0.0,0.005700712589073635,0.030403800475059382,0.023752969121140142,0.3087885985748218,1052.5
2638,47.192748,-95.787316,1750.0,0.008442380751371888,0.0033769523005487546,0.0016884761502743773,0.09835373575348248,0.0,0.09793161671591388,0.34782608695652173,0.0,0.01266357112705783,0.029548332629801603,0.0,0.004221190375685944,0.026171380329252848,0.013507809202195019,0.3562684677078936,1184.5
2638,47.192748,-95.787316,2250.0,0.013787160706591986,0.0025850926324859974,0.0034467901766479965,0.14261094355881085,0.0,0.13528651443343387,0.22317966393795777,0.0,0.007755277897457992,0.03532959931064197,0.0,0.0017233950883239983,0.03015941404566997,0.0034467901766479965,0.4006893580353296,1160.5
2638,47.192748,-95.787316,2750.0,0.009954375777685608,0.0008295313148071339,0.00414765657403567,0.08170883450850269,0.0,0.17005391953546245,0.25798423890501865,0.0,0.013272501036914143,0.036499377851513894,0.0,0.00414765657403567,0.025715470759021152,0.006636250518457071,0.3890501866445458,1205.5
2638,47.192748,-95.787316,3250.0,0.003812428516965307,0.0030499428135722455,0.0030499428135722455,0.08959207014868471,0.0,0.12276019824628288,0.18985894014487228,0.0,0.02134959969500572,0.04498665650019062,0.0007624857033930614,0.004574914220358368,0.035074342356080826,0.00533739992375143,0.4757910789172703,1311.5
2638,47.192748,-95.787316,3750.0,0.008655510675129832,0.0028851702250432777,0.001154068090017311,0.08713214079630698,0.0,0.09924985574148874,0.22273514137334102,0.0,0.017311021350259664,0.03346797461050202,0.0005770340450086555,0.0017311021350259665,0.027120600115406807,0.003462204270051933,0.49451817657241776,1733.0
2638,47.192748,-95.787316,4250.0,0.004967709885742673,0.001987083954297069,0.0,0.06458022851465474,0.0,0.07948335817188276,0.2538499751614506,0.0,0.006954793840039742,0.025832091405861898,0.0004967709885742673,0.0009935419771485345,0.03576751117734724,0.008445106805762544,0.5166418281172379,2013.0
2638,47.192748,-95.787316,4750.0,0.004033884630899556,0.0,0.0,0.052843888664784185,0.0,0.02501008471157725,0.2444534086325131,0.0,0.009681323114158934,0.008874546187979023,0.0,0.0,0.023396530859217425,0.0024203307785397336,0.6292860024203307,1239.5
2638,47.192748,-95.787316,5250.0,0.0030721966205837174,0.0,0.0,0.03533026113671275,0.0,0.020737327188940093,0.32027649769585254,0.0,0.01152073732718894,0.010752688172043012,0.0,0.0,0.015360983102918587,0.006144393241167435,0.5768049155145929,1302.0
2638,47.192748,-95.787316,5750.0,0.004484304932735426,0.0,0.0,0.03587443946188341,0.0,0.01883408071748879,0.34618834080717487,0.0,0.008071748878923767,0.014349775784753363,0.0,0.0017937219730941704,0.016143497757847534,0.0017937219730941704,0.5524663677130045,1115.0
2638,47.192748,-95.787316,6250.0,0.0039100684261974585,0.0,0.0,0.03812316715542522,0.0,0.016943629846855653,0.22157054415118932,0.0,0.006516780710329097,0.013685239491691105,0.0,0.0013033561420658195,0.009123492994460736,0.005213424568263278,0.6836102965135223,1534.5
2638,47.192748,-95.787316,6750.0,0.007237635705669481,0.0016083634901487736,0.0,0.03096099718536389,0.0,0.011258544431041415,0.2669883393646964,0.0,0.01527945315641335,0.0056292722155207075,0.0008041817450743868,0.0008041817450743868,0.008845999195818254,0.007237635705669481,0.6433453960595095,1243.5
2638,47.192748,-95.787316,7250.0,0.030004688232536336,0.0,0.001875293014533521,0.06235349273323957,0.0,0.03750586029067042,0.2437880918893577,0.0,0.007501172058134084,0.013127051101734646,0.0,0.001875293014533521,0.01969057665260197,0.014064697609001406,0.5682137834036568,1066.5
2638,47.192748,-95.787316,7750.0,0.030565461029037188,0.0,0.003056546102903719,0.17575140091696384,0.0,0.08354559347936831,0.07845134997452878,0.0,0.006113092205807438,0.028527763627101375,0.0,0.0020376974019358125,0.0163015792154865,0.04381049414161997,0.5318390219052471,981.5
2638,47.192748,-95.787316,8250.0,0.20344711051030753,0.0,0.029063872930043935,0.09023318688746199,0.0,0.18249408583981075,0.04325785738425143,0.0,0.03109158499493072,0.03987833727610679,0.002027712064886786,0.006083136194660358,0.012166272389320717,0.10273741128759716,0.25751943224062185,1479.5
2638,47.192748,-95.787316,8750.0,0.6039488966318235,0.0,0.05807200929152149,0.005807200929152149,0.0,0.05110336817653891,0.009291521486643438,0.0,0.006968641114982578,0.011614401858304297,0.0,0.0,0.013937282229965157,0.04413472706155633,0.1951219512195122,430.5
2888,46.18444,-95.30694,250.0,0.020050125313283207,0.003341687552213868,0.003341687552213868,0.06098579782790309,0.0,0.15037593984962405,0.26399331662489556,0.0,0.006683375104427736,0.010025062656641603,0.0,0.003341687552213868,0.06349206349206349,0.0,0.4143692564745196,299.25
2888,46.18444,-95.30694,750.0,0.004863221884498481,0.0024316109422492403,0.0024316109422492403,0.03221884498480243,0.0,0.0972644376899696,0.4158054711246201,0.0,0.009726443768996961,0.02188449848024316,0.0,0.0,0.026747720364741642,0.0024316109422492403,0.3841945288753799,411.25
2888,46.18444,-95.30694,1250.0,0.008130081300813009,0.0,0.0,0.06829268292682927,0.0,0.0943089430894309,0.14959349593495935,0.0,0.0032520325203252032,0.016260162601626018,0.0,0.0,0.016260162601626018,0.0032520325203252032,0.640650406504065,307.5
2888,46.18444,-95.30694,2750.0,0.0,0.002663115845539281,0.002663115845539281,0.06524633821571238,0.0,0.0426098535286285,0.11717709720372836,0.0,0.007989347536617843,0.007989347536617843,0.0,0.0,0.0426098535286285,0.0,0.711051930758988,375.5
2888,46.18444,-95.30694,4750.0,0.00482315112540193,0.0,0.0,0.06591639871382636,0.0,0.01929260450160772,0.1639871382636656,0.0,0.0,0.012861736334405145,0.0,0.003215434083601286,0.03536977491961415,0.0,0.6945337620578779,311.0
2888,46.18444,-95.30694,5250.0,0.004246284501061571,0.0,0.0,0.04175513092710545,0.0,0.014154281670205236,0.07360226468506724,0.0,0.008492569002123142,0.005661712668082095,0.0,0.0028308563340410475,0.016985138004246284,0.0,0.832271762208068,353.25
2888,46.18444,-95.30694,5750.0,0.0015772870662460567,0.0,0.0,0.02996845425867508,0.0,0.015772870662460567,0.08517350157728706,0.0,0.006309148264984227,0.015772870662460567,0.0,0.0,0.025236593059936908,0.0,0.8201892744479495,317.0
2888,46.18444,-95.30694,6750.0,0.010243277848911651,0.0,0.0,0.02176696542893726,0.0,0.015364916773367477,0.08194622279129321,0.0,0.010243277848911651,0.010243277848911651,0.002560819462227913,0.0,0.005121638924455826,0.0,0.8425096030729834,390.5
2888,46.18444,-95.30694,7250.0,0.014577259475218658,0.004859086491739553,0.0,0.01652089407191448,0.0,0.013605442176870748,0.04081632653061224,0.0,0.0058309037900874635,0.021379980563654033,0.0,0.001943634596695821,0.007774538386783284,0.0,0.8726919339164237,514.5
2888,46.18444,-95.30694,7750.0,0.02967359050445104,0.0,0.0,0.0840751730959446,0.0,0.04088361358391032,0.0501153972964062,0.0,0.00791295746785361,0.03428948236069898,0.002637652489284537,0.002637652489284537,0.014507088691064951,0.0,0.7332673920211012,758.25
2888,46.18444,-95.30694,8250.0,0.009193288899103653,0.0018386577798207308,0.005515973339462192,0.32153527924615033,0.0,0.06619168007354631,0.06527235118363595,0.0,0.012870604458745116,0.11859342679843714,0.0036773155596414617,0.0036773155596414617,0.024821880027579867,0.0009193288899103654,0.36589289818432547,1087.75
2888,46.18444,-95.30694,9750.0,0.04709840201850295,0.008410428931875526,0.02691337258200168,0.312026913372582,0.0,0.2321278385197645,0.050462573591253154,0.0,0.0336417157275021,0.0975609756097561,0.0,0.00336417157275021,0.020185029436501262,0.00336417157275021,0.1648444070647603,297.25
2888,46.18444,-95.30694,10250.0,0.647751282825234,0.0018110473890733474,0.003622094778146695,0.017204950196196802,0.0,0.022939933594929067,0.013281014186537881,0.0,0.02776939329912466,0.006036824630244492,0.0,0.006036824630244492,0.00724418955629339,0.006036824630244492,0.24026562028373075,828.25
2888,46.18444,-95.30694,10750.0,0.5716577540106952,0.0005347593582887701,0.017112299465240642,0.0074866310160427805,0.0,0.006417112299465241,0.023529411764705882,0.0,0.06096256684491978,0.0042780748663101605,0.0,0.0032085561497326204,0.0042780748663101605,0.0021390374331550803,0.2983957219251337,935.0
2888,46.18444,-95.30694,11250.0,0.5960612691466083,0.00612691466083151,0.00175054704595186,0.017943107221006564,0.0,0.00525164113785558,0.0175054704595186,0.0,0.01050328227571116,0.0,0.0,0.00175054704595186,0.00175054704595186,0.00175054704595186,0.33960612691466086,571.25
2959,41.96667,-71.11667,250.0,0.010706638115631691,0.0032119914346895075,0.0,0.04925053533190578,0.01284796573875803,0.10171306209850108,0.1873661670235546,0.02462526766595289,0.004282655246252677,0.008565310492505354,0.019271948608137045,0.0053533190578158455,0.291220556745182,0.011777301927194861,0.2698072805139186,934.0
2959,41.96667,-71.11667,750.0,0.009512485136741973,0.0047562425683709865,0.0,0.02497027348394768,0.019024970273483946,0.08561236623067776,0.23067776456599287,0.02140309155766944,0.011890606420927468,0.014268727705112961,0.02140309155766944,0.02140309155766944,0.2734839476813318,0.011890606420927468,0.2497027348394768,420.5
2959,41.96667,-71.11667,1250.0,0.0027397260273972603,0.0013698630136986301,0.0,0.021917808219178082,0.015068493150684932,0.08082191780821918,0.2602739726027397,0.043835616438356165,0.0136986301369863,0.009589041095890411,0.015068493150684932,0.01643835616438356,0.3,0.005479452054794521,0.2136986301369863,730.0
2959,41.96667,-71.11667,1750.0,0.010752688172043012,0.0,0.0,0.021505376344086023,0.03225806451612903,0.06989247311827956,0.27419354838709675,0.03763440860215054,0.016129032258064516,0.0,0.016129032258064516,0.005376344086021506,0.34946236559139787,0.0,0.16666666666666666,186.0
2959,41.96667,-71.11667,2250.0,0.0033250207813798837,0.0,0.0,0.030756442227763924,0.01662510390689942,0.0714879467996675,0.370739817123857,0.038237738985868665,0.01828761429758936,0.006650041562759767,0.023275145469659187,0.01828761429758936,0.257689110556941,0.00831255195344971,0.13632585203657524,601.5
2959,41.96667,-71.11667,2750.0,0.005934718100890208,0.0,0.0,0.02967359050445104,0.020771513353115726,0.057863501483679525,0.3189910979228487,0.04154302670623145,0.008902077151335312,0.005934718100890208,0.00741839762611276,0.025222551928783383,0.2893175074183976,0.013353115727002967,0.17507418397626112,674.0
2959,41.96667,-71.11667,3250.0,0.0026033192320208264,0.0006508298080052066,0.0,0.030914415880247317,0.014318255776114546,0.062479661568499836,0.330621542466645,0.03579563944028637,0.009111617312072893,0.01171493654409372,0.01171493654409372,0.02342987308818744,0.31109664822648875,0.0078099576960624795,0.1477383664171819,1536.5
2959,41.96667,-71.11667,3750.0,0.0015658641612840086,0.0011743981209630064,0.0,0.026032491681346644,0.010569583088667059,0.057545507927187316,0.37267567038559407,0.03992953611274222,0.011743981209630064,0.004697592483852026,0.01605010765316109,0.020747700137013114,0.2845958113133686,0.005089058524173028,0.1475826972010178,2554.5
2959,41.96667,-71.11667,4250.0,0.0027481964960494676,0.0,0.0,0.028512538646513225,0.005496392992098935,0.07488835451734799,0.443833734111989,0.05496392992098935,0.023359670216420474,0.007557540364136035,0.03091721058055651,0.022672621092408106,0.1868773617313638,0.0034352456200618343,0.11473720371006527,1455.5
2959,41.96667,-71.11667,4750.0,0.0009017132551848512,0.0009017132551848512,0.0,0.025247971145175834,0.013525698827772768,0.06402164111812443,0.527502254283138,0.04418394950405771,0.013525698827772768,0.011722272317403066,0.02164111812443643,0.02254283137962128,0.1550946798917944,0.005410279531109108,0.09377817853922453,1109.0
2959,41.96667,-71.11667,5250.0,0.0,0.0,0.0,0.023865231633130556,0.03462798315395414,0.06832007487131493,0.37716424894712214,0.04305100608329434,0.006551240056153486,0.007487131492746842,0.026204960224613945,0.011230697239120261,0.2863827795975667,0.003743565746373421,0.11137108095460926,1068.5
2959,41.96667,-71.11667,5750.0,0.0,0.0,0.0,0.024285714285714285,0.032857142857142856,0.06142857142857143,0.4942857142857143,0.032857142857142856,0.005714285714285714,0.007142857142857143,0.004285714285714286,0.02,0.22714285714285715,0.002857142857142857,0.08714285714285715,700.0
2959,41.96667,-71.11667,6250.0,0.003041825095057034,0.0,0.0,0.0311787072243346,0.0349809885931559,0.04106463878326996,0.47604562737642586,0.04106463878326996,0.001520912547528517,0.015209125475285171,0.006083650190114068,0.022813688212927757,0.22965779467680608,0.001520912547528517,0.09581749049429658,657.5
2959,41.96667,-71.11667,6750.0,0.0015220700152207,0.0,0.0,0.0365296803652968,0.0471841704718417,0.076103500761035,0.45662100456621,0.0563165905631659,0.0060882800608828,0.0076103500761035,0.0030441400304414,0.0228310502283105,0.1598173515981735,0.0030441400304414,0.1232876712328767,657.0
2959,41.96667,-71.11667,7250.0,0.0018674136321195146,0.0018674136321195146,0.0,0.07936507936507936,0.04295051353874883,0.05415499533146592,0.48739495798319327,0.01680672268907563,0.007469654528478058,0.0018674136321195146,0.0,0.01680672268907563,0.19794584500466852,0.0,0.0915032679738562,535.5
2959,41.96667,-71.11667,8250.0,0.010582010582010581,0.001763668430335097,0.0,0.1728395061728395,0.021164021164021163,0.10405643738977072,0.36155202821869487,0.003527336860670194,0.010582010582010581,0.010582010582010581,0.0,0.008818342151675485,0.1728395061728395,0.008818342151675485,0.1128747795414462,567.0
2959,41.96667,-71.11667,8750.0,0.007957559681697613,0.002652519893899204,0.0,0.1962864721485411,0.042440318302387266,0.08488063660477453,0.40848806366047746,0.002652519893899204,0.015915119363395226,0.005305039787798408,0.0,0.0,0.10344827586206896,0.010610079575596816,0.11936339522546419,377.0
2959,41.96667,-71.11667,9250.0,0.00819672131147541,0.003278688524590164,0.001639344262295082,0.3475409836065574,0.047540983606557376,0.12459016393442623,0.2442622950819672,0.006557377049180328,0.011475409836065573,0.011475409836065573,0.0,0.019672131147540985,0.04262295081967213,0.014754098360655738,0.11639344262295082,610.0
2959,41.96667,-71.11667,9750.0,0.036511156186612576,0.018931710615280595,0.0,0.3441514536849222,0.009465855307640297,0.15415821501014199,0.21230561189993238,0.001352265043948614,0.010818120351588911,0.005409060175794456,0.001352265043948614,0.010818120351588911,0.05138607167004733,0.014874915483434753,0.12846517917511832,739.5
2959,41.96667,-71.11667,10250.0,0.17702845100105374,0.03477344573234984,0.003161222339304531,0.31612223393045313,0.020021074815595362,0.12539515279241306,0.05374077976817703,0.0,0.011591148577449948,0.005268703898840885,0.001053740779768177,0.001053740779768177,0.14330874604847207,0.01053740779768177,0.09694415173867228,949.0
2959,41.96667,-71.11667,10750.0,0.509090909090909,0.0298989898989899,0.008888888888888889,0.1321212121212121,0.008888888888888889,0.06464646464646465,0.010505050505050505,0.0,0.0032323232323232323,0.0016161616161616162,0.0,0.0016161616161616162,0.13656565656565656,0.0056565656565656566,0.08727272727272728,1237.5
2959,41.96667,-71.11667,11250.0,0.3424056189640035,0.04038630377524144,0.007023705004389816,0.2730465320456541,0.0,0.029850746268656716,0.021071115013169446,0.001755926251097454,0.007023705004389816,0.001755926251097454,0.0,0.003511852502194908,0.07374890254609306,0.003511852502194908,0.19490781387181738,569.5
2959,41.96667,-71.11667,11750.0,0.2815533980582524,0.019417475728155338,0.009708737864077669,0.4174757281553398,0.009708737864077669,0.04854368932038835,0.04854368932038835,0.009708737864077669,0.009708737864077669,0.0,0.0,0.0,0.0,0.009708737864077669,0.13592233009708737,103.0
2959,41.96667,-71.11667,12250.0,0.3408723747980614,0.05815831987075929,0.008077544426494346,0.1825525040387722,0.0016155088852988692,0.07269789983844911,0.09531502423263329,0.0032310177705977385,0.0210016155088853,0.0016155088852988692,0.0016155088852988692,0.0016155088852988692,0.01615508885298869,0.01615508885298869,0.17932148626817448,619.0
2959,41.96667,-71.11667,12750.0,0.5074626865671642,0.012291483757682178,0.0,0.08340649692712906,0.0,0.05970149253731343,0.0649692712906058,0.001755926251097454,0.024582967515364356,0.0052677787532923615,0.001755926251097454,0.0,0.0052677787532923615,0.014047410008779631,0.21949078138718173,569.5
2959,41.96667,-71.11667,13250.0,0.375,0.004807692307692308,0.004807692307692308,0.038461538461538464,0.0,0.10817307692307693,0.10576923076923077,0.0,0.04326923076923077,0.0,0.0,0.0,0.007211538461538462,0.016826923076923076,0.2956730769230769,416.0
2959,41.96667,-71.11667,13750.0,0.16355140186915887,0.0,0.004672897196261682,0.06542056074766354,0.0,0.24299065420560748,0.056074766355140186,0.0,0.018691588785046728,0.0,0.004672897196261682,0.0,0.004672897196261682,0.02336448598130841,0.4158878504672897,214.0
2961,42.4,-85.38333,250.0,0.00681314937830012,0.0,0.0,0.01822517458695282,0.0,0.019076818259240333,0.48782149548628856,0.03645034917390564,0.018736160790325328,0.04360415602112076,0.03474706182933061,0.005109862033725089,0.00340657468915006,0.00034065746891500596,0.3256685402827457,2935.5
2961,42.4,-85.38333,750.0,0.003766478342749529,0.0,0.0,0.009416195856873822,0.0,0.022598870056497175,0.5875706214689266,0.05649717514124294,0.03389830508474576,0.04143126177024482,0.09416195856873823,0.022598870056497175,0.003766478342749529,0.003766478342749529,0.12052730696798493,265.5
2961,42.4,-85.38333,1250.0,0.004106776180698152,0.0,0.0,0.01026694045174538,0.0,0.01642710472279261,0.5379876796714579,0.06570841889117043,0.049281314168377825,0.07392197125256673,0.1026694045174538,0.03285420944558522,0.004106776180698152,0.0,0.1026694045174538,243.5
2961,42.4,-85.38333,1750.0,0.0062047569803516025,0.0,0.0,0.01344364012409514,0.0,0.010341261633919338,0.4922440537745605,0.2047569803516029,0.057911065149948295,0.0703205791106515,0.033092037228541885,0.01861427094105481,0.004136504653567736,0.004136504653567736,0.08479834539813857,483.5
2961,42.4,-85.38333,2250.0,0.00963855421686747,0.0,0.0,0.004819277108433735,0.0,0.004819277108433735,0.6698795180722892,0.06746987951807229,0.043373493975903614,0.04578313253012048,0.07710843373493977,0.007228915662650603,0.004819277108433735,0.0,0.06506024096385542,415.0
2961,42.4,-85.38333,2750.0,0.008762322015334063,0.0,0.0,0.0032858707557502738,0.0,0.008762322015334063,0.7469879518072289,0.03723986856516977,0.028477546549835708,0.03504928806133625,0.0700985761226725,0.008762322015334063,0.0065717415115005475,0.002190580503833516,0.04381161007667032,456.5
2961,42.4,-85.38333,3250.0,0.024096385542168676,0.0,0.0,0.016867469879518072,0.0,0.014457831325301205,0.6746987951807228,0.024096385542168676,0.033734939759036145,0.05301204819277108,0.05301204819277108,0.004819277108433735,0.004819277108433735,0.00963855421686747,0.08674698795180723,207.5
2961,42.4,-85.38333,3750.0,0.005984440454817474,0.0,0.0,0.010173548773189706,0.0,0.008378216636744464,0.6762417713943746,0.03710353081986834,0.05864751645721125,0.06104129263913824,0.03710353081986834,0.01436265709156194,0.00718132854578097,0.0,0.08378216636744465,835.5
2961,42.4,-85.38333,4250.0,0.005050505050505051,0.0,0.0,0.020202020202020204,0.0,0.005050505050505051,0.702020202020202,0.03535353535353535,0.04040404040404041,0.045454545454545456,0.015151515151515152,0.010101010101010102,0.0,0.005050505050505051,0.11616161616161616,198.0
2961,42.4,-85.38333,4750.0,0.0,0.0,0.0,0.016357688113413305,0.0,0.004362050163576881,0.7284623773173392,0.028353326063249727,0.023991275899672846,0.07415485278080698,0.010905125408942203,0.008724100327153763,0.004362050163576881,0.004362050163576881,0.09596510359869138,458.5
2961,42.4,-85.38333,5250.0,0.007308160779537149,0.0,0.0,0.013398294762484775,0.0,0.007308160779537149,0.633373934226553,0.05115712545676005,0.031668696711327646,0.09013398294762484,0.0389768574908648,0.012180267965895249,0.0048721071863581,0.0,0.10962241169305725,410.5
2961,42.4,-85.38333,5750.0,0.006674082313681869,0.0,0.0,0.010011123470522803,0.0,0.002224694104560623,0.6941045606229144,0.05561735261401557,0.02224694104560623,0.07341490545050056,0.026696329254727477,0.011123470522803115,0.004449388209121246,0.0,0.09343715239154617,449.5
2961,42.4,-85.38333,6750.0,0.020242914979757085,0.0,0.0,0.018218623481781375,0.0,0.004048582995951417,0.5303643724696356,0.0951417004048583,0.05060728744939271,0.13360323886639677,0.024291497975708502,0.024291497975708502,0.0020242914979757085,0.010121457489878543,0.08704453441295547,494.0
2961,42.4,-85.38333,7250.0,0.011273957158962795,0.002254791431792559,0.0,0.02142051860202931,0.0,0.011273957158962795,0.5682074408117249,0.04509582863585118,0.02480270574971815,0.14430665163472378,0.040586245772266064,0.020293122886133032,0.004509582863585118,0.009019165727170236,0.09695603156708005,443.5
2961,42.4,-85.38333,7750.0,0.008620689655172414,0.0,0.0,0.008620689655172414,0.0,0.0,0.6896551724137931,0.0,0.03879310344827586,0.09482758620689655,0.02586206896551724,0.01293103448275862,0.0,0.0,0.1206896551724138,232.0
2961,42.4,-85.38333,8250.0,0.01735357917570499,0.0,0.0,0.019522776572668113,0.0,0.0,0.6767895878524945,0.0,0.021691973969631236,0.08676789587852494,0.008676789587852495,0.021691973969631236,0.004338394793926247,0.004338394793926247,0.13882863340563992,230.5
2961,42.4,-85.38333,8750.0,0.005529953917050691,0.0,0.0,0.07465437788018434,0.0,0.003686635944700461,0.5990783410138248,0.0,0.025806451612903226,0.04976958525345622,0.023963133640552997,0.016589861751152075,0.009216589861751152,0.003686635944700461,0.1880184331797235,542.5
2961,42.4,-85.38333,9250.0,0.0017271157167530224,0.0,0.0,0.09671848013816926,0.0034542314335060447,0.0069084628670120895,0.6010362694300518,0.0,0.015544041450777202,0.07426597582037997,0.018998272884283247,0.015544041450777202,0.0034542314335060447,0.0017271157167530224,0.16062176165803108,579.0
2961,42.4,-85.38333,9750.0,0.023109243697478993,0.0010504201680672268,0.0,0.3319327731092437,0.0,0.01995798319327731,0.2867647058823529,0.0010504201680672268,0.022058823529411766,0.10609243697478991,0.026260504201680673,0.01365546218487395,0.0010504201680672268,0.0031512605042016808,0.1638655462184874,952.0
2961,42.4,-85.38333,10250.0,0.052057094878253565,0.0016792611251049538,0.0033585222502099076,0.45424013434089,0.0016792611251049538,0.033585222502099076,0.1561712846347607,0.0,0.038623005877413935,0.09403862300587741,0.01343408900083963,0.005037783375314861,0.006717044500419815,0.006717044500419815,0.13266162888329136,595.5
2961,42.4,-85.38333,10750.0,0.20824053452115812,0.02783964365256125,0.0066815144766146995,0.3418708240534521,0.0011135857461024498,0.035634743875278395,0.12694877505567928,0.0,0.03229398663697105,0.04120267260579064,0.0077951002227171495,0.0022271714922048997,0.0066815144766146995,0.0200445434298441,0.14142538975501115,898.0
2961,42.4,-85.38333,11250.0,0.4499078057775046,0.0430239704978488,0.0036877688998156115,0.02642901044867855,0.0,0.008604794099569761,0.10202827289489859,0.0,0.03564843269821758,0.017209588199139522,0.002458512599877074,0.001229256299938537,0.011063306699446834,0.06515058389674247,0.23355869698832207,813.5
2961,42.4,-85.38333,11750.0,0.3072025467568643,0.012733784321528054,0.0015917230401910067,0.001193792280143255,0.0,0.010346199761241544,0.10107441305212893,0.0007958615200955034,0.14723438121766813,0.02626343016315161,0.00716275368085953,0.00238758456028651,0.0031834460803820135,0.05411858336649423,0.3247115001989654,1256.5
2961,42.4,-85.38333,12250.0,0.4282744282744283,0.0,0.0,0.002079002079002079,0.0,0.0,0.09147609147609148,0.0,0.10395010395010396,0.012474012474012475,0.0,0.004158004158004158,0.0,0.08731808731808732,0.2702702702702703,240.5
2961,42.4,-85.38333,12750.0,0.35427394438722964,0.0,0.004119464469618949,0.0010298661174047373,0.0,0.004119464469618949,0.10298661174047374,0.0,0.10504634397528322,0.02059732234809475,0.0,0.0020597322348094747,0.0020597322348094747,0.07209062821833162,0.33161688980432547,485.5
3031,45.004374,-93.573634,250.0,0.004155196592738794,0.00027701310618258627,0.00231998476427916,0.02754549074603092,0.0011426790630031684,0.027701310618258625,0.3592859987188144,0.00013850655309129313,0.012811856160944615,0.03580394397409927,0.003289530635918212,0.016932426115410584,0.01391990858567496,0.018906144496961513,0.4757700098685919,14439.75
3031,45.004374,-93.573634,750.0,0.003322510005285811,0.0,0.0007551159102922298,0.03813335346975761,0.0024163709129351356,0.026882126406403382,0.35581061692969873,0.00030204636411689195,0.006947066374688515,0.015102318205844597,0.0006040927282337839,0.006645020010571622,0.017820735482896626,0.009665483651740542,0.5155931435475345,3310.75
3031,45.004374,-93.573634,1250.0,0.0027349577324714074,0.0004972650422675286,0.0014917951268025858,0.018896071606166086,0.0007458975634012929,0.023371456986573842,0.3495773247140726,0.0004972650422675286,0.01093983092988563,0.015912481352560914,0.003978120338140228,0.003978120338140228,0.01790154152163103,0.0044753853804077575,0.5450024863252113,2011.0
3031,45.004374,-93.573634,1750.0,0.0009724473257698541,0.0,0.0016207455429497568,0.027228525121555915,0.0,0.02139384116693679,0.3552674230145867,0.0,0.01426256077795786,0.027228525121555915,0.0019448946515397082,0.006807131280388979,0.010372771474878443,0.0032414910858995136,0.5296596434359806,1542.5
3031,45.004374,-93.573634,2250.0,0.0,0.0,0.0016778523489932886,0.024888143176733782,0.0,0.024608501118568233,0.40268456375838924,0.0,0.01174496644295302,0.020134228187919462,0.0011185682326621924,0.009787472035794184,0.016778523489932886,0.013422818791946308,0.47315436241610737,1788.0
3031,45.004374,-93.573634,2750.0,0.0014448779078167894,0.0005779511631267157,0.00028897558156335787,0.029619997110244184,0.0,0.0219621441988152,0.36699898858546454,0.0,0.009247218610027452,0.023695997688195348,0.0034677069787602947,0.0109810720994076,0.012714925588787748,0.014448779078167894,0.5045513654096229,1730.25
3031,45.004374,-93.573634,3250.0,0.0037650602409638554,0.00032271944922547335,0.0002151462994836489,0.029259896729776247,0.0002151462994836489,0.014199655765920827,0.3386402753872633,0.0,0.012693631669535283,0.020654044750430294,0.003227194492254733,0.005701376936316695,0.013123924268502582,0.009896729776247849,0.5480851979345955,4648.0
3031,45.004374,-93.573634,3750.0,0.001987083954297069,0.0,0.0003311806590495115,0.03460837887067395,0.0003311806590495115,0.014571948998178506,0.22586520947176686,0.0,0.014240768339128995,0.02351382679251532,0.003311806590495115,0.003974167908594138,0.014903129657228018,0.01092896174863388,0.6514323563503891,3019.5
3031,45.004374,-93.573634,4250.0,0.0015760441292356187,0.0,0.00045029832263874815,0.03163345716537206,0.0,0.013959248001801193,0.21073961499493415,0.0,0.013058651356523697,0.02251491613193741,0.0018011932905549926,0.0031520882584712374,0.010356861420691208,0.013058651356523697,0.677698975571316,2220.75
3031,45.004374,-93.573634,4750.0,0.0020177110189440644,0.0,0.0004483802264320144,0.03687927362403318,0.0,0.008967604528640287,0.17038448604416545,0.0004483802264320144,0.011657885887232372,0.036767178567425174,0.0013451406792960431,0.012330456226880395,0.012554646340096402,0.009415984755072302,0.6967828718753503,2230.25
3031,45.004374,-93.573634,5250.0,0.001383444777495965,0.0,0.0009222965183306433,0.022826838828683423,0.0,0.0036891860733225734,0.21766197832603182,0.0,0.00830066866497579,0.023979709476596726,0.0018445930366612867,0.006456075628314503,0.010145261701637076,0.01660133732995158,0.6861886096379987,1084.25
3031,45.004374,-93.573634,5750.0,0.0019801980198019802,0.0,0.0007920792079207921,0.03089108910891089,0.0,0.013465346534653465,0.18217821782178217,0.0,0.015841584158415842,0.032475247524752476,0.0007920792079207921,0.0039603960396039604,0.007920792079207921,0.011089108910891089,0.6986138613861386,1262.5
3031,45.004374,-93.573634,6250.0,0.001411764705882353,0.0,0.0,0.031058823529411764,0.0,0.01223529411764706,0.23529411764705882,0.0,0.018823529411764704,0.054588235294117646,0.0018823529411764706,0.0075294117647058826,0.0037647058823529413,0.009411764705882352,0.624,1062.5
3031,45.004374,-93.573634,6750.0,0.0028433323855558716,0.0,0.0,0.03667898777367074,0.0,0.009098663633778788,0.17059994313335228,0.0,0.009098663633778788,0.0398066533977822,0.002274665908444697,0.005117998294000569,0.01592266135911288,0.013647995450668183,0.694910435029855,879.25
3031,45.004374,-93.573634,7250.0,0.0,0.0,0.0,0.05121293800539083,0.0,0.0026954177897574125,0.31266846361185985,0.0,0.013477088948787063,0.08086253369272237,0.01078167115902965,0.008086253369272238,0.008086253369272238,0.018867924528301886,0.49326145552560646,371.0
3031,45.004374,-93.573634,7750.0,0.0032,0.0,0.0,0.0432,0.0,0.014933333333333333,0.20266666666666666,0.0,0.0192,0.064,0.004266666666666667,0.008533333333333334,0.004266666666666667,0.029866666666666666,0.6058666666666667,468.75
3031,45.004374,-93.573634,8250.0,0.003421727972626176,0.0,0.000855431993156544,0.029940119760479042,0.0,0.015397775876817793,0.3823781009409752,0.0,0.01283147989734816,0.13259195893926431,0.00427715996578272,0.009409751924721984,0.009409751924721984,0.026518391787852865,0.3729683490162532,1169.0
3031,45.004374,-93.573634,8750.0,0.0051813471502590676,0.0,0.0,0.08290155440414508,0.0,0.03316062176165803,0.21761658031088082,0.0,0.035233160621761656,0.19689119170984457,0.008290155440414507,0.014507772020725389,0.010362694300518135,0.014507772020725389,0.38134715025906735,482.5
3031,45.004374,-93.573634,9250.0,0.007629427792915531,0.0005449591280653951,0.0032697547683923707,0.05885558583106267,0.0,0.09155313351498638,0.20381471389645778,0.0,0.030517711171662125,0.24632152588555858,0.01634877384196185,0.017438692098092644,0.017438692098092644,0.018528610354223433,0.2877384196185286,917.5
3031,45.004374,-93.573634,9750.0,0.004585841215247922,0.0034393809114359416,0.005732301519059902,0.04155918601318429,0.0,0.1593579822298653,0.3657208369160218,0.0,0.0825451418744626,0.16738320435654916,0.008025222126683863,0.013757523645743766,0.005732301519059902,0.026368586987675552,0.11579249068501003,872.25
3031,45.004374,-93.573634,10250.0,0.11055276381909548,0.008040201005025126,0.03015075376884422,0.017085427135678392,0.0,0.19698492462311556,0.02814070351758794,0.0,0.09849246231155778,0.06432160804020101,0.0,0.024120603015075376,0.08442211055276382,0.1527638190954774,0.1849246231155779,497.5
3031,45.004374,-93.573634,10750.0,0.1762917933130699,0.0060790273556231,0.06534954407294832,0.001519756838905775,0.0,0.1702127659574468,0.015197568389057751,0.0,0.0182370820668693,0.02735562310030395,0.0,0.00303951367781155,0.06990881458966565,0.1762917933130699,0.270516717325228,329.0
3031,45.004374,-93.573634,11250.0,0.3555,0.001,0.017,0.0045,0.0,0.117,0.035,0.0,0.057,0.009,0.0,0.001,0.016,0.07,0.317,1000.0
3031,45.004374,-93.573634,11750.0,0.5193868349864743,0.0036068530207394047,0.04147880973850315,0.002705139765554554,0.0,0.0036068530207394047,0.028854824165915238,0.0,0.06492335437330929,0.010820559062218215,0.0,0.0,0.0036068530207394047,0.03967538322813345,0.2813345356176736,277.25
3035,45.33333,-90.08333,250.0,0.007186489399928135,0.011498383039885016,0.013654329859863456,0.15055695292849444,0.1911606180380884,0.34423284225655765,0.056054617319439455,0.0007186489399928135,0.013654329859863456,0.018684872439813153,0.001437297879985627,0.015810276679841896,0.03162055335968379,0.009342436219906576,0.13438735177865613,1391.5
3035,45.33333,-90.08333,750.0,0.007315957933241884,0.00823045267489712,0.00823045267489712,0.22085048010973937,0.14357567443987196,0.3255601280292638,0.051211705532693184,0.0,0.022862368541380886,0.0283493369913123,0.0027434842249657062,0.019204389574759947,0.038408779149519894,0.012802926383173296,0.11065386374028349,1093.5
3035,45.33333,-90.08333,1250.0,0.0072992700729927005,0.0072992700729927005,0.014598540145985401,0.3357664233576642,0.11313868613138686,0.28832116788321166,0.058394160583941604,0.0,0.021897810218978103,0.021897810218978103,0.0036496350364963502,0.010948905109489052,0.025547445255474453,0.014598540145985401,0.07664233576642336,274.0
3035,45.33333,-90.08333,1750.0,0.008635004981733644,0.01195616074393889,0.005978080371969445,0.262039189637994,0.09232813018930588,0.2922617070740618,0.06509465293922286,0.002656924609764198,0.02524078379275988,0.030554633012288276,0.001328462304882099,0.016605778811026237,0.06376619063434075,0.01195616074393889,0.10959814015277317,1505.5
3035,45.33333,-90.08333,2250.0,0.0029615004935834156,0.01085883514313919,0.006910167818361303,0.3149062191510365,0.1263573543928924,0.2754195459032576,0.07107601184600197,0.0019743336623889436,0.018756169792694965,0.0315893385982231,0.0009871668311944718,0.017769002961500493,0.03257650542941757,0.008884501480750246,0.07897334649555775,1013.0
3035,45.33333,-90.08333,2750.0,0.010845986984815618,0.008676789587852495,0.006507592190889371,0.39913232104121477,0.03470715835140998,0.227765726681128,0.0911062906724512,0.0,0.019522776572668113,0.026030368763557483,0.0,0.026030368763557483,0.04772234273318872,0.03036876355748373,0.07158351409978309,461.0
3035,45.33333,-90.08333,3250.0,0.004629629629629629,0.023148148148148147,0.004629629629629629,0.49074074074074076,0.0,0.20833333333333334,0.06481481481481481,0.0,0.009259259259259259,0.013888888888888888,0.0,0.018518518518518517,0.05555555555555555,0.009259259259259259,0.09722222222222222,216.0
3035,45.33333,-90.08333,3750.0,0.0039447731755424065,0.0039447731755424065,0.015779092702169626,0.36489151873767256,0.0,0.22879684418145957,0.08678500986193294,0.0,0.03155818540433925,0.03944773175542406,0.0039447731755424065,0.027613412228796843,0.055226824457593686,0.015779092702169626,0.1222879684418146,253.5
3035,45.33333,-90.08333,4250.0,0.003616636528028933,0.007233273056057866,0.007233273056057866,0.4864376130198915,0.007233273056057866,0.08318264014466546,0.11573236889692586,0.0,0.028933092224231464,0.0216998191681736,0.007233273056057866,0.014466546112115732,0.05786618444846293,0.003616636528028933,0.15551537070524413,276.5
3035,45.33333,-90.08333,4750.0,0.007177033492822967,0.011961722488038277,0.011961722488038277,0.44019138755980863,0.0,0.0861244019138756,0.145933014354067,0.0,0.028708133971291867,0.03349282296650718,0.0,0.007177033492822967,0.04784688995215311,0.0215311004784689,0.15789473684210525,418.0
3035,45.33333,-90.08333,5250.0,0.0039603960396039604,0.011881188118811881,0.0,0.38613861386138615,0.0,0.06336633663366337,0.16237623762376238,0.0,0.031683168316831684,0.0594059405940594,0.007920792079207921,0.015841584158415842,0.07524752475247524,0.011881188118811881,0.1702970297029703,252.5
3035,45.33333,-90.08333,5750.0,0.002372479240806643,0.0071174377224199285,0.0,0.48991696322657174,0.0,0.066429418742586,0.132858837485172,0.0,0.028469750889679714,0.0711743772241993,0.0,0.02609727164887307,0.033214709371293,0.011862396204033215,0.13048635824436536,421.5
3035,45.33333,-90.08333,6250.0,0.00437636761487965,0.00437636761487965,0.0,0.5010940919037199,0.0,0.05689277899343545,0.07439824945295405,0.0,0.0350109409190372,0.0525164113785558,0.0,0.0087527352297593,0.03938730853391685,0.00437636761487965,0.2188183807439825,228.5
3035,45.33333,-90.08333,6750.0,0.0,0.01932367149758454,0.0,0.47342995169082125,0.0,0.04830917874396135,0.09178743961352658,0.0,0.033816425120772944,0.0821256038647343,0.0,0.01932367149758454,0.043478260869565216,0.014492753623188406,0.17391304347826086,207.0
3035,45.33333,-90.08333,7250.0,0.002066115702479339,0.008264462809917356,0.004132231404958678,0.4152892561983471,0.0,0.1115702479338843,0.10743801652892562,0.002066115702479339,0.03305785123966942,0.05578512396694215,0.002066115702479339,0.028925619834710745,0.047520661157024795,0.008264462809917356,0.17355371900826447,484.0
3035,45.33333,-90.08333,7750.0,0.009478672985781991,0.02843601895734597,0.004739336492890996,0.47393364928909953,0.0,0.0995260663507109,0.061611374407582936,0.0,0.02843601895734597,0.0947867298578199,0.0,0.009478672985781991,0.05687203791469194,0.004739336492890996,0.12796208530805686,211.0
3035,45.33333,-90.08333,8250.0,0.04194470924690181,0.030505243088655862,0.009532888465204958,0.2583412774070543,0.0,0.1315538608198284,0.08579599618684461,0.0,0.04003813155386082,0.14871306005719734,0.0076263107721639654,0.01334604385128694,0.05338417540514776,0.020972354623450904,0.15824594852240229,524.5
3035,45.33333,-90.08333,8750.0,0.07827788649706457,0.019569471624266144,0.03522504892367906,0.2172211350293542,0.0,0.18003913894324852,0.09784735812133072,0.0,0.046966731898238745,0.136986301369863,0.015655577299412915,0.003913894324853229,0.011741682974559686,0.0273972602739726,0.12915851272015655,255.5
3035,45.33333,-90.08333,9250.0,0.0972972972972973,0.018018018018018018,0.02882882882882883,0.22522522522522523,0.0,0.16216216216216217,0.07567567567567568,0.0,0.06846846846846846,0.0972972972972973,0.010810810810810811,0.010810810810810811,0.007207207207207207,0.025225225225225224,0.17297297297297298,277.5
3035,45.33333,-90.08333,9750.0,0.15636363636363637,0.01818181818181818,0.01090909090909091,0.27454545454545454,0.0,0.16545454545454547,0.06363636363636363,0.0,0.06,0.08181818181818182,0.0036363636363636364,0.0036363636363636364,0.0036363636363636364,0.038181818181818185,0.12,550.0
3035,45.33333,-90.08333,10250.0,0.5250181290790428,0.007251631617113851,0.05656272661348803,0.03118201595358956,0.0,0.05366207396664249,0.04060913705583756,0.0,0.05221174764321972,0.03770848440899202,0.0,0.0,0.011602610587382161,0.03770848440899202,0.14648295866569977,689.5
3035,45.33333,-90.08333,10750.0,0.660377358490566,0.0031446540880503146,0.018867924528301886,0.006289308176100629,0.0,0.05660377358490566,0.0220125786163522,0.0,0.0,0.006289308176100629,0.0031446540880503146,0.0,0.0031446540880503146,0.025157232704402517,0.1949685534591195,318.0
3035,45.33333,-90.08333,11250.0,0.5624483043837882,0.0,0.013234077750206782,0.0024813895781637717,0.0,0.08105872622001654,0.026468155500413565,0.0,0.026468155500413565,0.016542597187758478,0.0,0.0,0.01488833746898263,0.021505376344086023,0.23490488006617039,604.5
3035,45.33333,-90.08333,11750.0,0.3974358974358974,0.0016025641025641025,0.020833333333333332,0.003205128205128205,0.0,0.04326923076923077,0.038461538461538464,0.0,0.041666666666666664,0.016025641025641024,0.0,0.0016025641025641025,0.016025641025641024,0.04006410256410257,0.3798076923076923,624.0
3035,45.33333,-90.08333,12250.0,0.5108225108225108,0.002886002886002886,0.023088023088023088,0.001443001443001443,0.0,0.011544011544011544,0.025974025974025976,0.0,0.07503607503607504,0.008658008658008658,0.0,0.0,0.008658008658008658,0.06060606060606061,0.2712842712842713,346.5
3035,45.33333,-90.08333,12750.0,0.5420699925539836,0.0,0.02084884586746091,0.0037230081906180195,0.0,0.023827252419955324,0.01340282948622487,0.0,0.05658972449739389,0.0029784065524944155,0.0014892032762472078,0.0014892032762472078,0.004467609828741623,0.029784065524944156,0.2993298585256888,671.5
3035,45.33333,-90.08333,13250.0,0.551617873651772,0.0,0.0,0.004622496147919877,0.0,0.08320493066255778,0.009244992295839754,0.0,0.030816640986132512,0.0030816640986132513,0.0,0.0,0.0,0.04314329738058552,0.27426810477657937,324.5
3081,43.91694,-89.16694,750.0,0.0030041306796845663,0.0,0.0,0.09725873075478783,0.01952684941794968,0.036049568156214795,0.41832519714607586,0.005257228689447991,0.00976342470897484,0.022530980097634247,0.012767555388659407,0.004506196019526849,0.030792339466766804,0.0007510326699211416,0.339466766804356,1331.5
3081,43.91694,-89.16694,1250.0,0.002437043054427295,0.0008123476848090983,0.0008123476848090983,0.09179528838342811,0.01380991064175467,0.05361494719740049,0.4232331437855402,0.005686433793663688,0.017059301380991064,0.01949634443541836,0.010560519902518278,0.010560519902518278,0.02843216896831844,0.0,0.32168968318440294,1231.0
3081,43.91694,-89.16694,1750.0,0.0,0.0,0.001386001386001386,0.061677061677061676,0.008316008316008316,0.029106029106029108,0.2966042966042966,0.005544005544005544,0.019404019404019403,0.030492030492030493,0.015246015246015246,0.00693000693000693,0.022176022176022176,0.002772002772002772,0.5003465003465003,721.5
3081,43.91694,-89.16694,2250.0,0.0008382229673093043,0.0,0.0,0.1357921207041073,0.0075440067057837385,0.06202849958088852,0.4383906119027661,0.006705783738474434,0.01592623637887678,0.019279128248113998,0.012573344509639563,0.002514668901927913,0.030176026823134954,0.0008382229673093043,0.2673931265716681,1193.0
3081,43.91694,-89.16694,2750.0,0.0,0.0011043622308117063,0.0011043622308117063,0.08558807288790723,0.011043622308117063,0.04638321369409166,0.4991717283268912,0.0022087244616234127,0.019878520154610713,0.0353395913859746,0.006626173384870237,0.004417448923246825,0.025400331308669245,0.0,0.26173384870237437,905.5
3081,43.91694,-89.16694,3750.0,0.0017006802721088435,0.0,0.0,0.06802721088435375,0.0,0.00510204081632653,0.32142857142857145,0.0017006802721088435,0.01020408163265306,0.030612244897959183,0.00510204081632653,0.0017006802721088435,0.022108843537414966,0.0017006802721088435,0.5306122448979592,588.0
3081,43.91694,-89.16694,4250.0,0.0,0.0,0.0,0.06744868035190615,0.0,0.005865102639296188,0.3548387096774194,0.0,0.011730205278592375,0.03812316715542522,0.005865102639296188,0.0,0.02932551319648094,0.002932551319648094,0.4838709677419355,341.0
3081,43.91694,-89.16694,4750.0,0.0,0.0,0.0,0.0860484544695071,0.0,0.011695906432748537,0.3141186299081036,0.001670843776106934,0.011695906432748537,0.036758563074352546,0.003341687552213868,0.005012531328320802,0.013366750208855471,0.0,0.5162907268170426,598.5
3081,43.91694,-89.16694,5250.0,0.0,0.0,0.0,0.11636363636363636,0.0,0.0036363636363636364,0.38181818181818183,0.0,0.023636363636363636,0.08545454545454545,0.005454545454545455,0.007272727272727273,0.02,0.0036363636363636364,0.3527272727272727,550.0
3081,43.91694,-89.16694,5750.0,0.0,0.0,0.0,0.11246200607902736,0.0,0.00911854103343465,0.3829787234042553,0.0,0.0243161094224924,0.1094224924012158,0.030395136778115502,0.00303951367781155,0.015197568389057751,0.0,0.3130699088145897,329.0
3081,43.91694,-89.16694,6250.0,0.0,0.0,0.0,0.12558139534883722,0.0,0.006201550387596899,0.33488372093023255,0.0,0.015503875968992248,0.13953488372093023,0.009302325581395349,0.009302325581395349,0.027906976744186046,0.0031007751937984496,0.32868217054263565,322.5
3081,43.91694,-89.16694,6750.0,0.0,0.0,0.0035842293906810036,0.17562724014336917,0.0,0.0035842293906810036,0.27598566308243727,0.0,0.03225806451612903,0.1003584229390681,0.0035842293906810036,0.007168458781362007,0.021505376344086023,0.0035842293906810036,0.3727598566308244,279.0
3081,43.91694,-89.16694,7250.0,0.0,0.0,0.0,0.1676829268292683,0.0,0.009146341463414634,0.3018292682926829,0.0,0.024390243902439025,0.0975609756097561,0.01524390243902439,0.006097560975609756,0.051829268292682924,0.0,0.32621951219512196,328.0
3081,43.91694,-89.16694,7750.0,0.0035149384885764497,0.0035149384885764497,0.0,0.15641476274165203,0.0,0.007029876977152899,0.2671353251318102,0.0,0.0421792618629174,0.11247803163444639,0.0210896309314587,0.01054481546572935,0.028119507908611598,0.01054481546572935,0.3374340949033392,284.5
3081,43.91694,-89.16694,8250.0,0.0,0.0,0.0,0.17328519855595667,0.0,0.02527075812274368,0.30685920577617326,0.0,0.02527075812274368,0.1407942238267148,0.01444043321299639,0.01444043321299639,0.036101083032490974,0.0036101083032490976,0.259927797833935,277.0
3081,43.91694,-89.16694,8750.0,0.0,0.0,0.003284072249589491,0.36288998357963875,0.0,0.016420361247947456,0.16420361247947454,0.0,0.0361247947454844,0.16748768472906403,0.013136288998357963,0.006568144499178982,0.022988505747126436,0.0,0.20689655172413793,304.5
3081,43.91694,-89.16694,9250.0,0.0015810276679841897,0.0,0.0015810276679841897,0.31541501976284586,0.0,0.028458498023715414,0.16758893280632411,0.0,0.042687747035573126,0.16758893280632411,0.014229249011857707,0.015810276679841896,0.023715415019762844,0.006324110671936759,0.2150197628458498,632.5
3081,43.91694,-89.16694,9750.0,0.008185538881309686,0.0068212824010914054,0.005457025920873124,0.30559345156889495,0.0,0.06548431105047749,0.165075034106412,0.0,0.06002728512960437,0.14733969986357434,0.019099590723055934,0.008185538881309686,0.0286493860845839,0.013642564802182811,0.1664392905866303,733.0
3081,43.91694,-89.16694,10250.0,0.0641925777331996,0.012036108324974924,0.004012036108324975,0.4282848545636911,0.0,0.07622868605817452,0.09428284854563691,0.0,0.058174523570712136,0.10230692076228685,0.006018054162487462,0.006018054162487462,0.006018054162487462,0.014042126379137413,0.1283851554663992,498.5
3081,43.91694,-89.16694,10750.0,0.27358490566037735,0.005660377358490566,0.011320754716981131,0.2330188679245283,0.0,0.03018867924528302,0.057547169811320756,0.002830188679245283,0.07264150943396226,0.048113207547169815,0.0009433962264150943,0.0018867924528301887,0.016981132075471698,0.017924528301886792,0.22735849056603774,1060.0
3081,43.91694,-89.16694,11250.0,0.5602409638554217,0.0030120481927710845,0.015060240963855422,0.006024096385542169,0.0,0.02710843373493976,0.0391566265060241,0.0,0.02108433734939759,0.02710843373493976,0.0030120481927710845,0.0,0.012048192771084338,0.006024096385542169,0.28012048192771083,332.0
3081,43.91694,-89.16694,11750.0,0.5326251896813353,0.0,0.006069802731411229,0.006069802731411229,0.0,0.004552352048558422,0.0409711684370258,0.0,0.05614567526555387,0.019726858877086494,0.0,0.009104704097116844,0.01669195751138088,0.009104704097116844,0.29893778452200304,659.0
3081,43.91694,-89.16694,12250.0,0.5397350993377483,0.009933774834437087,0.006622516556291391,0.0033112582781456954,0.0,0.0033112582781456954,0.059602649006622516,0.0,0.052980132450331126,0.016556291390728478,0.0,0.0,0.0,0.0033112582781456954,0.304635761589404,302.0
3081,43.91694,-89.16694,12750.0,0.481981981981982,0.009009009009009009,0.0022522522522522522,0.006756756756756757,0.0,0.0045045045045045045,0.05855855855855856,0.0,0.09009009009009009,0.01126126126126126,0.006756756756756757,0.0022522522522522522,0.0,0.0022522522522522522,0.32432432432432434,444.0
3081,43.91694,-89.16694,13250.0,0.6067415730337079,0.0,0.013278855975485188,0.0030643513789581204,0.0,0.0040858018386108275,0.02553626149131767,0.0,0.07252298263534218,0.007150153217568948,0.0020429009193054137,0.0010214504596527069,0.005107252298263534,0.0,0.25944841675178754,979.0
3081,43.91694,-89.16694,13750.0,0.731631863882444,0.0,0.02165506573859242,0.0030935808197989174,0.0,0.0030935808197989174,0.02165506573859242,0.0,0.05645784996133024,0.002320185614849188,0.0007733952049497294,0.0015467904098994587,0.0038669760247486465,0.0,0.15390564578499613,1293.0
3582,36.16667,-76.68333,250.0,0.0003544842254519674,0.0,0.0,0.184686281460475,0.0003544842254519674,0.004962779156327543,0.1935483870967742,0.001772421127259837,0.004608294930875576,0.005317263381779511,0.015597305919886565,0.034384969868840834,0.0077986529599432825,0.0,0.5466146756469337,2821.0
3582,36.16667,-76.68333,1250.0,0.0007034822370735139,0.0,0.0,0.12205416813225466,0.002110446711220542,0.0035174111853675696,0.2996834329933169,0.0028139289482940555,0.002110446711220542,0.005627857896588111,0.021807949349278932,0.014069644741470278,0.009145269081955681,0.0,0.5163559620119592,1421.5
3582,36.16667,-76.68333,2250.0,0.0,0.0,0.0,0.17568171658471166,0.000894054537326777,0.005364327223960662,0.21189092534644613,0.004470272686633884,0.006258381761287439,0.006258381761287439,0.012516763522574878,0.03755029056772463,0.006258381761287439,0.0,0.532856504246759,1118.5
3582,36.16667,-76.68333,2750.0,0.0,0.0,0.0,0.15330624307351312,0.0,0.0007388252678241596,0.17214628740302917,0.0014776505356483192,0.0007388252678241596,0.008127077946065755,0.01773180642777983,0.028075360177318064,0.008865903213889916,0.0,0.6087920206871075,1353.5
3582,36.16667,-76.68333,3750.0,0.0,0.0,0.0,0.12990602542841348,0.0,0.001658374792703151,0.22940851299060255,0.004975124378109453,0.003316749585406302,0.003316749585406302,0.017136539524599224,0.02377003869541183,0.004422332780541736,0.0,0.582089552238806,1809.0
3582,36.16667,-76.68333,4750.0,0.0,0.0,0.0,0.08960104643557881,0.0,0.005232177894048398,0.2779594506213211,0.003924133420536298,0.0032701111837802484,0.003924133420536298,0.014388489208633094,0.017004578155657292,0.001962066710268149,0.0,0.5827338129496403,1529.0
3582,36.16667,-76.68333,5750.0,0.0,0.0,0.0,0.07353951890034365,0.0,0.005498281786941581,0.3711340206185567,0.005498281786941581,0.004123711340206186,0.009621993127147767,0.024742268041237112,0.008247422680412371,0.012371134020618556,0.0,0.4852233676975945,727.5
3582,36.16667,-76.68333,6250.0,0.0,0.0,0.0,0.09735973597359736,0.0,0.0,0.3547854785478548,0.0049504950495049506,0.006600660066006601,0.006600660066006601,0.026402640264026403,0.013201320132013201,0.006600660066006601,0.0,0.4834983498349835,606.0
3582,36.16667,-76.68333,7750.0,0.0,0.0,0.0,0.08408163265306122,0.0008163265306122449,0.004081632653061225,0.4440816326530612,0.004897959183673469,0.005714285714285714,0.005714285714285714,0.04,0.004897959183673469,0.009795918367346938,0.0,0.39591836734693875,1225.0
3582,36.16667,-76.68333,8250.0,0.002079002079002079,0.0,0.0,0.062370062370062374,0.010395010395010396,0.008316008316008316,0.5446985446985447,0.016632016632016633,0.002079002079002079,0.0,0.04365904365904366,0.0,0.006237006237006237,0.0,0.30353430353430355,481.0
3582,36.16667,-76.68333,8750.0,0.0,0.0,0.0,0.06298342541436464,0.0066298342541436465,0.008839779005524863,0.7071823204419889,0.0066298342541436465,0.0,0.0,0.03756906077348066,0.004419889502762431,0.017679558011049725,0.0,0.14806629834254142,452.5
3582,36.16667,-76.68333,9750.0,0.0,0.0,0.0,0.051217464315701094,0.008396305625524769,0.008396305625524769,0.6582703610411419,0.008396305625524769,0.006717044500419815,0.01343408900083963,0.02518891687657431,0.0016792611251049538,0.006717044500419815,0.0,0.21158690176322417,595.5
3582,36.16667,-76.68333,10250.0,0.03195352214960058,0.0,0.0,0.07334785766158315,0.015250544662309368,0.017429193899782137,0.5729847494553377,0.027596223674655047,0.002178649237472767,0.006535947712418301,0.02251270878721859,0.002904865649963689,0.025417574437182282,0.0,0.2018881626724764,1377.0
3582,36.16667,-76.68333,10750.0,0.0,0.0,0.0,0.04431991849210392,0.00815078960774325,0.013245033112582781,0.6989302088639837,0.009169638308711156,0.003056546102903719,0.009169638308711156,0.02445236882322975,0.005094243504839531,0.007131940906775344,0.0,0.17727967396841568,981.5
3582,36.16667,-76.68333,11750.0,0.12175470008952552,0.001193673530289466,0.0,0.2473888391524918,0.001193673530289466,0.031632348552670844,0.3360190987764846,0.007758877946881528,0.007758877946881528,0.006565204416592062,0.011339898537749925,0.0029841838257236644,0.03222918531781558,0.0,0.192181438376604,1675.5
3582,36.16667,-76.68333,12250.0,0.3960273122284296,0.002482929857231533,0.0,0.4227188081936685,0.0,0.0,0.008690254500310366,0.0,0.0012414649286157666,0.0,0.002482929857231533,0.0,0.023587833643699565,0.0,0.14276846679081315,805.5
3582,36.16667,-76.68333,12750.0,0.3128964059196617,0.004228329809725159,0.0021141649048625794,0.47780126849894294,0.0,0.0,0.016913319238900635,0.0,0.0021141649048625794,0.0,0.0,0.0,0.016913319238900635,0.0,0.16701902748414377,473.0
3582,36.16667,-76.68333,13250.0,0.42043795620437957,0.008759124087591242,0.00291970802919708,0.3781021897810219,0.0,0.00145985401459854,0.020437956204379562,0.0,0.00145985401459854,0.0,0.00145985401459854,0.0,0.024817518248175182,0.0,0.14014598540145987,685.0
3582,36.16667,-76.68333,13750.0,0.3872146118721461,0.0018264840182648401,0.0018264840182648401,0.41187214611872147,0.0,0.0073059360730593605,0.0273972602739726,0.0,0.0018264840182648401,0.0,0.0018264840182648401,0.0,0.0273972602739726,0.0,0.13150684931506848,547.5
3582,36.16667,-76.68333,14750.0,0.3776435045317221,0.0075528700906344415,0.0,0.30966767371601206,0.0,0.0030211480362537764,0.022658610271903322,0.0,0.0,0.0,0.0015105740181268882,0.0015105740181268882,0.04380664652567976,0.0,0.2326283987915408,662.0
3831,43.41667,-84.88333,250.0,0.0010238907849829352,0.0,0.04573378839590444,0.1167235494880546,0.03856655290102389,0.061774744027303756,0.3320819112627986,0.051194539249146756,0.025938566552901023,0.05802047781569966,0.017747440273037544,0.02764505119453925,0.014334470989761093,0.00034129692832764505,0.20887372013651878,2930.0
3831,43.41667,-84.88333,750.0,0.0,0.0,0.008264462809917356,0.16942148760330578,0.09504132231404959,0.07851239669421488,0.30991735537190085,0.049586776859504134,0.02066115702479339,0.08677685950413223,0.049586776859504134,0.049586776859504134,0.004132231404958678,0.0,0.07851239669421488,242.0
3831,43.41667,-84.88333,1250.0,0.0,0.0,0.0626865671641791,0.06467661691542288,0.031840796019900496,0.030845771144278607,0.4855721393034826,0.0945273631840796,0.028855721393034824,0.07661691542288557,0.015920398009950248,0.042786069651741296,0.014925373134328358,0.0,0.050746268656716415,1005.0
3831,43.41667,-84.88333,1750.0,0.0,0.0,0.005763688760806916,0.07780979827089338,0.01440922190201729,0.008645533141210375,0.5619596541786743,0.0893371757925072,0.008645533141210375,0.06628242074927954,0.011527377521613832,0.040345821325648415,0.01440922190201729,0.020172910662824207,0.08069164265129683,347.0
3831,43.41667,-84.88333,2250.0,0.005502063273727648,0.0,0.013755158184319119,0.07565337001375516,0.033012379642365884,0.06602475928473177,0.4511691884456671,0.04951856946354883,0.052269601100412656,0.07977991746905089,0.016506189821182942,0.030261348005502064,0.002751031636863824,0.016506189821182942,0.10729023383768914,363.5
3831,43.41667,-84.88333,3750.0,0.0016090104585679806,0.0,0.0,0.04424778761061947,0.02252614641995173,0.03700724054706356,0.585679806918745,0.05953338696701529,0.032180209171359615,0.09010458567980692,0.02413515687851971,0.012872083668543845,0.014481094127111826,0.0,0.0756234915526951,621.5
3831,43.41667,-84.88333,4250.0,0.0,0.0,0.0,0.07550077041602465,0.02465331278890601,0.03389830508474576,0.4869029275808937,0.060092449922958396,0.05701078582434515,0.10939907550077041,0.015408320493066256,0.02465331278890601,0.009244992295839754,0.004622496147919877,0.09861325115562404,649.0
3831,43.41667,-84.88333,4750.0,0.010101010101010102,0.0,0.0,0.10606060606060606,0.015151515151515152,0.045454545454545456,0.47474747474747475,0.05555555555555555,0.04040404040404041,0.09090909090909091,0.03535353535353535,0.010101010101010102,0.005050505050505051,0.0,0.1111111111111111,198.0
3831,43.41667,-84.88333,5250.0,0.0,0.0,0.0,0.18716577540106952,0.0053475935828877,0.0427807486631016,0.42780748663101603,0.0106951871657754,0.0213903743315508,0.13368983957219252,0.0053475935828877,0.0,0.0053475935828877,0.0,0.16042780748663102,187.0
3831,43.41667,-84.88333,5750.0,0.0,0.0,0.0,0.09341692789968652,0.005015673981191223,0.025078369905956112,0.516614420062696,0.041379310344827586,0.04639498432601881,0.09780564263322884,0.026332288401253918,0.027586206896551724,0.007523510971786834,0.0025078369905956114,0.1103448275862069,797.5
3831,43.41667,-84.88333,6250.0,0.0049813200498132005,0.0,0.0062266500622665,0.0647571606475716,0.0186799501867995,0.0224159402241594,0.5280199252801993,0.062266500622665005,0.0361145703611457,0.10087173100871731,0.009962640099626401,0.019925280199252802,0.0037359900373599006,0.019925280199252802,0.10211706102117062,803.0
3831,43.41667,-84.88333,6750.0,0.0,0.0,0.002512562814070352,0.04773869346733668,0.01507537688442211,0.010050251256281407,0.5402010050251256,0.11055276381909548,0.03768844221105527,0.13819095477386933,0.005025125628140704,0.007537688442211055,0.007537688442211055,0.0,0.07788944723618091,398.0
3831,43.41667,-84.88333,7250.0,0.0,0.0,0.0,0.09049773755656108,0.006787330316742082,0.020361990950226245,0.4321266968325792,0.03167420814479638,0.04524886877828054,0.18778280542986425,0.011312217194570135,0.011312217194570135,0.006787330316742082,0.0,0.15610859728506787,442.0
3831,43.41667,-84.88333,7750.0,0.0,0.0,0.0,0.11325301204819277,0.0,0.02891566265060241,0.4771084337349398,0.014457831325301205,0.01927710843373494,0.11566265060240964,0.01927710843373494,0.00963855421686747,0.004819277108433735,0.0,0.19759036144578312,207.5
3831,43.41667,-84.88333,8250.0,0.020202020202020204,0.0,0.006734006734006734,0.4612794612794613,0.0,0.006734006734006734,0.24915824915824916,0.006734006734006734,0.0,0.10774410774410774,0.013468013468013467,0.0,0.006734006734006734,0.006734006734006734,0.11447811447811448,148.5
3831,43.41667,-84.88333,9250.0,0.007054673721340388,0.007054673721340388,0.0,0.48148148148148145,0.0,0.031746031746031744,0.25749559082892415,0.0,0.01763668430335097,0.09171075837742504,0.01763668430335097,0.003527336860670194,0.007054673721340388,0.007054673721340388,0.07054673721340388,283.5
3831,43.41667,-84.88333,9750.0,0.12627986348122866,0.0034129692832764505,0.013651877133105802,0.3856655290102389,0.013651877133105802,0.030716723549488054,0.13310580204778158,0.010238907849829351,0.040955631399317405,0.07167235494880546,0.010238907849829351,0.0,0.013651877133105802,0.0,0.14675767918088736,293.0
3831,43.41667,-84.88333,10250.0,0.08480565371024736,0.0,0.014134275618374558,0.5053003533568905,0.0,0.0353356890459364,0.14840989399293286,0.0,0.04946996466431095,0.0636042402826855,0.007067137809187279,0.0,0.0,0.02120141342756184,0.0706713780918728,141.5
3831,43.41667,-84.88333,11250.0,0.3719512195121951,0.0,0.0,0.3231707317073171,0.0,0.06707317073170732,0.06097560975609756,0.0,0.03048780487804878,0.018292682926829267,0.006097560975609756,0.0,0.012195121951219513,0.0,0.10975609756097561,164.0
3831,43.41667,-84.88333,12250.0,0.37158469945355194,0.0,0.01092896174863388,0.14754098360655737,0.0,0.0546448087431694,0.1092896174863388,0.00546448087431694,0.03825136612021858,0.03278688524590164,0.0,0.0,0.0,0.0,0.22950819672131148,183.0
3831,43.41667,-84.88333,14750.0,0.5956416464891041,0.0,0.004842615012106538,0.05569007263922518,0.0,0.024213075060532687,0.043583535108958835,0.0,0.048426150121065374,0.0387409200968523,0.004842615012106538,0.0,0.0,0.0,0.18401937046004843,206.5
3840,34.16699,-80.77682200000001,250.0,0.0,0.0,0.0,0.3137114142139268,0.0,0.002871500358937545,0.22684852835606603,0.0,0.0,0.0014357501794687725,0.015793251974156496,0.0,0.0014357501794687725,0.0,0.4379038047379756,696.5
3840,34.16699,-80.77682200000001,1250.0,0.0,0.0,0.0,0.6198830409356725,0.0,0.0,0.23976608187134502,0.005847953216374269,0.0,0.0,0.03508771929824561,0.0,0.0,0.0,0.09941520467836257,171.0
3840,34.16699,-80.77682200000001,2250.0,0.0,0.0,0.0,0.4675324675324675,0.0,0.0,0.3463203463203463,0.0,0.0,0.008658008658008658,0.012987012987012988,0.0,0.0,0.0,0.1645021645021645,231.0
3840,34.16699,-80.77682200000001,2750.0,0.0,0.0,0.0,0.5080213903743316,0.0,0.0,0.27807486631016043,0.0053475935828877,0.0106951871657754,0.0053475935828877,0.053475935828877004,0.0,0.0106951871657754,0.0,0.12834224598930483,187.0
3840,34.16699,-80.77682200000001,3250.0,0.0,0.0,0.0,0.4148471615720524,0.0,0.0,0.37554585152838427,0.0,0.013100436681222707,0.004366812227074236,0.026200873362445413,0.008733624454148471,0.004366812227074236,0.0,0.15283842794759825,229.0
3840,34.16699,-80.77682200000001,3750.0,0.0,0.0,0.0,0.4881516587677725,0.0,0.0,0.33175355450236965,0.0,0.014218009478672985,0.004739336492890996,0.018957345971563982,0.0,0.0,0.0,0.14218009478672985,211.0
3840,34.16699,-80.77682200000001,4250.0,0.0,0.0,0.0,0.3252032520325203,0.0,0.0040650406504065045,0.35365853658536583,0.0,0.012195121951219513,0.008130081300813009,0.032520325203252036,0.0,0.0,0.0,0.26422764227642276,246.0
3840,34.16699,-80.77682200000001,5250.0,0.0,0.0,0.0,0.3374485596707819,0.0,0.00411522633744856,0.4567901234567901,0.0,0.00823045267489712,0.01646090534979424,0.03292181069958848,0.0,0.012345679012345678,0.0,0.13168724279835392,243.0
3840,34.16699,-80.77682200000001,5750.0,0.0,0.0,0.0,0.3145539906103286,0.0,0.0,0.4507042253521127,0.004694835680751174,0.0,0.009389671361502348,0.028169014084507043,0.004694835680751174,0.0,0.0,0.18779342723004694,213.0
3840,34.16699,-80.77682200000001,6250.0,0.0,0.0,0.0,0.35648148148148145,0.0,0.004629629629629629,0.4351851851851852,0.004629629629629629,0.009259259259259259,0.0,0.018518518518518517,0.0,0.0,0.0,0.1712962962962963,216.0
3840,34.16699,-80.77682200000001,6750.0,0.0,0.0,0.0,0.33190578158458245,0.0,0.004282655246252677,0.3511777301927195,0.0,0.004282655246252677,0.004282655246252677,0.017130620985010708,0.0,0.0,0.0,0.28693790149892934,233.5
3840,34.16699,-80.77682200000001,7250.0,0.0,0.0,0.0,0.22768670309653916,0.0,0.007285974499089253,0.5646630236794171,0.014571948998178506,0.0,0.01092896174863388,0.03642987249544627,0.0,0.0,0.0,0.1384335154826958,274.5
3840,34.16699,-80.77682200000001,7750.0,0.0,0.0,0.0,0.14181818181818182,0.0,0.0036363636363636364,0.5927272727272728,0.0036363636363636364,0.01090909090909091,0.01090909090909091,0.03636363636363636,0.0,0.0036363636363636364,0.0,0.19636363636363635,275.0
3840,34.16699,-80.77682200000001,8250.0,0.0,0.0,0.0,0.15625,0.0,0.0,0.6111111111111112,0.013888888888888888,0.003472222222222222,0.003472222222222222,0.04861111111111111,0.003472222222222222,0.003472222222222222,0.0,0.15625,288.0
3840,34.16699,-80.77682200000001,8750.0,0.0,0.0,0.0,0.14963503649635038,0.0036496350364963502,0.0036496350364963502,0.6788321167883211,0.01824817518248175,0.0036496350364963502,0.010948905109489052,0.04744525547445255,0.0,0.0,0.0,0.08394160583941605,274.0
3840,34.16699,-80.77682200000001,9250.0,0.0,0.0,0.0,0.17737789203084833,0.0,0.005141388174807198,0.6735218508997429,0.005141388174807198,0.0,0.0,0.056555269922879174,0.0,0.005141388174807198,0.0,0.07712082262210797,194.5
3840,34.16699,-80.77682200000001,9750.0,0.0,0.0,0.0,0.09473684210526316,0.0035087719298245615,0.010526315789473684,0.5964912280701754,0.042105263157894736,0.0035087719298245615,0.031578947368421054,0.14736842105263157,0.0,0.007017543859649123,0.0,0.06315789473684211,285.0
3840,34.16699,-80.77682200000001,10250.0,0.012030075187969926,0.0,0.0,0.016541353383458645,0.006015037593984963,0.0030075187969924814,0.5744360902255639,0.11127819548872181,0.009022556390977444,0.012030075187969926,0.13834586466165413,0.0,0.0,0.0,0.11729323308270677,332.5
3840,34.16699,-80.77682200000001,10750.0,0.0,0.0,0.0,0.016286644951140065,0.0,0.009771986970684038,0.5732899022801303,0.0749185667752443,0.006514657980456026,0.009771986970684038,0.1563517915309446,0.003257328990228013,0.006514657980456026,0.0,0.14332247557003258,307.0
3840,34.16699,-80.77682200000001,11250.0,0.006134969325153374,0.003067484662576687,0.0,0.03680981595092025,0.003067484662576687,0.0,0.5736196319018405,0.027607361963190184,0.009202453987730062,0.015337423312883436,0.15030674846625766,0.0,0.0,0.0,0.17484662576687116,326.0
3840,34.16699,-80.77682200000001,11750.0,0.006042296072507553,0.0,0.0,0.03927492447129909,0.00906344410876133,0.00906344410876133,0.56797583081571,0.0,0.006042296072507553,0.012084592145015106,0.1661631419939577,0.0030211480362537764,0.012084592145015106,0.0,0.1691842900302115,331.0
3840,34.16699,-80.77682200000001,12750.0,0.023346303501945526,0.0,0.0,0.27626459143968873,0.0,0.0038910505836575876,0.3540856031128405,0.0038910505836575876,0.011673151750972763,0.007782101167315175,0.14396887159533073,0.0038910505836575876,0.0038910505836575876,0.0,0.16731517509727625,257.0
3840,34.16699,-80.77682200000001,13250.0,0.0854368932038835,0.003883495145631068,0.0,0.4097087378640777,0.0,0.003883495145631068,0.26019417475728157,0.003883495145631068,0.003883495145631068,0.0,0.08155339805825243,0.0,0.0,0.0,0.14757281553398058,257.5
3840,34.16699,-80.77682200000001,13750.0,0.07551766138855055,0.0048721071863581,0.0,0.6126674786845311,0.0,0.0048721071863581,0.1218026796589525,0.0,0.00243605359317905,0.00243605359317905,0.04628501827040195,0.0,0.0048721071863581,0.0,0.12423873325213154,410.5
3840,34.16699,-80.77682200000001,14250.0,0.06735751295336788,0.0051813471502590676,0.0,0.6994818652849741,0.0,0.0051813471502590676,0.04145077720207254,0.0,0.0,0.0,0.025906735751295335,0.0,0.010362694300518135,0.0,0.14507772020725387,193.0
3840,34.16699,-80.77682200000001,14750.0,0.07017543859649122,0.0,0.0,0.5321637426900585,0.0,0.0,0.21052631578947367,0.0,0.0,0.005847953216374269,0.03508771929824561,0.0,0.0,0.0,0.14619883040935672,171.0
15136,48.081514,-98.934766,250.0,0.013715785079611187,0.0,0.0,0.06840002385353927,0.00047707078537778045,0.018844296022422328,0.17484644284095652,0.0,0.018605760629733438,0.017890154451666765,0.0,0.011688234241755621,0.015743335917466753,0.015266265132088975,0.6445226310453813,4192.25
15136,48.081514,-98.934766,750.0,0.01124949779027722,0.0,0.0,0.05343511450381679,0.0,0.027320208919244676,0.19284853354760947,0.0,0.02249899558055444,0.016070711128967456,0.0,0.016070711128967456,0.02571313780634793,0.008035355564483728,0.6267577340297308,622.25
15136,48.081514,-98.934766,1250.0,0.011618257261410789,0.0,0.0,0.07385892116182573,0.0,0.01991701244813278,0.17261410788381742,0.0,0.021576763485477178,0.011618257261410789,0.0,0.00995850622406639,0.016597510373443983,0.011618257261410789,0.6506224066390042,602.5
15136,48.081514,-98.934766,1750.0,0.005206073752711497,0.0,0.0,0.08026030368763558,0.0,0.03817787418655098,0.13188720173535792,0.0,0.020824295010845987,0.01908893709327549,0.0,0.010412147505422993,0.02776572668112798,0.012147505422993492,0.6542299349240781,576.25
15136,48.081514,-98.934766,2250.0,0.015057811239580532,0.0010755579456843238,0.0,0.06426458725463835,0.0,0.023662274805055124,0.07959128798063995,0.0,0.007528905619790266,0.010755579456843238,0.0,0.0021511158913686476,0.016133369185264857,0.005377789728421619,0.7744017208927131,929.75
15136,48.081514,-98.934766,2750.0,0.012326656394453005,0.0,0.0,0.06471494607087827,0.0,0.020030816640986132,0.08166409861325115,0.0,0.023112480739599383,0.01848998459167951,0.0,0.015408320493066256,0.01694915254237288,0.004622496147919877,0.7426810477657936,649.0
15136,48.081514,-98.934766,3250.0,0.0017072129748186087,0.0,0.0,0.05761843790012804,0.0,0.02731540759709774,0.05804524114383269,0.0,0.01365770379854887,0.008536064874093044,0.0,0.0034144259496372174,0.020486555697823303,0.03243704652155356,0.7767819035424669,585.75
15136,48.081514,-98.934766,3750.0,0.0027472527472527475,0.0,0.0,0.0521978021978022,0.0,0.02197802197802198,0.07280219780219781,0.0,0.012362637362637362,0.0,0.0013736263736263737,0.0,0.020604395604395604,0.019230769230769232,0.7967032967032966,728.0
15136,48.081514,-98.934766,4250.0,0.016638935108153077,0.0,0.0,0.05490848585690516,0.0,0.03494176372712146,0.07653910149750416,0.0,0.0033277870216306157,0.008319467554076539,0.0,0.0066555740432612314,0.019966722129783693,0.011647254575707155,0.7670549084858569,601.0
15136,48.081514,-98.934766,4750.0,0.01197278911564626,0.0,0.0,0.06938775510204082,0.0,0.022857142857142857,0.07945578231292517,0.0,0.009795918367346938,0.005442176870748299,0.0,0.0,0.020680272108843538,0.010884353741496598,0.7695238095238095,918.75
15136,48.081514,-98.934766,5250.0,0.00505902192242833,0.0,0.0,0.05733558178752108,0.0,0.013490725126475547,0.06408094435075885,0.0,0.003372681281618887,0.003372681281618887,0.0,0.01011804384485666,0.03372681281618887,0.03709949409780776,0.7723440134907251,296.5
15136,48.081514,-98.934766,5750.0,0.01310615989515072,0.0,0.0,0.07121013543031891,0.0,0.00873743993010048,0.03844473569244211,0.0,0.00873743993010048,0.0069899519440803845,0.0,0.005242463958060288,0.03145478374836173,0.0017474879860200961,0.8143294014853648,572.25
15136,48.081514,-98.934766,6250.0,0.006042296072507553,0.0012084592145015106,0.0,0.06102719033232629,0.0,0.014501510574018127,0.051963746223564956,0.0,0.0036253776435045317,0.0072507552870090634,0.0,0.004833836858006042,0.016918429003021148,0.016918429003021148,0.8157099697885196,827.5
15136,48.081514,-98.934766,6750.0,0.00955631399317406,0.0,0.0,0.03617747440273038,0.0,0.010921501706484642,0.030034129692832763,0.0,0.005460750853242321,0.0027303754266211604,0.0,0.0,0.01911262798634812,0.03686006825938567,0.8491467576791809,732.5
15136,48.081514,-98.934766,7250.0,0.008986239820275204,0.0011232799775344005,0.0,0.03847233923055322,0.0,0.014602639707947207,0.014602639707947207,0.0,0.004493119910137602,0.008986239820275204,0.0,0.004493119910137602,0.013479359730412805,0.008986239820275204,0.8817747823645044,890.25
15136,48.081514,-98.934766,7750.0,0.006329113924050633,0.0,0.0,0.05907172995780591,0.0,0.014767932489451477,0.02109704641350211,0.0,0.002109704641350211,0.008438818565400843,0.0,0.004219409282700422,0.012658227848101266,0.014767932489451477,0.8565400843881856,474.0
15136,48.081514,-98.934766,8250.0,0.005317381189764041,0.0,0.0,0.04154204054503157,0.0,0.005317381189764041,0.006646726487205052,0.0,0.0026586905948820204,0.003988035892323031,0.0,0.0013293452974410102,0.011964107676969093,0.025257560651379195,0.8959787304752409,752.25
15136,48.081514,-98.934766,8750.0,0.002758620689655172,0.0,0.0,0.028965517241379312,0.0,0.005517241379310344,0.019310344827586208,0.0,0.005517241379310344,0.016551724137931035,0.0,0.005517241379310344,0.008275862068965517,0.03586206896551724,0.8717241379310345,362.5
15136,48.081514,-98.934766,9250.0,0.01569746699964324,0.0,0.0,0.029611130931145202,0.0,0.01712450945415626,0.01569746699964324,0.0,0.0,0.0028540849090260435,0.0,0.004281127363539065,0.007135212272565109,0.011416339636104174,0.8961826614341777,700.75
15136,48.081514,-98.934766,9750.0,0.018209408194233688,0.0,0.0,0.03490136570561457,0.0,0.012139605462822459,0.0030349013657056147,0.0,0.009104704097116844,0.006069802731411229,0.0,0.0030349013657056147,0.0,0.036418816388467376,0.8770864946889226,329.5
15136,48.081514,-98.934766,10250.0,0.031683168316831684,0.0,0.0,0.06217821782178218,0.0,0.04118811881188119,0.025346534653465348,0.0,0.0015841584158415843,0.030099009900990098,0.0015841584158415843,0.0015841584158415843,0.0,0.028514851485148516,0.7762376237623763,631.25
15136,48.081514,-98.934766,10750.0,0.020833333333333332,0.0,0.0,0.05555555555555555,0.0,0.0625,0.04861111111111111,0.0,0.0,0.017361111111111112,0.0,0.003472222222222222,0.003472222222222222,0.04861111111111111,0.7395833333333334,288.0
15136,48.081514,-98.934766,11250.0,0.05206738131699847,0.0,0.0,0.02909647779479326,0.0,0.13476263399693722,0.055130168453292494,0.0,0.006125574272588055,0.05206738131699847,0.006125574272588055,0.01225114854517611,0.0030627871362940277,0.07350689127105667,0.5758039816232772,326.5
15136,48.081514,-98.934766,11750.0,0.496551724137931,0.0,0.0,0.009655172413793104,0.0,0.05517241379310345,0.013793103448275862,0.0,0.008275862068965517,0.005517241379310344,0.0,0.0,0.005517241379310344,0.05241379310344828,0.35310344827586204,362.5
15136,48.081514,-98.934766,12250.0,0.19562043795620437,0.0,0.0,0.024817518248175182,0.0,0.02335766423357664,0.05547445255474453,0.0,0.0,0.014598540145985401,0.0,0.00583941605839416,0.020437956204379562,0.020437956204379562,0.6394160583941606,342.5
15136,48.081514,-98.934766,12750.0,0.39090909090909093,0.0,0.0,0.012121212121212121,0.0,0.00909090909090909,0.00909090909090909,0.0,0.012121212121212121,0.00909090909090909,0.0,0.0,0.0,0.07272727272727272,0.48484848484848486,330.0
15136,48.081514,-98.934766,13250.0,0.42668863261943984,0.0,0.0,0.0214168039538715,0.0,0.019769357495881382,0.013179571663920923,0.0,0.006589785831960461,0.006589785831960461,0.0,0.0032948929159802307,0.0016474464579901153,0.11696869851729819,0.38385502471169686,607.0
15136,48.081514,-98.934766,13750.0,0.5494505494505495,0.0,0.0,0.01098901098901099,0.0,0.02511773940345369,0.012558869701726845,0.0,0.0,0.0031397174254317113,0.0,0.0,0.006279434850863423,0.07535321821036106,0.31711145996860285,318.5
15136,48.081514,-98.934766,14250.0,0.2415966386554622,0.0,0.0,0.03571428571428571,0.0,0.046218487394957986,0.018907563025210083,0.0,0.0063025210084033615,0.0021008403361344537,0.0,0.0021008403361344537,0.008403361344537815,0.18277310924369747,0.45588235294117646,476.0
15142,41.933788,-70.761514,250.0,0.0060527453523562475,0.0,0.0017293558149589277,0.10505836575875487,0.041504539559014265,0.0907911802853437,0.25507998270644183,0.020752269779507133,0.006917423259835711,0.00432338953739732,0.010376134889753566,0.016428880242109815,0.006917423259835711,0.0017293558149589277,0.43233895373973197,1156.5
15142,41.933788,-70.761514,750.0,0.0,0.0,0.0,0.05572755417956656,0.02786377708978328,0.05263157894736842,0.23219814241486067,0.04953560371517028,0.009287925696594427,0.0,0.0030959752321981426,0.021671826625386997,0.02476780185758514,0.0,0.5232198142414861,323.0
15142,41.933788,-70.761514,2750.0,0.008982035928143712,0.0,0.0,0.04790419161676647,0.017964071856287425,0.05688622754491018,0.24251497005988024,0.023952095808383235,0.005988023952095809,0.005988023952095809,0.008982035928143712,0.005988023952095809,0.008982035928143712,0.0029940119760479044,0.562874251497006,334.0
15142,41.933788,-70.761514,3250.0,0.0,0.0,0.0,0.01804123711340206,0.007731958762886598,0.04896907216494845,0.2268041237113402,0.030927835051546393,0.005154639175257732,0.002577319587628866,0.010309278350515464,0.01288659793814433,0.007731958762886598,0.002577319587628866,0.6262886597938144,388.0
15142,41.933788,-70.761514,3750.0,0.002717391304347826,0.0,0.002717391304347826,0.019021739130434784,0.008152173913043478,0.029891304347826088,0.23097826086956522,0.04619565217391304,0.005434782608695652,0.005434782608695652,0.0,0.01358695652173913,0.008152173913043478,0.0,0.6277173913043478,368.0
15142,41.933788,-70.761514,4750.0,0.002824858757062147,0.0,0.002824858757062147,0.01694915254237288,0.005649717514124294,0.022598870056497175,0.2401129943502825,0.04519774011299435,0.011299435028248588,0.0,0.002824858757062147,0.01977401129943503,0.025423728813559324,0.005649717514124294,0.5988700564971752,354.0
15142,41.933788,-70.761514,5250.0,0.0,0.0,0.0042765502494654314,0.01781895937277263,0.012829650748396294,0.03136136849607983,0.20384889522451888,0.048467569493941556,0.017106200997861726,0.0042765502494654314,0.0014255167498218105,0.021382751247327157,0.012829650748396294,0.0,0.624376336421953,701.5
15142,41.933788,-70.761514,5750.0,0.0,0.0,0.0,0.024553571428571428,0.015625,0.026785714285714284,0.27455357142857145,0.06473214285714286,0.004464285714285714,0.004464285714285714,0.004464285714285714,0.011160714285714286,0.013392857142857142,0.0,0.5558035714285714,448.0
15142,41.933788,-70.761514,6250.0,0.001851851851851852,0.001851851851851852,0.0,0.025925925925925925,0.027777777777777776,0.025925925925925925,0.22592592592592592,0.025925925925925925,0.005555555555555556,0.011111111111111112,0.0,0.007407407407407408,0.009259259259259259,0.003703703703703704,0.6277777777777778,540.0
15142,41.933788,-70.761514,6750.0,0.0033500837520938024,0.0,0.0,0.035175879396984924,0.01675041876046901,0.03015075376884422,0.16750418760469013,0.023450586264656615,0.01340033500837521,0.010050251256281407,0.006700167504187605,0.0033500837520938024,0.023450586264656615,0.0,0.6666666666666666,298.5
15142,41.933788,-70.761514,7250.0,0.0,0.0,0.0,0.05223880597014925,0.024875621890547265,0.04228855721393035,0.26616915422885573,0.03731343283582089,0.014925373134328358,0.009950248756218905,0.0,0.014925373134328358,0.01990049751243781,0.0,0.5174129353233831,402.0
15142,41.933788,-70.761514,7750.0,0.0,0.0,0.002355712603062426,0.048292108362779744,0.023557126030624265,0.0447585394581861,0.30624263839811544,0.009422850412249705,0.011778563015312132,0.011778563015312132,0.0,0.009422850412249705,0.0447585394581861,0.0,0.4876325088339223,424.5
15142,41.933788,-70.761514,8250.0,0.0,0.0,0.0023894862604540022,0.053763440860215055,0.023894862604540025,0.04778972520908005,0.34647550776583036,0.03106332138590203,0.014336917562724014,0.0047789725209080045,0.0,0.016726403823178016,0.08363201911589008,0.0023894862604540022,0.3727598566308244,418.5
15142,41.933788,-70.761514,8750.0,0.0,0.0,0.0,0.06990881458966565,0.02735562310030395,0.0547112462006079,0.39209726443769,0.0243161094224924,0.0121580547112462,0.0,0.00303951367781155,0.015197568389057751,0.06990881458966565,0.0,0.331306990881459,329.0
15142,41.933788,-70.761514,9250.0,0.0,0.0,0.0,0.5902255639097744,0.07518796992481203,0.07518796992481203,0.15037593984962405,0.0037593984962406013,0.0,0.0,0.0,0.0,0.02631578947368421,0.0,0.07894736842105263,266.0
15142,41.933788,-70.761514,9750.0,0.0031570639305445935,0.0,0.0,0.39700078926598265,0.07419100236779795,0.143646408839779,0.16732438831886345,0.0031570639305445935,0.011049723756906077,0.009471191791633781,0.0,0.0031570639305445935,0.020520915548539857,0.0,0.16732438831886345,633.5
15142,41.933788,-70.761514,10250.0,0.0,0.0,0.0,0.3938144329896907,0.016494845360824743,0.11958762886597939,0.21030927835051547,0.0,0.0,0.008247422680412371,0.0,0.008247422680412371,0.04536082474226804,0.0,0.1979381443298969,242.5
15142,41.933788,-70.761514,10750.0,0.011363636363636364,0.002840909090909091,0.002840909090909091,0.3096590909090909,0.017045454545454544,0.2215909090909091,0.1590909090909091,0.002840909090909091,0.0,0.002840909090909091,0.002840909090909091,0.014204545454545454,0.03409090909090909,0.002840909090909091,0.2159090909090909,352.0
15142,41.933788,-70.761514,11250.0,0.05102040816326531,0.008928571428571428,0.0012755102040816326,0.44387755102040816,0.008928571428571428,0.20280612244897958,0.08035714285714286,0.003826530612244898,0.007653061224489796,0.00510204081632653,0.0012755102040816326,0.003826530612244898,0.042091836734693876,0.0,0.13903061224489796,784.0
15142,41.933788,-70.761514,11750.0,0.25551102204408815,0.025050100200400802,0.006012024048096192,0.17835671342685372,0.014028056112224449,0.15531062124248496,0.05410821643286573,0.001002004008016032,0.01603206412825651,0.004008016032064128,0.001002004008016032,0.006012024048096192,0.11022044088176353,0.0070140280561122245,0.16633266533066132,998.0
15142,41.933788,-70.761514,12250.0,0.6261398176291794,0.03404255319148936,0.0012158054711246201,0.08206686930091185,0.0060790273556231,0.07173252279635259,0.01094224924012158,0.0,0.0,0.0,0.0,0.0,0.038905775075987845,0.0012158054711246201,0.1276595744680851,822.5
15142,41.933788,-70.761514,12750.0,0.5403225806451613,0.03225806451612903,0.0013440860215053765,0.2056451612903226,0.005376344086021506,0.028225806451612902,0.02956989247311828,0.006720430107526882,0.008064516129032258,0.0013440860215053765,0.0,0.0,0.010752688172043012,0.0013440860215053765,0.12903225806451613,744.0
15142,41.933788,-70.761514,13250.0,0.5677585099550417,0.048811817597944764,0.0,0.12780989081567115,0.0,0.037251123956326265,0.056518946692357096,0.006422607578676943,0.015414258188824663,0.002569043031470777,0.002569043031470777,0.0,0.002569043031470777,0.0012845215157353885,0.13102119460500963,778.5
15142,41.933788,-70.761514,13750.0,0.5258493353028065,0.011816838995568686,0.0029542097488921715,0.09010339734121123,0.0,0.029542097488921712,0.047267355982274745,0.0029542097488921715,0.011816838995568686,0.0029542097488921715,0.0,0.0,0.014771048744460856,0.008862629246676515,0.2511078286558346,338.5
15142,41.933788,-70.761514,14750.0,0.6026986506746627,0.008995502248875561,0.0,0.0734632683658171,0.0,0.049475262368815595,0.043478260869565216,0.0,0.019490254872563718,0.0014992503748125937,0.0,0.0,0.0029985007496251873,0.004497751124437781,0.1934032983508246,667.0
15244,41.614226,-86.84848600000001,250.0,0.0,0.0,0.003110419906687403,0.02021772939346812,0.0,0.006220839813374806,0.6376360808709176,0.04354587869362364,0.01866251944012442,0.01866251944012442,0.07465007776049767,0.01866251944012442,0.006220839813374806,0.0,0.15241057542768274,321.5
15244,41.614226,-86.84848600000001,750.0,0.0025252525252525255,0.0,0.005050505050505051,0.010101010101010102,0.0025252525252525255,0.005050505050505051,0.4823232323232323,0.06565656565656566,0.012626262626262626,0.045454545454545456,0.06818181818181818,0.015151515151515152,0.007575757575757576,0.0,0.2777777777777778,396.0
15244,41.614226,-86.84848600000001,1250.0,0.0,0.0,0.01199400299850075,0.013493253373313344,0.0,0.005997001499250375,0.4197901049475262,0.041979010494752625,0.01199400299850075,0.050974512743628186,0.03298350824587706,0.01199400299850075,0.0029985007496251873,0.0029985007496251873,0.39280359820089955,333.5
15244,41.614226,-86.84848600000001,1750.0,0.002652519893899204,0.0,0.013262599469496022,0.010610079575596816,0.002652519893899204,0.010610079575596816,0.4270557029177719,0.0636604774535809,0.023872679045092837,0.026525198938992044,0.03978779840848806,0.015915119363395226,0.005305039787798408,0.0,0.35809018567639256,377.0
15244,41.614226,-86.84848600000001,2250.0,0.001422475106685633,0.0,0.005689900426742532,0.01422475106685633,0.001422475106685633,0.007112375533428165,0.465149359886202,0.10526315789473684,0.02418207681365576,0.04551920341394026,0.06116642958748222,0.02275960170697013,0.002844950213371266,0.004267425320056899,0.23897581792318634,703.0
15244,41.614226,-86.84848600000001,2750.0,0.0013745704467353953,0.0,0.0,0.008934707903780068,0.0013745704467353953,0.005498281786941581,0.7230240549828179,0.012371134020618556,0.017869415807560136,0.020618556701030927,0.05910652920962199,0.006872852233676976,0.004123711340206186,0.0,0.13883161512027492,727.5
15244,41.614226,-86.84848600000001,3250.0,0.0,0.0,0.0,0.012805587892898719,0.0,0.006984866123399301,0.570430733410943,0.018626309662398137,0.004656577415599534,0.020954598370197905,0.046565774155995346,0.006984866123399301,0.006984866123399301,0.0,0.3050058207217695,429.5
15244,41.614226,-86.84848600000001,3750.0,0.0,0.0,0.0,0.015759312320916905,0.0,0.011461318051575931,0.5085959885386819,0.03868194842406877,0.0014326647564469914,0.02865329512893983,0.04871060171919771,0.014326647564469915,0.0,0.0,0.332378223495702,698.0
15244,41.614226,-86.84848600000001,4250.0,0.0030165912518853697,0.0,0.0,0.007541478129713424,0.0,0.006033182503770739,0.6726998491704375,0.0392156862745098,0.00904977375565611,0.07541478129713423,0.08748114630467571,0.015082956259426848,0.0030165912518853697,0.0,0.08144796380090498,331.5
15244,41.614226,-86.84848600000001,4750.0,0.0,0.0,0.0,0.009445100354191263,0.0011806375442739079,0.0011806375442739079,0.6210153482880756,0.0059031877213695395,0.009445100354191263,0.023612750885478158,0.014167650531286895,0.0059031877213695395,0.0011806375442739079,0.0,0.3069657615112161,847.0
15244,41.614226,-86.84848600000001,5250.0,0.005668934240362812,0.0,0.0,0.01927437641723356,0.0,0.0,0.5147392290249433,0.006802721088435374,0.011337868480725623,0.022675736961451247,0.04081632653061224,0.003401360544217687,0.0,0.0,0.37528344671201813,882.0
15244,41.614226,-86.84848600000001,5750.0,0.001759014951627089,0.0,0.0,0.016710642040457344,0.0,0.001759014951627089,0.39577836411609496,0.008795074758135445,0.003518029903254178,0.0316622691292876,0.014072119613016711,0.005277044854881266,0.003518029903254178,0.003518029903254178,0.51363236587511,568.5
15244,41.614226,-86.84848600000001,6250.0,0.0,0.0,0.0,0.006289308176100629,0.0020964360587002098,0.0,0.5324947589098532,0.029350104821802937,0.010482180293501049,0.029350104821802937,0.029350104821802937,0.006289308176100629,0.0020964360587002098,0.0,0.3522012578616352,477.0
15244,41.614226,-86.84848600000001,6750.0,0.0,0.0,0.0,0.015795868772782502,0.0,0.007290400972053463,0.5759416767922235,0.014580801944106925,0.024301336573511544,0.031591737545565005,0.05589307411907655,0.007290400972053463,0.002430133657351154,0.0,0.2648845686512758,411.5
15244,41.614226,-86.84848600000001,7250.0,0.0,0.0,0.0,0.016233766233766232,0.0,0.003246753246753247,0.5746753246753247,0.012987012987012988,0.01948051948051948,0.05194805194805195,0.05194805194805195,0.012987012987012988,0.006493506493506494,0.0,0.25,308.0
15244,41.614226,-86.84848600000001,7750.0,0.0,0.0,0.0,0.006081668114682885,0.0,0.0,0.3840139009556907,0.0069504778453518675,0.005212858384013901,0.052128583840139006,0.019113814074717638,0.015638575152041704,0.0,0.0017376194613379669,0.5091225021720244,575.5
15244,41.614226,-86.84848600000001,8750.0,0.0,0.0008097165991902834,0.0,0.01700404858299595,0.0,0.0,0.14736842105263157,0.0008097165991902834,0.0024291497975708503,0.027530364372469637,0.010526315789473684,0.0016194331983805667,0.0,0.0016194331983805667,0.7902834008097166,1235.0
15244,41.614226,-86.84848600000001,9250.0,0.007751937984496124,0.0,0.0,0.17054263565891473,0.0,0.0,0.20155038759689922,0.0,0.0,0.031007751937984496,0.03875968992248062,0.0,0.0,0.06201550387596899,0.4883720930232558,129.0
15244,41.614226,-86.84848600000001,9750.0,0.0058823529411764705,0.0029411764705882353,0.0,0.16176470588235295,0.0,0.020588235294117647,0.31176470588235294,0.0,0.04411764705882353,0.15,0.014705882352941176,0.008823529411764706,0.014705882352941176,0.008823529411764706,0.25588235294117645,340.0
15244,41.614226,-86.84848600000001,10750.0,0.03064066852367688,0.011142061281337047,0.002785515320334262,0.12813370473537605,0.0,0.06128133704735376,0.3147632311977716,0.0,0.052924791086350974,0.14763231197771587,0.011142061281337047,0.011142061281337047,0.016713091922005572,0.008356545961002786,0.20334261838440112,359.0
15244,41.614226,-86.84848600000001,11250.0,0.023952095808383235,0.017964071856287425,0.014970059880239521,0.12275449101796407,0.0,0.10479041916167664,0.23652694610778444,0.0,0.08982035928143713,0.19760479041916168,0.008982035928143712,0.005988023952095809,0.029940119760479042,0.0029940119760479044,0.1437125748502994,334.0
15244,41.614226,-86.84848600000001,12250.0,0.04,0.046153846153846156,0.006153846153846154,0.13230769230769232,0.003076923076923077,0.2153846153846154,0.11692307692307692,0.0,0.11692307692307692,0.11692307692307692,0.003076923076923077,0.009230769230769232,0.04,0.009230769230769232,0.14461538461538462,325.0
15244,41.614226,-86.84848600000001,12750.0,0.17758620689655172,0.07413793103448275,0.01206896551724138,0.19827586206896552,0.0,0.12931034482758622,0.09310344827586207,0.0,0.029310344827586206,0.07241379310344828,0.005172413793103448,0.0017241379310344827,0.039655172413793106,0.056896551724137934,0.1103448275862069,580.0
15244,41.614226,-86.84848600000001,13250.0,0.20132450331125828,0.05562913907284768,0.02119205298013245,0.10993377483443709,0.0,0.06622516556291391,0.15364238410596026,0.0,0.04768211920529802,0.06357615894039735,0.010596026490066225,0.015894039735099338,0.03443708609271523,0.045033112582781455,0.17483443708609273,377.5
15244,41.614226,-86.84848600000001,13750.0,0.14954486345903772,0.17815344603381014,0.013003901170351105,0.0013003901170351106,0.0,0.007802340702210663,0.09752925877763328,0.002600780234070221,0.0858257477243173,0.05201560468140442,0.006501950585175552,0.002600780234070221,0.022106631989596878,0.11313394018205461,0.26788036410923277,769.0
15286,49.75913,-95.199106,250.0,0.3365695873272854,0.006472491679075081,0.0032362458395375406,0.3495145629016764,0.0,0.07443365542132895,0.032362458395375375,0.0,0.0,0.0,0.0,0.0,0.10355986797716697,0.025889966716300325,0.06796116374225397,309.00000614590203
15286,49.75913,-95.199106,2750.0,0.2934131695777966,0.0,0.01497005967233656,0.39520958203645973,0.0,0.08083832120188285,0.005988023868934624,0.0,0.0,0.0,0.0,0.0,0.07485030041915212,0.011976047737869248,0.12275449548556798,333.999999397019
15286,49.75913,-95.199106,4250.0,0.1745282984981411,0.0,0.035377362184062164,0.34905659699628283,0.0,0.08018867924337167,0.03301887204710059,0.0,0.002358490542147075,0.007075471626441226,0.0,0.0,0.12264150738127667,0.007075471626441226,0.18867924985473558,423.9999976410294
15286,49.75913,-95.199106,5750.0,0.11918064044398116,0.0,0.014897579095728404,0.63873369797074,0.0,0.03724394773932097,0.018621973869660503,0.0,0.0,0.0,0.0,0.0,0.03724394773932097,0.007448789547864202,0.12662942359338375,268.49999664535585
15286,49.75913,-95.199106,6250.0,0.04724409323130724,0.0,0.005249343692367474,0.45144356566007554,0.0,0.10498687655284064,0.036745410806639456,0.0,0.0,0.0,0.0,0.0,0.07611548624481942,0.015748031077102424,0.2624671927348476,381.0000041569944
15286,49.75913,-95.199106,6750.0,0.031818181908104,0.0,0.0060606059785717915,0.5166666633174599,0.0,0.030303031454665223,0.07727272466498405,0.0,0.0015151514946429479,0.015151514946429478,0.0,0.0,0.03939394120342605,0.007575757473214739,0.2742424275585017,659.9999985759869
15286,49.75913,-95.199106,7250.0,0.022779043902405482,0.0022779043119723515,0.004555808623944703,0.3712984036341753,0.0,0.05922551367664517,0.01822323449577881,0.0,0.0,0.004555808623944703,0.0,0.0,0.045558087022129046,0.004555808623944703,0.4669703870850596,438.99999620303964
15286,49.75913,-95.199106,7750.0,0.0565770884165032,0.0,0.0028288543236264646,0.5049504817015258,0.0,0.06506365041539555,0.014144271618132321,0.0,0.0,0.005657708647252929,0.0,0.0,0.033946253827491446,0.005657708647252929,0.31117398240281935,353.499993249845
15286,49.75913,-95.199106,8250.0,0.05652759338732128,0.0,0.005383580058347167,0.4751009359871233,0.0,0.04037685506206397,0.013458950145867917,0.0,0.0,0.005383580058347167,0.0,0.0,0.018842531129107103,0.005383580058347167,0.37954239411347496,371.4999957161457
15286,49.75913,-95.199106,8750.0,0.2141582365176523,0.0,0.011897679738402719,0.38845925490528166,0.0,0.05353955882281224,0.029744200163609118,0.0,0.0,0.027364663807127387,0.0,0.0,0.0047590718953610875,0.026174895424485985,0.24390243872526737,840.5000019281082
15286,49.75913,-95.199106,9250.0,0.15942029762356735,0.0,0.020703933231917982,0.14078674739980587,0.0,0.10973084541778352,0.08902691360862908,0.0,0.0020703933231918,0.1925465797682191,0.0041407866463836,0.0020703933231918,0.0,0.031055903760476556,0.24844720589683347,483.0000044460685
15286,49.75913,-95.199106,9750.0,0.22257052177455453,0.0,0.012539184568055537,0.32288400639730686,0.0,0.037617555858382105,0.034482759716368216,0.0,0.0,0.04702194751574722,0.0,0.0,0.012539184568055537,0.043887151912287085,0.2664576876892429,319.0000047863785
15286,49.75913,-95.199106,10250.0,0.12556732413977564,0.0,0.006051437044902333,0.18456883714692401,0.0,0.04689863865743649,0.08774584026997063,0.0,0.0,0.07715582596120614,0.0030257185224511667,0.0045385777836767505,0.01966717039593257,0.04236005983413085,0.4024205702435935,661.0000083528189
15286,49.75913,-95.199106,10750.0,0.17857142403541706,0.0,0.007142856814160679,0.4178571451032351,0.0,0.014285713628321359,0.053571432241872594,0.0,0.0,0.028571427256642717,0.0035714284070803397,0.0,0.01071428522124102,0.03571428407080336,0.25000000322122584,280.00000849079174
15286,49.75913,-95.199106,11250.0,0.18834796754768934,0.003192338349351412,0.017557860921432765,0.2976855576582937,0.0,0.1021548260823661,0.04309656716780454,0.0,0.0,0.057462091385204576,0.009577015048054237,0.009577015048054235,0.001596169174675706,0.030327214867277925,0.23942537674979547,626.4999977273212
15286,49.75913,-95.199106,11750.0,0.2980659823740366,0.0,0.0045506256612282995,0.13310579980913617,0.0,0.14334471301944063,0.06370876003898777,0.0,0.0022753128306141498,0.07736063467729792,0.0,0.0,0.0045506256612282995,0.06598407443318499,0.20705347149484513,439.49999791317975
15286,49.75913,-95.199106,12250.0,0.2476780212599744,0.0,0.0,0.2414860666063701,0.0,0.1640866866247672,0.04024767865420244,0.0,0.0,0.08359132931636232,0.0030959751992641186,0.009287925597792356,0.0030959751992641186,0.021671827458617815,0.1857585140833849,322.999998367054
15286,49.75913,-95.199106,12750.0,0.18353575479118925,0.0,0.005398110598691746,0.23616734101123468,0.0,0.029689608292804603,0.07827260646319537,0.0,0.002699055299345873,0.04048583412712995,0.005398110598691746,0.0,0.00809716589803762,0.029689610147581265,0.3805668027720979,370.49999848061805
15286,49.75913,-95.199106,13250.0,0.11612903798230402,0.0,0.006451612820991263,0.23870967548505526,0.0,0.012903225641982525,0.05806451649730008,0.0,0.0,0.08064516026239062,0.0,0.0032258064104956313,0.0032258064104956313,0.038709679142704845,0.4419354793462801,309.9999990864623
15286,49.75913,-95.199106,13750.0,0.34181818028250005,0.0,0.0072727270273817085,0.23636363255472234,0.0,0.04606060867156759,0.036363639301725315,0.0,0.0,0.055757574709556355,0.0,0.0,0.0072727270273817085,0.021818181915108457,0.2472727285100566,412.50000744222837
15286,49.75913,-95.199106,14750.0,0.22764227303879905,0.0,0.0027100270378152685,0.1869918718945714,0.0,0.04336043726083546,0.07588075798998578,0.0,0.0027100270378152685,0.0623306228009093,0.0,0.005420054075630537,0.005420054075630537,0.01626016222689161,0.3712737125611157,369.000002713226
15296,43.095252,-78.02198200000001,250.0,0.0,0.0,0.0034071550255536627,0.15332197614991483,0.03747870528109029,0.04599659284497445,0.0068143100511073255,0.0068143100511073255,0.0017035775127768314,0.05792163543441227,0.010221465076660987,0.017035775127768313,0.0017035775127768314,0.0,0.6575809199318569,587.0
15296,43.095252,-78.02198200000001,750.0,0.0,0.0,0.007575757575757576,0.17424242424242425,0.03409090909090909,0.07575757575757576,0.015151515151515152,0.022727272727272728,0.0,0.10227272727272728,0.007575757575757576,0.06439393939393939,0.0,0.0,0.4962121212121212,264.0
15296,43.095252,-78.02198200000001,1250.0,0.003401360544217687,0.0,0.017006802721088437,0.10884353741496598,0.027210884353741496,0.06802721088435375,0.013605442176870748,0.05102040816326531,0.0,0.2108843537414966,0.003401360544217687,0.14965986394557823,0.013605442176870748,0.0,0.3333333333333333,294.0
15296,43.095252,-78.02198200000001,1750.0,0.0031007751937984496,0.0,0.015503875968992248,0.10697674418604651,0.12093023255813953,0.12093023255813953,0.027906976744186046,0.11472868217054263,0.0031007751937984496,0.14263565891472868,0.009302325581395349,0.09302325581395349,0.012403100775193798,0.0,0.22945736434108527,322.5
15296,43.095252,-78.02198200000001,2250.0,0.0,0.0,0.0,0.16981132075471697,0.11320754716981132,0.12830188679245283,0.026415094339622643,0.09056603773584905,0.01509433962264151,0.12452830188679245,0.018867924528301886,0.11320754716981132,0.018867924528301886,0.0,0.1811320754716981,265.0
15296,43.095252,-78.02198200000001,2750.0,0.0037313432835820895,0.0,0.014925373134328358,0.17537313432835822,0.11567164179104478,0.048507462686567165,0.018656716417910446,0.026119402985074626,0.007462686567164179,0.19776119402985073,0.029850746268656716,0.13805970149253732,0.014925373134328358,0.0,0.208955223880597,268.0
15296,43.095252,-78.02198200000001,3250.0,0.00583941605839416,0.0,0.008759124087591242,0.11824817518248175,0.072992700729927,0.06715328467153285,0.03795620437956204,0.02335766423357664,0.00583941605839416,0.03795620437956204,0.014598540145985401,0.12554744525547445,0.00583941605839416,0.0,0.4759124087591241,342.5
15296,43.095252,-78.02198200000001,4250.0,0.0,0.0,0.0030534351145038168,0.06870229007633588,0.015267175572519083,0.04580152671755725,0.0061068702290076335,0.0061068702290076335,0.0030534351145038168,0.061068702290076333,0.021374045801526718,0.06412213740458016,0.0030534351145038168,0.0,0.7022900763358778,327.5
15296,43.095252,-78.02198200000001,4750.0,0.0,0.0,0.006191950464396285,0.07430340557275542,0.04953560371517028,0.05572755417956656,0.021671826625386997,0.030959752321981424,0.018575851393188854,0.06501547987616099,0.015479876160990712,0.06191950464396285,0.009287925696594427,0.0,0.5913312693498453,323.0
15296,43.095252,-78.02198200000001,5250.0,0.004962779156327543,0.0,0.0,0.5285359801488834,0.23821339950372208,0.02481389578163772,0.004962779156327543,0.004962779156327543,0.0,0.034739454094292806,0.01488833746898263,0.019851116625310174,0.004962779156327543,0.0,0.11910669975186104,201.5
15296,43.095252,-78.02198200000001,5750.0,0.0,0.0038022813688212928,0.011406844106463879,0.17110266159695817,0.07604562737642585,0.0076045627376425855,0.12547528517110265,0.1482889733840304,0.04182509505703422,0.11406844106463879,0.011406844106463879,0.07224334600760456,0.0038022813688212928,0.0,0.21292775665399238,263.0
15296,43.095252,-78.02198200000001,6750.0,0.013888888888888888,0.006944444444444444,0.0,0.09375,0.3368055555555556,0.027777777777777776,0.16319444444444445,0.11458333333333333,0.010416666666666666,0.08680555555555555,0.003472222222222222,0.06944444444444445,0.0,0.0,0.07291666666666667,288.0
15296,43.095252,-78.02198200000001,8250.0,0.003205128205128205,0.0,0.0,0.21153846153846154,0.22115384615384615,0.02564102564102564,0.21474358974358973,0.016025641025641024,0.02564102564102564,0.05448717948717949,0.00641025641025641,0.08974358974358974,0.003205128205128205,0.0,0.1282051282051282,312.0
15296,43.095252,-78.02198200000001,9750.0,0.09368635437881874,0.008146639511201629,0.0,0.29938900203665986,0.08961303462321792,0.03665987780040733,0.17515274949083504,0.0,0.028513238289205704,0.09775967413441955,0.004073319755600814,0.028513238289205704,0.008146639511201629,0.0,0.13034623217922606,245.5
15296,43.095252,-78.02198200000001,10250.0,0.07563025210084033,0.008403361344537815,0.0,0.3277310924369748,0.09663865546218488,0.0546218487394958,0.1722689075630252,0.004201680672268907,0.01680672268907563,0.06722689075630252,0.004201680672268907,0.029411764705882353,0.0,0.0,0.14285714285714285,238.0
15296,43.095252,-78.02198200000001,11750.0,0.009070294784580499,0.009070294784580499,0.0045351473922902496,0.42857142857142855,0.013605442176870748,0.14965986394557823,0.10884353741496598,0.0,0.022675736961451247,0.10884353741496598,0.009070294784580499,0.049886621315192746,0.0,0.0,0.08616780045351474,220.5
15296,43.095252,-78.02198200000001,13250.0,0.02591792656587473,0.017278617710583154,0.02591792656587473,0.4946004319654428,0.06479481641468683,0.06911447084233262,0.08207343412526998,0.0,0.03023758099352052,0.056155507559395246,0.004319654427645789,0.05183585313174946,0.0,0.008639308855291577,0.06911447084233262,231.5
15296,43.095252,-78.02198200000001,13750.0,0.11991434689507495,0.02569593147751606,0.01284796573875803,0.40471092077087795,0.021413276231263382,0.11563169164882227,0.08993576017130621,0.0,0.029978586723768737,0.042826552462526764,0.0,0.004282655246252677,0.004282655246252677,0.004282655246252677,0.12419700214132762,233.5
15296,43.095252,-78.02198200000001,14750.0,0.10212765957446808,0.06808510638297872,0.059574468085106386,0.30638297872340425,0.05531914893617021,0.06808510638297872,0.11914893617021277,0.0,0.00851063829787234,0.06808510638297872,0.02127659574468085,0.00851063829787234,0.00425531914893617,0.0,0.11063829787234042,235.0
15350,42.0281,-74.604776,250.0,0.0,0.006911718504555451,0.0,0.051837888784165884,0.17970468111844173,0.2525918944392083,0.15457115928369464,0.08419729814640277,0.005026704366949419,0.004398366321080742,0.007540056550424128,0.040841972981464025,0.01633678919258561,0.0,0.19604147031102734,1591.5
15350,42.0281,-74.604776,750.0,0.0,0.0007945967421533572,0.0,0.03853794199443782,0.14700039729837108,0.3067143424711959,0.17560588001589195,0.054827175208581644,0.0031783869686134287,0.00874056416368693,0.011124354390147001,0.027016289233214145,0.020659515295987287,0.007151370679380214,0.1986491855383393,1258.5
15350,42.0281,-74.604776,1250.0,0.0,0.0012345679012345679,0.0,0.05308641975308642,0.15555555555555556,0.2234567901234568,0.17901234567901234,0.07654320987654321,0.009876543209876543,0.003703703703703704,0.006172839506172839,0.05555555555555555,0.012345679012345678,0.0,0.2234567901234568,810.0
15350,42.0281,-74.604776,1750.0,0.0,0.0010905125408942203,0.0,0.04034896401308615,0.13740458015267176,0.29116684841875684,0.18102508178844057,0.04580152671755725,0.004362050163576881,0.0054525627044711015,0.007633587786259542,0.03598691384950927,0.010905125408942203,0.0,0.23882224645583425,917.0
15350,42.0281,-74.604776,2250.0,0.0016806722689075631,0.0016806722689075631,0.0,0.04201680672268908,0.12436974789915967,0.28823529411764703,0.16806722689075632,0.09159663865546218,0.011764705882352941,0.010084033613445379,0.010084033613445379,0.0453781512605042,0.021848739495798318,0.0,0.18319327731092436,1190.0
15350,42.0281,-74.604776,2750.0,0.00129366106080207,0.0,0.0,0.0517464424320828,0.09573091849935317,0.2858990944372574,0.17981888745148772,0.08279430789133248,0.014230271668822769,0.014230271668822769,0.0129366106080207,0.03363518758085381,0.019404915912031046,0.0,0.20827943078913325,773.0
15350,42.0281,-74.604776,3250.0,0.0,0.0,0.0,0.04552129221732746,0.11894273127753303,0.30837004405286345,0.22320117474302498,0.06754772393538913,0.002936857562408223,0.013215859030837005,0.007342143906020558,0.05286343612334802,0.010279001468428781,0.0,0.14977973568281938,681.0
15350,42.0281,-74.604776,3750.0,0.0,0.0022271714922048997,0.0,0.053452115812917596,0.07126948775055679,0.2650334075723831,0.23162583518930957,0.0801781737193764,0.024498886414253896,0.011135857461024499,0.008908685968819599,0.0556792873051225,0.008908685968819599,0.0,0.1870824053452116,449.0
15350,42.0281,-74.604776,4250.0,0.0,0.0,0.0,0.04542177361211247,0.050468637346791634,0.3143475126171593,0.23648161499639508,0.12833453496755587,0.012977649603460706,0.004325883201153569,0.008651766402307137,0.043258832011535686,0.008651766402307137,0.0,0.14708002883922133,693.5
15350,42.0281,-74.604776,4750.0,0.0,0.0,0.0,0.02512562814070352,0.04824120603015075,0.35376884422110555,0.207035175879397,0.12864321608040202,0.01407035175879397,0.010050251256281407,0.012060301507537688,0.044221105527638194,0.012060301507537688,0.0,0.14472361809045226,497.5
15350,42.0281,-74.604776,5250.0,0.0013097576948264572,0.0,0.0,0.016371971185330715,0.275049115913556,0.3235101506221349,0.15062213490504256,0.07989521938441388,0.01309757694826457,0.007858546168958742,0.007858546168958742,0.034053700065487885,0.005239030779305829,0.0,0.08513425016371971,763.5
15350,42.0281,-74.604776,5750.0,0.0,0.0,0.0,0.021035598705501618,0.3883495145631068,0.26375404530744334,0.11650485436893204,0.05825242718446602,0.009708737864077669,0.009708737864077669,0.009708737864077669,0.038834951456310676,0.0,0.0,0.08414239482200647,618.0
15350,42.0281,-74.604776,6250.0,0.0,0.0,0.0,0.008944543828264758,0.35241502683363146,0.295169946332737,0.13059033989266547,0.08228980322003578,0.02146690518783542,0.008944543828264758,0.008944543828264758,0.03220035778175313,0.0,0.0,0.059033989266547404,559.0
15350,42.0281,-74.604776,6750.0,0.0,0.0,0.0,0.01443298969072165,0.35051546391752575,0.31030927835051547,0.11649484536082474,0.05670103092783505,0.015463917525773196,0.010309278350515464,0.010309278350515464,0.03711340206185567,0.002061855670103093,0.0,0.07628865979381444,970.0
15350,42.0281,-74.604776,7250.0,0.0,0.0,0.0,0.026923076923076925,0.32884615384615384,0.2826923076923077,0.15,0.08076923076923077,0.028846153846153848,0.0038461538461538464,0.0057692307692307696,0.046153846153846156,0.0,0.0,0.046153846153846156,520.0
15350,42.0281,-74.604776,7750.0,0.0,0.0,0.0,0.028086910439851617,0.3487016428192899,0.27556968733439324,0.15580286168521462,0.07101218865924748,0.010598834128245893,0.006359300476947536,0.006359300476947536,0.03073661897191309,0.003179650238473768,0.0,0.06359300476947535,943.5
15350,42.0281,-74.604776,8250.0,0.001218769043266301,0.0,0.0,0.10420475319926874,0.29494210847044483,0.19134673979280925,0.2400975015234613,0.031687995124923825,0.02437538086532602,0.009750152346130409,0.002437538086532602,0.02437538086532602,0.003656307129798903,0.0,0.07190737355271176,820.5
15350,42.0281,-74.604776,8750.0,0.0040609137055837565,0.0020304568527918783,0.0,0.13908629441624365,0.3187817258883249,0.09746192893401015,0.2923857868020305,0.012182741116751269,0.016243654822335026,0.008121827411167513,0.0020304568527918783,0.03857868020304569,0.0020304568527918783,0.0,0.06700507614213198,492.5
15350,42.0281,-74.604776,9250.0,0.0,0.005639097744360902,0.0,0.19172932330827067,0.3026315789473684,0.13533834586466165,0.2349624060150376,0.009398496240601503,0.013157894736842105,0.02443609022556391,0.007518796992481203,0.022556390977443608,0.0018796992481203006,0.0,0.05075187969924812,532.0
15350,42.0281,-74.604776,9750.0,0.003805899143672693,0.024738344433872503,0.0,0.29019980970504283,0.13701236917221693,0.11798287345385347,0.2797335870599429,0.011417697431018078,0.02093244529019981,0.009514747859181731,0.0,0.019029495718363463,0.005708848715509039,0.0,0.07992388201712655,525.5
15350,42.0281,-74.604776,10250.0,0.007928642220019821,0.04757185332011893,0.0,0.4132804757185332,0.02973240832507433,0.13280475718533202,0.21209117938553024,0.0,0.02180376610505451,0.009910802775024777,0.0019821605550049554,0.023785926660059464,0.003964321110009911,0.0,0.09514370664023786,504.5
15350,42.0281,-74.604776,10750.0,0.010101010101010102,0.08080808080808081,0.0,0.31313131313131315,0.05555555555555555,0.25252525252525254,0.07575757575757576,0.005050505050505051,0.025252525252525252,0.020202020202020204,0.005050505050505051,0.015151515151515152,0.005050505050505051,0.0,0.13636363636363635,198.0
15350,42.0281,-74.604776,11250.0,0.12323491655969192,0.24390243902439024,0.0,0.21181001283697048,0.038510911424903725,0.12323491655969192,0.06675224646983312,0.0,0.005134788189987163,0.0025673940949935813,0.0025673940949935813,0.005134788189987163,0.023106546854942234,0.0,0.1540436456996149,389.5
15350,42.0281,-74.604776,11750.0,0.2222222222222222,0.12962962962962962,0.0,0.2716049382716049,0.012345679012345678,0.06790123456790123,0.07407407407407407,0.0,0.0,0.0,0.0,0.006172839506172839,0.037037037037037035,0.0,0.17901234567901234,162.0
15350,42.0281,-74.604776,12250.0,0.19971056439942114,0.12156295224312591,0.0,0.24167872648335745,0.03473227206946455,0.06657018813314038,0.07525325615050651,0.01447178002894356,0.0,0.0,0.005788712011577424,0.011577424023154847,0.002894356005788712,0.0,0.22575976845151954,345.5
15350,42.0281,-74.604776,12750.0,0.3354673495518566,0.12548015364916773,0.0,0.088348271446863,0.010243277848911651,0.0793854033290653,0.07426376440460948,0.010243277848911651,0.002560819462227913,0.002560819462227913,0.002560819462227913,0.0,0.0,0.0,0.26888604353393086,390.5
15350,42.0281,-74.604776,13250.0,0.1617933723196881,0.03898635477582846,0.0,0.18323586744639375,0.1111111111111111,0.11500974658869395,0.15789473684210525,0.01364522417153996,0.011695906432748537,0.005847953216374269,0.003898635477582846,0.007797270955165692,0.003898635477582846,0.0,0.18518518518518517,513.0
15350,42.0281,-74.604776,13750.0,0.07655502392344497,0.023923444976076555,0.0,0.08133971291866028,0.0861244019138756,0.23923444976076555,0.10047846889952153,0.03349282296650718,0.009569377990430622,0.019138755980861243,0.004784688995215311,0.028708133971291867,0.009569377990430622,0.0,0.28708133971291866,209.0
15350,42.0281,-74.604776,14750.0,0.005555555555555556,0.005555555555555556,0.0,0.10555555555555556,0.18888888888888888,0.2222222222222222,0.2611111111111111,0.06111111111111111,0.005555555555555556,0.0,0.005555555555555556,0.0,0.03333333333333333,0.0,0.10555555555555556,180.0
15796,45.2226,-64.37578,250.0,0.021917808219178082,0.0,0.0,0.0136986301369863,0.0,0.09315068493150686,0.0,0.0,0.0,0.0,0.0,0.0,0.0,0.0,0.8712328767123287,182.5
15796,45.2226,-64.37578,750.0,0.027932960893854747,0.002793296089385475,0.0,0.0223463687150838,0.0,0.17318435754189945,0.0,0.0,0.0,0.0,0.0,0.0,0.00558659217877095,0.0,0.7681564245810056,358.0
15796,45.2226,-64.37578,1750.0,0.0449438202247191,0.0,0.0,0.051685393258426963,0.0,0.06292134831460675,0.0044943820224719105,0.0,0.0,0.0,0.0,0.0,0.008988764044943821,0.0,0.8269662921348314,222.5
15796,45.2226,-64.37578,3250.0,0.03475513428120063,0.0,0.00315955766192733,0.011058451816745656,0.0,0.41390205371248023,0.0,0.0,0.0,0.0,0.0,0.0,0.02843601895734597,0.0,0.5086887835703001,316.5
15796,45.2226,-64.37578,4250.0,0.07188703465982028,0.0,0.0,0.04236200256739409,0.0,0.0975609756097561,0.0,0.0,0.0,0.0,0.0,0.0,0.03337612323491656,0.0025673940949935813,0.7522464698331194,389.5
15796,45.2226,-64.37578,5250.0,0.36704119850187267,0.0,0.0,0.056179775280898875,0.0,0.0299625468164794,0.0,0.0,0.0,0.0,0.0,0.0,0.0,0.0,0.5468164794007491,133.5
15796,45.2226,-64.37578,5750.0,0.4474885844748858,0.0,0.0,0.0593607305936073,0.0,0.0547945205479452,0.0,0.0,0.0,0.0,0.0,0.0,0.0,0.0091324200913242,0.4292237442922374,109.5
15796,45.2226,-64.37578,7250.0,0.07960199004975124,0.0,0.0,0.04477611940298507,0.0,0.06965174129353234,0.0,0.0,0.0,0.0,0.0,0.0,0.01990049751243781,0.0,0.7860696517412935,100.5
15796,45.2226,-64.37578,8750.0,0.06521739130434782,0.0,0.0,0.021739130434782608,0.0,0.036231884057971016,0.007246376811594203,0.0,0.0,0.0,0.0,0.0,0.007246376811594203,0.0036231884057971015,0.8586956521739131,276.0
15796,45.2226,-64.37578,10250.0,0.04271844660194175,0.0,0.0,0.040776699029126215,0.0,0.07766990291262135,0.003883495145631068,0.0,0.0,0.0,0.0,0.0,0.003883495145631068,0.0,0.8310679611650486,257.5
15796,45.2226,-64.37578,12250.0,0.017921146953405017,0.0,0.0,0.053763440860215055,0.0,0.03225806451612903,0.0035842293906810036,0.0,0.0,0.0,0.0,0.0,0.0035842293906810036,0.0,0.8888888888888888,279.0
15796,45.2226,-64.37578,13250.0,0.02481389578163772,0.004962779156327543,0.0,0.017369727047146403,0.0,0.02977667493796526,0.02481389578163772,0.0,0.0,0.0,0.0,0.0,0.0,0.0,0.8982630272952854,201.5
15796,45.2226,-64.37578,13750.0,0.019688269073010665,0.0,0.0,0.017227235438884332,0.0,0.031173092698933553,0.003281378178835111,0.0,0.0,0.0,0.0,0.0,0.004922067268252666,0.004922067268252666,0.918785890073831,609.5
15904,43.040832,-78.399692,250.0,0.002721673112734565,0.0,0.0011459676264145538,0.07076350093109869,0.035524996418851165,0.07391491190373872,0.20684715656782696,0.06847156567826959,0.06675261423864776,0.05901733276034952,0.03667096404526572,0.03924939120469847,0.006016330038676407,0.0037243947858473,0.32917920068758055,3490.5
15904,43.040832,-78.399692,750.0,0.0009751340809361287,0.0,0.0,0.07167235494880546,0.05850804485616772,0.0780107264748903,0.3315455875182838,0.07606045831301804,0.06825938566552901,0.06630911750365676,0.04290589956118966,0.04680643588493418,0.009751340809361287,0.006825938566552901,0.14236957581667478,1025.5
15904,43.040832,-78.399692,1250.0,0.0007146685724495265,0.0,0.0007146685724495265,0.042344112917634444,0.04359478291942112,0.11220296587457566,0.22083258888690369,0.11506164016437377,0.08218688583169555,0.09147757727353939,0.06503484009290691,0.060032160085760226,0.006432017152045739,0.007146685724495266,0.15222440593174916,1399.25
15904,43.040832,-78.399692,1750.0,0.0012121212121212121,0.0012121212121212121,0.0,0.030303030303030304,0.03636363636363636,0.03636363636363636,0.24363636363636362,0.2,0.05090909090909091,0.09090909090909091,0.05454545454545454,0.07151515151515152,0.0036363636363636364,0.0,0.17939393939393938,825.0
15904,43.040832,-78.399692,2250.0,0.0004885436513752503,0.0,0.0,0.00825638770824173,0.03273242464214177,0.10015144853192633,0.23303532170599442,0.19639454785285065,0.08989203185304606,0.0786555278714153,0.06839611119253505,0.050808539743026036,0.0039083492110020025,0.0,0.13728076603644535,2046.9
15904,43.040832,-78.399692,2750.0,0.0,0.0,0.0,0.006042006329720917,0.029922317061475016,0.10242639301812602,0.17071065503021002,0.22633547520859307,0.08439627889133978,0.1070298264121991,0.04411623669320035,0.0728876954061571,0.00421981394456699,0.00038361944950609,0.15152968255490554,2606.75
15904,43.040832,-78.399692,3250.0,0.0015487068297971194,0.0,0.0006194827319188478,0.0103763357596407,0.016106551029890042,0.10469258169428527,0.19080068143100512,0.20195137060554438,0.07681585875793712,0.09168344432398946,0.056992411336533995,0.07681585875793712,0.0068143100511073255,0.0,0.1647824066904135,1614.25
15904,43.040832,-78.399692,3750.0,0.00024838549428713363,0.0,0.0,0.01366120218579235,0.02185792349726776,0.10134128166915052,0.2290114257327372,0.18777943368107303,0.07401887729756582,0.10134128166915052,0.057625434674615006,0.06805762543467461,0.003477396920019871,0.0,0.14157973174366617,2013.0
15904,43.040832,-78.399692,4250.0,0.0006581112207963146,0.0,0.0013162224415926291,0.009542612701546561,0.017110891740704178,0.12240868706811452,0.1441263573543929,0.2704837117472853,0.07107601184600197,0.09608423823626193,0.03487989470220467,0.08621256992431721,0.011187890753537348,0.0,0.13491280026324448,1519.5
15904,43.040832,-78.399692,4750.0,0.001508485229415462,0.0,0.0,0.013953488372093023,0.015587680703959774,0.07894406033940918,0.24890006285355123,0.199120050282841,0.09050911376492772,0.08698931489629164,0.03519798868636078,0.06084223758642363,0.006536769327467002,0.0,0.1619107479572596,1988.75
15904,43.040832,-78.399692,5250.0,0.0014400576023040922,0.0,0.0,0.00828033121324853,0.0124804992199688,0.07680307212288491,0.1968078723148926,0.22896915876635066,0.06960278411136446,0.11520460818432737,0.0422416896675867,0.07632305292211689,0.004800192007680307,0.0004800192007680307,0.16656666266650666,2083.25
15904,43.040832,-78.399692,5750.0,0.0,0.0,0.0,0.0110941918642593,0.05960408962366761,0.05699369153795954,0.1522732216663041,0.2523384816184468,0.07004568196649989,0.10876658690450294,0.03785077224276702,0.07178594735697194,0.003915597128562106,0.0,0.17533173809005873,2298.5
15904,43.040832,-78.399692,6250.0,0.0005406428243181142,0.0,0.0,0.011164274322169057,0.08704349471521639,0.04108885464817668,0.19138755980861244,0.19517205957883924,0.07677128105317221,0.1216446354715757,0.052982996783175196,0.06001135349931068,0.008650285189089828,0.0,0.15354256210634443,1849.65
15904,43.040832,-78.399692,6750.0,0.00042744176106005556,0.0,0.0,0.010472323145971362,0.06582603120324856,0.025646505663603335,0.12823252831801668,0.2880957469544774,0.048728360760846336,0.1222483436631759,0.02992092327420389,0.06753579824748877,0.0025646505663603335,0.0008548835221201111,0.20944646291942723,1169.75
15904,43.040832,-78.399692,7250.0,0.0002081382037673015,0.0,0.0,0.010302841086481423,0.04703923405141014,0.03246955978769903,0.14694557185971485,0.26433551878447287,0.05286710375689458,0.13362472681860754,0.025809137267145385,0.06868560724320949,0.002497658445207618,0.0,0.21521490269538973,2402.25
15904,43.040832,-78.399692,7750.0,0.000963159162051529,0.0004815795810257645,0.0,0.01709607512641464,0.09198169997592102,0.024078979051288224,0.1603660004815796,0.25668191668673246,0.039971105225138456,0.10931856489284854,0.022634240308210932,0.07657115338309656,0.004815795810257645,0.0004815795810257645,0.19455815073440885,2076.5
15904,43.040832,-78.399692,8250.0,0.001085481682496608,0.0,0.002170963364993216,0.05888738127544098,0.36255088195386703,0.03690637720488467,0.14545454545454545,0.08900949796472185,0.05753052917232022,0.07055630936227951,0.006512890094979647,0.061872455902306646,0.002170963364993216,0.0,0.10529172320217096,921.25
15904,43.040832,-78.399692,8750.0,0.003778337531486146,0.0006297229219143577,0.0,0.12405541561712846,0.14231738035264482,0.0491183879093199,0.33753148614609574,0.015113350125944584,0.07304785894206549,0.05793450881612091,0.010075566750629723,0.04030226700251889,0.0025188916876574307,0.0,0.14357682619647355,794.0
15904,43.040832,-78.399692,9250.0,0.0010526315789473684,0.00631578947368421,0.004210526315789474,0.1736842105263158,0.04631578947368421,0.08421052631578947,0.30736842105263157,0.00631578947368421,0.07789473684210527,0.05052631578947368,0.008421052631578947,0.037894736842105266,0.004210526315789474,0.0,0.19157894736842104,475.0
15904,43.040832,-78.399692,9750.0,0.0,0.0023894862604540022,0.0023894862604540022,0.31660692951015534,0.02867383512544803,0.0908004778972521,0.2891278375149343,0.0023894862604540022,0.052568697729988054,0.05017921146953405,0.0047789725209080045,0.014336917562724014,0.0023894862604540022,0.0047789725209080045,0.13859020310633213,418.5
15904,43.040832,-78.399692,10250.0,0.004527447651386531,0.011318619128466326,0.006791171477079796,0.22693831352574986,0.014714204867006225,0.15053763440860216,0.2920203735144312,0.003395585738539898,0.0588568194680249,0.07017543859649122,0.003395585738539898,0.02490096208262592,0.0,0.0011318619128466328,0.13129598189020938,883.5
15904,43.040832,-78.399692,11250.0,0.026604973973395025,0.03007518796992481,0.016194331983805668,0.23076923076923078,0.01156737998843262,0.15731636784268363,0.13186813186813187,0.002313475997686524,0.06477732793522267,0.06940427993059572,0.002313475997686524,0.027761711972238288,0.004626951995373048,0.04626951995373048,0.17813765182186234,432.25
15904,43.040832,-78.399692,11750.0,0.12247738343771747,0.015309672929714684,0.05288796102992345,0.2303409881697982,0.011134307585247043,0.04453723034098817,0.15866388308977036,0.0,0.06402226861517049,0.05288796102992345,0.0027835768963117608,0.022268615170494086,0.011134307585247043,0.05010438413361169,0.16144745998608212,359.25
15904,43.040832,-78.399692,12250.0,0.43810952738184544,0.006001500375093774,0.03900975243810953,0.1177794448612153,0.012003000750187547,0.06301575393848462,0.07201800450112528,0.0,0.012003000750187547,0.030007501875468866,0.0,0.003000750187546887,0.030007501875468866,0.03600900225056264,0.14103525881470366,333.25
15904,43.040832,-78.399692,12750.0,0.48931942374565324,0.006954793840039742,0.03378042722305018,0.08246398410332836,0.006954793840039742,0.020864381520119227,0.07153502235469449,0.0,0.022851465474416296,0.011922503725782414,0.0009935419771485345,0.003974167908594138,0.01788375558867362,0.03676105315449578,0.19374068554396423,1006.5
15904,43.040832,-78.399692,13250.0,0.4742729306487696,0.0022371364653243847,0.0044742729306487695,0.042505592841163314,0.0,0.011185682326621925,0.116331096196868,0.0044742729306487695,0.03355704697986577,0.008948545861297539,0.0022371364653243847,0.0,0.0,0.011185682326621925,0.28859060402684567,447.0
15904,43.040832,-78.399692,13750.0,0.28874172185430463,0.006054872280037843,0.0015137180700094607,0.03462630085146642,0.0,0.03254493850520341,0.09309366130558183,0.0,0.049952696310312204,0.007568590350047304,0.002270577105014191,0.007568590350047304,0.008325449385052034,0.006811731315042573,0.4609271523178808,1321.25
15904,43.040832,-78.399692,14250.0,0.19594219010561423,0.0016675931072818232,0.0022234574763757642,0.07031684269038355,0.0,0.06392440244580322,0.12951639799888828,0.0005558643690939411,0.033351862145636464,0.008893829905503057,0.0011117287381878821,0.007782101167315175,0.016675931072818232,0.012784880489160644,0.45525291828793774,1799.0
15904,43.040832,-78.399692,14750.0,0.25699862322166134,0.0018357044515832951,0.0,0.07664066085360258,0.0,0.05507113354749885,0.06608536025699863,0.0,0.01101422670949977,0.01101422670949977,0.0,0.01101422670949977,0.020192748967416244,0.016521340064249657,0.47361174850849014,544.75
15982,45.389554,-79.21705800000001,250.0,0.04302788844621514,0.01752988047808765,0.0015936254980079682,0.1346613545816733,0.14661354581673305,0.3633466135458167,0.04302788844621514,0.0350597609561753,0.02549800796812749,0.030278884462151396,0.0015936254980079682,0.04143426294820717,0.01752988047808765,0.00796812749003984,0.09083665338645418,627.5
15982,45.389554,-79.21705800000001,750.0,0.028869286287089013,0.0048115477145148355,0.0048115477145148355,0.08259823576583801,0.23255813953488372,0.3191659983961508,0.03688853247794707,0.10104250200481155,0.01603849238171612,0.04170008019246191,0.0,0.04170008019246191,0.012830793905372895,0.009623095429029671,0.0673616680032077,623.5
15982,45.389554,-79.21705800000001,1250.0,0.030911901081916538,0.0,0.0030911901081916537,0.10973724884080371,0.26275115919629055,0.2874806800618238,0.05564142194744977,0.09582689335394126,0.0,0.030911901081916538,0.0,0.07727975270479134,0.0061823802163833074,0.0030911901081916537,0.03709428129829984,323.5
15982,45.389554,-79.21705800000001,1750.0,0.04074702886247878,0.013582342954159592,0.003395585738539898,0.0933786078098472,0.15619694397283532,0.38030560271646857,0.04753820033955857,0.08488964346349745,0.003395585738539898,0.044142614601018676,0.0,0.06451612903225806,0.02037351443123939,0.006791171477079796,0.04074702886247878,294.5
15982,45.389554,-79.21705800000001,2250.0,0.018018018018018018,0.014414414414414415,0.0,0.10990990990990991,0.21981981981981982,0.3207207207207207,0.032432432432432434,0.06486486486486487,0.021621621621621623,0.04684684684684685,0.0,0.07567567567567568,0.021621621621621623,0.014414414414414415,0.03963963963963964,277.5
15982,45.389554,-79.21705800000001,2750.0,0.055970149253731345,0.03731343283582089,0.007462686567164179,0.14925373134328357,0.13432835820895522,0.3358208955223881,0.026119402985074626,0.07462686567164178,0.007462686567164179,0.022388059701492536,0.0037313432835820895,0.08208955223880597,0.011194029850746268,0.0037313432835820895,0.048507462686567165,268.0
15982,45.389554,-79.21705800000001,3250.0,0.039603960396039604,0.00825082508250825,0.0,0.19801980198019803,0.057755775577557754,0.3811881188118812,0.0297029702970297,0.08085808580858085,0.013201320132013201,0.0429042904290429,0.0049504950495049506,0.057755775577557754,0.0297029702970297,0.0,0.056105610561056105,606.0
15982,45.389554,-79.21705800000001,3750.0,0.022641509433962263,0.026415094339622643,0.0037735849056603774,0.2339622641509434,0.03773584905660377,0.33962264150943394,0.1018867924528302,0.06037735849056604,0.007547169811320755,0.04150943396226415,0.0037735849056603774,0.045283018867924525,0.011320754716981131,0.0037735849056603774,0.06037735849056604,265.0
15982,45.389554,-79.21705800000001,4250.0,0.012195121951219513,0.006775067750677507,0.0040650406504065045,0.17073170731707318,0.11924119241192412,0.44715447154471544,0.0921409214092141,0.014905149051490514,0.006775067750677507,0.03116531165311653,0.0013550135501355014,0.028455284552845527,0.017615176151761516,0.0,0.04742547425474255,738.0
15982,45.389554,-79.21705800000001,4750.0,0.030969845150774247,0.011409942950285249,0.0032599837000814994,0.17033414832925836,0.17440912795436023,0.3439282803585982,0.06845965770171149,0.035859820700896494,0.014669926650366748,0.014669926650366748,0.0016299918500407497,0.040749796251018745,0.013039934800325998,0.0016299918500407497,0.07497962510187449,613.5
15982,45.389554,-79.21705800000001,5250.0,0.03900709219858156,0.0070921985815602835,0.0035460992907801418,0.1879432624113475,0.09219858156028368,0.2978723404255319,0.09219858156028368,0.08865248226950355,0.014184397163120567,0.024822695035460994,0.0035460992907801418,0.09929078014184398,0.010638297872340425,0.0070921985815602835,0.031914893617021274,282.0
15982,45.389554,-79.21705800000001,5750.0,0.018292682926829267,0.01524390243902439,0.003048780487804878,0.24085365853658536,0.054878048780487805,0.36890243902439024,0.06707317073170732,0.06097560975609756,0.021341463414634148,0.027439024390243903,0.0,0.06707317073170732,0.018292682926829267,0.0,0.036585365853658534,328.0
15982,45.389554,-79.21705800000001,6250.0,0.02972027972027972,0.0034965034965034965,0.0017482517482517483,0.2534965034965035,0.1590909090909091,0.3181818181818182,0.08566433566433566,0.026223776223776224,0.013986013986013986,0.024475524475524476,0.0,0.027972027972027972,0.013986013986013986,0.0034965034965034965,0.038461538461538464,572.0
15982,45.389554,-79.21705800000001,6750.0,0.05695687550854353,0.014646053702196907,0.0016273393002441008,0.5199349064279902,0.03742880390561432,0.177379983726607,0.06997558991049634,0.009764035801464606,0.006509357200976403,0.01627339300244101,0.004882017900732303,0.006509357200976403,0.011391375101708706,0.0,0.06672091131000814,614.5
15982,45.389554,-79.21705800000001,7250.0,0.05166846071044134,0.008611410118406888,0.0,0.6275565123789021,0.002152852529601722,0.13132400430570507,0.06673842841765339,0.0,0.006458557588805167,0.023681377825618945,0.0,0.0,0.021528525296017224,0.0,0.060279870828848225,464.5
15982,45.389554,-79.21705800000001,7750.0,0.027210884353741496,0.022675736961451247,0.009070294784580499,0.42403628117913833,0.0045351473922902496,0.272108843537415,0.05895691609977324,0.009070294784580499,0.013605442176870748,0.031746031746031744,0.0045351473922902496,0.0045351473922902496,0.045351473922902494,0.0045351473922902496,0.06802721088435375,220.5
15982,45.389554,-79.21705800000001,8250.0,0.053646269907795474,0.020117351215423303,0.0016764459346186086,0.46353730092204526,0.003352891869237217,0.2715842414082146,0.07041072925398156,0.0,0.015088013411567477,0.018440905280804692,0.0,0.0016764459346186086,0.003352891869237217,0.003352891869237217,0.07376362112321877,596.5
15982,45.389554,-79.21705800000001,8750.0,0.16988416988416988,0.005148005148005148,0.0,0.12483912483912483,0.01287001287001287,0.19305019305019305,0.06435006435006435,0.0,0.03346203346203346,0.059202059202059204,0.005148005148005148,0.0,0.015444015444015444,0.0,0.3166023166023166,388.5
15982,45.389554,-79.21705800000001,9250.0,0.08372093023255814,0.0,0.0,0.10232558139534884,0.0,0.12558139534883722,0.037209302325581395,0.0,0.0,0.013953488372093023,0.0,0.0,0.018604651162790697,0.0,0.6186046511627907,215.0
15982,45.389554,-79.21705800000001,9750.0,0.2063305978898007,0.0031262211801484957,0.0015631105900742479,0.10902696365767878,0.0015631105900742479,0.10238374364986323,0.11019929660023446,0.0007815552950371239,0.007033997655334115,0.01875732708089097,0.01016021883548261,0.0023446658851113715,0.012504884720593983,0.009378663540445486,0.4048456428292302,1279.5
15982,45.389554,-79.21705800000001,10250.0,0.24887556221889057,0.026986506746626688,0.005997001499250375,0.1454272863568216,0.0,0.07496251874062969,0.10794602698650675,0.0,0.008995502248875561,0.041979010494752625,0.008995502248875561,0.0,0.005997001499250375,0.008995502248875561,0.3148425787106447,333.5
16081,45.669686,-62.611752,250.0,0.14327772325809618,0.033366045142296366,0.009813542688910697,0.11678115799803729,0.155053974484789,0.30618253189401373,0.029440628066732092,0.0,0.005888125613346418,0.009813542688910697,0.0,0.017664376840039256,0.04121687929342493,0.011776251226692836,0.1197252208047105,509.5
16081,45.669686,-62.611752,750.0,0.07192807192807193,0.017982017982017984,0.003996003996003996,0.16683316683316685,0.26973026973026976,0.36563436563436563,0.013986013986013986,0.0,0.011988011988011988,0.001998001998001998,0.0,0.013986013986013986,0.023976023976023976,0.001998001998001998,0.03596403596403597,500.5
16081,45.669686,-62.611752,1250.0,0.0935672514619883,0.03898635477582846,0.001949317738791423,0.1617933723196881,0.20077972709551656,0.3937621832358674,0.017543859649122806,0.0,0.01949317738791423,0.001949317738791423,0.0,0.01364522417153996,0.023391812865497075,0.0,0.03313840155945419,513.0
16081,45.669686,-62.611752,1750.0,0.09288537549407115,0.037549407114624504,0.001976284584980237,0.1442687747035573,0.16403162055335968,0.40711462450592883,0.015810276679841896,0.0,0.019762845849802372,0.005928853754940711,0.0,0.025691699604743084,0.03557312252964427,0.0,0.04940711462450593,506.0
16081,45.669686,-62.611752,2250.0,0.05213764337851929,0.016684045881126174,0.0,0.1553701772679875,0.2273201251303441,0.4233576642335766,0.010427528675703858,0.0,0.014598540145985401,0.008342022940563087,0.0,0.029197080291970802,0.022940563086548488,0.008342022940563087,0.03128258602711158,479.5
16081,45.669686,-62.611752,2750.0,0.026156941649899398,0.01006036217303823,0.0,0.09859154929577464,0.30985915492957744,0.4245472837022133,0.022132796780684104,0.0,0.028169014084507043,0.002012072434607646,0.002012072434607646,0.004024144869215292,0.014084507042253521,0.004024144869215292,0.05432595573440644,497.0
16081,45.669686,-62.611752,3250.0,0.015670910871694418,0.005876591576885406,0.0,0.14201762977473065,0.23702252693437806,0.4642507345739471,0.050930460333006855,0.0,0.015670910871694418,0.0039177277179236044,0.0019588638589618022,0.011753183153770812,0.025465230166503428,0.0019588638589618022,0.023506366307541625,510.5
16081,45.669686,-62.611752,3750.0,0.0411522633744856,0.012345679012345678,0.0,0.25925925925925924,0.1646090534979424,0.3786008230452675,0.08641975308641975,0.0,0.01646090534979424,0.0,0.0,0.00411522633744856,0.0,0.0,0.037037037037037035,243.0
16081,45.669686,-62.611752,4250.0,0.014427412082957619,0.012623985572587917,0.0,0.12894499549143373,0.09918845807033363,0.4688908926961226,0.1532912533814247,0.0,0.025247971145175834,0.0036068530207394047,0.0,0.014427412082957619,0.027051397655545536,0.007213706041478809,0.04508566275924256,554.5
16081,45.669686,-62.611752,4750.0,0.010434782608695653,0.017391304347826087,0.0,0.16869565217391305,0.10086956521739131,0.5252173913043479,0.11478260869565217,0.0,0.01391304347826087,0.0034782608695652175,0.0,0.020869565217391306,0.010434782608695653,0.0,0.01391304347826087,287.5
16081,45.669686,-62.611752,5250.0,0.025565388397246803,0.011799410029498525,0.0,0.2605703048180924,0.06096361848574238,0.4326450344149459,0.12389380530973451,0.0,0.017699115044247787,0.007866273352999017,0.0,0.021632251720747297,0.01376597836774828,0.0,0.02359882005899705,508.5
16081,45.669686,-62.611752,5750.0,0.011583011583011582,0.0,0.0,0.16988416988416988,0.29343629343629346,0.3436293436293436,0.05405405405405406,0.0,0.007722007722007722,0.003861003861003861,0.0,0.007722007722007722,0.04633204633204633,0.007722007722007722,0.05405405405405406,259.0
16081,45.669686,-62.611752,6250.0,0.010080645161290322,0.004032258064516129,0.0,0.2217741935483871,0.2661290322580645,0.3165322580645161,0.07459677419354839,0.0,0.018145161290322582,0.0,0.0,0.004032258064516129,0.034274193548387094,0.010080645161290322,0.04032258064516129,496.0
16081,45.669686,-62.611752,6750.0,0.011472275334608031,0.0076481835564053535,0.0038240917782026767,0.2734225621414914,0.13001912045889102,0.32122370936902483,0.07648183556405354,0.0,0.030592734225621414,0.015296367112810707,0.0,0.011472275334608031,0.05736137667304015,0.011472275334608031,0.0497131931166348,261.5
16081,45.669686,-62.611752,7250.0,0.026282853566958697,0.008760951188986232,0.0012515644555694619,0.3692115143929912,0.1902377972465582,0.18272841051314143,0.07133917396745933,0.0037546933667083854,0.028785982478097622,0.0037546933667083854,0.0,0.0050062578222778474,0.052565707133917394,0.0012515644555694619,0.05506883604505632,799.0
16081,45.669686,-62.611752,7750.0,0.0471976401179941,0.015732546705998034,0.003933136676499509,0.36283185840707965,0.27925270403146507,0.13176007866273354,0.0688298918387414,0.0,0.015732546705998034,0.01376597836774828,0.0,0.0019665683382497543,0.025565388397246803,0.0058997050147492625,0.02753195673549656,508.5
16081,45.669686,-62.611752,8250.0,0.035955056179775284,0.035955056179775284,0.0044943820224719105,0.36179775280898874,0.02247191011235955,0.19325842696629214,0.20674157303370785,0.0,0.02247191011235955,0.02696629213483146,0.0,0.008988764044943821,0.017977528089887642,0.0044943820224719105,0.058426966292134834,222.5
16081,45.669686,-62.611752,8750.0,0.11131725417439703,0.01855287569573284,0.0074211502782931356,0.2541743970315399,0.011131725417439703,0.2857142857142857,0.11873840445269017,0.0,0.014842300556586271,0.011131725417439703,0.0,0.0037105751391465678,0.08163265306122448,0.03710575139146568,0.04452690166975881,269.5
16081,45.669686,-62.611752,9250.0,0.15584415584415584,0.047225501770956316,0.009445100354191263,0.3907910271546635,0.0023612750885478157,0.21251475796930341,0.0590318772136954,0.0,0.025974025974025976,0.011806375442739079,0.0,0.0023612750885478157,0.0448642266824085,0.009445100354191263,0.02833530106257379,423.5
16081,45.669686,-62.611752,9750.0,0.14132762312633834,0.034261241970021415,0.017130620985010708,0.3576017130620985,0.0,0.26552462526766596,0.034261241970021415,0.0,0.004282655246252677,0.004282655246252677,0.0,0.0,0.07708779443254818,0.017130620985010708,0.047109207708779445,233.5
16081,45.669686,-62.611752,10250.0,0.024330900243309004,0.009732360097323601,0.004866180048661801,0.5328467153284672,0.0,0.29683698296836986,0.0340632603406326,0.0,0.004866180048661801,0.004866180048661801,0.0,0.0,0.009732360097323601,0.038929440389294405,0.038929440389294405,205.5
16081,45.669686,-62.611752,10750.0,0.291044776119403,0.048507462686567165,0.022388059701492536,0.13432835820895522,0.0,0.332089552238806,0.014925373134328358,0.0,0.0037313432835820895,0.007462686567164179,0.0,0.0,0.033582089552238806,0.048507462686567165,0.06343283582089553,268.0
16081,45.669686,-62.611752,11750.0,0.397212543554007,0.0313588850174216,0.013937282229965157,0.09059233449477352,0.003484320557491289,0.30662020905923343,0.027874564459930314,0.0,0.003484320557491289,0.0,0.006968641114982578,0.0,0.013937282229965157,0.010452961672473868,0.09407665505226481,287.0
16081,45.669686,-62.611752,12250.0,0.22036727879799667,0.00333889816360601,0.00667779632721202,0.035058430717863104,0.0,0.5275459098497496,0.00333889816360601,0.0,0.0,0.00333889816360601,0.00333889816360601,0.0,0.02003338898163606,0.02671118530884808,0.15025041736227046,299.5
16081,45.669686,-62.611752,12750.0,0.2650988776055585,0.006413682522715126,0.006413682522715126,0.04436130411544629,0.0,0.33564938535542493,0.018172100481026188,0.0,0.00427578834847675,0.005344735435595938,0.0,0.002137894174238375,0.036344200962052375,0.03527525387493319,0.24051309460181722,935.5
16081,45.669686,-62.611752,13250.0,0.06770255271920089,0.0022197558268590455,0.0,0.0732519422863485,0.0011098779134295228,0.24084350721420644,0.003329633740288568,0.0,0.0,0.0011098779134295228,0.0,0.0,0.05549389567147614,0.0011098779134295228,0.5538290788013318,901.0
16081,45.669686,-62.611752,13750.0,0.06889564336372847,0.004052684903748734,0.0,0.06180344478216818,0.0,0.160081053698075,0.0060790273556231,0.0,0.0,0.004052684903748734,0.0,0.0,0.05876393110435663,0.004052684903748734,0.6322188449848024,493.5
16081,45.669686,-62.611752,14250.0,0.26270733012306047,0.002140181915462814,0.0,0.06313536650615302,0.0,0.18298555377207062,0.006420545746388443,0.0,0.0005350454788657035,0.001070090957731407,0.0,0.0,0.03210272873194221,0.04601391118245051,0.4028892455858748,1869.0
16081,45.669686,-62.611752,14750.0,0.06019513808500083,0.002315197618653878,0.0,0.07359021002149826,0.0,0.2070448156110468,0.023813461220439886,0.0,0.0029766826525549858,0.002315197618653878,0.000330742516950554,0.0,0.007937820406813297,0.08334711427153961,0.536133619976848,3023.5
16103,44.97536,-62.09149,250.0,0.34309623430962344,0.199442119944212,0.001394700139470014,0.05299860529986053,0.03207810320781032,0.20223152022315202,0.01813110181311018,0.012552301255230125,0.005578800557880056,0.001394700139470014,0.001394700139470014,0.002789400278940028,0.05439330543933055,0.0,0.07252440725244072,717.0
16103,44.97536,-62.09149,750.0,0.2598870056497175,0.13882163034705408,0.008071025020177562,0.06860371267150928,0.07102502017756256,0.3163841807909605,0.024213075060532687,0.03712671509281679,0.003228410008071025,0.0016142050040355124,0.003228410008071025,0.004842615012106538,0.02744148506860371,0.0016142050040355124,0.03389830508474576,619.5
16103,44.97536,-62.09149,1250.0,0.14507299270072993,0.11815693430656934,0.010492700729927007,0.038777372262773724,0.05748175182481752,0.45757299270072993,0.03375912408759124,0.055656934306569344,0.006386861313868613,0.0009124087591240876,0.0004562043795620438,0.006386861313868613,0.027828467153284672,0.0013686131386861315,0.03968978102189781,2192.0
16103,44.97536,-62.09149,1750.0,0.11220657276995305,0.12018779342723004,0.007511737089201878,0.054460093896713614,0.0676056338028169,0.4751173708920188,0.03004694835680751,0.04835680751173709,0.006572769953051643,0.003755868544600939,0.00046948356807511736,0.007042253521126761,0.02863849765258216,0.005164319248826291,0.03286384976525822,2130.0
16103,44.97536,-62.09149,2250.0,0.1113997113997114,0.10216450216450217,0.00808080808080808,0.07128427128427128,0.05367965367965368,0.470995670995671,0.042712842712842716,0.04040404040404041,0.013275613275613276,0.005194805194805195,0.0005772005772005772,0.006926406926406926,0.03347763347763348,0.00404040404040404,0.03578643578643579,1732.5
16103,44.97536,-62.09149,2750.0,0.06632213608957795,0.06976744186046512,0.0034453057708871662,0.04823428079242033,0.05857019810508183,0.5615848406546081,0.03789836347975883,0.04392764857881137,0.009474590869939707,0.0034453057708871662,0.0,0.0103359173126615,0.037037037037037035,0.002583979328165375,0.047372954349698536,1161.0
16103,44.97536,-62.09149,3250.0,0.06796657381615599,0.04902506963788301,0.003342618384401114,0.05403899721448468,0.06350974930362117,0.6194986072423398,0.03899721448467967,0.03676880222841226,0.012256267409470752,0.0011142061281337048,0.0011142061281337048,0.006685236768802228,0.0233983286908078,0.0011142061281337048,0.02116991643454039,897.5
16103,44.97536,-62.09149,3750.0,0.09216101694915255,0.0646186440677966,0.00423728813559322,0.06779661016949153,0.05296610169491525,0.565677966101695,0.05296610169491525,0.023305084745762712,0.00847457627118644,0.001059322033898305,0.0,0.00423728813559322,0.03283898305084746,0.0,0.029661016949152543,944.0
16103,44.97536,-62.09149,4250.0,0.09022556390977443,0.039097744360902256,0.0015037593984962407,0.1037593984962406,0.03458646616541353,0.58796992481203,0.061654135338345864,0.013533834586466165,0.0030075187969924814,0.0,0.0,0.0030075187969924814,0.021052631578947368,0.0015037593984962407,0.039097744360902256,665.0
16103,44.97536,-62.09149,4750.0,0.08052708638360176,0.036603221083455345,0.0014641288433382138,0.11566617862371889,0.036603221083455345,0.6002928257686676,0.055636896046852125,0.0029282576866764276,0.007320644216691069,0.0,0.0,0.004392386530014641,0.020497803806734993,0.0029282576866764276,0.03513909224011713,683.0
16103,44.97536,-62.09149,5250.0,0.05686433793663688,0.012997562956945572,0.00974817221770918,0.12103980503655565,0.1397238017871649,0.5134037367993501,0.06498781478472786,0.006498781478472786,0.00974817221770918,0.0,0.0,0.00487408610885459,0.017871649065800164,0.0016246953696181965,0.04061738424045491,615.5
16103,44.97536,-62.09149,5750.0,0.0507185122569738,0.0033812341504649195,0.0016906170752324597,0.16314454775993237,0.35672020287404904,0.2789518174133559,0.0507185122569738,0.00507185122569738,0.0033812341504649195,0.00507185122569738,0.0,0.00507185122569738,0.0338123415046492,0.00507185122569738,0.037193575655114115,591.5
16103,44.97536,-62.09149,6250.0,0.13268608414239483,0.012944983818770227,0.003236245954692557,0.16181229773462782,0.18122977346278318,0.29449838187702265,0.0970873786407767,0.003236245954692557,0.012944983818770227,0.0,0.0,0.006472491909385114,0.042071197411003236,0.006472491909385114,0.045307443365695796,309.0
16103,44.97536,-62.09149,6750.0,0.16283185840707964,0.02831858407079646,0.007079646017699115,0.21415929203539824,0.23008849557522124,0.1911504424778761,0.04247787610619469,0.007079646017699115,0.01415929203539823,0.017699115044247787,0.0,0.007079646017699115,0.03893805309734513,0.0035398230088495575,0.035398230088495575,282.5
16103,44.97536,-62.09149,7250.0,0.14536340852130325,0.020050125313283207,0.013366750208855471,0.3316624895572264,0.06683375104427736,0.1821219715956558,0.15371762740183792,0.003341687552213868,0.00835421888053467,0.010025062656641603,0.0,0.001670843776106934,0.01670843776106934,0.003341687552213868,0.04344193817878028,598.5
16103,44.97536,-62.09149,7750.0,0.18425460636515914,0.023450586264656615,0.01340033500837521,0.25963149078726966,0.006700167504187605,0.288107202680067,0.09045226130653267,0.0,0.0,0.0033500837520938024,0.0,0.0033500837520938024,0.07035175879396985,0.0,0.05695142378559464,298.5
16103,44.97536,-62.09149,8250.0,0.153125,0.03125,0.0125,0.3125,0.025,0.2375,0.1625,0.003125,0.003125,0.0,0.0,0.003125,0.01875,0.0,0.0375,320.0
16103,44.97536,-62.09149,8750.0,0.17682926829268292,0.03353658536585366,0.012195121951219513,0.29573170731707316,0.03353658536585366,0.24695121951219512,0.07317073170731707,0.003048780487804878,0.006097560975609756,0.009146341463414634,0.003048780487804878,0.0,0.036585365853658534,0.0,0.0701219512195122,328.0
16103,44.97536,-62.09149,9250.0,0.14814814814814814,0.06046863189720333,0.009070294784580499,0.15041572184429328,0.006046863189720333,0.3960695389266818,0.0801209372637944,0.0,0.015117157974300832,0.016628873771730914,0.0,0.007558578987150416,0.039304610733182165,0.0,0.0710506424792139,661.5
16103,44.97536,-62.09149,9750.0,0.21061792863359444,0.031331592689295036,0.031331592689295036,0.08616187989556136,0.0017406440382941688,0.4247171453437772,0.08181026979982593,0.0,0.006962576153176675,0.006962576153176675,0.0,0.0017406440382941688,0.0278503046127067,0.0034812880765883376,0.08529155787641428,574.5
16103,44.97536,-62.09149,10250.0,0.10077519379844961,0.007751937984496124,0.031007751937984496,0.050387596899224806,0.003875968992248062,0.5503875968992248,0.050387596899224806,0.0,0.003875968992248062,0.011627906976744186,0.0,0.003875968992248062,0.027131782945736434,0.007751937984496124,0.1511627906976744,258.0
16103,44.97536,-62.09149,10750.0,0.11706349206349206,0.00992063492063492,0.03968253968253968,0.057539682539682536,0.003968253968253968,0.3948412698412698,0.07936507936507936,0.0,0.00992063492063492,0.005952380952380952,0.0,0.001984126984126984,0.015873015873015872,0.005952380952380952,0.25793650793650796,504.0
16103,44.97536,-62.09149,11250.0,0.155668358714044,0.00676818950930626,0.0,0.09644670050761421,0.0,0.20304568527918782,0.08460236886632826,0.0,0.023688663282571912,0.00338409475465313,0.00338409475465313,0.00338409475465313,0.0338409475465313,0.02030456852791878,0.36548223350253806,295.5
16103,44.97536,-62.09149,11750.0,0.052556818181818184,0.002840909090909091,0.0,0.06818181818181818,0.0,0.2840909090909091,0.007102272727272727,0.0,0.002840909090909091,0.002840909090909091,0.0,0.0,0.05539772727272727,0.002840909090909091,0.5213068181818182,704.0
16103,44.97536,-62.09149,12250.0,0.061930783242258654,0.0,0.0,0.060109289617486336,0.0,0.16757741347905283,0.0,0.0,0.0,0.0036429872495446266,0.0,0.0036429872495446266,0.08378870673952642,0.0,0.6193078324225865,274.5
16103,44.97536,-62.09149,12750.0,0.08080808080808081,0.00202020202020202,0.0,0.06464646464646465,0.0,0.2222222222222222,0.006060606060606061,0.0,0.00202020202020202,0.0,0.00202020202020202,0.0,0.00808080808080808,0.00202020202020202,0.6101010101010101,495.0
16103,44.97536,-62.09149,13250.0,0.07985480943738657,0.003629764065335753,0.0,0.0998185117967332,0.0,0.12341197822141561,0.029038112522686024,0.0,0.003629764065335753,0.0,0.0,0.0,0.025408348457350273,0.003629764065335753,0.631578947368421,275.5
16103,44.97536,-62.09149,13750.0,0.04897959183673469,0.0,0.0,0.1836734693877551,0.0,0.10612244897959183,0.0,0.0,0.0,0.0,0.0,0.0,0.17142857142857143,0.0,0.4897959183673469,122.5
16129,42.78668,-88.84614,250.0,0.0019169329073482429,0.0,0.0134185303514377,0.02939297124600639,0.0019169329073482429,0.019169329073482427,0.3073482428115016,0.0,0.012140575079872205,0.015335463258785943,0.0134185303514377,0.005750798722044728,0.003194888178913738,0.0,0.576996805111821,1565.0
16129,42.78668,-88.84614,750.0,0.0032232070910556,0.0,0.008058017727639,0.0265914585012087,0.0,0.0136986301369863,0.29411764705882354,0.0032232070910556,0.0064464141821112,0.009669621273166801,0.010475423045930701,0.0040290088638195,0.004834810636583401,0.0016116035455278,0.6140209508460919,1241.0
16129,42.78668,-88.84614,1250.0,0.0006544502617801048,0.0,0.004581151832460733,0.0412303664921466,0.003926701570680628,0.025523560209424083,0.46465968586387435,0.0006544502617801048,0.014397905759162303,0.01963350785340314,0.015706806282722512,0.006544502617801047,0.006544502617801047,0.0,0.3959424083769634,1528.0
16129,42.78668,-88.84614,1750.0,0.0,0.0,0.0015760441292356187,0.019700551615445233,0.0007880220646178094,0.016548463356973995,0.30260047281323876,0.004728132387706856,0.003940110323089046,0.014184397163120567,0.009456264775413711,0.006304176516942475,0.0007880220646178094,0.0,0.6193853427895981,1269.0
16129,42.78668,-88.84614,2250.0,0.0006408202499198974,0.0,0.0,0.022108298622236462,0.0,0.009612303748798462,0.3287407882089074,0.0,0.00256328099967959,0.014738865748157642,0.012175584748478052,0.003844921499519385,0.00768984299903877,0.0,0.5978852931752643,1560.5
16129,42.78668,-88.84614,2750.0,0.0008058017727639,0.0,0.0,0.023368251410153102,0.0008058017727639,0.0136986301369863,0.28364222401289285,0.0016116035455278,0.004834810636583401,0.010475423045930701,0.011281224818694601,0.0016116035455278,0.012087026591458501,0.0,0.6357775987107172,1241.0
16129,42.78668,-88.84614,3250.0,0.0031746031746031746,0.0,0.0019047619047619048,0.02857142857142857,0.0006349206349206349,0.010793650793650795,0.3568253968253968,0.0,0.006349206349206349,0.017142857142857144,0.015238095238095238,0.0019047619047619048,0.005714285714285714,0.0,0.5517460317460318,1575.0
16129,42.78668,-88.84614,3750.0,0.0032733224222585926,0.0,0.0,0.024549918166939442,0.0,0.008183306055646482,0.34779050736497547,0.004091653027823241,0.006546644844517185,0.016366612111292964,0.008183306055646482,0.0024549918166939444,0.0024549918166939444,0.0,0.5761047463175123,1222.0
16129,42.78668,-88.84614,4250.0,0.0020107238605898124,0.0,0.0,0.0388739946380697,0.0020107238605898124,0.015415549597855228,0.5630026809651475,0.0,0.006702412868632708,0.02613941018766756,0.02546916890080429,0.003351206434316354,0.010723860589812333,0.0,0.3063002680965147,1492.0
16129,42.78668,-88.84614,4750.0,0.0028530670470756064,0.00047551117451260106,0.0,0.05230622919638612,0.00047551117451260106,0.012363290537327628,0.5882073228720875,0.0009510223490252021,0.009510223490252021,0.03233475986685687,0.03138373751783167,0.006657156443176415,0.009510223490252021,0.0,0.25297194484070373,2103.0
16129,42.78668,-88.84614,5250.0,0.0028149190710767065,0.0,0.0,0.04902650715458597,0.0009383063570255688,0.00844475721323012,0.6056767534600047,0.0018766127140511376,0.009383063570255689,0.031433262960356555,0.021581046211588083,0.00750645085620455,0.00750645085620455,0.0004691531785127844,0.2533427163969036,2131.5
16129,42.78668,-88.84614,5750.0,0.0013513513513513514,0.0,0.0006756756756756757,0.03648648648648649,0.0,0.005405405405405406,0.6047297297297297,0.0,0.011486486486486487,0.06621621621621622,0.01756756756756757,0.010135135135135136,0.00945945945945946,0.0,0.23648648648648649,1480.0
16129,42.78668,-88.84614,6250.0,0.0008064516129032258,0.0,0.0,0.04435483870967742,0.0,0.0064516129032258064,0.5435483870967742,0.0016129032258064516,0.004032258064516129,0.12096774193548387,0.027419354838709678,0.014516129032258065,0.0064516129032258064,0.0,0.22983870967741934,1240.0
16129,42.78668,-88.84614,6750.0,0.009637006103437198,0.0,0.0,0.037584323803405074,0.00064246707356248,0.012849341471249599,0.4400899453902987,0.00064246707356248,0.00513973658849984,0.16511403790555734,0.03662062319306136,0.007709604882749759,0.00513973658849984,0.0,0.2788307099261163,1556.5
16129,42.78668,-88.84614,7250.0,0.007107709130672498,0.0005467468562055768,0.0010934937124111536,0.04155276107162384,0.0005467468562055768,0.013121924548933843,0.4669218151995626,0.0,0.012575177692728267,0.10005467468562056,0.022963367960634227,0.01038819026790596,0.007107709130672498,0.0,0.3160196828868234,1829.0
16129,42.78668,-88.84614,7750.0,0.014732965009208104,0.00046040515653775324,0.0,0.05294659300184162,0.0,0.0055248618784530384,0.457182320441989,0.0,0.006445672191528545,0.10082872928176796,0.019337016574585635,0.007366482504604052,0.004604051565377533,0.0,0.3305709023941068,2172.0
16129,42.78668,-88.84614,8250.0,0.03170902308230357,0.0009326183259501049,0.004196782466775472,0.08789927722079739,0.00046630916297505244,0.0284448589414782,0.3786430403357426,0.0,0.0186523665190021,0.1137794357659128,0.021450221496852412,0.008859874096525997,0.005129400792725577,0.0,0.29983679179295875,2144.5
16129,42.78668,-88.84614,8750.0,0.007572570466975179,0.0008413967185527977,0.0,0.05931846865797223,0.0,0.013462347496844763,0.503155237694573,0.0,0.011779554059739168,0.10012620950778292,0.027766091712242324,0.006731173748422381,0.0016827934371055953,0.0,0.26756415649978965,1188.5
16129,42.78668,-88.84614,9250.0,0.03907946157186279,0.0017368649587494573,0.0,0.08033000434216239,0.0,0.03473729917498915,0.37776812852800695,0.0,0.0182370820668693,0.10421189752496743,0.0182370820668693,0.010421189752496743,0.009552757273122015,0.0,0.3056882327399045,1151.5
16129,42.78668,-88.84614,9750.0,0.013823610727121923,0.0016588332872546309,0.001105888858169754,0.07381808128283107,0.0,0.027094277025158972,0.4589438761404479,0.0,0.02045894387614045,0.10284766380978712,0.01658833287254631,0.006635333149018523,0.004423555432679016,0.0,0.27260160353884433,1808.5
16129,42.78668,-88.84614,10250.0,0.012211077191452245,0.006105538595726123,0.0008722197993894462,0.09201918883558657,0.0,0.03488879197557784,0.41517662450937637,0.0,0.012211077191452245,0.13257740950719582,0.02703881378107283,0.006105538595726123,0.009594417793283908,0.0,0.2511993022241605,1146.5
16129,42.78668,-88.84614,10750.0,0.0067226890756302525,0.0016806722689075631,0.0016806722689075631,0.09747899159663866,0.0,0.020168067226890758,0.3630252100840336,0.0,0.043697478991596636,0.17647058823529413,0.020168067226890758,0.01680672268907563,0.0,0.0,0.25210084033613445,595.0
16129,42.78668,-88.84614,11250.0,0.152561669829222,0.02808349146110057,0.0174573055028463,0.10436432637571158,0.0,0.11081593927893738,0.1267552182163188,0.0,0.09563567362428843,0.12751423149905122,0.007590132827324478,0.009108159392789373,0.014421252371916509,0.0,0.20569259962049335,1317.5
16129,42.78668,-88.84614,11750.0,0.4103419516263553,0.016680567139282735,0.013344453711426188,0.02418682235195997,0.0,0.060050041701417846,0.0817347789824854,0.0,0.05504587155963303,0.021684737281067557,0.0050041701417848205,0.0016680567139282735,0.026688907422852376,0.003336113427856547,0.28023352793994993,599.5
16129,42.78668,-88.84614,12250.0,0.41872698579694895,0.009468700683850605,0.0052603892688058915,0.007890583903208837,0.0,0.007364544976328248,0.06943713834823777,0.0,0.15886375591793792,0.02524986849026828,0.003156233561283535,0.004208311415044713,0.00631246712256707,0.0052603892688058915,0.2788006312467123,950.5
16129,42.78668,-88.84614,12750.0,0.598896769109535,0.0,0.01103230890464933,0.003940110323089046,0.0,0.009456264775413711,0.039401103230890466,0.0,0.09771473601260836,0.01103230890464933,0.0015760441292356187,0.0015760441292356187,0.009456264775413711,0.004728132387706856,0.2111899133175729,634.5
16129,42.78668,-88.84614,13250.0,0.6721581548599671,0.0032948929159802307,0.009884678747940691,0.009884678747940691,0.0,0.008237232289950576,0.029654036243822075,0.0,0.019769357495881382,0.004942339373970346,0.0,0.0016474464579901153,0.013179571663920923,0.0,0.2273476112026359,607.0
16129,42.78668,-88.84614,13750.0,0.5095846645367412,0.001597444089456869,0.007987220447284345,0.007987220447284345,0.0,0.08306709265175719,0.02875399361022364,0.0,0.006389776357827476,0.0,0.003194888178913738,0.006389776357827476,0.01597444089456869,0.022364217252396165,0.30670926517571884,626.0
16129,42.78668,-88.84614,14250.0,0.5864197530864198,0.0,0.006172839506172839,0.018518518518518517,0.0,0.033950617283950615,0.012345679012345678,0.0,0.012345679012345678,0.009259259259259259,0.0,0.006172839506172839,0.012345679012345678,0.009259259259259259,0.2932098765432099,324.0
16175,41.40866,-74.552262,250.0,0.000911369332421964,0.0,0.002734107997265892,0.03440419229892914,0.06151742993848257,0.09706083390293917,0.31351105035315563,0.029163818637502847,0.014581909318751423,0.010025062656641603,0.03827751196172249,0.015037593984962405,0.11209842788790157,0.000455684666210982,0.2702210070631123,2194.5
16175,41.40866,-74.552262,750.0,0.0004109307581672488,0.0004109307581672488,0.0004109307581672488,0.028148756934456544,0.08054242860078077,0.1051982740908157,0.4421614957879597,0.04191493733305938,0.01808095335935895,0.01808095335935895,0.060406821450585575,0.013560715019519212,0.09533593589480173,0.0004109307581672488,0.09492500513663447,2433.5
16175,41.40866,-74.552262,1250.0,0.0007595898214963919,0.0,0.0,0.030003797949107482,0.06228636536270414,0.11773642233194075,0.43068742878845423,0.03570072161033042,0.01595138625142423,0.018230155715913406,0.0569692366122294,0.018230155715913406,0.09191036840106342,0.0,0.12153437143942271,1316.5
16175,41.40866,-74.552262,1750.0,0.0,0.0,0.0,0.03193916349809886,0.07072243346007605,0.12091254752851711,0.4311787072243346,0.04714828897338403,0.02129277566539924,0.013688212927756654,0.048669201520912544,0.01596958174904943,0.06692015209125475,0.0,0.13155893536121674,1315.0
16175,41.40866,-74.552262,2250.0,0.0,0.0,0.0,0.044860874503123226,0.04770017035775128,0.10221465076660988,0.4440658716638274,0.03634298693923907,0.022714366837024418,0.019307211811470756,0.06587166382737081,0.020442930153321975,0.0760931289040318,0.0,0.12038614423622941,880.5
16175,41.40866,-74.552262,2750.0,0.0012099213551119178,0.0,0.0,0.038112522686025406,0.021778584392014518,0.13309134906231096,0.3424077434966727,0.08832425892316999,0.047186932849364795,0.01572897761645493,0.056866303690260134,0.03145795523290986,0.060496067755595885,0.0012099213551119178,0.16212946158499697,826.5
16175,41.40866,-74.552262,3250.0,0.0,0.0,0.0011001100110011,0.039603960396039604,0.013201320132013201,0.08250825082508251,0.4367436743674367,0.041804180418041806,0.0319031903190319,0.020902090209020903,0.04400440044004401,0.025302530253025302,0.09570957095709572,0.0,0.16721672167216722,909.0
16175,41.40866,-74.552262,3750.0,0.0,0.0005564830272676684,0.0005564830272676684,0.0333889816360601,0.005564830272676683,0.057317751808569836,0.5247634947134112,0.04062326099053979,0.03060656649972176,0.01335559265442404,0.06844741235392321,0.022259321090706732,0.08402893711741792,0.0,0.11853088480801335,1797.0
16175,41.40866,-74.552262,4250.0,0.0,0.0,0.0008035355564483728,0.03334672559260747,0.016070711128967456,0.047408597830454,0.5536359983929289,0.04499799116110888,0.046605062274005626,0.012856568903173965,0.06347930895942146,0.03214142225793491,0.07312173563680192,0.0,0.07553234230614704,1244.5
16175,41.40866,-74.552262,4750.0,0.0,0.0,0.0007346189164370982,0.020385674931129475,0.044444444444444446,0.06023875114784206,0.5035812672176309,0.05105601469237833,0.03085399449035813,0.018732782369146005,0.07015610651974288,0.024242424242424242,0.08962350780532599,0.0011019283746556473,0.08484848484848485,2722.5
16175,41.40866,-74.552262,5250.0,0.0,0.0,0.000608457560085184,0.019774870702768482,0.15089747490112565,0.043808944326133255,0.4624277456647399,0.03772436872528141,0.03163979312442957,0.029814420444174018,0.07362336477030727,0.02859750532400365,0.06267112868877396,0.001216915120170368,0.0571950106480073,1643.5
16175,41.40866,-74.552262,5750.0,0.0,0.0,0.001564945226917058,0.014084507042253521,0.11424100156494522,0.05086071987480438,0.5344287949921753,0.07355242566510173,0.027386541471048513,0.023474178403755867,0.03912363067292645,0.02190923317683881,0.04303599374021909,0.0,0.056338028169014086,1278.0
16175,41.40866,-74.552262,6250.0,0.0,0.0,0.0004861448711716091,0.0106951871657754,0.10209042294603791,0.043753038405444825,0.6023334953816237,0.05396208070004861,0.026737967914438502,0.030627126883811376,0.030140982012639768,0.016042780748663103,0.03403014098201264,0.0,0.049100631988332526,2057.0
16175,41.40866,-74.552262,6750.0,0.0,0.0,0.005205320994794679,0.01156737998843262,0.06651243493348756,0.0503181029496819,0.6431463273568536,0.05841526894158473,0.029496818970503182,0.0167727009832273,0.01156737998843262,0.015615962984384037,0.026026604973973393,0.0,0.0653556969346443,1729.0
16175,41.40866,-74.552262,7250.0,0.0,0.0,0.0019125029882859192,0.02318909873296677,0.10805641883815444,0.0473344489600765,0.63973224958164,0.02868754482428879,0.02247191011235955,0.02629691608893139,0.006215634711929237,0.010996892182644035,0.02390628735357399,0.0,0.061200095625149414,2091.5
16175,41.40866,-74.552262,7750.0,0.0004392708104546453,0.0004392708104546453,0.004392708104546453,0.05073577860751153,0.06720843399956072,0.031627498352734464,0.7190863167142544,0.006149791346365034,0.0074676037777289695,0.024159894575005492,0.002635624862727872,0.005710520535910389,0.010981770261366132,0.0,0.06896551724137931,2276.5
16175,41.40866,-74.552262,8250.0,0.0018587360594795538,0.0012391573729863693,0.00929368029739777,0.09355638166047088,0.07434944237918216,0.04275092936802974,0.6381660470879802,0.009913258983890954,0.015489467162329617,0.020446096654275093,0.0018587360594795538,0.009913258983890954,0.013011152416356878,0.0006195786864931846,0.06753407682775713,1614.0
16175,41.40866,-74.552262,8750.0,0.0013437849944008958,0.0008958566629339306,0.017469204927211646,0.062038073908174694,0.05106382978723404,0.03314669652855543,0.6889137737961926,0.003135498320268757,0.02642777155655095,0.020156774916013438,0.0013437849944008958,0.007166853303471445,0.010302351623740201,0.0004479283314669653,0.0761478163493841,2232.5
16175,41.40866,-74.552262,9250.0,0.00044277175116227583,0.00044277175116227583,0.006641576267434138,0.07903475758246624,0.07615674119991145,0.028337392074385653,0.667699800752712,0.002213858755811379,0.015497011290679655,0.02125304405578924,0.0013283152534868275,0.003099402258135931,0.018596413548815586,0.00044277175116227583,0.0788133717068851,2258.5
16175,41.40866,-74.552262,9750.0,0.0,0.000836470096194061,0.0029276453366792136,0.06733584274362192,0.06775407779171895,0.03262233375156838,0.6997072354663321,0.001672940192388122,0.017984107068172314,0.02425763278962777,0.002509410288582183,0.007109995817649519,0.009201171058134672,0.0,0.06608113759933082,2391.0
16175,41.40866,-74.552262,10250.0,0.0685461580983969,0.03316749585406302,0.003316749585406302,0.10005527915975677,0.06301824212271974,0.18794914317302377,0.3460475400773908,0.001105583195135434,0.014372581536760642,0.02542841348811498,0.001105583195135434,0.001105583195135434,0.08402432283029299,0.0,0.07075732448866777,904.5
16175,41.40866,-74.552262,10750.0,0.16810344827586207,0.09482758620689655,0.004310344827586207,0.11637931034482758,0.004310344827586207,0.3081896551724138,0.023706896551724137,0.0021551724137931034,0.00646551724137931,0.0021551724137931034,0.0,0.0,0.1961206896551724,0.015086206896551725,0.05818965517241379,464.0
16175,41.40866,-74.552262,11250.0,0.18693982074263765,0.05121638924455826,0.002560819462227913,0.1677336747759283,0.0076824583866837385,0.16645326504481434,0.028169014084507043,0.0,0.005121638924455826,0.0,0.0,0.005121638924455826,0.2740076824583867,0.01792573623559539,0.08706786171574904,390.5
16175,41.40866,-74.552262,11750.0,0.18208516886930984,0.11747430249632893,0.005873715124816446,0.23348017621145375,0.00881057268722467,0.09985315712187959,0.041116005873715125,0.0,0.00881057268722467,0.0,0.002936857562408223,0.0,0.19383259911894274,0.0,0.10572687224669604,340.5
16175,41.40866,-74.552262,12250.0,0.18915510718789408,0.04539722572509458,0.0025220680958385876,0.3064312736443884,0.005044136191677175,0.09331651954602774,0.025220680958385876,0.0,0.01008827238335435,0.0025220680958385876,0.0,0.0,0.19419924337957126,0.017654476670870115,0.10844892812105927,396.5
16175,41.40866,-74.552262,12750.0,0.13246753246753246,0.04155844155844156,0.007792207792207792,0.4701298701298701,0.0,0.05454545454545454,0.0987012987012987,0.0025974025974025974,0.03116883116883117,0.007792207792207792,0.0025974025974025974,0.0,0.04415584415584416,0.0025974025974025974,0.1038961038961039,385.0
16175,41.40866,-74.552262,13250.0,0.09195402298850575,0.03735632183908046,0.0028735632183908046,0.3563218390804598,0.0,0.08333333333333333,0.12643678160919541,0.011494252873563218,0.06609195402298851,0.005747126436781609,0.005747126436781609,0.0,0.028735632183908046,0.0028735632183908046,0.1810344827586207,348.0
16175,41.40866,-74.552262,13750.0,0.19932716568544995,0.02943650126156434,0.004205214465937763,0.2834314550042052,0.00336417157275021,0.0672834314550042,0.12447434819175777,0.005046257359125316,0.040370058873002525,0.00336417157275021,0.002523128679562658,0.0,0.031959629941127,0.0008410428931875525,0.2043734230445753,1189.0
16175,41.40866,-74.552262,14250.0,0.34513771781899943,0.11467116357504216,0.023608768971332208,0.17144463181562675,0.0011242270938729624,0.05396290050590219,0.08544125913434514,0.0,0.025857223159078135,0.0011242270938729624,0.0011242270938729624,0.003372681281618887,0.023608768971332208,0.0,0.14952220348510398,889.5
16181,41.331579999999995,-74.43334,750.0,0.035023041474654376,0.005529953917050691,0.0,0.05622119815668203,0.047926267281105994,0.029493087557603687,0.3225806451612903,0.023963133640552997,0.0018433179723502304,0.035023041474654376,0.03870967741935484,0.009216589861751152,0.055299539170506916,0.0,0.3391705069124424,542.5
16181,41.331579999999995,-74.43334,1750.0,0.0,0.0,0.0,0.01854974704890388,0.06913996627318718,0.0387858347386172,0.4148397976391231,0.011804384485666104,0.0,0.011804384485666104,0.03035413153456998,0.01517706576728499,0.04215851602023609,0.0,0.3473861720067454,593.0
16181,41.331579999999995,-74.43334,2750.0,0.0009596928982725527,0.0,0.0,0.01055662188099808,0.03166986564299424,0.014395393474088292,0.2514395393474088,0.02015355086372361,0.0047984644913627635,0.005758157389635317,0.008637236084452975,0.019193857965451054,0.007677543186180422,0.0,0.6247600767754319,1042.0
16181,41.331579999999995,-74.43334,3750.0,0.0,0.0,0.0005321979776476849,0.004257583821181479,0.016498137307078234,0.015965939329430547,0.12559872272485365,0.021287919105907396,0.0031931878658861094,0.0031931878658861094,0.0037253858435337944,0.0026609898882384245,0.005321979776476849,0.0,0.7977647684938797,1879.0
16181,41.331579999999995,-74.43334,4750.0,0.0,0.0,0.000986679822397632,0.00740009866798224,0.04045387271830291,0.0246669955599408,0.23285643808584114,0.0246669955599408,0.0059200789343857915,0.012826837691169216,0.010853478046373951,0.006906758756783424,0.012826837691169216,0.0,0.6196349284657129,1013.5
16181,41.331579999999995,-74.43334,5750.0,0.0,0.0,0.0,0.00903954802259887,0.023728813559322035,0.02824858757062147,0.29152542372881357,0.04067796610169491,0.005649717514124294,0.00903954802259887,0.010169491525423728,0.004519774011299435,0.005649717514124294,0.0,0.5717514124293785,885.0
16181,41.331579999999995,-74.43334,6750.0,0.0,0.0,0.0012158054711246201,0.01276595744680851,0.03525835866261398,0.04741641337386018,0.28693009118541035,0.02917933130699088,0.009726443768996961,0.00729483282674772,0.00729483282674772,0.00851063829787234,0.009726443768996961,0.0,0.5446808510638298,822.5
16181,41.331579999999995,-74.43334,8250.0,0.0,0.0,0.0012706480304955528,0.026683608640406607,0.06353240152477764,0.029224904701397714,0.2935196950444727,0.029224904701397714,0.0025412960609911056,0.015247776365946633,0.0063532401524777635,0.0025412960609911056,0.011435832274459974,0.0,0.5184243964421855,787.0
16181,41.331579999999995,-74.43334,9250.0,0.0,0.0,0.0011534025374855825,0.02306805074971165,0.04267589388696655,0.03690888119953864,0.3079584775086505,0.016147635524798153,0.016147635524798153,0.002306805074971165,0.0057670126874279125,0.00461361014994233,0.006920415224913495,0.0,0.5363321799307958,867.0
16181,41.331579999999995,-74.43334,10250.0,0.022988505747126436,0.0280970625798212,0.002554278416347382,0.3716475095785441,0.022988505747126436,0.23243933588761176,0.10472541507024266,0.007662835249042145,0.07151979565772669,0.007662835249042145,0.0,0.04086845466155811,0.033205619412515965,0.0,0.05363984674329502,391.5
16181,41.331579999999995,-74.43334,11250.0,0.09585492227979274,0.04145077720207254,0.007772020725388601,0.12694300518134716,0.015544041450777202,0.3549222797927461,0.04404145077720207,0.0025906735751295338,0.04145077720207254,0.007772020725388601,0.0,0.0025906735751295338,0.17875647668393782,0.0,0.08031088082901554,386.0
16181,41.331579999999995,-74.43334,12250.0,0.2985468956406869,0.05019815059445178,0.0,0.16776750330250992,0.005284015852047556,0.2906208718626156,0.02906208718626156,0.0,0.005284015852047556,0.0,0.0,0.0,0.08982826948480846,0.0,0.06340819022457067,378.5
16181,41.331579999999995,-74.43334,13250.0,0.21921515561569688,0.016238159675236806,0.0027063599458728013,0.16373477672530445,0.010825439783491205,0.2543978349120433,0.056833558863328824,0.0,0.016238159675236806,0.0,0.0,0.0,0.17591339648173207,0.0,0.08389715832205684,369.5
16273,43.467058,-79.98756,750.0,0.004464285714285714,0.0,0.05357142857142857,0.20982142857142858,0.05357142857142857,0.013392857142857142,0.06696428571428571,0.013392857142857142,0.022321428571428572,0.017857142857142856,0.013392857142857142,0.08928571428571429,0.0,0.013392857142857142,0.42857142857142855,224.0
16273,43.467058,-79.98756,1750.0,0.0,0.0,0.022813688212927757,0.55893536121673,0.1596958174904943,0.0076045627376425855,0.060836501901140684,0.0076045627376425855,0.015209125475285171,0.030418250950570342,0.015209125475285171,0.053231939163498096,0.0,0.0076045627376425855,0.060836501901140684,131.5
16273,43.467058,-79.98756,2750.0,0.005405405405405406,0.0,0.005405405405405406,0.13513513513513514,0.07567567567567568,0.1783783783783784,0.07567567567567568,0.08108108108108109,0.05405405405405406,0.02702702702702703,0.032432432432432434,0.14054054054054055,0.0,0.005405405405405406,0.1837837837837838,185.0
16273,43.467058,-79.98756,3750.0,0.0,0.0,0.007017543859649123,0.4245614035087719,0.028070175438596492,0.11929824561403508,0.22456140350877193,0.014035087719298246,0.04912280701754386,0.0,0.014035087719298246,0.04912280701754386,0.0,0.014035087719298246,0.056140350877192984,142.5
16273,43.467058,-79.98756,4250.0,0.0,0.0,0.0,0.08796296296296297,0.08796296296296297,0.13425925925925927,0.1111111111111111,0.037037037037037035,0.0,0.08796296296296297,0.013888888888888888,0.1111111111111111,0.009259259259259259,0.027777777777777776,0.2916666666666667,216.0
16273,43.467058,-79.98756,4750.0,0.013651877133105802,0.013651877133105802,0.020477815699658702,0.515358361774744,0.020477815699658702,0.027303754266211604,0.1296928327645051,0.0,0.020477815699658702,0.027303754266211604,0.0,0.0,0.0,0.013651877133105802,0.19795221843003413,146.5
16273,43.467058,-79.98756,5750.0,0.016597510373443983,0.024896265560165973,0.008298755186721992,0.6763485477178424,0.016597510373443983,0.04979253112033195,0.14107883817427386,0.0,0.016597510373443983,0.016597510373443983,0.0,0.0,0.0,0.008298755186721992,0.024896265560165973,120.5
16273,43.467058,-79.98756,7750.0,0.01680672268907563,0.06722689075630252,0.008403361344537815,0.680672268907563,0.0,0.03361344537815126,0.08403361344537816,0.0,0.01680672268907563,0.0,0.008403361344537815,0.0,0.0,0.0,0.08403361344537816,119.0
16273,43.467058,-79.98756,8750.0,0.043859649122807015,0.02631578947368421,0.02631578947368421,0.7719298245614035,0.0,0.07017543859649122,0.02631578947368421,0.0,0.008771929824561403,0.0,0.0,0.0,0.0,0.0,0.02631578947368421,114.0
16273,43.467058,-79.98756,9250.0,0.03508771929824561,0.043859649122807015,0.02631578947368421,0.7631578947368421,0.0,0.06140350877192982,0.017543859649122806,0.0,0.0,0.02631578947368421,0.0,0.0,0.008771929824561403,0.0,0.017543859649122806,114.0
16273,43.467058,-79.98756,9750.0,0.042735042735042736,0.017094017094017096,0.02564102564102564,0.7264957264957265,0.0,0.06837606837606838,0.042735042735042736,0.0,0.0,0.02564102564102564,0.0,0.0,0.0,0.008547008547008548,0.042735042735042736,117.0
16273,43.467058,-79.98756,10250.0,0.0299625468164794,0.03745318352059925,0.0,0.4606741573033708,0.0,0.1198501872659176,0.149812734082397,0.0,0.0,0.06741573033707865,0.00749063670411985,0.00749063670411985,0.0,0.0299625468164794,0.0898876404494382,133.5
16273,43.467058,-79.98756,10750.0,0.07534246575342465,0.0136986301369863,0.00684931506849315,0.4589041095890411,0.0,0.0547945205479452,0.1232876712328767,0.0,0.03424657534246575,0.03424657534246575,0.0,0.0136986301369863,0.0,0.0273972602739726,0.15753424657534246,146.0
16273,43.467058,-79.98756,11750.0,0.1357142857142857,0.0,0.014285714285714285,0.4785714285714286,0.014285714285714285,0.03571428571428571,0.10714285714285714,0.0,0.02857142857142857,0.007142857142857143,0.014285714285714285,0.014285714285714285,0.0,0.0,0.15,140.0
16273,43.467058,-79.98756,12750.0,0.18518518518518517,0.010582010582010581,0.010582010582010581,0.24338624338624337,0.005291005291005291,0.042328042328042326,0.14285714285714285,0.0,0.06349206349206349,0.0,0.005291005291005291,0.0,0.005291005291005291,0.06349206349206349,0.2222222222222222,189.0
16273,43.467058,-79.98756,13750.0,0.26881720430107525,0.0,0.053763440860215055,0.20967741935483872,0.0,0.06451612903225806,0.0913978494623656,0.0,0.03225806451612903,0.016129032258064516,0.0,0.005376344086021506,0.005376344086021506,0.03763440860215054,0.21505376344086022,186.0
16273,43.467058,-79.98756,14750.0,0.2670157068062827,0.0,0.05235602094240838,0.16753926701570682,0.02617801047120419,0.06282722513089005,0.1099476439790576,0.0,0.031413612565445025,0.031413612565445025,0.005235602094240838,0.005235602094240838,0.005235602094240838,0.03664921465968586,0.19895287958115182,191.0
16278,44.166818,-78.102834,250.0,0.00922722029988466,0.002306805074971165,0.020761245674740483,0.12918108419838523,0.07151095732410612,0.16724336793540945,0.16262975778546712,0.03229527104959631,0.03344867358708189,0.03575547866205306,0.008073817762399077,0.040369088811995385,0.020761245674740483,0.0011534025374855825,0.26528258362168394,867.0
16278,44.166818,-78.102834,750.0,0.0036101083032490976,0.0018050541516245488,0.018050541516245487,0.15162454873646208,0.10108303249097472,0.1263537906137184,0.2328519855595668,0.052346570397111915,0.04332129963898917,0.05415162454873646,0.016245487364620937,0.04693140794223827,0.010830324909747292,0.0018050541516245488,0.13898916967509026,554.0
16278,44.166818,-78.102834,1250.0,0.0026702269692923898,0.0013351134846461949,0.018691588785046728,0.09746328437917223,0.1041388518024032,0.13618157543391188,0.21228304405874499,0.14152202937249667,0.04539385847797063,0.06408544726301736,0.004005340453938585,0.06141522029372497,0.012016021361815754,0.0013351134846461949,0.09746328437917223,749.0
16278,44.166818,-78.102834,1750.0,0.009271523178807948,0.0,0.015894039735099338,0.08609271523178808,0.0847682119205298,0.12185430463576159,0.17880794701986755,0.18543046357615894,0.0423841059602649,0.05033112582781457,0.02781456953642384,0.08741721854304636,0.003973509933774834,0.0,0.10596026490066225,755.0
16278,44.166818,-78.102834,2250.0,0.003939592908732764,0.0013131976362442547,0.02757715036112935,0.08601444517399869,0.05384110308601445,0.10242941562705186,0.14051214707813525,0.2324359816152331,0.03808273145108339,0.060407091267235716,0.017071569271175313,0.06565988181221274,0.006565988181221274,0.006565988181221274,0.15758371634931057,761.5
16278,44.166818,-78.102834,2750.0,0.008883248730964468,0.0038071065989847717,0.011421319796954314,0.06725888324873096,0.06979695431472081,0.1218274111675127,0.07614213197969544,0.25253807106598986,0.050761421319796954,0.07106598984771574,0.011421319796954314,0.0799492385786802,0.005076142131979695,0.0,0.1700507614213198,788.0
16278,44.166818,-78.102834,3250.0,0.008532423208191127,0.0,0.010238907849829351,0.06313993174061433,0.06825938566552901,0.11433447098976109,0.10068259385665529,0.24573378839590443,0.032423208191126277,0.08020477815699659,0.0034129692832764505,0.08020477815699659,0.006825938566552901,0.0017064846416382253,0.18430034129692832,586.0
16278,44.166818,-78.102834,3750.0,0.006535947712418301,0.00130718954248366,0.01699346405228758,0.0718954248366013,0.0718954248366013,0.10065359477124183,0.13856209150326798,0.17777777777777778,0.03398692810457516,0.06143790849673202,0.006535947712418301,0.09542483660130718,0.013071895424836602,0.00261437908496732,0.20130718954248367,765.0
16278,44.166818,-78.102834,4250.0,0.006489292667099286,0.0012978585334198572,0.011680726800778715,0.06683971447112265,0.04023361453601557,0.09085009733939,0.1609344581440623,0.2063595068137573,0.045425048669695,0.06099935107073329,0.003893575600259572,0.10642439974042829,0.007787151200519144,0.0012978585334198572,0.18948734587929916,770.5
16278,44.166818,-78.102834,4750.0,0.00132890365448505,0.00132890365448505,0.023920265780730896,0.08039867109634552,0.03986710963455149,0.10897009966777409,0.13156146179401992,0.19401993355481728,0.05714285714285714,0.059800664451827246,0.015946843853820596,0.10232558139534884,0.0106312292358804,0.00132890365448505,0.17142857142857143,752.5
16278,44.166818,-78.102834,5250.0,0.003843689942344651,0.0,0.0064061499039077515,0.060858424087123636,0.04868673926969891,0.10249839846252402,0.11402946828955797,0.19218449711723254,0.03971812940422806,0.08712363869314542,0.012812299807815503,0.13324791800128122,0.017937219730941704,0.0012812299807815502,0.17937219730941703,780.5
16278,44.166818,-78.102834,5750.0,0.0016906170752324597,0.0,0.0033812341504649195,0.044801352493660185,0.22823330515638207,0.07945900253592561,0.07776838546069316,0.16060862214708369,0.03888419273034658,0.07776838546069316,0.0084530853761623,0.11496196111580727,0.0033812341504649195,0.0,0.16060862214708369,591.5
16278,44.166818,-78.102834,6250.0,0.0,0.0,0.012626262626262626,0.027777777777777776,0.2828282828282828,0.06818181818181818,0.09595959595959595,0.15404040404040403,0.06818181818181818,0.06186868686868687,0.008838383838383838,0.09722222222222222,0.003787878787878788,0.0,0.11868686868686869,792.0
16278,44.166818,-78.102834,6750.0,0.001713796058269066,0.0,0.011996572407883462,0.04198800342759212,0.31191088260497,0.044558697514995714,0.10454155955441302,0.15938303341902313,0.044558697514995714,0.07197943444730077,0.010282776349614395,0.07369323050556983,0.005141388174807198,0.0,0.11825192802056556,583.5
16278,44.166818,-78.102834,7250.0,0.0,0.0,0.0034752389226759338,0.06689834926151172,0.20851433536055602,0.04865334491746308,0.11642050390964379,0.1789748045178106,0.036490008688097306,0.06429192006950478,0.0017376194613379669,0.10078192875760209,0.010425716768027803,0.0,0.1633362293657689,575.5
16278,44.166818,-78.102834,7750.0,0.0,0.005545286506469501,0.0018484288354898336,0.12939001848428835,0.22365988909426987,0.025878003696857672,0.1367837338262477,0.11275415896487985,0.04990757855822551,0.051756007393715345,0.009242144177449169,0.07948243992606285,0.0,0.0018484288354898336,0.17190388170055454,541.0
16278,44.166818,-78.102834,8250.0,0.0029940119760479044,0.0029940119760479044,0.0074850299401197605,0.21706586826347304,0.20508982035928144,0.0748502994011976,0.16467065868263472,0.020958083832335328,0.0374251497005988,0.04790419161676647,0.0074850299401197605,0.023952095808383235,0.0074850299401197605,0.0029940119760479044,0.17664670658682635,668.0
16278,44.166818,-78.102834,8750.0,0.0065005417118093175,0.0065005417118093175,0.010834236186348862,0.3434452871072589,0.023835319609967497,0.1820151679306609,0.20585048754062837,0.0021668472372697724,0.05200433369447454,0.030335861321776816,0.0,0.010834236186348862,0.00866738894907909,0.0065005417118093175,0.1105092091007584,461.5
16278,44.166818,-78.102834,9250.0,0.010626992561105207,0.010626992561105207,0.01700318809776833,0.30499468650371947,0.010626992561105207,0.23804463336875664,0.1594048884165781,0.006376195536663124,0.023379383634431455,0.07226354941551541,0.012752391073326248,0.010626992561105207,0.004250797024442083,0.023379383634431455,0.09564293304994687,470.5
16278,44.166818,-78.102834,9750.0,0.061654135338345864,0.02857142857142857,0.016541353383458645,0.24962406015037594,0.007518796992481203,0.24812030075187969,0.13383458646616542,0.0,0.01804511278195489,0.06616541353383458,0.0030075187969924814,0.006015037593984963,0.0030075187969924814,0.04360902255639098,0.11428571428571428,665.0
16278,44.166818,-78.102834,10250.0,0.11888782358581017,0.0364333652924257,0.028763183125599234,0.22914669223394055,0.011505273250239693,0.16490891658676893,0.18024928092042186,0.0,0.019175455417066157,0.03451581975071908,0.003835091083413231,0.011505273250239693,0.003835091083413231,0.03451581975071908,0.12272291466922339,521.5
16278,44.166818,-78.102834,10750.0,0.1468218442256043,0.01611459265890779,0.03581020590868397,0.19785138764547897,0.01432408236347359,0.11996418979409132,0.1504028648164727,0.0017905102954341987,0.03043867502238138,0.02685765443151298,0.008952551477170993,0.005371530886302597,0.0035810205908683975,0.03401969561324977,0.20769919427036707,558.5
16278,44.166818,-78.102834,11250.0,0.2187902187902188,0.007722007722007722,0.04118404118404118,0.18275418275418276,0.007722007722007722,0.09652509652509653,0.13127413127413126,0.001287001287001287,0.01673101673101673,0.018018018018018018,0.006435006435006435,0.010296010296010296,0.009009009009009009,0.019305019305019305,0.23294723294723294,777.0
16278,44.166818,-78.102834,11750.0,0.3522012578616352,0.0017969451931716084,0.05211141060197664,0.1931716082659479,0.016172506738544475,0.07008086253369272,0.09344115004492363,0.0,0.005390835579514825,0.014375561545372867,0.0017969451931716084,0.0035938903863432167,0.01078167115902965,0.026954177897574125,0.15813117699910154,556.5
16278,44.166818,-78.102834,12250.0,0.37251655629139074,0.0033112582781456954,0.011589403973509934,0.19205298013245034,0.018211920529801324,0.1076158940397351,0.04966887417218543,0.0,0.004966887417218543,0.016556291390728478,0.0033112582781456954,0.0016556291390728477,0.019867549668874173,0.006622516556291391,0.19205298013245034,604.0
16278,44.166818,-78.102834,12750.0,0.2377237264800367,0.0036714089031665903,0.0009178522257916476,0.13171179440110142,0.005507113354749885,0.04772831574116567,0.06333180357962367,0.0009178522257916476,0.014685635612666361,0.014685635612666361,0.0018357044515832951,0.0027535566773749425,0.012849931161083065,0.010096374483708122,0.4515832950894906,1089.5
16278,44.166818,-78.102834,13250.0,0.21963394342762063,0.004437049362174155,0.0,0.11591791458679977,0.0,0.03105934553521908,0.07653910149750416,0.0,0.016638935108153077,0.018857459789240156,0.005546311702717693,0.0022185246810870773,0.0033277870216306157,0.0033277870216306157,0.502495840266223,901.5
16278,44.166818,-78.102834,13750.0,0.3649025069637883,0.0,0.0,0.11002785515320335,0.0,0.05153203342618384,0.07938718662952646,0.0,0.023676880222841225,0.004178272980501393,0.004178272980501393,0.001392757660167131,0.033426183844011144,0.008356545961002786,0.318941504178273,718.0
16278,44.166818,-78.102834,14250.0,0.20445459737292976,0.00799543118218161,0.0034266133637921186,0.1342090234151913,0.0034266133637921186,0.08338092518560822,0.06396344945745289,0.001142204454597373,0.11536264991433466,0.018275271273557967,0.0057110222729868645,0.004568817818389492,0.025128498001142203,0.025128498001142203,0.3038263849229012,875.5
16278,44.166818,-78.102834,14750.0,0.2108843537414966,0.0,0.0,0.3741496598639456,0.0,0.061224489795918366,0.10884353741496598,0.0,0.0,0.013605442176870748,0.0,0.0,0.02040816326530612,0.006802721088435374,0.20408163265306123,147.0
17672,43.95,-79.43,250.0,0.005536332179930796,0.004152249134948097,0.001384083044982699,0.12249134948096886,0.08166089965397924,0.09826989619377163,0.11487889273356401,0.05536332179930796,0.01245674740484429,0.05397923875432526,0.01245674740484429,0.05397923875432526,0.005536332179930796,0.006920415224913495,0.37093425605536334,722.5
17672,43.95,-79.43,750.0,0.00847457627118644,0.00423728813559322,0.00423728813559322,0.21468926553672316,0.07627118644067797,0.12570621468926554,0.1553672316384181,0.07768361581920905,0.022598870056497175,0.05508474576271186,0.018361581920903956,0.06638418079096045,0.005649717514124294,0.002824858757062147,0.16242937853107345,708.0
17672,43.95,-79.43,1250.0,0.0052863436123348016,0.0,0.001762114537444934,0.10308370044052863,0.11101321585903083,0.10572687224669604,0.14273127753303966,0.15330396475770924,0.024669603524229075,0.1303964757709251,0.00881057268722467,0.06696035242290749,0.010572687224669603,0.007048458149779736,0.12863436123348018,567.5
17672,43.95,-79.43,1750.0,0.0012763241863433313,0.0,0.005105296745373325,0.04658583280153159,0.09572431397574985,0.09700063816209317,0.10465858328015316,0.26802807913209953,0.04467134652201659,0.10338225909380983,0.0038289725590299937,0.10976388002552648,0.008934269304403318,0.0,0.11104020421186982,783.5
17672,43.95,-79.43,2250.0,0.005115089514066497,0.0,0.0034100596760443308,0.05200341005967604,0.09207161125319693,0.08525149190110827,0.11423699914748509,0.22506393861892582,0.05115089514066496,0.12105711849957375,0.017050298380221655,0.09548167092924126,0.013640238704177323,0.0,0.12446717817561807,586.5
17672,43.95,-79.43,2750.0,0.003401360544217687,0.003401360544217687,0.0,0.05612244897959184,0.11734693877551021,0.09523809523809523,0.07142857142857142,0.27040816326530615,0.03741496598639456,0.09693877551020408,0.003401360544217687,0.12244897959183673,0.015306122448979591,0.00510204081632653,0.10204081632653061,588.0
17672,43.95,-79.43,3250.0,0.002616088947024199,0.0013080444735120995,0.0,0.06867233485938522,0.08633093525179857,0.12034009156311315,0.08109875735775017,0.2472204054937868,0.04316546762589928,0.11118378024852844,0.020928711576193592,0.10464355788096795,0.006540222367560497,0.0,0.10595160235448005,764.5
17672,43.95,-79.43,3750.0,0.0055147058823529415,0.0,0.0,0.11580882352941177,0.05330882352941176,0.07904411764705882,0.0974264705882353,0.2610294117647059,0.034926470588235295,0.10845588235294118,0.012867647058823529,0.10661764705882353,0.0055147058823529415,0.003676470588235294,0.11580882352941177,544.0
17672,43.95,-79.43,4250.0,0.002702702702702703,0.0,0.0,0.10540540540540541,0.02702702702702703,0.0918918918918919,0.14594594594594595,0.1918918918918919,0.07567567567567568,0.0891891891891892,0.008108108108108109,0.1,0.008108108108108109,0.002702702702702703,0.15135135135135136,370.0
17672,43.95,-79.43,4750.0,0.00749063670411985,0.003745318352059925,0.0018726591760299626,0.15543071161048688,0.0299625468164794,0.06367041198501873,0.12172284644194757,0.18164794007490637,0.04119850187265917,0.11797752808988764,0.011235955056179775,0.10486891385767791,0.0056179775280898875,0.00749063670411985,0.14606741573033707,534.0
17672,43.95,-79.43,5250.0,0.002699055330634278,0.0,0.002699055330634278,0.09581646423751687,0.03508771929824561,0.08367071524966262,0.16734143049932523,0.16194331983805668,0.04048582995951417,0.12685560053981107,0.02699055330634278,0.12685560053981107,0.002699055330634278,0.0,0.12685560053981107,370.5
17672,43.95,-79.43,5750.0,0.0026560424966799467,0.0,0.0,0.08366533864541832,0.0903054448871182,0.0849933598937583,0.12217795484727756,0.18857901726427623,0.04249667994687915,0.12749003984063745,0.010624169986719787,0.12749003984063745,0.013280212483399735,0.0026560424966799467,0.10358565737051793,376.5
17672,43.95,-79.43,6250.0,0.0035460992907801418,0.0,0.0,0.07801418439716312,0.225177304964539,0.06914893617021277,0.0975177304964539,0.17198581560283688,0.040780141843971635,0.10815602836879433,0.015957446808510637,0.09929078014184398,0.0035460992907801418,0.0017730496453900709,0.0851063829787234,564.0
17672,43.95,-79.43,6750.0,0.0,0.0,0.0,0.083223249669749,0.166446499339498,0.03963011889035667,0.12417437252311757,0.20343461030383092,0.05548216644649934,0.11624834874504623,0.010568031704095112,0.08718626155878467,0.007926023778071334,0.0,0.10568031704095113,378.5
17672,43.95,-79.43,7250.0,0.0027397260273972603,0.0,0.005479452054794521,0.09863013698630137,0.1780821917808219,0.038356164383561646,0.09863013698630137,0.1643835616438356,0.057534246575342465,0.12054794520547946,0.010958904109589041,0.12054794520547946,0.0,0.0,0.10410958904109589,365.0
17672,43.95,-79.43,7750.0,0.0026455026455026454,0.0,0.0,0.09788359788359788,0.13756613756613756,0.013227513227513227,0.13227513227513227,0.24603174603174602,0.03968253968253968,0.08994708994708994,0.007936507936507936,0.09788359788359788,0.013227513227513227,0.0,0.12169312169312169,378.0
17672,43.95,-79.43,8250.0,0.0,0.0028694404591104736,0.0028694404591104736,0.1678622668579627,0.16642754662840745,0.03156384505021521,0.12051649928263988,0.2065997130559541,0.028694404591104734,0.06312769010043041,0.011477761836441894,0.08321377331420372,0.0028694404591104736,0.0,0.11190817790530846,348.5
17672,43.95,-79.43,8750.0,0.006322444678609062,0.006322444678609062,0.002107481559536354,0.2834562697576396,0.101159114857745,0.01685985247629083,0.1643835616438356,0.09483667017913593,0.02528977871443625,0.06954689146469968,0.006322444678609062,0.06954689146469968,0.004214963119072708,0.0,0.14963119072708114,474.5
17672,43.95,-79.43,9250.0,0.0,0.007434944237918215,0.007434944237918215,0.5018587360594795,0.01486988847583643,0.08178438661710037,0.14869888475836432,0.007434944237918215,0.0,0.03717472118959108,0.007434944237918215,0.05947955390334572,0.0,0.0,0.12639405204460966,134.5
17672,43.95,-79.43,9750.0,0.003976143141153081,0.007952286282306162,0.011928429423459244,0.5904572564612326,0.0,0.05168986083499006,0.13916500994035785,0.0,0.0,0.039761431411530816,0.003976143141153081,0.03578528827037773,0.0,0.0,0.11530815109343936,251.5
17672,43.95,-79.43,10250.0,0.0038240917782026767,0.011472275334608031,0.0038240917782026767,0.5602294455066922,0.0038240917782026767,0.03441682600382409,0.17590822179732313,0.0,0.05736137667304015,0.02676864244741874,0.0076481835564053535,0.015296367112810707,0.0,0.0076481835564053535,0.09177820267686425,261.5
17672,43.95,-79.43,10750.0,0.008113590263691683,0.012170385395537525,0.0,0.6430020283975659,0.004056795131845842,0.07302231237322515,0.13793103448275862,0.0,0.0,0.05273833671399594,0.012170385395537525,0.012170385395537525,0.004056795131845842,0.0,0.04056795131845842,246.5
17672,43.95,-79.43,11250.0,0.026615969581749048,0.026615969581749048,0.0076045627376425855,0.5399239543726235,0.0038022813688212928,0.14068441064638784,0.11406844106463879,0.0,0.030418250950570342,0.026615969581749048,0.011406844106463879,0.0076045627376425855,0.0038022813688212928,0.0038022813688212928,0.057034220532319393,263.0
17672,43.95,-79.43,11750.0,0.05995203836930456,0.047961630695443645,0.026378896882494004,0.47721822541966424,0.002398081534772182,0.09592326139088729,0.1366906474820144,0.0,0.007194244604316547,0.0407673860911271,0.007194244604316547,0.004796163069544364,0.0,0.002398081534772182,0.09112709832134293,417.0
17672,43.95,-79.43,12250.0,0.3988439306358382,0.005780346820809248,0.03757225433526012,0.20520231213872833,0.005780346820809248,0.06936416184971098,0.12427745664739884,0.0,0.005780346820809248,0.008670520231213872,0.005780346820809248,0.0,0.002890173410404624,0.002890173410404624,0.12716763005780346,346.0
17672,43.95,-79.43,12750.0,0.736750651607298,0.0034752389226759338,0.010425716768027803,0.11902693310165074,0.0,0.03475238922675934,0.008688097306689836,0.0,0.0,0.0,0.0017376194613379669,0.0,0.0,0.0,0.08514335360556038,575.5
17672,43.95,-79.43,13250.0,0.8369304556354916,0.0,0.0,0.050359712230215826,0.0,0.009592326139088728,0.009592326139088728,0.0,0.0,0.0,0.002398081534772182,0.0,0.0,0.0,0.09112709832134293,417.0
17672,43.95,-79.43,13750.0,0.35496394897393235,0.00887409872434831,0.0,0.07154742096505824,0.0,0.019966722129783693,0.05435385468663339,0.0,0.036605657237936774,0.0022185246810870773,0.0022185246810870773,0.0011092623405435386,0.0011092623405435386,0.0,0.447032723239046,901.5
17672,43.95,-79.43,14250.0,0.17934347477982385,0.0,0.0,0.09687750200160128,0.0,0.028823058446757407,0.0688550840672538,0.0,0.07846277021617294,0.0032025620496397116,0.0016012810248198558,0.004803843074459567,0.006405124099279423,0.006405124099279423,0.5252201761409128,624.5
17672,43.95,-79.43,14750.0,0.11932555123216602,0.0012970168612191958,0.0,0.07392996108949416,0.0012970168612191958,0.016861219195849545,0.07652399481193256,0.0,0.05058365758754864,0.00648508430609598,0.0,0.0025940337224383916,0.00648508430609598,0.0012970168612191958,0.6433203631647212,771.0
17880,42.82454,-72.42867,250.0,0.004164383561643835,0.0006575342465753425,0.00043835616438356166,0.046356164383561646,0.07868493150684931,0.35769863013698633,0.08942465753424658,0.03506849315068493,0.01052054794520548,0.00526027397260274,0.005698630136986301,0.0867945205479452,0.005698630136986301,0.005698630136986301,0.2678356164383562,2281.25
17880,42.82454,-72.42867,750.0,0.007336925369712255,0.0011463945890175398,0.00045855783560701593,0.07302533532041729,0.07887194772440674,0.29255989911727615,0.11097099621689786,0.07657915854637166,0.013756735068210478,0.004127020520463143,0.004127020520463143,0.07520348503955061,0.009629714547747335,0.0018342313424280637,0.2503725782414307,2180.75
17880,42.82454,-72.42867,1250.0,0.005854474491218288,0.0008363534987454698,0.0,0.0563144689155283,0.09004739336492891,0.4114859213827711,0.07304153889043768,0.1605798717591302,0.009478672985781991,0.002230275996654586,0.006690827989963758,0.05742960691385559,0.003345413994981879,0.0,0.12266517981600224,1793.5
17880,42.82454,-72.42867,1750.0,0.0020515826494724504,0.00029308323563892143,0.0,0.03927315357561548,0.1201641266119578,0.4079718640093787,0.08499413833528723,0.07502930832356389,0.0076201641266119575,0.0035169988276670576,0.006447831184056272,0.043962485345838215,0.005275498241500586,0.0005861664712778429,0.20281359906213364,1706.0
17880,42.82454,-72.42867,2250.0,0.0017326017903551833,0.0051978053710655505,0.0,0.04533641351429397,0.2188853595148715,0.2414091827894889,0.10511117528154779,0.21137741842333238,0.01155067860236789,0.005775339301183945,0.002310135720473578,0.0519780537106555,0.008085475021657523,0.002310135720473578,0.08894022523823275,865.75
17880,42.82454,-72.42867,2750.0,0.0006709158000670916,0.0,0.0,0.06407245890640724,0.17175444481717544,0.20395840322039585,0.13418316001341832,0.20932572962093257,0.014760147601476014,0.014760147601476014,0.005367326400536733,0.05635692720563569,0.005367326400536733,0.004025494800402549,0.11539751761153975,745.25
17880,42.82454,-72.42867,3250.0,0.001033858878263117,0.0005169294391315585,0.0,0.04884983199793228,0.1183768415611269,0.17885758593951925,0.10545360558283794,0.15404497286120444,0.016541742052209873,0.008270871026104937,0.0062031532695787026,0.037218919617472215,0.0031015766347893513,0.001033858878263117,0.3204962522615663,967.25
17880,42.82454,-72.42867,3750.0,0.0,0.0004478280340349306,0.0026869682042095834,0.057769816390506046,0.04433497536945813,0.1334527541424093,0.15047021943573669,0.09762651141961487,0.011643528884908196,0.00806090461262875,0.005373936408419167,0.09314823107926556,0.0044782803403493054,0.0017913121361397223,0.3887147335423197,1116.5
17880,42.82454,-72.42867,4250.0,0.0018005851901868107,0.0,0.0,0.04343911771325681,0.04186360567184335,0.08732838172406032,0.13324330407382398,0.09723160027008777,0.018906144496961513,0.0054017555705604325,0.0018005851901868107,0.09903218546027459,0.0054017555705604325,0.0036011703803736214,0.46094980868782354,1110.75
17880,42.82454,-72.42867,4750.0,0.0007423904974016332,0.0,0.0,0.05864884929472903,0.11210096510764662,0.09502598366740905,0.1276911655530809,0.06978470675575353,0.016332590942835932,0.002969561989606533,0.005939123979213066,0.12175204157386786,0.002969561989606533,0.0014847809948032665,0.38455827765404604,673.5
17880,42.82454,-72.42867,5250.0,0.001277139208173691,0.0,0.0,0.05874840357598978,0.08939974457215837,0.07918263090676884,0.11494252873563218,0.06385696040868455,0.01277139208173691,0.002554278416347382,0.007662835249042145,0.04853128991060025,0.002554278416347382,0.005108556832694764,0.5134099616858238,391.5
17880,42.82454,-72.42867,5750.0,0.004645760743321719,0.0,0.0,0.0313588850174216,0.20905923344947736,0.19047619047619047,0.13704994192799072,0.15331010452961671,0.013937282229965157,0.0,0.004645760743321719,0.1835075493612079,0.004645760743321719,0.0,0.06736353077816493,430.5
17880,42.82454,-72.42867,6250.0,0.007283321194464676,0.0,0.0,0.05753823743627094,0.21849963583394028,0.17188638018936636,0.1864530225782957,0.157319737800437,0.029133284777858703,0.0,0.0029133284777858705,0.07574654042243263,0.005826656955571741,0.0,0.08739985433357611,343.25
17880,42.82454,-72.42867,6750.0,0.013003901170351105,0.005201560468140442,0.0,0.09492847854356307,0.24967490247074123,0.16905071521456436,0.16384915474642392,0.0988296488946684,0.02600780234070221,0.005201560468140442,0.0,0.031209362808842653,0.018205461638491547,0.002600780234070221,0.1222366710013004,384.5
17880,42.82454,-72.42867,7750.0,0.011146496815286623,0.0,0.0,0.11464968152866242,0.1449044585987261,0.2770700636942675,0.21337579617834396,0.07006369426751592,0.009554140127388535,0.01910828025477707,0.0,0.022292993630573247,0.009554140127388535,0.009554140127388535,0.09872611464968153,314.0
17880,42.82454,-72.42867,8250.0,0.0008936550491510277,0.0008936550491510277,0.0,0.193923145665773,0.08310991957104558,0.09740840035746202,0.25022341376228774,0.0,0.0035746201966041107,0.004468275245755138,0.0008936550491510277,0.013404825737265416,0.004468275245755138,0.002680965147453083,0.34405719392314565,1119.0
17880,42.82454,-72.42867,8750.0,0.01198501872659176,0.0052434456928838954,0.0,0.35730337078651686,0.024719101123595506,0.1303370786516854,0.21423220973782772,0.00149812734082397,0.00299625468164794,0.00749063670411985,0.00149812734082397,0.02247191011235955,0.010486891385767791,0.0,0.20973782771535582,667.5
17880,42.82454,-72.42867,9250.0,0.012389380530973451,0.022123893805309734,0.0035398230088495575,0.4557522123893805,0.005309734513274336,0.11150442477876106,0.2778761061946903,0.0,0.008849557522123894,0.012389380530973451,0.0017699115044247787,0.019469026548672566,0.005309734513274336,0.0017699115044247787,0.061946902654867256,565.0
17880,42.82454,-72.42867,9750.0,0.001059322033898305,0.015889830508474576,0.0,0.3135593220338983,0.0,0.08050847457627118,0.019067796610169493,0.0,0.0,0.00211864406779661,0.0,0.01059322033898305,0.00211864406779661,0.0,0.5550847457627118,472.0
17880,42.82454,-72.42867,10250.0,0.221665623043206,0.07013149655604257,0.010018785222291797,0.10457107075767064,0.0,0.2579837194740138,0.03506574827802129,0.0,0.017532874139010644,0.007514088916718848,0.002504696305572949,0.002504696305572949,0.09016906700062617,0.020037570444583593,0.16030056355666875,399.25
17880,42.82454,-72.42867,10750.0,0.16837983357807146,0.08908467939304944,0.005873715124816446,0.16299559471365638,0.003915810083210965,0.3191385217816936,0.025452765540871267,0.0,0.01566324033284386,0.0019579050416054823,0.0,0.0019579050416054823,0.06852667645619187,0.048947626040137054,0.0881057268722467,510.75
17880,42.82454,-72.42867,11250.0,0.4021608643457383,0.09003601440576231,0.01920768307322929,0.09603841536614646,0.006002400960384154,0.15126050420168066,0.014405762304921969,0.0,0.004801920768307323,0.004801920768307323,0.0024009603841536613,0.0,0.07923169267707082,0.004801920768307323,0.12484993997599039,416.5
17880,42.82454,-72.42867,11750.0,0.35738068812430634,0.09692933777284499,0.0029596744358120607,0.09507954125046245,0.0022197558268590455,0.16278209396966334,0.032556418793932666,0.0,0.004439511653718091,0.0,0.0,0.0014798372179060304,0.032556418793932666,0.013318534961154272,0.19829818719940806,675.75
17880,42.82454,-72.42867,12250.0,0.34498480243161095,0.1398176291793313,0.0,0.09270516717325228,0.0,0.1702127659574468,0.00303951367781155,0.0,0.00303951367781155,0.0,0.0,0.0,0.00303951367781155,0.0364741641337386,0.2066869300911854,329.0
17880,42.82454,-72.42867,12750.0,0.49668474984930683,0.02652200120554551,0.0,0.045207956600361664,0.0,0.09403254972875226,0.040988547317661245,0.0024110910186859553,0.014466546112115732,0.004822182037371911,0.0024110910186859553,0.0,0.014466546112115732,0.012055455093429777,0.24593128390596744,414.75
17880,42.82454,-72.42867,13250.0,0.5363469761759316,0.03176542455711668,0.0,0.05070250458155162,0.0,0.07574832009773977,0.04153940134392181,0.0,0.007330482590103849,0.0,0.0,0.0,0.007330482590103849,0.03176542455711668,0.21747098350641417,409.25
17880,42.82454,-72.42867,13750.0,0.5093378607809848,0.01245048104131296,0.0,0.04810413129598189,0.0,0.09281267685342388,0.045274476513865305,0.0,0.006791171477079796,0.0022637238256932655,0.0,0.0,0.0,0.02490096208262592,0.25806451612903225,441.75
17880,42.82454,-72.42867,14250.0,0.6146404385682038,0.00709448564979039,0.0025798129635601417,0.03514995162850693,0.0,0.06062560464366334,0.04127700741696227,0.0,0.0051596259271202835,0.0012899064817800709,0.0012899064817800709,0.0,0.0025798129635601417,0.015478877781360851,0.2128345694937117,775.25
17880,42.82454,-72.42867,14750.0,0.5531004989308624,0.005702066999287242,0.0,0.04775481111903065,0.0,0.10263720598717035,0.048467569493941556,0.0,0.02851033499643621,0.005702066999287242,0.005702066999287242,0.0,0.005702066999287242,0.03136136849607983,0.16535994297933002,350.75
19937,41.757238,-86.522242,250.0,0.013177400757700544,0.011859660681930489,0.009224180530390381,0.0037885027178389064,0.0,0.01910723109866579,0.18053039038049745,0.0606160434854225,0.054686213144457256,0.05402734310657223,0.036896722121561525,0.12254982704661506,0.006588700378850272,0.006588700378850272,0.4203590841706473,1517.75
19937,41.757238,-86.522242,750.0,0.0043535045711798,0.0087070091423596,0.0087070091423596,0.0030474531998258597,0.0,0.013931214627775359,0.2002612102742708,0.08358728776665215,0.13757074444928166,0.07488027862429256,0.01915542011319112,0.14453635176316934,0.0017414018284719198,0.0087070091423596,0.2908141053548106,574.25
19937,41.757238,-86.522242,1250.0,0.014121338912133892,0.024581589958158997,0.0198744769874477,0.0031380753138075313,0.0,0.012552301255230125,0.2175732217573222,0.1589958158995816,0.12656903765690378,0.08682008368200837,0.0198744769874477,0.100418410041841,0.0031380753138075313,0.021966527196652718,0.1903765690376569,956.0
19937,41.757238,-86.522242,1750.0,0.0029607698001480384,0.006661732050333087,0.023686158401184307,0.0,0.0,0.014803849000740192,0.29015544041450775,0.15099925980754997,0.14655810510732792,0.07549962990377498,0.02220577350111029,0.08586232420429311,0.005921539600296077,0.007401924500370096,0.16728349370836418,675.5
19937,41.757238,-86.522242,2250.0,0.00785413744740533,0.0033660589060308557,0.035904628330995794,0.0025245441795231417,0.0,0.006732117812061711,0.40280504908835907,0.024684431977559606,0.09312762973352033,0.028050490883590462,0.05049088359046283,0.1256661991584853,0.002244039270687237,0.017952314165497897,0.1985974754558205,891.25
19937,41.757238,-86.522242,2750.0,0.006305170239596469,0.009667927700714587,0.02185792349726776,0.004623791509037411,0.0,0.005044136191677175,0.40184951660361495,0.031105506515342583,0.10172341319882304,0.03783102143757881,0.06557377049180328,0.10172341319882304,0.0,0.013451029844472467,0.19924337957124844,1189.5
19937,41.757238,-86.522242,3250.0,0.0011799410029498525,0.013569321533923304,0.015339233038348082,0.007079646017699115,0.0,0.010619469026548672,0.34926253687315634,0.10383480825958702,0.08967551622418879,0.044837758112094395,0.05191740412979351,0.10855457227138643,0.0011799410029498525,0.0,0.20294985250737463,847.5
19937,41.757238,-86.522242,3750.0,0.002930709650408206,0.007954783336822273,0.02009629474565627,0.0018840276324052752,0.0,0.0033493824576093785,0.23194473518944944,0.15574628427883608,0.10550554741469542,0.09462005442746493,0.05610215616495708,0.11220431232991417,0.0033493824576093785,0.0016746912288046892,0.20263763868536738,1194.25
19937,41.757238,-86.522242,4250.0,0.0028716877692207283,0.008876125832136797,0.019318626811121262,0.003002219031458034,0.0,0.00783187573423835,0.32998303093590914,0.102858634642997,0.07779663229343428,0.07518600704868816,0.05430100509071923,0.10494713483879389,0.0005221250489492234,0.005221250489492233,0.20728364443284167,1915.25
19937,41.757238,-86.522242,4750.0,0.002681324574339724,0.008848371095321089,0.0359297492961523,0.000670331143584931,0.0,0.0037538544040756133,0.27027751709344416,0.12977610939804263,0.07507708808151227,0.07722214774098404,0.052553961657058584,0.12387719533449525,0.002145059659471779,0.0032175894892076686,0.21396970103230997,1864.75
19937,41.757238,-86.522242,5250.0,0.004014336917562724,0.013189964157706093,0.014336917562724014,0.002150537634408602,0.0,0.005161290322580645,0.3716129032258065,0.11125448028673836,0.07111111111111111,0.07225806451612904,0.04415770609318997,0.0974910394265233,0.002867383512544803,0.006308243727598566,0.18408602150537634,1743.75
19937,41.757238,-86.522242,5750.0,0.010744435917114352,0.009976976208749041,0.003581478639038117,0.0015349194167306216,0.0,0.004093118444614991,0.3371706318751599,0.20619084164748017,0.051675620363264264,0.12484011256075722,0.05269889997441801,0.05525709900230238,0.0010232796111537478,0.0020465592223074956,0.1391660271169097,1954.5
19937,41.757238,-86.522242,6250.0,0.0016599232285506795,0.011826953003423592,0.004564788878514369,0.002593630044610437,0.0,0.002904865649963689,0.3257599336030709,0.16184251478369124,0.07137669882767922,0.1585226683265899,0.06017221703496213,0.05436248573503476,0.0012449424214130097,0.00041498080713766987,0.14275339765535844,2409.75
19937,41.757238,-86.522242,6750.0,0.0006054184955350386,0.00908127743302558,0.0,0.0016649008627213561,0.0,0.0042379294687452706,0.31663387316482516,0.11200242167398214,0.07325563795973968,0.1852580596337218,0.05993643105796882,0.06720145300438929,0.0,0.0012108369910700772,0.16891176025427576,1651.75
19937,41.757238,-86.522242,7250.0,0.0,0.011440107671601614,0.0,0.0026917900403768506,0.0,0.004710632570659489,0.41318977119784656,0.010094212651413189,0.08613728129205922,0.16621803499327054,0.06796769851951548,0.07133243606998654,0.0026917900403768506,0.0,0.16352624495289367,1486.0
19937,41.757238,-86.522242,7750.0,0.004384485666104553,0.017200674536256323,0.0,0.003709949409780776,0.0,0.005396290050590219,0.37504215851602024,0.004721753794266442,0.07689713322091063,0.18347386172006747,0.0627318718381113,0.06745362563237774,0.0,0.002023608768971332,0.196964586846543,1482.5
19937,41.757238,-86.522242,8250.0,0.0,0.022153846153846152,0.001641025641025641,0.001435897435897436,0.0,0.004923076923076923,0.47015384615384614,0.008205128205128205,0.054974358974358976,0.14851282051282053,0.05087179487179487,0.06235897435897436,0.0,0.001641025641025641,0.17312820512820512,1218.75
19937,41.757238,-86.522242,8750.0,0.004139468237541793,0.026110491959879,0.001910523801942366,0.002388154752427957,0.0,0.0031842063365706097,0.5062888075147269,0.0031842063365706097,0.0636841267314122,0.08597357108740647,0.04903677758318739,0.07769463461232289,0.0,0.0,0.1764050310460118,1570.25
19937,41.757238,-86.522242,9250.0,0.002835092140494566,0.02331075759962199,0.0012600409513309182,0.0111828634430619,0.0006300204756654591,0.0012600409513309182,0.5008662781540401,0.006300204756654592,0.06237202709088045,0.09135296897149157,0.0554418018585604,0.05229169948023311,0.0,0.0,0.1908962041266341,1587.25
19937,41.757238,-86.522242,9750.0,0.02737295653275884,0.013939931567608668,0.002027626409833988,0.01279939171207705,0.0,0.0015207198073754911,0.35432771511848943,0.008617412241794449,0.053225193258142185,0.13128881003675072,0.07147383094664808,0.058294259282727155,0.000506906602458497,0.004562159422126473,0.260043087061209,1972.75
19937,41.757238,-86.522242,10250.0,0.048862115127175365,0.06046407853636769,0.0022311468094600626,0.022311468094600623,0.0,0.00892458723784025,0.26729138777331546,0.0013386880856760374,0.03346720214190094,0.142347166443552,0.062025881302989735,0.05756358768406961,0.0031236055332440876,0.004462293618920125,0.285586791610888,2241.0
19937,41.757238,-86.522242,10750.0,0.0585932226272445,0.04536249493722155,0.004860267314702308,0.08707978938841636,0.0005400297016335898,0.03672201971108411,0.18253003915215338,0.0032401782098015392,0.08100445524503848,0.1598487916835426,0.028621574186580262,0.024841366275145133,0.0032401782098015392,0.0032401782098015392,0.2802754151478331,1851.75
19937,41.757238,-86.522242,11250.0,0.19077261076528745,0.13291834492859758,0.01757597949469059,0.19589893811790554,0.0007323324789454412,0.06883925302087147,0.06737458806298059,0.0,0.048333943610399124,0.046136946173562794,0.008787989747345295,0.015378982057854266,0.008787989747345295,0.0007323324789454412,0.19772976931526914,1365.5
19937,41.757238,-86.522242,11750.0,0.3797235023041475,0.17480798771121353,0.0141321044546851,0.05591397849462366,0.001228878648233487,0.007373271889400922,0.0663594470046083,0.0006144393241167435,0.06144393241167435,0.013517665130568356,0.009831029185867896,0.007373271889400922,0.002457757296466974,0.006758832565284178,0.19846390168970815,1627.5
19937,41.757238,-86.522242,12250.0,0.26222537207654145,0.11481218993621545,0.011339475549255847,0.004961020552799433,0.0,0.002834868887313962,0.11906449326718639,0.005669737774627924,0.11906449326718639,0.025513819985825654,0.025513819985825654,0.03118355776045358,0.0,0.014174344436569808,0.26364280652019845,352.75
19937,41.757238,-86.522242,13250.0,0.363395225464191,0.10477453580901856,0.021220159151193633,0.001326259946949602,0.0,0.0,0.10344827586206896,0.0,0.10079575596816977,0.021220159151193633,0.005305039787798408,0.034482758620689655,0.0,0.021220159151193633,0.22281167108753316,377.0
19937,41.757238,-86.522242,13750.0,0.3314801945795691,0.03266157053509382,0.009728978457261988,0.006254343293954135,0.0,0.008339124391938846,0.08339124391938846,0.0,0.1626129256428075,0.020847810979847115,0.01250868658790827,0.022237665045170257,0.001389854065323141,0.001389854065323141,0.3071577484364142,719.5
19937,41.757238,-86.522242,14750.0,0.41878980891719747,0.03430804863925883,0.01360741169658367,0.009843659525188187,0.00028951939779965256,0.003474232773595831,0.06427330631152287,0.002026635784597568,0.10538506079907353,0.01679212507237985,0.014765489287782282,0.013317892298784018,0.003474232773595831,0.018818760856977416,0.280833815865663,3454.0
20515,41.097272,-74.640604,250.0,0.0,0.0,0.007704160246533128,0.04930662557781202,0.05855161787365177,0.1016949152542373,0.4869029275808937,0.01386748844375963,0.01694915254237288,0.0061633281972265025,0.1140215716486903,0.007704160246533128,0.0,0.0,0.13713405238828968,649.0
20515,41.097272,-74.640604,750.0,0.0,0.0,0.011689070718877849,0.02396259497369959,0.08299240210403273,0.10520163646990065,0.5692577440093513,0.017533606078316773,0.011689070718877849,0.011689070718877849,0.09234365867913501,0.018702513150204558,0.0070134424313267095,0.0,0.04792518994739918,855.5
20515,41.097272,-74.640604,1250.0,0.0,0.0,0.009465855307640297,0.04665314401622718,0.06941627225602885,0.1009691232814965,0.6022086995717827,0.013973405454135676,0.010818120351588911,0.010367365336939374,0.08654496281271129,0.009916610322289835,0.007662835249042145,0.0,0.0320036060401172,2218.5
20515,41.097272,-74.640604,1750.0,0.0,0.0,0.010332103321033211,0.04944649446494465,0.08265682656826569,0.0974169741697417,0.529889298892989,0.025092250922509225,0.010332103321033211,0.014760147601476014,0.14022140221402213,0.005904059040590406,0.002952029520295203,0.0,0.03099630996309963,677.5
20515,41.097272,-74.640604,2250.0,0.0,0.0,0.010942760942760943,0.04040404040404041,0.05387205387205387,0.10774410774410774,0.5673400673400674,0.03367003367003367,0.006734006734006734,0.009259259259259259,0.10942760942760943,0.012626262626262626,0.004208754208754209,0.0,0.04377104377104377,1188.0
20515,41.097272,-74.640604,2750.0,0.0,0.0,0.009003939223410242,0.05346088913899831,0.050647158131682614,0.09566685424873382,0.586381541924592,0.023635340461451885,0.009003939223410242,0.009003939223410242,0.12267867191896455,0.006752954417557681,0.004501969611705121,0.0,0.029262802476083285,888.5
20515,41.097272,-74.640604,3250.0,0.0,0.0,0.00927357032457496,0.03245749613601236,0.021638330757341576,0.11540443070582174,0.6027820710973725,0.01854714064914992,0.012364760432766615,0.010303967027305513,0.09994848016486348,0.010303967027305513,0.012364760432766615,0.0,0.05461102524471922,970.5
20515,41.097272,-74.640604,3750.0,0.0,0.0,0.00975609756097561,0.03523035230352303,0.024932249322493227,0.10298102981029811,0.5799457994579946,0.023848238482384824,0.00975609756097561,0.01951219512195122,0.15934959349593497,0.008672086720867209,0.0032520325203252032,0.0,0.022764227642276424,922.5
20515,41.097272,-74.640604,4250.0,0.0,0.0,0.007075471698113208,0.045990566037735846,0.008254716981132075,0.09787735849056604,0.6214622641509434,0.0330188679245283,0.014150943396226415,0.014150943396226415,0.07783018867924528,0.020047169811320754,0.007075471698113208,0.0,0.05306603773584906,848.0
20515,41.097272,-74.640604,4750.0,0.0,0.0,0.015294117647058824,0.05411764705882353,0.018823529411764704,0.09176470588235294,0.6141176470588235,0.029411764705882353,0.004705882352941176,0.02235294117647059,0.08,0.00823529411764706,0.0058823529411764705,0.0,0.05529411764705883,850.0
20515,41.097272,-74.640604,5250.0,0.0,0.0,0.00950734658599827,0.03197925669835782,0.018150388936905792,0.07951598962834917,0.6447709593777009,0.029386343993085567,0.007778738115816767,0.02679343128781331,0.08729472774416594,0.012100259291270527,0.006050129645635264,0.0,0.046672428694900604,1157.0
20515,41.097272,-74.640604,5750.0,0.0,0.0,0.015435501653803748,0.018743109151047408,0.09371554575523705,0.06945975744211687,0.5898566703417861,0.018743109151047408,0.011025358324145534,0.023153252480705624,0.09812568908489526,0.013230429988974642,0.009922822491730982,0.0,0.03858875413450937,907.0
20515,41.097272,-74.640604,6250.0,0.0,0.0,0.010796221322537112,0.02384165542060279,0.103463787674314,0.05847953216374269,0.6531713900134952,0.02249212775528565,0.007197480881691408,0.012595591542959963,0.05038236617183985,0.01349527665317139,0.003598740440845704,0.0,0.04048582995951417,1111.5
20515,41.097272,-74.640604,6750.0,0.0,0.0,0.014586709886547812,0.03079416531604538,0.11831442463533225,0.08914100486223663,0.5721231766612642,0.02106969205834684,0.009724473257698542,0.03403565640194489,0.050243111831442464,0.008103727714748784,0.004862236628849271,0.0,0.04700162074554295,617.0
20515,41.097272,-74.640604,7250.0,0.0,0.0,0.01473922902494331,0.027210884353741496,0.12811791383219956,0.06235827664399093,0.6349206349206349,0.02040816326530612,0.012471655328798186,0.022675736961451247,0.02040816326530612,0.01020408163265306,0.0022675736961451248,0.0,0.04421768707482993,882.0
20515,41.097272,-74.640604,7750.0,0.0,0.0,0.0073559460563955865,0.016755210461789946,0.08091540662035145,0.049039640375970577,0.7159787494891704,0.01961585615038823,0.013894564773191663,0.028606456885982835,0.010625255414793625,0.008990600735594606,0.004903964037597058,0.0,0.04331834899877401,1223.5
20515,41.097272,-74.640604,8250.0,0.0,0.0,0.014962593516209476,0.03325020781379884,0.07647547797173733,0.0714879467996675,0.7065669160432253,0.017456359102244388,0.00914380714879468,0.013300083125519535,0.019118869492934332,0.00831255195344971,0.0024937655860349127,0.0,0.02743142144638404,1203.0
20515,41.097272,-74.640604,8750.0,0.0,0.0,0.01870748299319728,0.05442176870748299,0.0663265306122449,0.05442176870748299,0.6921768707482994,0.006802721088435374,0.01020408163265306,0.015306122448979591,0.023809523809523808,0.003401360544217687,0.006802721088435374,0.0,0.047619047619047616,588.0
20515,41.097272,-74.640604,9250.0,0.0,0.0,0.011716461628588167,0.06502636203866433,0.041007615700058585,0.06444053895723492,0.7428236672524897,0.007029876977152899,0.007029876977152899,0.007029876977152899,0.005858230814294083,0.009373169302870533,0.0035149384885764497,0.0,0.0351493848857645,853.5
20515,41.097272,-74.640604,9750.0,0.0,0.0,0.016713091922005572,0.15691736304549675,0.025998142989786442,0.07056638811513463,0.659238625812442,0.0018570102135561746,0.005571030640668524,0.016713091922005572,0.0,0.0018570102135561746,0.009285051067780872,0.0,0.035283194057567316,538.5
20515,41.097272,-74.640604,10250.0,0.0,0.0,0.009940357852882704,0.2664015904572565,0.09145129224652088,0.05964214711729622,0.5149105367793241,0.0,0.003976143141153081,0.017892644135188866,0.0,0.003976143141153081,0.009940357852882704,0.0,0.02186878727634195,503.0
20515,41.097272,-74.640604,10750.0,0.0027491408934707906,0.0,0.012371134020618556,0.30584192439862545,0.170446735395189,0.0577319587628866,0.406872852233677,0.0,0.004123711340206186,0.012371134020618556,0.0013745704467353953,0.006872852233676976,0.0,0.0,0.019243986254295534,727.5
20515,41.097272,-74.640604,11250.0,0.006339144215530904,0.0,0.01901743264659271,0.3629160063391442,0.05810882197569995,0.1288959323824617,0.283148441627047,0.010565240359218173,0.01584786053882726,0.040147913365029056,0.007395668251452721,0.01901743264659271,0.008452192287374538,0.0,0.040147913365029056,946.5
20515,41.097272,-74.640604,11750.0,0.06821705426356589,0.0,0.013953488372093023,0.3953488372093023,0.017054263565891473,0.3612403100775194,0.05116279069767442,0.0,0.004651162790697674,0.007751937984496124,0.0,0.006201550387596899,0.05581395348837209,0.0,0.018604651162790697,645.0
20515,41.097272,-74.640604,12250.0,0.25972222222222224,0.005555555555555556,0.04722222222222222,0.3277777777777778,0.001388888888888889,0.13194444444444445,0.08888888888888889,0.002777777777777778,0.0125,0.002777777777777778,0.001388888888888889,0.001388888888888889,0.06805555555555555,0.0,0.04861111111111111,720.0
39474,46.31815400000001,-69.06188,250.0,0.14693495554515676,0.019653720168460457,0.009358914365933552,0.09780065512400561,0.014974262985493684,0.4904071127749181,0.03369209171736079,0.04305100608329434,0.003743565746373421,0.006551240056153486,0.0,0.008423022929340197,0.015910154422087038,0.013102480112306972,0.09639681796911559,1068.5
39474,46.31815400000001,-69.06188,750.0,0.09375,0.008928571428571428,0.008928571428571428,0.09523809523809523,0.03422619047619048,0.5595238095238095,0.03720238095238095,0.05654761904761905,0.008928571428571428,0.00744047619047619,0.001488095238095238,0.008928571428571428,0.013392857142857142,0.005952380952380952,0.05952380952380952,672.0
39474,46.31815400000001,-69.06188,1250.0,0.10381184103811841,0.014598540145985401,0.0113544201135442,0.0786699107866991,0.12003244120032441,0.5028386050283861,0.027575020275750203,0.0746147607461476,0.009732360097323601,0.0016220600162206002,0.0,0.0113544201135442,0.009732360097323601,0.004866180048661801,0.029197080291970802,616.5
39474,46.31815400000001,-69.06188,1750.0,0.0338680926916221,0.012477718360071301,0.008912655971479501,0.06327985739750445,0.09982174688057041,0.5766488413547237,0.024955436720142603,0.09269162210338681,0.0106951871657754,0.011586452762923352,0.00089126559714795,0.006238859180035651,0.008021390374331552,0.0,0.049910873440285206,1122.0
39474,46.31815400000001,-69.06188,2250.0,0.01349527665317139,0.016194331983805668,0.002699055330634278,0.06882591093117409,0.09716599190283401,0.5668016194331984,0.016194331983805668,0.08367071524966262,0.005398110661268556,0.010796221322537112,0.0,0.002699055330634278,0.032388663967611336,0.0,0.08367071524966262,370.5
39474,46.31815400000001,-69.06188,2750.0,0.019746121297602257,0.0028208744710860366,0.005641748942172073,0.08321579689703808,0.039492242595204514,0.5895627644569816,0.03385049365303244,0.11001410437235543,0.011283497884344146,0.00846262341325811,0.0028208744710860366,0.005641748942172073,0.01692524682651622,0.0,0.07052186177715092,354.5
39474,46.31815400000001,-69.06188,3250.0,0.013157894736842105,0.01644736842105263,0.009868421052631578,0.16776315789473684,0.07236842105263158,0.5526315789473685,0.01644736842105263,0.05921052631578947,0.01644736842105263,0.013157894736842105,0.0,0.006578947368421052,0.009868421052631578,0.006578947368421052,0.039473684210526314,304.0
39474,46.31815400000001,-69.06188,3750.0,0.02066772655007949,0.014308426073131956,0.0047694753577106515,0.10174880763116058,0.03656597774244833,0.6263910969793323,0.02384737678855326,0.09062003179650238,0.012718600953895072,0.0,0.0,0.00794912559618442,0.011128775834658187,0.001589825119236884,0.04769475357710652,629.0
39474,46.31815400000001,-69.06188,4250.0,0.017155110793423873,0.009054086252084823,0.0033357159876101976,0.12794853466761974,0.01334286395044079,0.6342625685013105,0.06576125804145819,0.03955206099594949,0.020967357636406957,0.002382654276864427,0.0,0.01334286395044079,0.017155110793423873,0.0028591851322373124,0.032880629020729094,2098.5
39474,46.31815400000001,-69.06188,4750.0,0.02248062015503876,0.014728682170542635,0.002325581395348837,0.11782945736434108,0.011627906976744186,0.6705426356589147,0.05193798449612403,0.024806201550387597,0.01937984496124031,0.007751937984496124,0.0,0.014728682170542635,0.017829457364341085,0.0007751937984496124,0.023255813953488372,1290.0
39474,46.31815400000001,-69.06188,5250.0,0.010481493612839829,0.010481493612839829,0.0052407468064199145,0.0894202423845398,0.16770389780543726,0.6079266295447101,0.03406485424172945,0.02030789387487717,0.013756960366852276,0.0052407468064199145,0.0,0.015067147068457255,0.007206026858827383,0.0006550933508024893,0.012446773665247298,1526.5
39474,46.31815400000001,-69.06188,5750.0,0.008925914906277893,0.002975304968759298,0.0011901219875037191,0.11038381434096994,0.21719726271942874,0.5498363582267183,0.02677774471883368,0.018446890806307646,0.007140731925022315,0.009520975900029753,0.0005950609937518596,0.008925914906277893,0.01428146385004463,0.0005950609937518596,0.023207378756322523,1680.5
39474,46.31815400000001,-69.06188,6250.0,0.01224177505738332,0.0045906656465187455,0.001530221882172915,0.13083397092578425,0.11323641928079571,0.6074980872226473,0.029074215761285386,0.010711553175210406,0.015302218821729151,0.0045906656465187455,0.001530221882172915,0.010711553175210406,0.022953328232593728,0.0045906656465187455,0.030604437643458302,653.5
39474,46.31815400000001,-69.06188,6750.0,0.01995890813031993,0.01937188142060464,0.006457293806868212,0.20868799530378632,0.08335779277957148,0.464338127384796,0.09098914000587027,0.009979454065159965,0.016436747872028177,0.013501614323451717,0.0,0.017023774581743468,0.017023774581743468,0.0029351335485764602,0.029938362195479896,1703.5
39474,46.31815400000001,-69.06188,7250.0,0.04178019981834696,0.023614895549500452,0.0027247956403269754,0.19618528610354224,0.049954586739327886,0.4250681198910082,0.10354223433242507,0.005449591280653951,0.05812897366030881,0.015440508628519528,0.0018165304268846503,0.009082652134423252,0.023614895549500452,0.007266121707538601,0.03633060853769301,1101.0
39474,46.31815400000001,-69.06188,7750.0,0.030828516377649325,0.025048169556840076,0.00674373795761079,0.313102119460501,0.038535645472061654,0.3304431599229287,0.10789980732177264,0.00674373795761079,0.025048169556840076,0.022157996146435453,0.0,0.005780346820809248,0.022157996146435453,0.023121387283236993,0.04238921001926782,1038.0
39474,46.31815400000001,-69.06188,8250.0,0.03389830508474576,0.002824858757062147,0.011299435028248588,0.2175141242937853,0.02824858757062147,0.4322033898305085,0.11299435028248588,0.011299435028248588,0.025423728813559324,0.014124293785310734,0.002824858757062147,0.01694915254237288,0.031073446327683617,0.011299435028248588,0.0480225988700565,354.0
39474,46.31815400000001,-69.06188,8750.0,0.05916699104710004,0.017905799922148698,0.01012066952121448,0.23394316854807318,0.010899182561307902,0.5091475282210977,0.05216037368625925,0.003892565200467108,0.010899182561307902,0.010899182561307902,0.0,0.004671078240560529,0.0326975476839237,0.005449591280653951,0.03814713896457766,1284.5
39474,46.31815400000001,-69.06188,9250.0,0.0669710806697108,0.0517503805175038,0.0121765601217656,0.2511415525114155,0.0121765601217656,0.380517503805175,0.0700152207001522,0.0,0.0213089802130898,0.0182648401826484,0.0,0.0030441400304414,0.0639269406392694,0.0060882800608828,0.0426179604261796,328.5
39474,46.31815400000001,-69.06188,9750.0,0.045146726862302484,0.028893905191873587,0.013544018058690745,0.16659142212189615,0.006320541760722348,0.5471783295711061,0.06501128668171557,0.0009029345372460496,0.014446952595936794,0.009932279909706547,0.0,0.002708803611738149,0.04334085778781038,0.018961625282167043,0.03702031602708804,1107.5
39474,46.31815400000001,-69.06188,10250.0,0.07388535031847134,0.08662420382165605,0.005095541401273885,0.1592356687898089,0.0025477707006369425,0.5579617834394904,0.033121019108280254,0.0,0.0025477707006369425,0.005095541401273885,0.0,0.0,0.035668789808917196,0.012738853503184714,0.025477707006369428,392.5
39474,46.31815400000001,-69.06188,10750.0,0.06373008434864105,0.04873477038425492,0.0018744142455482662,0.07216494845360824,0.0037488284910965324,0.5829428303655108,0.033739456419868794,0.0,0.01499531396438613,0.0018744142455482662,0.0018744142455482662,0.0,0.12371134020618557,0.007497656982193065,0.04311152764761012,533.5
39474,46.31815400000001,-69.06188,11250.0,0.04875217643644805,0.0591990713871155,0.012768427161926872,0.06442251886244922,0.005803830528148578,0.5536854323853744,0.02901915264074289,0.0,0.0046430644225188625,0.005803830528148578,0.0011607661056297156,0.0011607661056297156,0.15902495647127105,0.005803830528148578,0.04875217643644805,861.5
39474,46.31815400000001,-69.06188,11750.0,0.06162464985994398,0.013071895424836602,0.018674136321195144,0.040149393090569564,0.0056022408963585435,0.5490196078431373,0.0392156862745098,0.0,0.01680672268907563,0.003734827264239029,0.0,0.0,0.13258636788048553,0.04481792717086835,0.07469654528478058,535.5
39474,46.31815400000001,-69.06188,12250.0,0.22863568215892055,0.005997001499250375,0.0029985007496251873,0.0734632683658171,0.01199400299850075,0.32233883058470764,0.08245877061469266,0.0014992503748125937,0.011244377811094454,0.004497751124437781,0.0014992503748125937,0.0029985007496251873,0.1176911544227886,0.023238380809595203,0.10944527736131934,1334.0
39474,46.31815400000001,-69.06188,12750.0,0.2540594874883208,0.014170013594356792,0.0020015144202028966,0.10169198818575118,0.0013550075499603683,0.3670122083523374,0.021777539642827096,0.001771251699294599,0.004428129248236498,0.0008856258496472995,0.001771251699294599,0.0,0.030500954261852994,0.017402547945569433,0.18117248006234807,1129.145
39474,46.31815400000001,-69.06188,13250.0,0.028527763627101375,0.00815078960774325,0.011207335710646969,0.026999490575649515,0.0020376974019358125,0.43097300050942433,0.010188487009679063,0.0,0.0010188487009679063,0.0,0.017320427916454408,0.0,0.011207335710646969,0.08965868568517575,0.36271013754457465,981.5
39474,46.31815400000001,-69.06188,13750.0,0.0408997955010225,0.00408997955010225,0.02044989775051125,0.05112474437627812,0.012269938650306749,0.06952965235173825,0.024539877300613498,0.0,0.00408997955010225,0.0,0.0,0.0,0.016359918200409,0.14314928425357873,0.6134969325153374,244.5
39474,46.31815400000001,-69.06188,14250.0,0.0,0.0,0.014742014742014743,0.09090909090909091,0.0,0.10810810810810811,0.03931203931203931,0.0,0.009828009828009828,0.004914004914004914,0.0,0.0,0.0,0.07862407862407862,0.6535626535626535,203.5
39474,46.31815400000001,-69.06188,14750.0,0.06037735849056604,0.0,0.0,0.07924528301886792,0.0,0.06792452830188679,0.03018867924528302,0.0,0.0,0.0,0.0,0.0,0.0,0.13584905660377358,0.6264150943396226,132.5
40111,34.16699,-80.77682200000001,250.0,0.0,0.0,0.0,0.6631049654305469,0.0,0.00251414204902577,0.2262727844123193,0.0,0.0,0.00502828409805154,0.02011313639220616,0.0,0.00251414204902577,0.0,0.08045254556882464,397.75
40111,34.16699,-80.77682200000001,750.0,0.0,0.0,0.0,0.5671902268760908,0.0,0.004653868528214078,0.2792321116928447,0.0,0.004653868528214078,0.002326934264107039,0.02326934264107039,0.002326934264107039,0.009307737056428156,0.0,0.1070389761489238,429.75
40111,34.16699,-80.77682200000001,1250.0,0.0,0.0,0.0,0.5068493150684932,0.0,0.004214963119072708,0.37091675447839834,0.004214963119072708,0.0,0.004214963119072708,0.01685985247629083,0.0,0.0,0.0,0.09272918861959958,237.25
40111,34.16699,-80.77682200000001,1750.0,0.0,0.0,0.0,0.5168738898756661,0.0,0.007104795737122558,0.27708703374777977,0.0,0.002368265245707519,0.004736530491415038,0.021314387211367674,0.002368265245707519,0.007104795737122558,0.0,0.16104203670811132,422.25
40111,34.16699,-80.77682200000001,2250.0,0.0,0.0,0.0,0.5702075702075702,0.0,0.0,0.2783882783882784,0.0,0.0,0.0,0.03418803418803419,0.0,0.004884004884004884,0.0,0.11233211233211234,204.75
40111,34.16699,-80.77682200000001,2750.0,0.0,0.0,0.0,0.5544967242406195,0.0,0.0023823704586063135,0.3073257891602144,0.0,0.004764740917212627,0.004764740917212627,0.019058963668850508,0.0023823704586063135,0.0,0.0,0.10482430017867779,419.75
40111,34.16699,-80.77682200000001,3250.0,0.0,0.0,0.0,0.5849056603773585,0.0,0.0,0.29110512129380056,0.0,0.0,0.01078167115902965,0.0215633423180593,0.0,0.005390835579514825,0.0,0.0862533692722372,185.5
40111,34.16699,-80.77682200000001,3750.0,0.0,0.0,0.0,0.6976456009913259,0.0,0.0,0.1982651796778191,0.0,0.0,0.0,0.024783147459727387,0.0,0.0,0.0,0.07930607187112763,201.75
40111,34.16699,-80.77682200000001,4250.0,0.0,0.0,0.0,0.5121951219512195,0.0,0.004645760743321719,0.3205574912891986,0.0,0.004645760743321719,0.0,0.013937282229965157,0.0,0.0,0.0,0.1440185830429733,215.25
40111,34.16699,-80.77682200000001,4750.0,0.0,0.0,0.0,0.47619047619047616,0.0,0.004761904761904762,0.2619047619047619,0.0,0.004761904761904762,0.0,0.01904761904761905,0.0,0.0,0.0,0.23333333333333334,210.0
40111,34.16699,-80.77682200000001,5250.0,0.0,0.0,0.0,0.4342105263157895,0.0,0.0043859649122807015,0.2675438596491228,0.0,0.013157894736842105,0.008771929824561403,0.017543859649122806,0.0,0.0,0.0,0.2543859649122807,228.0
40111,34.16699,-80.77682200000001,5750.0,0.0,0.0,0.0,0.45706371191135736,0.0,0.0,0.2548476454293629,0.0,0.00221606648199446,0.00443213296398892,0.00443213296398892,0.0,0.00443213296398892,0.0,0.2725761772853186,451.25
40111,34.16699,-80.77682200000001,6250.0,0.0,0.0,0.0,0.48598130841121495,0.0,0.0,0.29906542056074764,0.0,0.004672897196261682,0.0,0.009345794392523364,0.0,0.0,0.0,0.20093457943925233,214.0
40111,34.16699,-80.77682200000001,6750.0,0.0,0.0,0.0,0.2898781134075252,0.0,0.0,0.5214626391096979,0.0021197668256491787,0.0042395336512983575,0.0021197668256491787,0.01483836777954425,0.0,0.0021197668256491787,0.0,0.16322204557498676,471.75
40111,34.16699,-80.77682200000001,7250.0,0.0,0.0,0.0,0.2529182879377432,0.0,0.0,0.5758754863813229,0.0,0.0038910505836575876,0.007782101167315175,0.023346303501945526,0.0038910505836575876,0.0038910505836575876,0.0,0.12840466926070038,257.0
40111,34.16699,-80.77682200000001,7750.0,0.0,0.0,0.0,0.1515703231679563,0.0,0.0036413290851160674,0.6681838871187984,0.005461993627674101,0.0036413290851160674,0.0036413290851160674,0.018206645425580335,0.0,0.007282658170232135,0.0,0.13837050523441055,549.25
40111,34.16699,-80.77682200000001,8250.0,0.0012022843402464682,0.0,0.0,0.17883979561166216,0.0,0.004809137360985873,0.6744815148782687,0.0036068530207394047,0.007213706041478809,0.01562969642320409,0.016831980763450556,0.0,0.008415990381725278,0.0,0.08896904117823866,831.75
40111,34.16699,-80.77682200000001,8750.0,0.0,0.0,0.0,0.18055143788911948,0.0011858879335902757,0.0023717758671805513,0.6783278980136377,0.009487103468722205,0.0071153276015416544,0.004743551734361103,0.029647198339756892,0.0023717758671805513,0.0035576638007708272,0.0,0.08064037948413876,843.25
40111,34.16699,-80.77682200000001,9250.0,0.0,0.0,0.0,0.15822291504286828,0.0,0.003117692907248636,0.6796570537802027,0.006235385814497272,0.003117692907248636,0.009353078721745909,0.02494154325798909,0.003117692907248636,0.012470771628994544,0.0,0.09976617303195635,320.75
40111,34.16699,-80.77682200000001,9750.0,0.0,0.0,0.0,0.25599232981783315,0.0,0.011505273250239693,0.5714285714285714,0.011505273250239693,0.003835091083413231,0.0,0.04985618408437201,0.0,0.007670182166826462,0.0,0.08820709491850431,260.75
40111,34.16699,-80.77682200000001,10250.0,0.0,0.0,0.0,0.13537117903930132,0.002495321272613849,0.004990642545227698,0.6363069245165315,0.034934497816593885,0.002495321272613849,0.009981285090455396,0.06238303181534623,0.0,0.008733624454148471,0.0,0.10230817217716781,801.5
40111,34.16699,-80.77682200000001,10750.0,0.0020860495436766623,0.0,0.0,0.026857887874837026,0.0020860495436766623,0.008344198174706649,0.5371577574967406,0.08344198174706649,0.013559322033898305,0.010430247718383311,0.10430247718383312,0.0010430247718383311,0.011473272490221642,0.0,0.19921773142112126,958.75
40111,34.16699,-80.77682200000001,11250.0,0.0054858934169279,0.0,0.0,0.022727272727272728,0.004702194357366771,0.008620689655172414,0.567398119122257,0.06739811912225706,0.007053291536050157,0.02037617554858934,0.11990595611285267,0.0007836990595611285,0.0109717868338558,0.0,0.164576802507837,1276.0
40111,34.16699,-80.77682200000001,11750.0,0.009459795867562858,0.0,0.0,0.03659447348767737,0.0019915359721184964,0.0019915359721184964,0.557630072193179,0.05875031117749564,0.00597460791635549,0.020911127707244213,0.1423948220064725,0.003983071944236993,0.0069703759024147376,0.0,0.15334826985312422,1004.25
40111,34.16699,-80.77682200000001,12250.0,0.012558233745189386,0.0,0.0,0.05489163459590845,0.0024306258861656878,0.005671460401053271,0.5355479035851732,0.025116467490378772,0.0048612517723313755,0.01377354668827223,0.14583755316994126,0.0032408345148875837,0.012963338059550335,0.0,0.18310715009114847,1234.25
40111,34.16699,-80.77682200000001,12750.0,0.013326226012793176,0.0,0.0,0.08582089552238806,0.0010660980810234541,0.0042643923240938165,0.5458422174840085,0.009594882729211088,0.0021321961620469083,0.008528784648187633,0.1513859275053305,0.0031982942430703624,0.014925373134328358,0.0,0.15991471215351813,938.0
40111,34.16699,-80.77682200000001,13250.0,0.01551362683438155,0.0,0.0,0.11823899371069183,0.0016771488469601676,0.0067085953878406705,0.49727463312368975,0.0025157232704402514,0.008385744234800839,0.009224318658280923,0.1559748427672956,0.0025157232704402514,0.0067085953878406705,0.0,0.17526205450733753,1192.5
40111,34.16699,-80.77682200000001,13750.0,0.09181969949916527,0.004451864218141347,0.0,0.15247634947134112,0.0,0.004451864218141347,0.39176405119643853,0.01001669449081803,0.005564830272676683,0.01001669449081803,0.13689482470784642,0.0022259321090706734,0.008903728436282694,0.0,0.18141346688925988,898.5
40111,34.16699,-80.77682200000001,14250.0,0.16340822877152028,0.0035016049022468633,0.0,0.20980449372629123,0.0,0.005836008170411439,0.32915086081120515,0.022176831047563468,0.008170411438576015,0.009337613072658301,0.10621534870148819,0.0011672016340822876,0.008170411438576015,0.0,0.1330609862853808,856.75
40111,34.16699,-80.77682200000001,14750.0,0.11493564800957796,0.0,0.0,0.1918587249326549,0.0,0.004788985333732416,0.39389404369949116,0.01197246333433104,0.013169709667764143,0.01197246333433104,0.09937144567494761,0.001197246333433104,0.008380724334031727,0.0,0.14845854534570488,835.25
40791,42.37758,-73.095044,250.0,0.004316816816816817,0.0,0.0,0.02027027027027027,0.1420795795795796,0.27515015015015015,0.15127627627627627,0.1006006006006006,0.031156156156156155,0.02364864864864865,0.020645645645645645,0.03153153153153153,0.01614114114114114,0.0,0.1831831831831832,2664.0
40791,42.37758,-73.095044,750.0,0.006273806856374636,0.00044812906116961686,0.0,0.016356710732691015,0.2814250504145194,0.22496078870714767,0.11382478153708268,0.18014788259018596,0.027784001792516246,0.011651355590410037,0.032265292404212415,0.027784001792516246,0.012547613712749272,0.0,0.06453058480842483,1115.75
40791,42.37758,-73.095044,1250.0,0.002777777777777778,0.0,0.0,0.025,0.26296296296296295,0.2777777777777778,0.14629629629629629,0.12407407407407407,0.020370370370370372,0.012962962962962963,0.03148148148148148,0.022222222222222223,0.009259259259259259,0.0,0.06481481481481481,540.0
40791,42.37758,-73.095044,1750.0,0.0014811157738829918,0.0,0.0,0.01604542088373241,0.2902986916810664,0.17872130338188102,0.13330041964946926,0.19353246112071093,0.013823747222907924,0.017773389286595904,0.022710441866205876,0.03949642063687978,0.008886694643297952,0.0,0.08392989385336953,1012.75
40791,42.37758,-73.095044,2250.0,0.0058309037900874635,0.0,0.0,0.01652089407191448,0.3032069970845481,0.21574344023323616,0.1185617103984451,0.1827016520894072,0.025267249757045675,0.03304178814382896,0.003887269193391642,0.038872691933916424,0.001943634596695821,0.0,0.05442176870748299,514.5
40791,42.37758,-73.095044,2750.0,0.009189842805320435,0.0009673518742442564,0.0,0.021039903264812577,0.27714631197097944,0.20314389359129384,0.10157194679564692,0.154776299879081,0.023216444981862153,0.019347037484885126,0.02902055622732769,0.03966142684401451,0.007738814993954051,0.0,0.113180169286578,1033.75
40791,42.37758,-73.095044,3250.0,0.007276034561164165,0.0,0.0,0.02455661664392906,0.25420645748067305,0.21282401091405184,0.11823556161891768,0.19645293315143247,0.017280582082764895,0.017280582082764895,0.03728967712596635,0.040927694406548434,0.006366530241018645,0.0,0.06730331969076853,1099.5
40791,42.37758,-73.095044,4250.0,0.0030075187969924814,0.0,0.0,0.061152882205513785,0.10676691729323308,0.22155388471177945,0.21453634085213033,0.17042606516290726,0.02406015037593985,0.016040100250626566,0.034085213032581455,0.04611528822055138,0.008020050125313283,0.0,0.09423558897243108,997.5
40791,42.37758,-73.095044,4750.0,0.0,0.0013078306359326467,0.0,0.028281837502043484,0.11705084191597188,0.2347555991499101,0.1543240150400523,0.26418178845839463,0.02484878208272029,0.02157920549288867,0.02746444335458558,0.04250449566781102,0.003269576589831617,0.0,0.08043158410985778,1529.25
40791,42.37758,-73.095044,5250.0,0.0007214139713839125,0.0,0.0,0.010941445232656007,0.3640735842250812,0.2092100517013346,0.10725021041240831,0.178429722255621,0.01827582060839245,0.017794877960803174,0.0134663941324997,0.023566189731874475,0.001442827942767825,0.000480942647589275,0.05434651917758807,2079.25
40791,42.37758,-73.095044,5750.0,0.0,0.0,0.0,0.011796181442296,0.3786939073330901,0.17657789128055454,0.1206372370181199,0.16393043901252585,0.021889821233126595,0.016052535570959505,0.018484737930195793,0.028213547367140945,0.0024322023592362883,0.0004864404718472577,0.06080505898090721,2055.75
40791,42.37758,-73.095044,6250.0,0.0,0.0,0.0,0.011124260355029586,0.3621301775147929,0.19124260355029585,0.11928994082840237,0.16757396449704143,0.017041420118343194,0.014201183431952662,0.020828402366863907,0.03029585798816568,0.0028402366863905324,0.0,0.06343195266272189,1056.25
40791,42.37758,-73.095044,6750.0,0.002909090909090909,0.0,0.0,0.010424242424242424,0.31563636363636366,0.1667878787878788,0.12315151515151515,0.21818181818181817,0.025212121212121213,0.016484848484848484,0.015515151515151515,0.045575757575757575,0.0009696969696969697,0.0009696969696969697,0.05818181818181818,1031.25
40791,42.37758,-73.095044,7250.0,0.0,0.0,0.0,0.007930785868781542,0.45085316029800526,0.1384282624369142,0.11727950012016342,0.17784186493631338,0.015380918048546022,0.0182648401826484,0.016342225426580148,0.024993991828887285,0.0019226147560682527,0.0,0.030761836097092043,1040.25
40791,42.37758,-73.095044,7750.0,0.0024176488365064974,0.0,0.0,0.009066183136899365,0.39014808099123605,0.17286189181021458,0.08340888485947416,0.2061045633121789,0.010275007555152614,0.015110305228165609,0.016923541855545482,0.0447265034753702,0.0030220610456331218,0.0,0.04593532789362345,1654.5
40791,42.37758,-73.095044,8250.0,0.002355897596984451,0.0,0.0,0.012093607664520183,0.3792995131144966,0.1686822679440867,0.10177477618972829,0.21108842468980682,0.021988377571854876,0.02073189885346317,0.010365949426731585,0.030155489241400973,0.002827077116381341,0.00031411967959792684,0.03832260091094707,3183.5
40791,42.37758,-73.095044,8750.0,0.00047904191616766467,0.0,0.0,0.017964071856287425,0.4718562874251497,0.13700598802395209,0.08718562874251497,0.19736526946107785,0.009580838323353293,0.012455089820359281,0.0,0.01532934131736527,0.0,0.0,0.050778443113772456,1043.75
40791,42.37758,-73.095044,9250.0,0.002482005460412013,0.0,0.0,0.028046661702655747,0.3330851327872921,0.23231571109456442,0.10722263588979895,0.1727475800446761,0.014892032762472078,0.02084884586746091,0.0009928021841648052,0.035740878629932984,0.0019856043683296105,0.0,0.04964010920824026,1007.25
40791,42.37758,-73.095044,9750.0,0.01080284802356985,0.0,0.0,0.06260741468205254,0.38350110483672967,0.14141910139945985,0.16498895163270316,0.09231524674686963,0.028480235698502332,0.012767002209673459,0.001964154186103609,0.050085931745642034,0.001964154186103609,0.0,0.04910385465259023,1018.25
40791,42.37758,-73.095044,10250.0,0.0,0.0,0.0,0.15897435897435896,0.4444444444444444,0.045584045584045586,0.21196581196581196,0.0,0.03190883190883191,0.022792022792022793,0.0,0.02962962962962963,0.006837606837606838,0.0,0.04786324786324787,438.75
40791,42.37758,-73.095044,11250.0,0.2198473282442748,0.0010178117048346056,0.0,0.3435114503816794,0.06513994910941476,0.04071246819338423,0.20763358778625954,0.004071246819338422,0.010178117048346057,0.012213740458015267,0.010178117048346057,0.0061068702290076335,0.0,0.0,0.07938931297709924,491.25
40791,42.37758,-73.095044,11750.0,0.7666354264292409,0.0,0.0,0.07591377694470477,0.0,0.011246485473289597,0.01874414245548266,0.0,0.0037488284910965324,0.005623242736644799,0.0018744142455482662,0.005623242736644799,0.011246485473289597,0.0,0.09934395501405811,533.5
40791,42.37758,-73.095044,12250.0,0.7428003972194638,0.0,0.0,0.05660377358490566,0.015888778550148957,0.021847070506454815,0.03773584905660377,0.011916583912611719,0.009930486593843098,0.0019860973187686196,0.0019860973187686196,0.0,0.005958291956305859,0.0,0.09334657398212512,503.5
40791,42.37758,-73.095044,13250.0,0.6553990610328638,0.0,0.0,0.07981220657276995,0.0,0.015023474178403756,0.03004694835680751,0.0,0.0,0.0,0.0,0.009389671361502348,0.007511737089201878,0.0,0.2028169014084507,532.5
40791,42.37758,-73.095044,13750.0,0.21683967704728951,0.0,0.0,0.13725490196078433,0.0,0.03460207612456748,0.020761245674740483,0.0,0.0,0.002306805074971165,0.0,0.00461361014994233,0.020761245674740483,0.0,0.5628604382929643,433.5
40791,42.37758,-73.095044,14250.0,0.2345002108814846,0.0025305778152678194,0.0,0.19105862505272037,0.0,0.030366933783213833,0.008435259384226065,0.0,0.0,0.005061155630535639,0.003374103753690426,0.005061155630535639,0.026992830029523407,0.003374103753690426,0.4892450442851118,592.75
40793,42.619884,-71.086996,250.0,0.008107359568950324,0.0,0.0031220887781050937,0.09434247299644988,0.05257194652164061,0.14482463428758466,0.43366820253292043,0.0293073494976962,0.008157715839564922,0.011179092076440819,0.020142508245839314,0.01581186897298386,0.024171009895007176,0.0006042752473751794,0.15398947553944156,9929.25
40793,42.619884,-71.086996,750.0,0.00732683737442405,0.0,0.003021376236875897,0.05982324949014276,0.0849006722562127,0.11949543016844172,0.5211874008610923,0.04758667573079538,0.010121610393534255,0.010121610393534255,0.028098799002945842,0.012840849006722561,0.030062693556915175,0.0010574816829065639,0.0643553138454566,6619.5
40793,42.619884,-71.086996,1250.0,0.004003267973856209,0.0,0.00130718954248366,0.05792483660130719,0.08415032679738563,0.11486928104575163,0.5475490196078432,0.051470588235294115,0.011274509803921568,0.010947712418300653,0.028104575163398694,0.013725490196078431,0.025490196078431372,0.0011437908496732027,0.04803921568627451,6120.0
40793,42.619884,-71.086996,1750.0,0.0012084030488938465,0.0,0.0007436326454731362,0.05791039226622049,0.06227923405837516,0.10187767242981967,0.5588399330730619,0.059862427960587467,0.011340397843465327,0.010782673359360477,0.029559397657557166,0.01505856107083101,0.032533928239449714,0.00018590816136828406,0.05781743818553634,5379.0
40793,42.619884,-71.086996,2250.0,0.0011676559307190815,0.0,0.00272453050501119,0.06363724822418994,0.06830787194706626,0.11248418799260484,0.5435438357497324,0.06188576432811132,0.008368200836820083,0.008952028802179624,0.020433978787583924,0.015374136421134572,0.03619733385229153,0.0009730466089325679,0.055950180013622654,5138.5
40793,42.619884,-71.086996,2750.0,0.001477445865460086,0.0003693614663650215,0.0011080843990950644,0.06773165889468581,0.06574634101297382,0.09215568585807285,0.5630915554734752,0.06075996121704603,0.01237360912322822,0.008495313726395493,0.023085091647813843,0.01791403111870354,0.032134447573756865,0.0003693614663650215,0.05318805115656309,5414.75
40793,42.619884,-71.086996,3250.0,0.0012239402717147403,0.0,0.0013055362898290563,0.07706743910897149,0.04944718697727551,0.09350903675900617,0.5626861409163233,0.060054669332136594,0.011586634572232876,0.011749826608461507,0.021214964709722166,0.021214964709722166,0.034107135571784096,0.0009791522173717923,0.05385337195544857,6127.75
40793,42.619884,-71.086996,3750.0,0.0005545542769998614,0.0,0.0019409399694995148,0.04616664356023846,0.030500485234992374,0.09316511853597671,0.6219326216553445,0.05295993345348676,0.010259254124497436,0.011922916955497019,0.019132122556495216,0.021904893941494523,0.027450436711493137,0.0019409399694995148,0.060169139054484955,3606.5
40793,42.619884,-71.086996,4250.0,0.0019704433497536944,0.0,0.0,0.05714285714285714,0.02561576354679803,0.08571428571428572,0.5694581280788177,0.07389162561576355,0.020689655172413793,0.007881773399014778,0.03251231527093596,0.013793103448275862,0.04630541871921182,0.0019704433497536944,0.06305418719211822,1015.0
40793,42.619884,-71.086996,4750.0,0.003699421965317919,0.0,0.0009248554913294797,0.04,0.024508670520231216,0.10635838150289018,0.5905202312138729,0.06427745664739884,0.017572254335260117,0.014335260115606936,0.03283236994219653,0.026820809248554914,0.024046242774566472,0.0013872832369942196,0.05271676300578035,2162.5
40793,42.619884,-71.086996,5250.0,0.0025426807119505995,0.0,0.0003632401017072285,0.02905920813657828,0.09117326552851435,0.08972030512168544,0.5528514347984017,0.057755176171449325,0.01925172539048311,0.018162005085361425,0.019978205593897565,0.022157646204140936,0.032328369051943334,0.001452960406828914,0.06320377769705776,2753.0
40793,42.619884,-71.086996,5750.0,0.0003204614645088928,0.0,0.0,0.023874379105912513,0.08876782566896331,0.0531966031084762,0.5995834000961384,0.07402659830155424,0.01377984297388239,0.011536612722320141,0.013459381509373498,0.021791379586604712,0.03396891523794264,0.0022432302515622495,0.06345136997276078,3120.5
40793,42.619884,-71.086996,6250.0,0.0006013229104028864,0.0,0.0006013229104028864,0.024052916416115455,0.10042092603728202,0.05111244738424534,0.6001202645820806,0.07396271797955502,0.009019843656043296,0.021046301864101023,0.006013229104028864,0.01984365604329525,0.04329524954900782,0.0006013229104028864,0.04930847865303668,1663.0
40793,42.619884,-71.086996,6750.0,0.0,0.0,0.0,0.04315659679408138,0.11097410604192355,0.09617755856966707,0.5351418002466092,0.07727085902178381,0.010686395396629675,0.018084669132757913,0.0008220304151253596,0.018906699547883273,0.032881216605014384,0.0016440608302507192,0.05425400739827373,1216.5
40793,42.619884,-71.086996,7250.0,0.000726348284002179,0.0003631741420010895,0.0,0.062284365353186856,0.0936989286362811,0.11113128745233339,0.5404031232976212,0.05629199201016888,0.006900308698020701,0.011621572544034864,0.0018158707100054477,0.01670601053205012,0.03631741420010895,0.001452696568004358,0.06028690757218086,2753.5
40793,42.619884,-71.086996,7750.0,0.0012940795858945326,0.0,0.0,0.1219670009705597,0.11646716273050793,0.0977030087350372,0.43804593982529927,0.05111614364283403,0.007764477515367195,0.013587835651892591,0.0012940795858945326,0.017470074409576188,0.049175024263992236,0.0012940795858945326,0.08282109349725009,1545.5
40793,42.619884,-71.086996,8250.0,0.002229654403567447,0.0014864362690449647,0.0,0.1958379784466741,0.06391675956893349,0.1300631735414344,0.41322928279450016,0.008918617614269788,0.007432181345224823,0.0126347082868822,0.0037160906726124115,0.00966183574879227,0.057227796358231144,0.002229654403567447,0.09141583054626533,1345.5
40793,42.619884,-71.086996,8750.0,0.0043677658877484165,0.00043677658877484165,0.0,0.2063769381961127,0.05110286088665648,0.1174929023804324,0.42148940816772223,0.008298755186721992,0.006551648831622625,0.008298755186721992,0.0021838829438742082,0.011792967896920725,0.06595326490500109,0.003494212710198733,0.09215986023149159,2289.5
40793,42.619884,-71.086996,9250.0,0.0005488474204171241,0.0,0.0005488474204171241,0.2859495060373216,0.05378704720087816,0.08726673984632272,0.36937431394072445,0.0021953896816684962,0.005488474204171241,0.008781558726673985,0.0010976948408342481,0.010428100987925357,0.07848518111964874,0.005488474204171241,0.09055982436882547,1822.0
40793,42.619884,-71.086996,9750.0,0.002296211251435132,0.002296211251435132,0.0,0.19862227324913892,0.0642939150401837,0.07347876004592423,0.4799081515499426,0.0,0.011481056257175661,0.006888633754305396,0.0,0.022962112514351322,0.045924225028702644,0.002296211251435132,0.08955223880597014,435.5
40793,42.619884,-71.086996,10250.0,0.004347826086956522,0.004347826086956522,0.0,0.25507246376811593,0.0927536231884058,0.10579710144927536,0.37971014492753624,0.002173913043478261,0.013043478260869565,0.018115942028985508,0.002173913043478261,0.010144927536231883,0.02608695652173913,0.006521739130434782,0.07971014492753623,1380.0
40793,42.619884,-71.086996,10750.0,0.0075282308657465494,0.005018820577164366,0.000836470096194061,0.43120033458803847,0.03680468423253869,0.14972814721873692,0.2174822250104559,0.000836470096194061,0.014219991635299039,0.003345880384776244,0.000836470096194061,0.008364700961940611,0.026767043078209953,0.0075282308657465494,0.08950230029276453,1195.5
40793,42.619884,-71.086996,11250.0,0.07272727272727272,0.02975206611570248,0.03553719008264463,0.2975206611570248,0.010743801652892562,0.19008264462809918,0.1578512396694215,0.0008264462809917355,0.00909090909090909,0.00743801652892562,0.0024793388429752068,0.005785123966942148,0.0859504132231405,0.013223140495867768,0.08099173553719008,1210.0
40793,42.619884,-71.086996,11750.0,0.630057803468208,0.06936416184971098,0.019267822736030827,0.06936416184971098,0.0,0.02697495183044316,0.015414258188824663,0.0019267822736030828,0.0009633911368015414,0.0,0.002890173410404624,0.0009633911368015414,0.06551059730250482,0.008670520231213872,0.08863198458574181,1038.0
40793,42.619884,-71.086996,12250.0,0.7798845836768343,0.018136850783182192,0.008244023083264633,0.06842539159109645,0.00494641384995878,0.028029678483099753,0.011541632316570486,0.0,0.0,0.0,0.0,0.0,0.05605935696619951,0.0016488046166529267,0.023083264633140973,606.5
40793,42.619884,-71.086996,12750.0,0.6505652620760535,0.014388489208633094,0.0051387461459403904,0.1551901336073998,0.0010277492291880781,0.01644398766700925,0.02877697841726619,0.0,0.0010277492291880781,0.0010277492291880781,0.0,0.0,0.051387461459403906,0.003083247687564234,0.07194244604316546,973.0
40793,42.619884,-71.086996,13250.0,0.6273798730734361,0.025385312783318223,0.030825022665457842,0.07524932003626474,0.0,0.10698096101541252,0.010879419764279238,0.001813236627379873,0.005439709882139619,0.001813236627379873,0.0,0.0,0.05439709882139619,0.005439709882139619,0.05439709882139619,551.5
40793,42.619884,-71.086996,13750.0,0.5851364063969896,0.0,0.0018814675446848542,0.059266227657572904,0.0,0.04891815616180621,0.03574788334901223,0.0,0.0037629350893697085,0.0,0.0018814675446848542,0.0,0.005644402634054563,0.007525870178739417,0.2502351834430856,531.5
40793,42.619884,-71.086996,14250.0,0.4772205834152737,0.0013110455588331695,0.0,0.05670272041953458,0.0,0.10816125860373647,0.01966568338249754,0.0,0.003933136676499509,0.0013110455588331695,0.0013110455588331695,0.0,0.0032776138970829235,0.08784005244182236,0.23926581448705342,1525.5
40793,42.619884,-71.086996,14750.0,0.0749665327978581,0.00535475234270415,0.0,0.09772423025435073,0.0,0.15528781793842034,0.0214190093708166,0.0,0.0,0.0,0.00535475234270415,0.0,0.013386880856760375,0.013386880856760375,0.6131191432396251,373.5
40799,42.079818,-71.961482,250.0,0.008042162795237166,0.0004684755026351747,0.0,0.06937341401522545,0.0481748975209838,0.1614678899082569,0.3129416357602967,0.032168651180948665,0.0166308803435487,0.009837985555338668,0.030763224673043137,0.01834862385321101,0.02521959789186024,0.0027327737653718522,0.26382978723404255,12807.5
40799,42.079818,-71.961482,750.0,0.004739336492890996,0.0,0.0,0.10995260663507109,0.06824644549763033,0.176303317535545,0.35924170616113743,0.11848341232227488,0.016113744075829384,0.009478672985781991,0.02085308056872038,0.014218009478672985,0.014218009478672985,0.0,0.0881516587677725,1055.0
40799,42.079818,-71.961482,1250.0,0.005201560468140442,0.0013003901170351106,0.0,0.10143042912873862,0.09427828348504551,0.1729518855656697,0.3940182054616385,0.0858257477243173,0.017555266579973992,0.011053315994798439,0.03706111833550065,0.014304291287386216,0.008452535760728219,0.0,0.056566970091027305,1538.0
40799,42.079818,-71.961482,1750.0,0.0026495079485238456,0.0003785011355034065,0.0,0.08591975775927328,0.09008327024981075,0.18735806207418623,0.34822104466313397,0.13588190764572294,0.018925056775170326,0.013247539742619227,0.03557910673732021,0.014761544284632853,0.01703255109765329,0.0003785011355034065,0.04958364875094625,2642.0
40799,42.079818,-71.961482,2250.0,0.0006038647342995169,0.0006038647342995169,0.0,0.050724637681159424,0.06642512077294686,0.10024154589371981,0.46980676328502413,0.1527777777777778,0.022946859903381644,0.010869565217391304,0.03804347826086957,0.021739130434782608,0.022946859903381644,0.0006038647342995169,0.041666666666666664,1656.0
40799,42.079818,-71.961482,2750.0,0.0006215040397762585,0.0006215040397762585,0.0,0.036668738346799255,0.049098819142324425,0.08266003729024239,0.5500310752019888,0.07830950901180858,0.024860161591050343,0.011187072715972654,0.04661280298321939,0.018023617153511497,0.031696706028589185,0.0037290242386575512,0.06587942821628341,1609.0
40799,42.079818,-71.961482,3250.0,0.0,0.0009132420091324201,0.0,0.041552511415525115,0.0410958904109589,0.09497716894977169,0.5150684931506849,0.09771689497716896,0.019178082191780823,0.012328767123287671,0.046118721461187215,0.02237442922374429,0.0365296803652968,0.00228310502283105,0.06986301369863014,2190.0
40799,42.079818,-71.961482,3750.0,0.0014354066985645933,0.0,0.0,0.03732057416267943,0.018660287081339714,0.08277511961722488,0.5822966507177033,0.06794258373205742,0.027751196172248804,0.00909090909090909,0.049282296650717705,0.019617224880382776,0.04066985645933014,0.0028708133971291866,0.06028708133971292,2090.0
40799,42.079818,-71.961482,4250.0,0.0006255864873318737,0.0006255864873318737,0.0,0.034720050046918985,0.010009383797309979,0.06443540819518298,0.5824210197059744,0.058805129809196124,0.02064435408195183,0.010634970284641852,0.05442602439787301,0.030028151391929936,0.0475445730372224,0.001876759461995621,0.08320300281513919,1598.5
40799,42.079818,-71.961482,4750.0,0.0006325110689437065,0.0,0.0,0.03542061986084757,0.009487666034155597,0.09171410499683745,0.5426944971537002,0.07526881720430108,0.022137887413029727,0.013282732447817837,0.06641366223908918,0.030360531309297913,0.03731815306767868,0.006325110689437065,0.068943706514864,1581.0
40799,42.079818,-71.961482,5250.0,0.0013391362571141614,0.0,0.0,0.020087043856712422,0.038834951456310676,0.09039169735520589,0.5152326749246736,0.08470036826247071,0.025108804820890524,0.01975225979243388,0.06762638098426516,0.025108804820890524,0.034482758620689655,0.0033478406427854034,0.07398727820555742,2987.0
40799,42.079818,-71.961482,5750.0,0.00046029919447640965,0.0,0.0,0.028308400460299196,0.09712313003452244,0.0667433831990794,0.48699654775604145,0.0952819332566168,0.019792865362485614,0.017491369390103567,0.039125431530494824,0.021634062140391253,0.03636363636363636,0.001380897583429229,0.08929804372842348,2172.5
40799,42.079818,-71.961482,6250.0,0.0,0.0,0.0,0.026061776061776062,0.0859073359073359,0.05357142857142857,0.5366795366795367,0.10569498069498069,0.018822393822393823,0.02171814671814672,0.012065637065637066,0.02364864864864865,0.036196911196911194,0.00048262548262548264,0.07915057915057915,2072.0
40799,42.079818,-71.961482,6750.0,0.0,0.0,0.0,0.021325384086218757,0.10960788809905984,0.07200183444164182,0.4760376060536574,0.18160972254070168,0.011465260261407933,0.015134143545058473,0.005044714515019491,0.01742719559734006,0.03301994955285485,0.0009172208209126347,0.056409080486127035,2180.5
40799,42.079818,-71.961482,7250.0,0.0006351222610352493,0.0,0.0,0.020641473483645603,0.08066052715147666,0.07113369323594793,0.4630041282946967,0.206414734836456,0.013972689742775483,0.013972689742775483,0.003810733566211496,0.01778342330898698,0.02667513496348047,0.001905366783105748,0.07939028262940616,1574.5
40799,42.079818,-71.961482,7750.0,0.0011716461628588166,0.0,0.0,0.03885959773481742,0.06717438000390549,0.06951767232962312,0.6127709431751611,0.05819175942198789,0.011716461628588167,0.016403046280023433,0.0027338410466705722,0.019527436047646944,0.033587190001952746,0.0007810974419058778,0.06756492872485842,2560.5
40799,42.079818,-71.961482,8250.0,0.003599280143971206,0.0003999200159968006,0.0,0.08218356328734253,0.04999000199960008,0.10477904419116177,0.5634873025394921,0.03159368126374725,0.008398320335932814,0.012397520495900819,0.0023995200959808036,0.023595280943811237,0.03679264147170566,0.0007998400319936012,0.07958408318336332,2500.5
40799,42.079818,-71.961482,8750.0,0.004658901830282862,0.0,0.0,0.07820299500831947,0.04658901830282862,0.10116472545757071,0.5344425956738769,0.0259567387687188,0.018635607321131446,0.011314475873544094,0.0013311148086522463,0.018635607321131446,0.04658901830282862,0.0013311148086522463,0.11114808652246257,1502.5
40799,42.079818,-71.961482,9250.0,0.0024984384759525295,0.0,0.0,0.08369768894440974,0.047470331043098064,0.09993753903810118,0.5271705184259837,0.010618363522798251,0.02061211742660837,0.013741411617738912,0.0006246096189881324,0.014366021236727046,0.0443472829481574,0.006870705808869456,0.12804497189256714,1601.0
40799,42.079818,-71.961482,9750.0,0.005050505050505051,0.0,0.0003367003367003367,0.12323232323232323,0.05656565656565657,0.07946127946127945,0.45555555555555555,0.007407407407407408,0.016498316498316498,0.013804713804713804,0.0016835016835016834,0.013804713804713804,0.08148148148148149,0.0030303030303030303,0.1420875420875421,2970.0
40799,42.079818,-71.961482,10250.0,0.006236665025439028,0.0003282455276546857,0.0,0.2168061710159199,0.16248153618906944,0.09519120301985885,0.31183325127195144,0.004923682914820286,0.02002297718693583,0.01903824060397177,0.0022977186935828,0.013458066633842114,0.046939110454620056,0.007221401608403085,0.09322172985393073,3046.5
40799,42.079818,-71.961482,10750.0,0.011705685618729096,0.0030657748049052395,0.0011148272017837235,0.31744704570791527,0.25027870680044595,0.06354515050167224,0.21042363433667782,0.007803790412486065,0.017837235228539576,0.013935340022296544,0.0011148272017837235,0.018673355629877368,0.01560758082497213,0.0039018952062430325,0.06354515050167224,3588.0
40799,42.079818,-71.961482,11250.0,0.011981787682722261,0.007668344116942248,0.000958543014617781,0.32422717469446444,0.055595494847831294,0.0857895998082914,0.35226455787203453,0.001917086029235562,0.01821231727773784,0.011023244668104481,0.0014378145219266715,0.024442846872753415,0.011023244668104481,0.011981787682722261,0.08147615624251138,2086.5
40799,42.079818,-71.961482,11750.0,0.06461538461538462,0.04123076923076923,0.019076923076923078,0.2763076923076923,0.019076923076923078,0.22646153846153846,0.15015384615384617,0.003076923076923077,0.018461538461538463,0.006153846153846154,0.0006153846153846154,0.03076923076923077,0.051076923076923075,0.014153846153846154,0.07876923076923077,1625.0
40799,42.079818,-71.961482,12250.0,0.2775609756097561,0.08439024390243903,0.013658536585365854,0.1224390243902439,0.015121951219512195,0.23073170731707318,0.03609756097560975,0.0024390243902439024,0.00878048780487805,0.004878048780487805,0.0004878048780487805,0.003902439024390244,0.11560975609756098,0.00975609756097561,0.07414634146341463,2050.0
40799,42.079818,-71.961482,12750.0,0.46675496688741724,0.05033112582781457,0.019072847682119205,0.1056953642384106,0.0031788079470198675,0.08105960264900662,0.02066225165562914,0.0,0.002119205298013245,0.0010596026490066225,0.0005298013245033113,0.0010596026490066225,0.17430463576158942,0.009006622516556291,0.06516556291390728,1887.5
40799,42.079818,-71.961482,13250.0,0.43582089552238806,0.03940298507462687,0.013134328358208954,0.22746268656716417,0.007164179104477612,0.03940298507462687,0.06805970149253732,0.0011940298507462687,0.00835820895522388,0.0023880597014925373,0.003582089552238806,0.0023880597014925373,0.03940298507462687,0.003582089552238806,0.10865671641791044,837.5
40799,42.079818,-71.961482,13750.0,0.5282620179609087,0.05388272583201268,0.005282620179609086,0.12836767036450078,0.0010565240359218173,0.044374009508716325,0.051769677760169046,0.0021130480718436345,0.013734812466983624,0.003169572107765452,0.0,0.0010565240359218173,0.006339144215530904,0.005282620179609086,0.15530903328050713,946.5
40799,42.079818,-71.961482,14250.0,0.49292929292929294,0.00404040404040404,0.00404040404040404,0.08686868686868687,0.0,0.03434343434343434,0.07878787878787878,0.00202020202020202,0.026262626262626262,0.00404040404040404,0.00404040404040404,0.00404040404040404,0.00808080808080808,0.022222222222222223,0.22828282828282828,495.0
40799,42.079818,-71.961482,14750.0,0.2,0.0058823529411764705,0.0,0.07941176470588235,0.0,0.13823529411764707,0.05,0.0,0.0029411764705882353,0.0,0.0,0.008823529411764706,0.01764705882352941,0.03529411764705882,0.46176470588235297,340.0
40803,41.563886,-70.63587199999999,250.0,0.006663341645885287,0.00047880299251870325,0.0,0.059910224438902746,0.021027431421446384,0.07229925187032418,0.44504738154613466,0.023221945137157106,0.009655860349127183,0.006144638403990025,0.01939152119700748,0.024379052369077305,0.007660847880299252,0.00039900249376558606,0.3037206982543641,12531.25
40803,41.563886,-70.63587199999999,750.0,0.006997324552377032,0.0010976195376277698,0.0,0.04699183645468889,0.0290869177471359,0.08808396789462852,0.5606091788433835,0.03951430335459971,0.011525005145091582,0.01015298072305687,0.03265418124442615,0.029772929958153255,0.0090553611854291,0.00027440488440694244,0.13418398847499485,3644.25
40803,41.563886,-70.63587199999999,1250.0,0.0034882098507046182,0.0,0.0,0.05413701688293568,0.028463792381749686,0.08650760429747453,0.574019813031952,0.038230779963722615,0.008650760429747453,0.0058601925491837585,0.038230779963722615,0.02148737268034045,0.0069764197014092364,0.0002790567880563695,0.13366820147900096,3583.5
40803,41.563886,-70.63587199999999,1750.0,0.0014899164582557335,0.0,0.0,0.044963550258074816,0.02703134145692545,0.07896557228755388,0.5370084605970308,0.054488373330495395,0.007875272707923164,0.006172511041345182,0.034693768956526365,0.013196402915979354,0.010003724791145639,0.00021284520832224764,0.18389825999042198,4698.25
40803,41.563886,-70.63587199999999,2250.0,0.0019115890083632018,0.0,0.0,0.03464755077658303,0.01816009557945042,0.10896057347670252,0.5409796893667861,0.05543608124253285,0.01816009557945042,0.010513739545997611,0.027718040621266427,0.012425328554360812,0.0047789725209080045,0.0009557945041816009,0.16535244922341696,1046.25
40803,41.563886,-70.63587199999999,2750.0,0.0012072920439454304,0.0,0.0,0.027164070988772184,0.02173125679101775,0.08064710853555475,0.5481105879512254,0.0970662803332126,0.008209585898828926,0.009175419533985272,0.027526258601955813,0.009658336351563443,0.007243752263672582,0.0,0.16226005070626584,2070.75
40803,41.563886,-70.63587199999999,3250.0,0.0006865184930919077,0.00034325924654595385,0.00034325924654595385,0.03338196172659401,0.019222517806573414,0.08821762636231013,0.4661460568094053,0.18638977087445294,0.006178666437827169,0.009267999656740753,0.015789925341113877,0.017506221573843645,0.012700592122200292,0.0,0.14382562430275467,2913.25
40803,41.563886,-70.63587199999999,3750.0,0.0009043343453265293,0.0002583812415218655,0.0002583812415218655,0.03417091919126671,0.009430915315548091,0.0666623603126413,0.38679671855823267,0.29558814030101416,0.01033524966087462,0.009043343453265292,0.017053161940443123,0.013694205800658872,0.010593630902396485,0.000516762483043731,0.14469349525224467,3870.25
40803,41.563886,-70.63587199999999,4250.0,0.000978526773579777,0.0004349007882576787,0.00021745039412883935,0.034411524870888825,0.006088611035607502,0.0756727371568361,0.3894536558847513,0.30247349823321557,0.010655069312313128,0.008045664582767056,0.019135634683337864,0.017830932318564828,0.006306061429736341,0.0006523511823865181,0.1276433813536287,4598.75
40803,41.563886,-70.63587199999999,4750.0,0.00145366444579043,0.00024227740763173834,0.0,0.029436705027256208,0.008479709267110842,0.06614173228346457,0.3658388855239249,0.36680799515445184,0.0072683222289521504,0.007752877044215627,0.015990308903694732,0.013325257419745608,0.006783767413688673,0.00024227740763173834,0.11023622047244094,4127.5
40803,41.563886,-70.63587199999999,5250.0,0.0,0.0,0.0,0.0236784140969163,0.02643171806167401,0.06552863436123348,0.5181718061674009,0.20759911894273128,0.00881057268722467,0.011013215859030838,0.012665198237885462,0.00881057268722467,0.013766519823788546,0.0011013215859030838,0.10242290748898679,1816.0
40803,41.563886,-70.63587199999999,5750.0,0.001932367149758454,0.0003864734299516908,0.0,0.025314009661835748,0.035169082125603865,0.04599033816425121,0.6643478260869565,0.0757487922705314,0.010434782608695653,0.01004830917874396,0.00927536231884058,0.013140096618357487,0.014685990338164251,0.002318840579710145,0.09120772946859904,2587.5
40803,41.563886,-70.63587199999999,6250.0,0.002007226013649137,0.0,0.0004014452027298274,0.04375752709755119,0.03974307507025291,0.03291850662384584,0.6672019269369731,0.0541951023685267,0.0072260136491368926,0.0072260136491368926,0.0028101164191087916,0.010437575270975512,0.04656764351665998,0.0004014452027298274,0.0851063829787234,2491.0
40803,41.563886,-70.63587199999999,6750.0,0.0015311004784688996,0.0,0.0,0.06258373205741627,0.039043062200956935,0.03980861244019139,0.6445933014354067,0.03942583732057416,0.011483253588516746,0.011483253588516746,0.007272727272727273,0.011100478468899522,0.04440191387559809,0.0011483253588516747,0.0861244019138756,2612.5
40803,41.563886,-70.63587199999999,7250.0,0.0013042060645582002,0.0,0.0,0.05379850016302576,0.04238669709814151,0.05999347896967721,0.6462341049885882,0.04564721225953701,0.006521030322791001,0.014346266710140202,0.008477339419628301,0.0156504727746984,0.03325725464623411,0.0006521030322791001,0.071731333550701,1533.5
40803,41.563886,-70.63587199999999,7750.0,0.0009599232061435085,0.0,0.0,0.07271418286537078,0.03455723542116631,0.05087592992560595,0.6244300455963523,0.05903527717782577,0.008639308855291577,0.010559155267578594,0.003839692824574034,0.008159347252219822,0.038876889848812095,0.0009599232061435085,0.08639308855291576,2083.5
40803,41.563886,-70.63587199999999,8250.0,0.0009138679460817912,0.0004569339730408956,0.0004569339730408956,0.13593785697966643,0.04477952935800777,0.05391820881882568,0.5186200594014165,0.018734292894676718,0.00411240575736806,0.00822481151473612,0.003198537811286269,0.010052547406899703,0.061686086360520906,0.0018277358921635824,0.13708019191226867,2188.5
40803,41.563886,-70.63587199999999,8750.0,0.0015100037750094375,0.0011325028312570782,0.0,0.1423178557946395,0.022272555681389205,0.04228010570026425,0.5488863722159305,0.0120800302000755,0.010570026425066062,0.008682521706304265,0.0026425066062665155,0.009437523593808984,0.0464326160815402,0.0007550018875047187,0.15100037750094375,2649.0
40803,41.563886,-70.63587199999999,9250.0,0.003259319617029945,0.00040741495212874313,0.0,0.13709513139132207,0.020778162558565898,0.04563047463841923,0.5410470564269708,0.005703809329802404,0.013444693420248522,0.007740884090446119,0.0008148299042574863,0.004481564473416175,0.022000407414952128,0.00040741495212874313,0.19718883683031166,2454.5
40803,41.563886,-70.63587199999999,9750.0,0.007051401002041195,0.001113379105585452,0.0,0.1905733902393765,0.02820560400816478,0.04713304880311746,0.4999072184078679,0.0033401373167563555,0.007793653739098163,0.00853590647615513,0.002226758211170904,0.004453516422341808,0.01781406568936723,0.0007422527370569679,0.18110966784190016,2694.5
40803,41.563886,-70.63587199999999,10250.0,0.0021008403361344537,0.0,0.0,0.27521008403361347,0.04201680672268908,0.04201680672268908,0.46008403361344535,0.0,0.01050420168067227,0.012605042016806723,0.0,0.012605042016806723,0.0063025210084033615,0.0,0.13655462184873948,476.0
40803,41.563886,-70.63587199999999,10750.0,0.0035231943628890195,0.0,0.0,0.451556077510276,0.04580152671755725,0.06341749853200235,0.2524955960070464,0.0011743981209630064,0.007046388725778039,0.011743981209630064,0.0011743981209630064,0.004697592483852026,0.008220786846741044,0.004697592483852026,0.1444509688784498,851.5
40803,41.563886,-70.63587199999999,11250.0,0.03722084367245657,0.009925558312655087,0.0,0.4094292803970223,0.02977667493796526,0.11290322580645161,0.17121588089330025,0.0,0.00620347394540943,0.00620347394540943,0.0012406947890818859,0.0024813895781637717,0.02481389578163772,0.0012406947890818859,0.18734491315136476,806.0
40803,41.563886,-70.63587199999999,11750.0,0.12200956937799043,0.011961722488038277,0.004784688995215311,0.37320574162679426,0.009569377990430622,0.15550239234449761,0.04784688995215311,0.0023923444976076554,0.009569377990430622,0.004784688995215311,0.0023923444976076554,0.004784688995215311,0.1076555023923445,0.0,0.14354066985645933,418.0
40803,41.563886,-70.63587199999999,12250.0,0.2488479262672811,0.029953917050691243,0.02534562211981567,0.2926267281105991,0.02304147465437788,0.20967741935483872,0.03456221198156682,0.002304147465437788,0.009216589861751152,0.002304147465437788,0.0,0.002304147465437788,0.08064516129032258,0.0,0.03917050691244239,434.0
40803,41.563886,-70.63587199999999,13250.0,0.29540481400437635,0.04157549234135667,0.0,0.18161925601750548,0.0,0.16630196936542668,0.04157549234135667,0.0,0.00437636761487965,0.0,0.0,0.002188183807439825,0.22319474835886213,0.002188183807439825,0.04157549234135667,457.0
40803,41.563886,-70.63587199999999,14750.0,0.1835985312117503,0.0024479804161566705,0.0,0.3806609547123623,0.0024479804161566705,0.046511627906976744,0.07833537331701346,0.012239902080783354,0.0073439412484700125,0.0024479804161566705,0.0,0.0,0.15422276621787026,0.004895960832313341,0.12484700122399021,408.5
40854,42.17522,-72.702,250.0,0.00760129078522768,0.00014342058085335246,0.00014342058085335246,0.08397275008963787,0.05206167084976694,0.20595195410541411,0.37475797776980996,0.03743277160272499,0.022230190032269632,0.012764431695948368,0.02280387235568304,0.010182861240588025,0.007314449623520975,0.0032986733596271065,0.15934026532807458,6972.5
40854,42.17522,-72.702,750.0,0.0042799597180261835,0.0,0.00025176233635448137,0.08987915407854985,0.09718026183282981,0.14979859013091643,0.42900302114803623,0.06545820745216516,0.020644511581067473,0.011329305135951661,0.033736153071500505,0.013343403826787512,0.011581067472306143,0.0027693856998992953,0.07074521651560926,3972.0
40854,42.17522,-72.702,1250.0,0.004091653027823241,0.0,0.0,0.09738134206219312,0.10761047463175123,0.13870703764320785,0.42839607201309327,0.07119476268412439,0.01309328968903437,0.013911620294599018,0.040098199672667756,0.011865793780687398,0.0061374795417348605,0.0012274959083469722,0.0662847790507365,2444.0
40854,42.17522,-72.702,1750.0,0.0035158211953792064,0.0,0.0,0.10748367654445003,0.07935710698141638,0.1401305876443998,0.44098442993470616,0.06931190356604722,0.023103967855349072,0.013058764439979909,0.04168759417378202,0.012556504269211451,0.007533902561526871,0.0020090406830738324,0.05926670015067805,1991.0
40854,42.17522,-72.702,2250.0,0.003543406732472792,0.0,0.0,0.10199949379903822,0.07188053657301949,0.13920526449000253,0.4636800809921539,0.07188053657301949,0.02328524424196406,0.01366742596810934,0.026322450012655024,0.013161225006327512,0.009111617312072893,0.0,0.06226271829916477,1975.5
40854,42.17522,-72.702,2750.0,0.0014884644008930786,0.0,0.0,0.10741751426445051,0.07144629124286778,0.11461175886876705,0.4524931778714959,0.09675018605805011,0.03274621681964773,0.013396179608037708,0.040684693624410816,0.012403870007442322,0.005953857603572314,0.0014884644008930786,0.04911932522947159,2015.5
40854,42.17522,-72.702,3250.0,0.0011857707509881424,0.0,0.0,0.10197628458498023,0.06363636363636363,0.12292490118577075,0.45770750988142295,0.09960474308300395,0.028458498023715414,0.010671936758893281,0.04110671936758893,0.014624505928853756,0.005533596837944664,0.0003952569169960474,0.05217391304347826,2530.0
40854,42.17522,-72.702,3750.0,0.00407955124936257,0.0,0.0,0.10453850076491586,0.08465068842427333,0.11218765935747067,0.4385517593064763,0.09892911779704233,0.009178990311065782,0.013258541560428353,0.049974502804691484,0.014278429372768995,0.010198878123406425,0.0,0.06017338092809791,980.5
40854,42.17522,-72.702,4250.0,0.0024378352023403218,0.0,0.0,0.08288639687957094,0.06484641638225255,0.12530472940029255,0.46318868844466116,0.09263773768893223,0.01657727937591419,0.01657727937591419,0.0492442710872745,0.01462701121404193,0.0034129692832764505,0.0019502681618722574,0.06630911750365676,2051.0
40854,42.17522,-72.702,4750.0,0.00046860356138706655,0.0,0.0,0.07075913776944705,0.04592314901593252,0.10965323336457357,0.4878163074039363,0.13120899718837864,0.028116213683223992,0.019681349578256794,0.03748828491096532,0.007497656982193065,0.007029053420805998,0.00046860356138706655,0.05388940955951265,2134.0
40854,42.17522,-72.702,5250.0,0.0014623446258835,0.0,0.0,0.07921033390202291,0.08237874725810383,0.12234950036558616,0.4348038020960273,0.11747501827930783,0.02534730684864733,0.017060687301974166,0.031684133560809166,0.011211308798440166,0.006336826712161832,0.0009748964172556666,0.06970509383378017,2051.5
40854,42.17522,-72.702,5750.0,0.001081081081081081,0.0,0.0,0.08144144144144144,0.11495495495495496,0.0972972972972973,0.4436036036036036,0.10270270270270271,0.022702702702702703,0.023063063063063063,0.02882882882882883,0.013693693693693694,0.006126126126126126,0.001081081081081081,0.06342342342342343,2775.0
40854,42.17522,-72.702,6250.0,0.0,0.0,0.0,0.06620209059233449,0.14169570267131243,0.11149825783972125,0.39256678281068524,0.13472706155632985,0.023228803716608595,0.025551684088269456,0.013937282229965157,0.009291521486643438,0.011614401858304297,0.0023228803716608595,0.06736353077816493,430.5
40854,42.17522,-72.702,6750.0,0.0,0.0,0.0,0.11721611721611722,0.11721611721611722,0.08424908424908426,0.43956043956043955,0.08424908424908426,0.007326007326007326,0.014652014652014652,0.0,0.02564102564102564,0.018315018315018316,0.0,0.09157509157509157,273.0
40854,42.17522,-72.702,7250.0,0.0,0.0,0.0,0.08879363135333741,0.14451928965094918,0.10287813839559094,0.4800979791794244,0.07348438456827924,0.014696876913655848,0.01224739742804654,0.002449479485609308,0.019595835884874464,0.004898958971218616,0.0,0.056338028169014086,408.25
40854,42.17522,-72.702,7750.0,0.001379310344827586,0.0,0.0,0.0993103448275862,0.13655172413793104,0.08,0.45241379310344826,0.07862068965517241,0.015172413793103448,0.020689655172413793,0.005517241379310344,0.022068965517241378,0.008275862068965517,0.0,0.08,725.0
40854,42.17522,-72.702,8250.0,0.0,0.0,0.0,0.11267605633802817,0.1295774647887324,0.07746478873239436,0.4647887323943662,0.06619718309859154,0.029577464788732393,0.016901408450704224,0.008450704225352112,0.016901408450704224,0.008450704225352112,0.0014084507042253522,0.0676056338028169,710.0
40854,42.17522,-72.702,8750.0,0.004846526655896607,0.0,0.0,0.09046849757673667,0.11954765751211632,0.12277867528271405,0.4781906300484653,0.07431340872374798,0.009693053311793215,0.027463651050080775,0.0032310177705977385,0.017770597738287562,0.006462035541195477,0.0,0.045234248788368334,619.0
40854,42.17522,-72.702,9250.0,0.0007380073800738007,0.0,0.0,0.24206642066420664,0.15350553505535056,0.05608856088560885,0.42509225092250924,0.016236162361623615,0.005904059040590406,0.004428044280442804,0.005904059040590406,0.016236162361623615,0.008856088560885609,0.0,0.06494464944649446,677.5
40854,42.17522,-72.702,9750.0,0.004391743522178305,0.001756697408871322,0.0,0.277119016249451,0.13175230566534915,0.054457619675010976,0.38120333772507686,0.001756697408871322,0.012296881862099254,0.015810276679841896,0.0,0.015810276679841896,0.007026789635485288,0.003513394817742644,0.09310496267018006,569.25
40854,42.17522,-72.702,10250.0,0.028526148969889066,0.0,0.003169572107765452,0.44849445324881143,0.14580031695721077,0.060221870047543584,0.13946117274167988,0.003169572107765452,0.012678288431061807,0.012678288431061807,0.0,0.022187004754358162,0.01901743264659271,0.0,0.1045958795562599,315.5
40854,42.17522,-72.702,10750.0,0.037069726390114736,0.0088261253309797,0.00176522506619594,0.41571050308914387,0.1147396293027361,0.09002647837599294,0.19240953221535745,0.0,0.01588702559576346,0.01412180052956752,0.00529567519858782,0.02294792586054722,0.01588702559576346,0.00176522506619594,0.06354810238305383,566.5
40854,42.17522,-72.702,11250.0,0.009980806142034549,0.003071017274472169,0.0,0.38809980806142036,0.09213051823416507,0.07523992322456814,0.30095969289827257,0.0015355086372360845,0.004606525911708253,0.015355086372360844,0.003071017274472169,0.018426103646833013,0.006142034548944338,0.0,0.08138195777351248,651.25
40854,42.17522,-72.702,11750.0,0.2182385035074045,0.034294621979735,0.0,0.34840218238503506,0.018706157443491817,0.18706157443491817,0.0779423226812159,0.0,0.003117692907248636,0.021823850350740453,0.0,0.009353078721745909,0.04053000779423227,0.0,0.04053000779423227,320.75
40854,42.17522,-72.702,12250.0,0.383638928067701,0.028208744710860368,0.022566995768688293,0.08603667136812412,0.011283497884344146,0.18335684062059238,0.019746121297602257,0.0,0.0028208744710860366,0.0028208744710860366,0.0,0.005641748942172073,0.1466854724964739,0.019746121297602257,0.08744710860366714,354.5
40854,42.17522,-72.702,12750.0,0.5631067961165048,0.07916355489171023,0.0,0.12471994025392083,0.00597460791635549,0.04480955937266617,0.08364451082897685,0.008961911874533234,0.008961911874533234,0.002987303958177745,0.0,0.0,0.00597460791635549,0.00597460791635549,0.06572068707991038,334.75
40854,42.17522,-72.702,13250.0,0.4073455759599332,0.00333889816360601,0.0,0.08180300500834725,0.0,0.04340567612687813,0.07011686143572621,0.00333889816360601,0.01001669449081803,0.0,0.0,0.0,0.00667779632721202,0.01669449081803005,0.3572621035058431,299.5
40854,42.17522,-72.702,14250.0,0.22440944881889763,0.015748031496062992,0.0,0.1062992125984252,0.0,0.16535433070866143,0.03937007874015748,0.0,0.0,0.007874015748031496,0.0,0.0,0.0,0.0,0.4409448818897638,127.0
40854,42.17522,-72.702,14750.0,0.13079667063020214,0.0047562425683709865,0.0023781212841854932,0.1367419738406659,0.0,0.054696789536266346,0.019024970273483946,0.0,0.0,0.011890606420927468,0.0023781212841854932,0.0,0.08799048751486326,0.0,0.549346016646849,420.5
40875,42.108152,-73.43755999999999,250.0,0.0,0.0,0.0,0.05979643765903308,0.2035623409669211,0.15776081424936386,0.25572519083969464,0.05979643765903308,0.04580152671755725,0.015267175572519083,0.054707379134860054,0.03689567430025445,0.003816793893129771,0.0,0.10687022900763359,786.0
40875,42.108152,-73.43755999999999,750.0,0.0,0.0,0.0,0.05844155844155844,0.2305194805194805,0.09415584415584416,0.22564935064935066,0.11201298701298701,0.04220779220779221,0.011363636363636364,0.040584415584415584,0.040584415584415584,0.0,0.0,0.1444805194805195,616.0
40875,42.108152,-73.43755999999999,1250.0,0.0,0.0,0.0,0.06622516556291391,0.23841059602649006,0.1390728476821192,0.2052980132450331,0.09933774834437085,0.029801324503311258,0.026490066225165563,0.039735099337748346,0.029801324503311258,0.0,0.0,0.12582781456953643,302.0
40875,42.108152,-73.43755999999999,1750.0,0.0,0.0,0.0,0.0650994575045208,0.23688969258589512,0.11754068716094032,0.23688969258589512,0.10126582278481013,0.028933092224231464,0.03074141048824593,0.07956600361663653,0.014466546112115732,0.0,0.0,0.08860759493670886,553.0
40875,42.108152,-73.43755999999999,2250.0,0.0,0.0,0.0,0.09212730318257957,0.24790619765494137,0.10050251256281408,0.25795644891122277,0.08710217755443886,0.03015075376884422,0.010050251256281407,0.05025125628140704,0.023450586264656615,0.0,0.0,0.10050251256281408,298.5
40875,42.108152,-73.43755999999999,2750.0,0.0,0.0,0.0,0.08508691674290943,0.1848124428179323,0.12259835315645014,0.2232387923147301,0.11527904849039342,0.0677035681610247,0.009149130832570906,0.036596523330283626,0.05123513266239707,0.0,0.0,0.10430009149130832,546.5
40875,42.108152,-73.43755999999999,3250.0,0.0,0.0,0.0,0.1423076923076923,0.09230769230769231,0.1576923076923077,0.2653846153846154,0.11923076923076924,0.038461538461538464,0.026923076923076925,0.057692307692307696,0.07307692307692308,0.0,0.0,0.026923076923076925,260.0
40875,42.108152,-73.43755999999999,3750.0,0.0,0.0010905125408942203,0.0,0.08942202835332606,0.06543075245365322,0.13631406761177753,0.34133042529989094,0.11777535441657579,0.04689203925845147,0.016357688113413305,0.05997818974918211,0.0697928026172301,0.0010905125408942203,0.0,0.05452562704471101,917.0
40875,42.108152,-73.43755999999999,4250.0,0.039418113561708115,0.0,0.0,0.0323791647114031,0.08634443923040826,0.18113561708118253,0.328484279680901,0.1295166588456124,0.028155795401220086,0.009385265133740028,0.08352885969028626,0.030971374941342094,0.003754106053496011,0.0,0.04692632566870014,1065.5
40875,42.108152,-73.43755999999999,4750.0,0.015222194942302971,0.0,0.0,0.027252639332187578,0.11441198134053523,0.19788853424993863,0.3201571323348883,0.14191013994598575,0.020132580407561995,0.014240117849251166,0.06236189540878959,0.028971274245028236,0.0058924625583108275,0.0009820770930518046,0.050576970292167935,2036.5
40875,42.108152,-73.43755999999999,5250.0,0.014262709914883829,0.0,0.0,0.012422360248447204,0.23579480101219233,0.18058431101909364,0.24200598113641592,0.17299286864504257,0.020243846330802853,0.014492753623188406,0.037037037037037035,0.0239245456636761,0.005981136415919025,0.0,0.040257648953301126,4347.0
40875,42.108152,-73.43755999999999,5750.0,0.0,0.0,0.0,0.011948529411764705,0.27297794117647056,0.1479779411764706,0.2757352941176471,0.15349264705882354,0.024816176470588234,0.02022058823529412,0.034926470588235295,0.017463235294117647,0.0055147058823529415,0.0,0.034926470588235295,1088.0
40875,42.108152,-73.43755999999999,6250.0,0.0018717828731867104,0.0,0.0,0.01169864295741694,0.28076743097800655,0.19279363593823118,0.17501169864295743,0.20308844174075807,0.029948525970987367,0.024333177351427236,0.022461394478240523,0.013102480112306972,0.003743565746373421,0.0,0.04117922321010763,1068.5
40875,42.108152,-73.43755999999999,6750.0,0.009017132551848512,0.0,0.0,0.0063119927862939585,0.2993688007213706,0.19837691614066727,0.1388638412984671,0.2200180342651037,0.019837691614066726,0.010820559062218215,0.04508566275924256,0.014427412082957619,0.0018034265103697023,0.0,0.03606853020739405,554.5
40875,42.108152,-73.43755999999999,7250.0,0.006910167818361303,0.0,0.0,0.018756169792694965,0.26159921026653504,0.12833168805528133,0.21915103652517276,0.23099703849950642,0.022704837117472853,0.013820335636722606,0.03257650542941757,0.023692003948667325,0.0029615004935834156,0.0,0.0384995064165844,1013.0
40875,42.108152,-73.43755999999999,7750.0,0.01806083650190114,0.0009505703422053232,0.0,0.015209125475285171,0.2338403041825095,0.17870722433460076,0.25570342205323193,0.20342205323193915,0.015209125475285171,0.016159695817490494,0.011406844106463879,0.009505703422053232,0.009505703422053232,0.0,0.03231939163498099,1052.0
40875,42.108152,-73.43755999999999,8250.0,0.0035714285714285713,0.0,0.0,0.02857142857142857,0.24821428571428572,0.16071428571428573,0.3142857142857143,0.1392857142857143,0.019642857142857142,0.02142857142857143,0.007142857142857143,0.01607142857142857,0.0017857142857142857,0.0,0.039285714285714285,560.0
40875,42.108152,-73.43755999999999,8750.0,0.011265164644714038,0.0,0.0,0.060658578856152515,0.18284228769497402,0.12998266897746968,0.3778162911611785,0.11265164644714037,0.012131715771230503,0.008665511265164644,0.009532062391681109,0.018197573656845753,0.009532062391681109,0.0,0.06672443674176777,1154.0
40875,42.108152,-73.43755999999999,9250.0,0.09940357852882704,0.013916500994035786,0.0,0.033797216699801194,0.18290258449304175,0.1749502982107356,0.31411530815109345,0.06958250497017893,0.013916500994035786,0.019880715705765408,0.003976143141153081,0.011928429423459244,0.0,0.0,0.061630218687872766,503.0
40875,42.108152,-73.43755999999999,9750.0,0.059833251593918585,0.00196174595389897,0.0,0.07307503678273664,0.17459538989700835,0.16576753310446296,0.3795978420794507,0.024521824423737126,0.014713094654242276,0.014713094654242276,0.0029426189308484553,0.018636586562040217,0.012751348700343305,0.0,0.05689063266307013,1019.5
40875,42.108152,-73.43755999999999,10250.0,0.14607843137254903,0.01764705882352941,0.0,0.07941176470588235,0.1803921568627451,0.1264705882352941,0.34705882352941175,0.01764705882352941,0.014705882352941176,0.013725490196078431,0.0058823529411764705,0.008823529411764706,0.006862745098039216,0.0,0.03529411764705882,1020.0
40875,42.108152,-73.43755999999999,10750.0,0.10526315789473684,0.0,0.0,0.3146198830409357,0.07719298245614035,0.07485380116959064,0.3508771929824561,0.0,0.014035087719298246,0.021052631578947368,0.0023391812865497076,0.011695906432748537,0.011695906432748537,0.0,0.016374269005847954,427.5
40875,42.108152,-73.43755999999999,11750.0,0.11750881316098707,0.05405405405405406,0.0,0.3137485311398355,0.04230317273795535,0.1762632197414806,0.12220916568742655,0.023501762632197415,0.023501762632197415,0.011750881316098707,0.011750881316098707,0.0399529964747356,0.03760282021151586,0.0,0.025851938895417155,425.5
40875,42.108152,-73.43755999999999,12250.0,0.11764705882352941,0.05536332179930796,0.0,0.2502883506343714,0.0392156862745098,0.2629757785467128,0.1384083044982699,0.006920415224913495,0.03460207612456748,0.0,0.006920415224913495,0.02768166089965398,0.04382929642445214,0.0,0.016147635524798153,433.5
40875,42.108152,-73.43755999999999,12750.0,0.3895619757688723,0.05591798695246971,0.0,0.09972041006523766,0.016775396085740912,0.22739981360671016,0.0391425908667288,0.001863932898415657,0.001863932898415657,0.001863932898415657,0.0,0.007455731593662628,0.09692451071761417,0.0,0.06150978564771668,536.5
40875,42.108152,-73.43755999999999,13250.0,0.3627254509018036,0.1523046092184369,0.0,0.1843687374749499,0.008016032064128256,0.0781563126252505,0.02404809619238477,0.004008016032064128,0.004008016032064128,0.0,0.0,0.002004008016032064,0.1282565130260521,0.0,0.052104208416833664,499.0
40875,42.108152,-73.43755999999999,13750.0,0.3739130434782609,0.06086956521739131,0.0,0.20652173913043478,0.004347826086956522,0.06956521739130435,0.10869565217391304,0.008695652173913044,0.006521739130434782,0.004347826086956522,0.004347826086956522,0.004347826086956522,0.017391304347826087,0.0,0.13043478260869565,460.0
40875,42.108152,-73.43755999999999,14250.0,0.610134436401241,0.008273009307135471,0.0,0.13547052740434332,0.0,0.05997931747673216,0.09100310237849017,0.002068252326783868,0.012409513960703205,0.0,0.004136504653567736,0.0,0.022750775594622543,0.0,0.05377456049638056,483.5
40914,44.36008,-72.37352,250.0,0.07792207792207792,0.007330648445631024,0.002443549481877008,0.051902801031720895,0.08842029051088285,0.33521878818046064,0.03511471107289923,0.10027603058961944,0.01610932621385583,0.011222227250101814,0.0028960586451875652,0.031675641431738996,0.03402868908095389,0.0011765238246074484,0.20426263631838545,11049.5
40914,44.36008,-72.37352,750.0,0.06102556858313321,0.00197768046334228,0.0008475773414324058,0.029806469840372933,0.19748552055375054,0.3506144935725385,0.042943918632575226,0.15143381833592315,0.016386495267693178,0.013561237462918492,0.0028252578047746855,0.036728351462070916,0.0062155671705043086,0.0,0.0881480435089702,3539.5
40914,44.36008,-72.37352,1250.0,0.051498942654559024,0.0018659037193680806,0.00024878716258241074,0.02985445950988929,0.14927229754944646,0.351287473566364,0.033088692623460626,0.17017041920636894,0.01691752705560393,0.020400547331757682,0.0037318074387361613,0.034830202761537504,0.018161462868515985,0.0,0.11867147655180993,4019.5
40914,44.36008,-72.37352,1750.0,0.014613252708490804,0.0008818342151675485,0.0005039052658100278,0.021038044847568656,0.15520282186948853,0.3308138070042832,0.04308390022675737,0.1924918115394306,0.027462836986646512,0.01839254220206601,0.00327538422776518,0.04308390022675737,0.018140589569160998,0.0,0.1310153691106072,3969.0
40914,44.36008,-72.37352,2250.0,0.0071301247771836,0.0005941770647653001,0.0015844721727074668,0.01940978411566647,0.16161616161616163,0.3311546840958606,0.03604674192909487,0.19211725094078036,0.03208556149732621,0.017825311942959002,0.0031689443454149336,0.04951475539710834,0.011091305208952268,0.0011883541295306002,0.1354723707664884,2524.5
40914,44.36008,-72.37352,2750.0,0.004665438919582566,0.001841620626151013,0.00024554941682013506,0.02627378759975445,0.11786372007366483,0.34303253529772865,0.038796807857581335,0.20577041129527318,0.021117249846531613,0.016697360343769185,0.003683241252302026,0.042971147943523635,0.008348680171884592,0.00024554941682013506,0.16844689993861264,4072.5
40914,44.36008,-72.37352,3250.0,0.001948051948051948,0.0012987012987012987,0.0012987012987012987,0.022727272727272728,0.12207792207792208,0.3961038961038961,0.04155844155844156,0.2077922077922078,0.02857142857142857,0.016233766233766232,0.0025974025974025974,0.03506493506493506,0.006493506493506494,0.0,0.11623376623376623,1540.0
40914,44.36008,-72.37352,3750.0,0.0019588638589618022,0.0005876591576885406,0.0,0.025465230166503428,0.07247796278158668,0.39725759059745347,0.039569049951028404,0.231537708129285,0.023898139079333986,0.01841332027424094,0.0023506366307541626,0.03721841332027424,0.007051909892262488,0.0003917727717923604,0.14182174338883446,2552.5
40914,44.36008,-72.37352,4250.0,0.002206423142927188,0.0014709487619514587,0.000980632507967639,0.03873498406472175,0.05589605295415543,0.38980142191713657,0.0451090953665114,0.17406227016425593,0.028438342731061536,0.016180436381466046,0.003922530031870556,0.0500122579063496,0.009316008825692572,0.0,0.18386859524393234,2039.5
40914,44.36008,-72.37352,4750.0,0.0024354603019970775,0.0014612761811982464,0.0,0.039454456892352656,0.03263516804676084,0.46419873356064295,0.050170482221139796,0.19045299561617146,0.03750608865075499,0.014612761811982464,0.00535801266439357,0.043838285435947394,0.012664393570384803,0.0,0.10521188504627374,2053.0
40914,44.36008,-72.37352,5250.0,0.0017751479289940828,0.0003944773175542406,0.0,0.03451676528599606,0.01972386587771203,0.49546351084812623,0.03471400394477318,0.19013806706114397,0.024063116370808678,0.02485207100591716,0.005128205128205128,0.04891518737672584,0.011439842209072978,0.0,0.10887573964497041,2535.0
40914,44.36008,-72.37352,5750.0,0.00019036740909956216,0.0,0.0,0.015229392727964973,0.11193603655054254,0.49419379402246333,0.03540833809251856,0.1800875690081858,0.018275271273557967,0.02208261945554921,0.0019036740909956216,0.03083952027412907,0.00266514372739387,0.0,0.08718827336759946,2626.5
40914,44.36008,-72.37352,6250.0,0.0012872083668543845,0.0,0.00032180209171359613,0.016894609814963796,0.20498793242156074,0.4099758648431215,0.0418342719227675,0.16894609814963799,0.021560740144810943,0.018020917135961385,0.003218020917135961,0.03443282381335479,0.005148833467417538,0.0,0.07337087691069992,3107.5
40914,44.36008,-72.37352,6750.0,0.00024648755237860487,0.00024648755237860487,0.0004929751047572097,0.02218387971407444,0.2112398323884644,0.4296278037959083,0.03943800838057678,0.14320926793196945,0.01577520335223071,0.021937392161695834,0.0007394626571358146,0.03450825733300468,0.005422726152329307,0.0,0.07493221592309589,4057.0
40914,44.36008,-72.37352,7250.0,0.000878348704435661,0.00029278290147855365,0.000878348704435661,0.029424681598594644,0.29483238178890353,0.4163372859025033,0.027228809837505488,0.09017713365539452,0.020202020202020204,0.018152539891670327,0.002342263211828429,0.025179329527155615,0.005270092226613966,0.0,0.0688039818474601,3415.5
40914,44.36008,-72.37352,7750.0,0.002000400080016003,0.0,0.001200240048009602,0.04820964192838568,0.2760552110422084,0.4568913782756551,0.033606721344268856,0.042008401680336066,0.013602720544108821,0.01800360072014403,0.002400480096019204,0.03680736147229446,0.004800960192038408,0.0,0.0644128825765153,2499.5
40914,44.36008,-72.37352,8250.0,0.000814663951120163,0.0004073319755600815,0.000814663951120163,0.09490835030549898,0.3384928716904277,0.3596741344195519,0.06435845213849287,0.02484725050916497,0.012627291242362525,0.014663951120162933,0.000814663951120163,0.03217922606924643,0.004480651731160896,0.0,0.05091649694501019,2455.0
40914,44.36008,-72.37352,8750.0,0.002638522427440633,0.002638522427440633,0.0,0.38258575197889183,0.2612137203166227,0.13192612137203166,0.08970976253298153,0.018469656992084433,0.023746701846965697,0.0079155672823219,0.002638522427440633,0.026385224274406333,0.002638522427440633,0.0,0.047493403693931395,379.0
40914,44.36008,-72.37352,9250.0,0.0025575447570332483,0.010230179028132993,0.0,0.39641943734015345,0.16879795396419436,0.1534526854219949,0.1432225063938619,0.010230179028132993,0.023017902813299233,0.010230179028132993,0.0,0.03324808184143223,0.0025575447570332483,0.0,0.04603580562659847,391.0
40914,44.36008,-72.37352,9750.0,0.0012492192379762648,0.0024984384759525295,0.0037476577139287947,0.34166146158650845,0.19237976264834478,0.10868207370393504,0.18238600874453467,0.006246096189881324,0.029981261711430358,0.021236727045596503,0.0012492192379762648,0.05246720799500312,0.008744534665833853,0.0,0.047470331043098064,800.5
40914,44.36008,-72.37352,10250.0,0.005625879043600563,0.0028129395218002813,0.0,0.4908579465541491,0.090014064697609,0.09563994374120956,0.1350210970464135,0.008438818565400843,0.030942334739803096,0.016877637130801686,0.0028129395218002813,0.03375527426160337,0.0,0.0,0.08720112517580872,355.5
40914,44.36008,-72.37352,10750.0,0.01650793650793651,0.007619047619047619,0.007619047619047619,0.326984126984127,0.05333333333333334,0.12571428571428572,0.26285714285714284,0.012698412698412698,0.031746031746031744,0.029206349206349208,0.0,0.031746031746031744,0.011428571428571429,0.0,0.08253968253968254,787.5
40914,44.36008,-72.37352,11250.0,0.002509410288582183,0.005018820577164366,0.0075282308657465494,0.3074027603513174,0.012547051442910916,0.30614805520702637,0.1656210790464241,0.012547051442910916,0.025094102885821833,0.04265997490589712,0.0,0.027603513174404015,0.0075282308657465494,0.0,0.07779171894604768,398.5
40914,44.36008,-72.37352,11750.0,0.015706806282722512,0.031413612565445025,0.007853403141361256,0.3743455497382199,0.005235602094240838,0.2774869109947644,0.13612565445026178,0.005235602094240838,0.020942408376963352,0.015706806282722512,0.002617801047120419,0.02617801047120419,0.010471204188481676,0.0,0.07068062827225131,382.0
40914,44.36008,-72.37352,12250.0,0.046063202999464384,0.05249062667380825,0.023567220139260846,0.14408141403320834,0.005356186395286556,0.36636314943760045,0.09212640599892877,0.0021424745581146223,0.048205677557579006,0.021424745581146223,0.0021424745581146223,0.012854847348687734,0.0578468130690948,0.0,0.12533476164970542,933.5
40914,44.36008,-72.37352,12750.0,0.20021762785636563,0.004352557127312296,0.05223068552774755,0.17519042437431992,0.008705114254624592,0.1458106637649619,0.0544069640914037,0.0,0.036996735582154515,0.006528835690968444,0.0,0.008705114254624592,0.22633297062023938,0.01088139281828074,0.06964091403699674,459.5
40914,44.36008,-72.37352,13250.0,0.26161238654564867,0.002135611318739989,0.018152696209289908,0.18419647624132407,0.004271222637479978,0.18900160170848906,0.030966364121729845,0.003203416978109984,0.010678056593699947,0.005339028296849973,0.0,0.006406833956219968,0.13027229044313934,0.0010678056593699946,0.15269620928990923,936.5
40914,44.36008,-72.37352,13750.0,0.44660194174757284,0.004314994606256742,0.0,0.24379719525350593,0.003236245954692557,0.08306364617044229,0.005393743257820928,0.0010787486515641855,0.010787486515641856,0.0,0.002157497303128371,0.0010787486515641855,0.030204962243797196,0.0,0.16828478964401294,927.0
40914,44.36008,-72.37352,14250.0,0.05,0.0020833333333333333,0.00625,0.10625,0.13125,0.3458333333333333,0.0625,0.11458333333333333,0.022916666666666665,0.01875,0.0020833333333333333,0.014583333333333334,0.0125,0.0,0.11041666666666666,480.0
40988,42.675740000000005,-72.19332,250.0,0.03054711246200608,0.002127659574468085,0.0031914893617021275,0.09027355623100304,0.15501519756838905,0.23161094224924011,0.13875379939209725,0.1094224924012158,0.014893617021276596,0.009726443768996961,0.008358662613981762,0.022644376899696048,0.012462006079027355,0.00425531914893617,0.16671732522796354,6580.0
40988,42.675740000000005,-72.19332,750.0,0.01542520803734524,0.00040592652729855896,0.0012177795818956768,0.044448954739192206,0.2622285366348691,0.227318855287193,0.12177795818956769,0.20661660239496651,0.015019281510046681,0.008930383600568297,0.009336310127866856,0.029632636492794805,0.005682971382179825,0.0016237061091942358,0.050334889385021314,2463.5
40988,42.675740000000005,-72.19332,1750.0,0.012201321809862735,0.0010167768174885613,0.0010167768174885613,0.05338078291814947,0.26232841891204883,0.17691916624300966,0.12506354855109303,0.2206405693950178,0.019318759532282664,0.010167768174885612,0.009150991357397052,0.028469750889679714,0.011184544992374174,0.0020335536349771225,0.06710726995424504,983.5
40988,42.675740000000005,-72.19332,2250.0,0.007000350017500875,0.001400070003500175,0.0,0.09065453272663633,0.21211060553027652,0.13790689534476724,0.1512075603780189,0.24851242562128106,0.027301365068253414,0.010500525026251312,0.010500525026251312,0.027301365068253414,0.0168008400420021,0.0,0.05880294014700735,1428.5
40988,42.675740000000005,-72.19332,2750.0,0.0035612535612535613,0.0014245014245014246,0.0007122507122507123,0.09116809116809117,0.2272079772079772,0.1346153846153846,0.15242165242165243,0.24572649572649571,0.019943019943019943,0.009259259259259259,0.011396011396011397,0.0292022792022792,0.008547008547008548,0.0007122507122507123,0.0641025641025641,1404.0
40988,42.675740000000005,-72.19332,3250.0,0.003146303093864709,0.001048767697954903,0.001048767697954903,0.08442579968536969,0.1782905086523335,0.1384373361300472,0.2517042475091767,0.19087572102779235,0.023072889355007866,0.01048767697954903,0.011536444677503933,0.025170424750917672,0.013633980073413739,0.003146303093864709,0.06397482957524908,953.5
40988,42.675740000000005,-72.19332,3750.0,0.003664345914254306,0.0021986075485525836,0.0,0.11396115793330891,0.10699890069622572,0.13997801392451448,0.2938805423231953,0.17515573470135581,0.027849028948332723,0.009527299377061194,0.01245877610846464,0.029314767314034446,0.0131916452913155,0.005130084279956028,0.06669109563942836,1364.5
40988,42.675740000000005,-72.19332,4250.0,0.004880694143167028,0.0010845986984815619,0.0,0.10466377440347072,0.05151843817787419,0.13665943600867678,0.31127982646420826,0.20065075921908893,0.0368763557483731,0.01193058568329718,0.020607375271149676,0.03633405639913232,0.01735357917570499,0.0027114967462039045,0.06344902386117136,1844.0
40988,42.675740000000005,-72.19332,4750.0,0.002145922746781116,0.0008583690987124463,0.0,0.09527896995708154,0.04463519313304721,0.15278969957081545,0.336480686695279,0.1781115879828326,0.024892703862660945,0.013733905579399141,0.01759656652360515,0.03648068669527897,0.019313304721030045,0.005579399141630901,0.07210300429184549,2330.0
40988,42.675740000000005,-72.19332,5250.0,0.0013788348845225785,0.0,0.0,0.05963460875560152,0.1599448466046191,0.17580144777662876,0.2426749396759738,0.19786280592899,0.01723543605653223,0.01723543605653223,0.013098931402964495,0.038607376766632194,0.010341261633919338,0.0062047569803516025,0.05997931747673216,1450.5
40988,42.675740000000005,-72.19332,5750.0,0.0,0.0,0.0,0.043213014743263854,0.22267412302999492,0.16166751398068124,0.24300965937976615,0.157600406710727,0.026436197254702594,0.015251652262328419,0.011184544992374174,0.03457041179461108,0.014234875444839857,0.00813421453990849,0.062023385866802234,983.5
40988,42.675740000000005,-72.19332,6250.0,0.0012254901960784314,0.0,0.0,0.042075163398692814,0.3423202614379085,0.1388888888888889,0.1548202614379085,0.20220588235294118,0.00980392156862745,0.012254901960784314,0.007352941176470588,0.02287581699346405,0.015931372549019607,0.0024509803921568627,0.04779411764705882,2448.0
40988,42.675740000000005,-72.19332,6750.0,0.002044989775051125,0.0010224948875255625,0.0,0.049079754601226995,0.26380368098159507,0.1738241308793456,0.18404907975460122,0.22392638036809817,0.015337423312883436,0.012269938650306749,0.003067484662576687,0.016359918200409,0.006134969325153374,0.0,0.049079754601226995,978.0
40988,42.675740000000005,-72.19332,7250.0,0.0032505910165484633,0.000591016548463357,0.0,0.06826241134751773,0.2127659574468085,0.16725768321513002,0.21601654846335697,0.2044917257683215,0.014479905437352246,0.015070921985815602,0.004137115839243499,0.026004728132387706,0.005319148936170213,0.0038416075650118202,0.05851063829787234,3384.0
40988,42.675740000000005,-72.19332,7750.0,0.0020920502092050207,0.0,0.0,0.07531380753138076,0.2907949790794979,0.14853556485355648,0.19874476987447698,0.18200836820083682,0.0041841004184100415,0.016736401673640166,0.0020920502092050207,0.014644351464435146,0.008368200836820083,0.0,0.056485355648535567,478.0
40988,42.675740000000005,-72.19332,8250.0,0.0016968325791855204,0.0011312217194570137,0.0005656108597285068,0.1595022624434389,0.21210407239819004,0.13687782805429866,0.27262443438914025,0.09841628959276018,0.01414027149321267,0.011877828054298642,0.0011312217194570137,0.024321266968325792,0.005656108597285068,0.0011312217194570137,0.058823529411764705,1768.0
40988,42.675740000000005,-72.19332,8750.0,0.0034266133637921186,0.002284408909194746,0.0,0.19360365505425473,0.143917761279269,0.10394060536836093,0.32210165619645914,0.07310108509423187,0.03540833809251856,0.019417475728155338,0.002284408909194746,0.025128498001142203,0.012564249000571102,0.001142204454597373,0.06167904054825814,875.5
40988,42.675740000000005,-72.19332,9250.0,0.0049813200498132005,0.0,0.0,0.2403486924034869,0.136986301369863,0.074719800747198,0.38854296388542964,0.009962640099626401,0.0323785803237858,0.017434620174346202,0.0,0.014943960149439602,0.007471980074719801,0.007471980074719801,0.0647571606475716,401.5
40988,42.675740000000005,-72.19332,9750.0,0.00618921308576481,0.0008841732979664014,0.0008841732979664014,0.3563218390804598,0.15473032714412024,0.09283819628647215,0.2564102564102564,0.00618921308576481,0.019451812555260833,0.013262599469496022,0.0,0.014146772767462422,0.00618921308576481,0.004420866489832007,0.0680813439434129,1131.0
40988,42.675740000000005,-72.19332,10250.0,0.009700176366843033,0.003527336860670194,0.0,0.345679012345679,0.13051146384479717,0.12786596119929453,0.2328042328042328,0.0008818342151675485,0.02821869488536155,0.015873015873015872,0.0008818342151675485,0.014991181657848324,0.012345679012345678,0.005291005291005291,0.07142857142857142,1134.0
40988,42.675740000000005,-72.19332,10750.0,0.017790262172284643,0.00749063670411985,0.0018726591760299626,0.4363295880149813,0.04681647940074907,0.09176029962546817,0.25374531835205993,0.0,0.017790262172284643,0.013108614232209739,0.0018726591760299626,0.020599250936329586,0.017790262172284643,0.0046816479400749065,0.06835205992509363,1068.0
40988,42.675740000000005,-72.19332,11250.0,0.0642570281124498,0.0321285140562249,0.00535475234270415,0.355644801427934,0.006247211066488175,0.18295403837572513,0.14011601963409193,0.00178491744756805,0.022311468094600623,0.00892458723784025,0.00178491744756805,0.016956715751896476,0.05979473449352968,0.018741633199464525,0.08299866131191433,1120.5
40988,42.675740000000005,-72.19332,11750.0,0.3027027027027027,0.07351351351351351,0.04540540540540541,0.14594594594594595,0.01945945945945946,0.1772972972972973,0.04108108108108108,0.0,0.008648648648648649,0.006486486486486486,0.0,0.0,0.07351351351351351,0.012972972972972972,0.09297297297297297,462.5
40988,42.675740000000005,-72.19332,12750.0,0.39152371342078707,0.09889001009081735,0.0020181634712411706,0.124117053481332,0.0,0.04843592330978809,0.060544904137235116,0.0020181634712411706,0.020181634712411706,0.004036326942482341,0.0020181634712411706,0.0020181634712411706,0.030272452068617558,0.034308779011099896,0.17961654894046417,495.5
40988,42.675740000000005,-72.19332,14250.0,0.3745963401506997,0.04951560818083961,0.012917115177610334,0.13885898815931108,0.004305705059203444,0.11840688912809473,0.038751345532831,0.002152852529601722,0.010764262648008612,0.006458557588805167,0.0,0.004305705059203444,0.07534983853606028,0.012917115177610334,0.15069967707212056,464.5
40992,43.29136,-71.17873999999999,250.0,0.03010518679724338,0.0014508523757707653,0.001088139281828074,0.07217990569459558,0.23975335509611898,0.27892636924192965,0.09285455204932898,0.14726151614073268,0.010155966630395358,0.009067827348567283,0.006166122597025753,0.022850924918389554,0.017410228509249184,0.0,0.07072905331882481,2757.0
40992,43.29136,-71.17873999999999,750.0,0.022031823745410038,0.0,0.0,0.05018359853121175,0.2962056303549572,0.2521419828641371,0.11015911872705018,0.1591187270501836,0.009791921664626682,0.004895960832313341,0.0,0.022031823745410038,0.03671970624235006,0.0,0.03671970624235006,408.5
40992,43.29136,-71.17873999999999,1250.0,0.009765625,0.0009765625,0.0,0.0673828125,0.3046875,0.240234375,0.11328125,0.1650390625,0.005859375,0.0029296875,0.0078125,0.017578125,0.015625,0.0,0.048828125,1024.0
40992,43.29136,-71.17873999999999,1750.0,0.004623208506703652,0.0,0.0,0.06703652334720296,0.3273231622746186,0.20434581599630144,0.10540915395284327,0.19787332408691632,0.01849283402681461,0.009246417013407305,0.004623208506703652,0.01571890892279242,0.012944983818770227,0.0,0.032362459546925564,1081.5
40992,43.29136,-71.17873999999999,2250.0,0.0017597888253409592,0.0008798944126704796,0.0,0.09106907171139464,0.2842058952925649,0.19621645402551693,0.1205455345358557,0.17773867135943686,0.01583809942806863,0.007039155301363837,0.0026396832380114386,0.0387153541575011,0.011438627364716234,0.0008798944126704796,0.05103387593488781,1136.5
40992,43.29136,-71.17873999999999,2750.0,0.0,0.0,0.0,0.10215827338129496,0.25323741007194245,0.2474820143884892,0.11223021582733812,0.2,0.012949640287769784,0.0014388489208633094,0.008633093525179856,0.02158273381294964,0.014388489208633094,0.0,0.025899280575539568,695.0
40992,43.29136,-71.17873999999999,3250.0,0.0,0.0,0.0,0.10856372218476062,0.23870532703978423,0.20364126770060686,0.16857720836142953,0.17262306136210384,0.020229265003371546,0.005394470667565745,0.004045853000674309,0.033715441672285906,0.01753202966958867,0.0,0.026972353337828724,741.5
40992,43.29136,-71.17873999999999,3750.0,0.0,0.0,0.0,0.1584852734922861,0.23281907433380084,0.182328190743338,0.1458625525946704,0.19635343618513323,0.008415147265077139,0.011220196353436185,0.002805049088359046,0.019635343618513323,0.025245441795231416,0.0,0.016830294530154277,356.5
40992,43.29136,-71.17873999999999,4250.0,0.0028776978417266188,0.0,0.0,0.1712230215827338,0.10215827338129496,0.2014388489208633,0.2489208633093525,0.1669064748201439,0.015827338129496403,0.008633093525179856,0.0014388489208633094,0.031654676258992806,0.033093525179856115,0.0,0.015827338129496403,695.0
40992,43.29136,-71.17873999999999,4750.0,0.005547850208044383,0.0,0.0,0.15811373092926492,0.09015256588072122,0.17891816920943135,0.2829403606102635,0.1678224687933426,0.019417475728155338,0.009708737864077669,0.012482662968099861,0.023578363384188627,0.027739251040221916,0.0,0.023578363384188627,721.0
40992,43.29136,-71.17873999999999,5250.0,0.0053207212533254505,0.0005911912503694946,0.0,0.1563700857227313,0.1489801950931126,0.21933195388708246,0.18918120011823825,0.17617499261010938,0.011232633757020397,0.007094295004433935,0.00650310375406444,0.025421223765888266,0.0325155187703222,0.0,0.021282885013301802,1691.5
40992,43.29136,-71.17873999999999,5750.0,0.002767208578346593,0.0006918021445866483,0.0006918021445866483,0.11656866136285023,0.3203043929436181,0.15081286751988932,0.1777931511587686,0.13559322033898305,0.009685230024213076,0.009685230024213076,0.009685230024213076,0.01937046004842615,0.022137668626772744,0.0006918021445866483,0.02352127291594604,1445.5
40992,43.29136,-71.17873999999999,6250.0,0.0,0.0006622516556291391,0.0,0.10728476821192053,0.2801324503311258,0.1423841059602649,0.22649006622516557,0.14370860927152318,0.017880794701986755,0.009933774834437087,0.0013245033112582781,0.02781456953642384,0.015231788079470199,0.0,0.027152317880794703,1510.0
40992,43.29136,-71.17873999999999,6750.0,0.0,0.000664451827242525,0.0,0.0850498338870432,0.39867109634551495,0.14750830564784054,0.12691029900332226,0.1382059800664452,0.015282392026578074,0.015282392026578074,0.00132890365448505,0.023255813953488372,0.023255813953488372,0.0,0.02458471760797342,1505.0
40992,43.29136,-71.17873999999999,7250.0,0.005479452054794521,0.0018264840182648401,0.0,0.13607305936073058,0.336986301369863,0.16255707762557078,0.1589041095890411,0.10410958904109589,0.012785388127853882,0.012785388127853882,0.0045662100456621,0.023744292237442923,0.010958904109589041,0.0,0.029223744292237442,1095.0
40992,43.29136,-71.17873999999999,7750.0,0.008771929824561403,0.0029239766081871343,0.0,0.24853801169590642,0.2631578947368421,0.12573099415204678,0.2046783625730994,0.05263157894736842,0.008771929824561403,0.017543859649122806,0.0029239766081871343,0.02046783625730994,0.023391812865497075,0.0,0.02046783625730994,342.0
40992,43.29136,-71.17873999999999,8250.0,0.0,0.0,0.006097560975609756,0.3018292682926829,0.2073170731707317,0.09146341463414634,0.2804878048780488,0.036585365853658534,0.006097560975609756,0.01524390243902439,0.003048780487804878,0.009146341463414634,0.012195121951219513,0.0,0.03048780487804878,328.0
40992,43.29136,-71.17873999999999,8750.0,0.009202453987730062,0.005112474437627812,0.0,0.32004089979550104,0.15950920245398773,0.14008179959100203,0.22903885480572597,0.010224948875255624,0.02044989775051125,0.012269938650306749,0.0,0.012269938650306749,0.03067484662576687,0.0,0.05112474437627812,978.0
40992,43.29136,-71.17873999999999,9250.0,0.026992830029523407,0.005061155630535639,0.0008435259384226065,0.41881062842682415,0.09531843104175454,0.12568536482496837,0.22522142555883592,0.005061155630535639,0.010965837199493884,0.01180936313791649,0.0025305778152678194,0.010965837199493884,0.020244622522142555,0.0,0.04048924504428511,1185.5
40992,43.29136,-71.17873999999999,9750.0,0.04114490161001789,0.014311270125223614,0.0017889087656529517,0.4776386404293381,0.057245080500894455,0.12343470483005367,0.20930232558139536,0.0035778175313059034,0.005366726296958855,0.0,0.0017889087656529517,0.0017889087656529517,0.023255813953488372,0.0,0.03935599284436494,559.0
40992,43.29136,-71.17873999999999,10250.0,0.05362776025236593,0.0,0.006309148264984227,0.4037854889589905,0.05362776025236593,0.1640378548895899,0.2334384858044164,0.00946372239747634,0.006309148264984227,0.00946372239747634,0.0031545741324921135,0.012618296529968454,0.0031545741324921135,0.0,0.04100946372239748,317.0
40992,43.29136,-71.17873999999999,10750.0,0.037803780378037805,0.009000900090009001,0.0054005400540054005,0.5139513951395139,0.037803780378037805,0.13861386138613863,0.1782178217821782,0.0018001800180018,0.0054005400540054005,0.016201620162016202,0.0,0.0,0.012601260126012601,0.0,0.043204320432043204,555.5
40992,43.29136,-71.17873999999999,11250.0,0.10131332082551595,0.0225140712945591,0.00375234521575985,0.5290806754221389,0.013133208255159476,0.11444652908067542,0.150093808630394,0.0,0.005628517823639775,0.005628517823639775,0.001876172607879925,0.0075046904315197,0.01876172607879925,0.0,0.02626641651031895,533.0
40992,43.29136,-71.17873999999999,11750.0,0.1407035175879397,0.03015075376884422,0.006700167504187605,0.45058626465661644,0.0033500837520938024,0.18927973199329984,0.11222780569514237,0.0016750418760469012,0.0016750418760469012,0.005025125628140704,0.0,0.006700167504187605,0.020100502512562814,0.0,0.031825795644891124,597.0
40992,43.29136,-71.17873999999999,12250.0,0.2112676056338028,0.0647887323943662,0.09577464788732394,0.15774647887323945,0.011267605633802818,0.2028169014084507,0.030985915492957747,0.0,0.014084507042253521,0.016901408450704224,0.0,0.005633802816901409,0.08732394366197183,0.0028169014084507044,0.09859154929577464,355.0
40992,43.29136,-71.17873999999999,12750.0,0.782051282051282,0.002564102564102564,0.002564102564102564,0.08205128205128205,0.002564102564102564,0.035897435897435895,0.015384615384615385,0.0,0.0,0.002564102564102564,0.0,0.0,0.002564102564102564,0.005128205128205128,0.06666666666666667,390.0
40992,43.29136,-71.17873999999999,13250.0,0.26631853785900783,0.005221932114882507,0.007832898172323759,0.09660574412532637,0.0,0.2506527415143603,0.033942558746736295,0.0,0.005221932114882507,0.0026109660574412533,0.0,0.0,0.005221932114882507,0.0,0.3263707571801567,383.0
48685,41.834212,-88.381654,250.0,0.0,0.0,0.0,0.011135057471264368,0.0021551724137931034,0.011494252873563218,0.33405172413793105,0.004310344827586207,0.015086206896551725,0.021551724137931036,0.023347701149425287,0.009339080459770116,0.004310344827586207,0.0,0.5632183908045977,1392.0
48685,41.834212,-88.381654,750.0,0.0,0.0,0.0016913319238900633,0.013953488372093023,0.0,0.01522198731501057,0.319661733615222,0.0033826638477801266,0.006765327695560253,0.016913319238900635,0.021987315010570826,0.01522198731501057,0.00507399577167019,0.0,0.5801268498942918,591.25
48685,41.834212,-88.381654,1250.0,0.001932367149758454,0.0,0.0,0.028019323671497585,0.0,0.01352657004830918,0.42318840579710143,0.001932367149758454,0.021256038647342997,0.04057971014492753,0.03864734299516908,0.011594202898550725,0.005797101449275362,0.0,0.41352657004830917,517.5
48685,41.834212,-88.381654,1750.0,0.0014936519790888724,0.0,0.0,0.021657953696788648,0.0,0.002987303958177745,0.34055265123226286,0.002987303958177745,0.017923823749066467,0.035847647498132934,0.035847647498132934,0.017923823749066467,0.008961911874533234,0.0,0.513816280806572,334.75
48685,41.834212,-88.381654,2250.0,0.0,0.0,0.0,0.02346880366342301,0.0,0.0206067544361763,0.3594733829421866,0.0045792787635947334,0.02289639381797367,0.04235832856325129,0.057240984544934176,0.0022896393817973667,0.006868918145392101,0.0,0.46021751574127073,436.75
48685,41.834212,-88.381654,3250.0,0.0036019810895992796,0.00030016509079993996,0.0,0.023262794536995347,0.0,0.014407924358397118,0.36470058532192706,0.0024013207263995197,0.02041122617439592,0.03361849016959328,0.02341287708239532,0.005402971634398919,0.01020561308719796,0.0024013207263995197,0.49587273000150084,1665.75
48685,41.834212,-88.381654,3750.0,0.0003136762860727729,0.0,0.0,0.02258469259723965,0.0,0.0075282308657465494,0.428168130489335,0.006273525721455458,0.030740276035131745,0.04673776662484316,0.03450439146800502,0.010978670012547051,0.00439146800501882,0.002509410288582183,0.40526976160602257,1594.0
48685,41.834212,-88.381654,4250.0,0.0005825808330905913,0.0,0.0011651616661811825,0.026507427905621904,0.0,0.00932129332944946,0.35886979318380424,0.00466064666472473,0.01631226332653656,0.03029420332071075,0.029129041654529567,0.0052432274978153216,0.00466064666472473,0.0011651616661811825,0.5120885522866298,858.25
48685,41.834212,-88.381654,4750.0,0.0,0.0,0.0,0.026824703680598878,0.0,0.0,0.4017467248908297,0.0,0.014971927635683094,0.024953212726138492,0.02744853399875234,0.0,0.004990642545227698,0.002495321272613849,0.49656893325015594,400.75
48685,41.834212,-88.381654,5250.0,0.00353544281421248,0.00035354428142124803,0.0,0.026339048965882978,0.0007070885628424961,0.004949619939897472,0.3888987095633728,0.006363797065582464,0.01414177125684992,0.0353544281421248,0.022273289729538626,0.00707088562842496,0.0056567085027399685,0.00353544281421248,0.4808202227328973,1414.25
48685,41.834212,-88.381654,5750.0,0.0018107741059302852,0.0,0.0,0.029425079221367133,0.003017956843217142,0.005432322317790856,0.3410291232835371,0.009053870529651425,0.01810774105930285,0.046476535385543985,0.01931492379658971,0.007544892108042855,0.00784668779236457,0.004828730949147427,0.5061113626075147,1656.75
48685,41.834212,-88.381654,6250.0,0.0011180679785330948,0.0,0.0,0.018783542039355994,0.0004472271914132379,0.004025044722719142,0.41793381037567084,0.009391771019677997,0.022808586762075134,0.07759391771019677,0.04315742397137746,0.012745974955277281,0.005813953488372093,0.0026833631484794273,0.3834973166368515,2236.0
48685,41.834212,-88.381654,6750.0,0.0011347517730496454,0.0005673758865248227,0.0,0.01957446808510638,0.0011347517730496454,0.0,0.4306382978723404,0.003404255319148936,0.0249645390070922,0.12141843971631205,0.0425531914893617,0.03177304964539007,0.0011347517730496454,0.0022695035460992908,0.31943262411347517,881.25
48685,41.834212,-88.381654,7250.0,0.0005491488193300384,0.0,0.0,0.016474464579901153,0.001098297638660077,0.002196595277320154,0.45799011532125206,0.0,0.015376166941241077,0.10982976386600769,0.040637012630422846,0.029654036243822075,0.006589785831960461,0.0,0.31960461285008235,910.5
48685,41.834212,-88.381654,7750.0,0.002560163850486431,0.0010240655401945725,0.0,0.025089605734767026,0.0,0.0010240655401945725,0.3794162826420891,0.0,0.02048131080389145,0.08602150537634409,0.03533026113671275,0.008704557091653867,0.002048131080389145,0.0,0.43830005120327703,976.5
48685,41.834212,-88.381654,8250.0,0.005220417633410673,0.0,0.0,0.02494199535962877,0.001160092807424594,0.002320185614849188,0.4396751740139211,0.0,0.022041763341067284,0.0951276102088167,0.03944315545243619,0.018561484918793503,0.00580046403712297,0.001160092807424594,0.34454756380510443,862.0
48685,41.834212,-88.381654,8750.0,0.004306632213608958,0.0,0.0,0.01937984496124031,0.0,0.002583979328165375,0.39147286821705424,0.0008613264427217916,0.018949181739879414,0.14599483204134367,0.04823428079242033,0.02239448751076658,0.00516795865633075,0.0017226528854435831,0.338931955211025,1161.0
48685,41.834212,-88.381654,9250.0,0.005300646016233228,0.0,0.0,0.024018552261056817,0.0,0.002650323008116614,0.4932913698857048,0.0019877422560874605,0.043067748881894984,0.1126387278449561,0.0371045221136326,0.023852907073049528,0.002650323008116614,0.002650323008116614,0.2507868146430346,1509.25
48685,41.834212,-88.381654,9750.0,0.0010595090941197245,0.0,0.0007063393960798164,0.015009712166696098,0.0,0.0035316969803990818,0.3701218435458238,0.0014126787921596327,0.05368179410206604,0.22673494614162104,0.04273353346282889,0.04555889104714816,0.0035316969803990818,0.002119018188239449,0.2337983401024192,1415.75
48685,41.834212,-88.381654,10250.0,0.004184829991281604,0.0,0.002789886660854403,0.014821272885789015,0.0,0.0076721883173496075,0.3368788142981691,0.0,0.08230165649520488,0.22074978204010462,0.034176111595466435,0.049171752397558846,0.004184829991281604,0.004184829991281604,0.23888404533565824,1433.75
48685,41.834212,-88.381654,10750.0,0.01981178801386825,0.0,0.0,0.014363546310054482,0.0,0.012877662209014363,0.3377909856364537,0.0,0.1188707280832095,0.20901436354631006,0.01981178801386825,0.013868251609707775,0.005943536404160475,0.00396235760277365,0.2436849925705795,504.75
48685,41.834212,-88.381654,11250.0,0.010902255639097745,0.010150375939849625,0.006015037593984963,0.015789473684210527,0.0,0.04887218045112782,0.2518796992481203,0.0,0.17819548872180452,0.2669172932330827,0.018796992481203006,0.02142857142857143,0.021052631578947368,0.009774436090225564,0.14022556390977445,1330.0
48685,41.834212,-88.381654,11750.0,0.09058080048149263,0.05025579295817033,0.013842913030394222,0.02497743003310262,0.0006018657839301836,0.12639181462533855,0.124586217273548,0.0006018657839301836,0.15227204333433644,0.13782726452001204,0.00842612097502257,0.012037315678603671,0.06680710201625037,0.0403250075233223,0.15046644598254588,1661.5
48685,41.834212,-88.381654,12250.0,0.30521289295662557,0.03979307600477517,0.023079984082769598,0.015519299641862315,0.0,0.055710306406685235,0.0931157978511739,0.0,0.07879029048945484,0.06207719856744926,0.00238758456028651,0.0031834460803820135,0.07401512136888182,0.07640270592916833,0.17071229606048546,1256.5
48685,41.834212,-88.381654,12750.0,0.224855186940495,0.07161664033701948,0.01685097419694576,0.00210637177461822,0.0,0.00737230121116377,0.10953133228014744,0.00105318588730911,0.17904160084254872,0.037914691943127965,0.00315955766192733,0.00631911532385466,0.03264876250658241,0.055818852027382834,0.2517114270668773,949.5
48685,41.834212,-88.381654,13250.0,0.24829600778967867,0.05647517039922103,0.0029211295034079843,0.0038948393378773127,0.0,0.011684518013631937,0.11100292112950341,0.0,0.25121713729308665,0.023369036027263874,0.01557935735150925,0.005842259006815969,0.017526777020447908,0.01557935735150925,0.23661148977604674,513.5
48685,41.834212,-88.381654,13750.0,0.2295964125560538,0.034080717488789235,0.014349775784753363,0.0008968609865470852,0.0,0.0,0.09147982062780269,0.0,0.24035874439461882,0.021524663677130046,0.0053811659192825115,0.0,0.003587443946188341,0.10044843049327354,0.25829596412556055,557.5
48685,41.834212,-88.381654,14250.0,0.3906093906093906,0.012487512487512488,0.015484515484515484,0.000999000999000999,0.0,0.004995004995004995,0.06993006993006994,0.0,0.21978021978021978,0.015984015984015984,0.003996003996003996,0.007992007992007992,0.005994005994005994,0.08491508491508491,0.16683316683316685,1001.0
48685,41.834212,-88.381654,14750.0,0.6441579701248209,0.0012277470841006752,0.01882545528954369,0.0026601186822181296,0.0,0.009821976672805401,0.04092490280335584,0.0,0.09494577450378555,0.0040924902803355845,0.0,0.0040924902803355845,0.01555146306527522,0.013914466953140987,0.1497851442602824,1221.75
66703,34.2872,-78.5108,250.0,0.0,0.0,0.0,0.6324472960586618,0.0009165902841429881,0.00458295142071494,0.11732355637030248,0.002749770852428964,0.0,0.0036663611365719525,0.05774518790100825,0.0,0.008249312557286892,0.0,0.17231897341888175,1091.0
66703,34.2872,-78.5108,1250.0,0.0,0.0,0.0,0.604494382022472,0.0,0.0,0.10786516853932585,0.0044943820224719105,0.0,0.0,0.04943820224719101,0.0044943820224719105,0.0,0.0,0.2292134831460674,222.5
66703,34.2872,-78.5108,1750.0,0.0,0.0,0.0,0.697560975609756,0.004878048780487805,0.0,0.12682926829268293,0.004878048780487805,0.0,0.004878048780487805,0.04878048780487805,0.0,0.0,0.0,0.11219512195121951,205.0
66703,34.2872,-78.5108,2750.0,0.0,0.0,0.0,0.5155875299760192,0.0,0.019184652278177457,0.23501199040767387,0.0,0.0,0.0,0.04316546762589928,0.004796163069544364,0.004796163069544364,0.0,0.1774580335731415,208.5
66703,34.2872,-78.5108,3750.0,0.0,0.0,0.0,0.5717884130982368,0.0,0.010075566750629723,0.20151133501259447,0.0,0.0,0.010075566750629723,0.0654911838790932,0.005037783375314861,0.005037783375314861,0.0,0.1309823677581864,198.5
66703,34.2872,-78.5108,4750.0,0.0,0.0,0.0,0.5,0.0,0.0,0.27884615384615385,0.0,0.0,0.019230769230769232,0.04326923076923077,0.0,0.0,0.0,0.15865384615384615,208.0
66703,34.2872,-78.5108,5750.0,0.0,0.0,0.0,0.5071090047393365,0.009478672985781991,0.004739336492890996,0.2796208530805687,0.004739336492890996,0.0,0.009478672985781991,0.07582938388625593,0.0,0.0,0.0,0.10900473933649289,211.0
66703,34.2872,-78.5108,6750.0,0.0,0.0,0.0,0.22388059701492538,0.006633499170812604,0.003316749585406302,0.5008291873963516,0.01990049751243781,0.0,0.01658374792703151,0.05970149253731343,0.003316749585406302,0.009950248756218905,0.0,0.1558872305140962,301.5
66703,34.2872,-78.5108,7250.0,0.0,0.0,0.0,0.15529753265602322,0.011611030478955007,0.002902757619738752,0.6008708272859217,0.008708272859216255,0.0,0.01451378809869376,0.04934687953555878,0.0,0.005805515239477504,0.0,0.1509433962264151,344.5
66703,34.2872,-78.5108,7750.0,0.0,0.0,0.0,0.09293680297397769,0.01734820322180917,0.01982651796778191,0.6319702602230484,0.0,0.01486988847583643,0.01486988847583643,0.05452292441140025,0.0,0.0024783147459727386,0.0,0.15117719950433706,403.5
66703,34.2872,-78.5108,8250.0,0.002904865649963689,0.0,0.0,0.07770515613652869,0.023238925199709513,0.013071895424836602,0.5737109658678287,0.029048656499636893,0.007262164124909223,0.011619462599854757,0.05954974582425563,0.0014524328249818446,0.011619462599854757,0.0,0.1888162672476398,688.5
66703,34.2872,-78.5108,8750.0,0.004369992716678805,0.0,0.0,0.08667152221412965,0.03641660597232338,0.023306627822286964,0.5083758193736344,0.026219956300072834,0.005826656955571741,0.016023306627822288,0.06700655498907501,0.004369992716678805,0.011653313911143482,0.0,0.20975965040058267,686.5
66703,34.2872,-78.5108,9250.0,0.00291970802919708,0.0,0.0,0.04817518248175182,0.027737226277372264,0.017518248175182483,0.527007299270073,0.06277372262773723,0.0072992700729927005,0.021897810218978103,0.06423357664233577,0.00291970802919708,0.021897810218978103,0.0,0.19562043795620437,685.0
66703,34.2872,-78.5108,9750.0,0.0034438226431338786,0.0,0.0,0.027981058975462762,0.006887645286267757,0.012914334911752045,0.47180370210934136,0.17477399913904434,0.0034438226431338786,0.02496771416272062,0.04993542832544124,0.0034438226431338786,0.02410675850193715,0.0,0.19629789065863107,1161.5
66703,34.2872,-78.5108,10250.0,0.0006263701847792045,0.0,0.0,0.020357031005324145,0.002505480739116818,0.015659254619480114,0.4885687441277795,0.17350454118383965,0.008769182586908864,0.02505480739116818,0.05699968681490761,0.0018791105543376136,0.01691199498903852,0.0,0.18916379580331977,1596.5
66703,34.2872,-78.5108,10750.0,0.0017301038062283738,0.0,0.0,0.01730103806228374,0.004325259515570935,0.015570934256055362,0.4982698961937716,0.16003460207612458,0.014705882352941176,0.019896193771626297,0.04844290657439446,0.005190311418685121,0.018166089965397925,0.0,0.19636678200692043,1156.0
66703,34.2872,-78.5108,11250.0,0.006299212598425197,0.0,0.0,0.026771653543307086,0.0,0.012598425196850394,0.5133858267716536,0.1921259842519685,0.006299212598425197,0.025196850393700787,0.05354330708661417,0.0,0.02204724409448819,0.0,0.14173228346456693,317.5
66703,34.2872,-78.5108,11750.0,0.014104372355430184,0.00846262341325811,0.0,0.15937940761636107,0.0,0.011283497884344146,0.383638928067701,0.09026798307475317,0.0,0.019746121297602257,0.05077574047954866,0.0,0.031029619181946404,0.0,0.231311706629055,354.5
66703,34.2872,-78.5108,12250.0,0.007352941176470588,0.0,0.0,0.2426470588235294,0.007352941176470588,0.011029411764705883,0.30514705882352944,0.0625,0.0,0.003676470588235294,0.051470588235294115,0.0,0.03308823529411765,0.0,0.2757352941176471,272.0
66703,34.2872,-78.5108,13250.0,0.0,0.0,0.0,0.16407599309153714,0.0034542314335060447,0.024179620034542316,0.4317789291882556,0.09326424870466321,0.0034542314335060447,0.024179620034542316,0.04145077720207254,0.0,0.027633851468048358,0.0,0.18652849740932642,289.5
66703,34.2872,-78.5108,14750.0,0.014466546112115732,0.0,0.0,0.2766726943942134,0.003616636528028933,0.018083182640144666,0.26763110307414106,0.04701627486437613,0.003616636528028933,0.0108499095840868,0.028933092224231464,0.003616636528028933,0.05786618444846293,0.0,0.26763110307414106,276.5
