site_id,lat,lon,bin_age,Picea,Abies,Larix,Pinus,Tsuga,Betula,Quercus,Fagus,Fraxinus,Ulmus,Carya,Acer,Alnus,Populus,Other,n_grains
203,36.02963,-85.501848,250.0,0.0,0.0,0.0,0.02822639313254765,0.00014549687181725592,0.01033027789902517,0.22071875454677725,0.0030554343081623746,0.01818710897715699,0.008875309180852612,0.02429797759348174,0.04117561472428343,0.33988069256510983,0.0011639749745380474,0.30394296522624764,6873.0
203,36.02963,-85.501848,750.0,0.0,0.0,0.0,0.028189910979228485,0.001483679525222552,0.005934718100890208,0.2922848664688427,0.002967359050445104,0.025222551928783383,0.004451038575667656,0.040059347181008904,0.004451038575667656,0.2878338278931751,0.005934718100890208,0.30118694362017806,674.0
203,36.02963,-85.501848,1250.0,0.0,0.0,0.0,0.0322061191626409,0.0,0.001610305958132045,0.33816425120772947,0.00322061191626409,0.037037037037037035,0.011272141706924315,0.04508856682769726,0.00644122383252818,0.3333333333333333,0.0,0.19162640901771336,621.0
203,36.02963,-85.501848,1750.0,0.0015822784810126582,0.0,0.0,0.03481012658227848,0.0,0.004746835443037975,0.4208860759493671,0.0,0.023734177215189875,0.011075949367088608,0.04272151898734177,0.007911392405063292,0.28164556962025317,0.0015822784810126582,0.16930379746835442,632.0
203,36.02963,-85.501848,2250.0,0.0,0.0,0.0,0.03474320241691843,0.0,0.0030211480362537764,0.31268882175226587,0.0,0.028700906344410877,0.0030211480362537764,0.028700906344410877,0.0030211480362537764,0.34441087613293053,0.0030211480362537764,0.23867069486404835,662.0
203,36.02963,-85.501848,2750.0,0.0,0.0,0.0,0.022113022113022112,0.0,0.002457002457002457,0.2800982800982801,0.0,0.04054054054054054,0.006142506142506142,0.028255528255528257,0.0036855036855036856,0.4631449631449631,0.002457002457002457,0.1511056511056511,814.0
203,36.02963,-85.501848,3250.0,0.002797202797202797,0.0,0.0,0.026573426573426574,0.009790209790209791,0.002797202797202797,0.3356643356643357,0.002797202797202797,0.032167832167832165,0.004195804195804196,0.025174825174825177,0.004195804195804196,0.34265734265734266,0.0,0.2111888111888112,715.0
203,36.02963,-85.501848,4250.0,0.0006706908115358819,0.0,0.0,0.014755197853789403,0.0006706908115358819,0.0,0.3158953722334004,0.0006706908115358819,0.029510395707578806,0.004024144869215292,0.030181086519114688,0.0026827632461435278,0.36955063715627096,0.0006706908115358819,0.2307176391683434,1491.0
203,36.02963,-85.501848,4750.0,0.0012062726176115801,0.0,0.0,0.013268998793727383,0.0036188178528347406,0.008443908323281062,0.23039806996381182,0.0,0.05548854041013269,0.0012062726176115801,0.020506634499396863,0.0036188178528347406,0.47165259348612787,0.009650180940892641,0.18094089264173704,829.0
203,36.02963,-85.501848,5250.0,0.0023952095808383233,0.0,0.0,0.016766467065868262,0.003592814371257485,0.022754491017964073,0.19041916167664671,0.005988023952095809,0.04790419161676647,0.0,0.04431137724550898,0.00718562874251497,0.4802395209580838,0.0,0.1784431137724551,835.0
203,36.02963,-85.501848,5750.0,0.013262599469496022,0.0,0.0,0.006631299734748011,0.001326259946949602,0.011936339522546418,0.21750663129973474,0.003978779840848806,0.04376657824933687,0.007957559681697613,0.03580901856763926,0.007957559681697613,0.4482758620689655,0.021220159151193633,0.18037135278514588,754.0
203,36.02963,-85.501848,6750.0,0.002285714285714286,0.0,0.0,0.011428571428571429,0.004571428571428572,0.012571428571428572,0.23085714285714284,0.0034285714285714284,0.027428571428571427,0.002285714285714286,0.04,0.005714285714285714,0.464,0.0,0.19542857142857142,875.0
203,36.02963,-85.501848,7250.0,0.01288659793814433,0.0,0.0,0.014175257731958763,0.003865979381443299,0.010309278350515464,0.18170103092783504,0.005154639175257732,0.06701030927835051,0.001288659793814433,0.030927835051546393,0.011597938144329897,0.41365979381443296,0.014175257731958763,0.23324742268041238,776.0
203,36.02963,-85.501848,8250.0,0.02711323763955343,0.0,0.0,0.006379585326953748,0.003189792663476874,0.001594896331738437,0.2551834130781499,0.014354066985645933,0.03827751196172249,0.006379585326953748,0.023923444976076555,0.003189792663476874,0.007974481658692184,0.0,0.6124401913875598,627.0
203,36.02963,-85.501848,9250.0,0.008645533141210375,0.0,0.0,0.012968299711815562,0.004322766570605188,0.001440922190201729,0.32132564841498557,0.008645533141210375,0.02881844380403458,0.004322766570605188,0.023054755043227664,0.005763688760806916,0.2953890489913545,0.001440922190201729,0.2838616714697406,694.0
203,36.02963,-85.501848,9750.0,0.04945598417408507,0.002967359050445104,0.0,0.012858555885262116,0.0,0.012858555885262116,0.3056379821958457,0.003956478733926805,0.043521266073194856,0.009891196834817012,0.017804154302670624,0.010880316518298714,0.0019782393669634025,0.0,0.5281899109792285,1011.0
203,36.02963,-85.501848,12250.0,0.07685185185185185,0.013888888888888888,0.0,0.1037037037037037,0.0,0.012962962962962963,0.37222222222222223,0.005555555555555556,0.04259259259259259,0.020370370370370372,0.01574074074074074,0.011111111111111112,0.013888888888888888,0.0,0.3111111111111111,1080.0
203,36.02963,-85.501848,12750.0,0.10710900473933649,0.009478672985781991,0.0,0.10426540284360189,0.0,0.016113744075829384,0.35260663507109,0.009478672985781991,0.04454976303317536,0.018957345971563982,0.01990521327014218,0.016113744075829384,0.02085308056872038,0.0,0.28056872037914693,1055.0
203,36.02963,-85.501848,13750.0,0.18994413407821228,0.0,0.0,0.39385474860335196,0.0,0.0111731843575419,0.164804469273743,0.002793296089385475,0.03910614525139665,0.00558659217877095,0.013966480446927373,0.002793296089385475,0.03910614525139665,0.0,0.13687150837988826,358.0
203,36.02963,-85.501848,14250.0,0.1503267973856209,0.014005602240896359,0.0,0.22875816993464052,0.0,0.01027077497665733,0.27450980392156865,0.0056022408963585435,0.08123249299719888,0.014939309056956116,0.013071895424836602,0.003734827264239029,0.031746031746031744,0.0018674136321195146,0.16993464052287582,1071.0
203,36.02963,-85.501848,14750.0,0.2252851711026616,0.02376425855513308,0.0,0.26806083650190116,0.0,0.019011406844106463,0.18726235741444866,0.005703422053231939,0.05608365019011407,0.0076045627376425855,0.009505703422053232,0.005703422053231939,0.029467680608365018,0.0,0.16254752851711027,1052.0
254,42.25,-77.91667,250.0,0.0008281573498964803,0.0,0.0,0.16853002070393375,0.23809523809523808,0.07784679089026915,0.09730848861283643,0.06625258799171843,0.012836438923395446,0.018633540372670808,0.009109730848861283,0.034782608695652174,0.004140786749482402,0.009109730848861283,0.2625258799171843,2415.0
254,42.25,-77.91667,750.0,0.0,0.0,0.0,0.1634920634920635,0.3349206349206349,0.10793650793650794,0.1365079365079365,0.08095238095238096,0.007936507936507936,0.011111111111111112,0.006349206349206349,0.03650793650793651,0.0015873015873015873,0.0,0.1126984126984127,630.0
254,42.25,-77.91667,1250.0,0.0,0.0,0.0,0.1339421613394216,0.2770167427701674,0.0852359208523592,0.1126331811263318,0.1719939117199391,0.0136986301369863,0.0213089802130898,0.0060882800608828,0.0487062404870624,0.0030441400304414,0.0045662100456621,0.121765601217656,657.0
254,42.25,-77.91667,1750.0,0.0,0.0,0.0,0.0900763358778626,0.13740458015267176,0.07480916030534351,0.1450381679389313,0.23053435114503817,0.0061068702290076335,0.035114503816793895,0.0183206106870229,0.10687022900763359,0.0030534351145038168,0.0030534351145038168,0.14961832061068703,655.0
254,42.25,-77.91667,2250.0,0.0,0.0,0.0,0.1467065868263473,0.10179640718562874,0.10179640718562874,0.12275449101796407,0.16467065868263472,0.020958083832335328,0.017964071856287425,0.008982035928143712,0.12874251497005987,0.005988023952095809,0.005988023952095809,0.17365269461077845,334.0
254,42.25,-77.91667,2750.0,0.0,0.0,0.0,0.16863905325443787,0.06804733727810651,0.1227810650887574,0.13757396449704143,0.14053254437869822,0.02514792899408284,0.03994082840236687,0.008875739644970414,0.09911242603550297,0.010355029585798817,0.0029585798816568047,0.1760355029585799,676.0
254,42.25,-77.91667,3250.0,0.0019305019305019305,0.0,0.0,0.12548262548262548,0.03861003861003861,0.10714285714285714,0.17277992277992277,0.19305019305019305,0.009652509652509652,0.029922779922779922,0.009652509652509652,0.10135135135135136,0.0019305019305019305,0.003861003861003861,0.20463320463320464,1036.0
254,42.25,-77.91667,3750.0,0.0025157232704402514,0.0,0.0,0.09559748427672957,0.0880503144654088,0.13081761006289308,0.13459119496855346,0.21635220125786164,0.021383647798742137,0.033962264150943396,0.013836477987421384,0.0930817610062893,0.006289308176100629,0.012578616352201259,0.1509433962264151,795.0
254,42.25,-77.91667,4250.0,0.001466275659824047,0.0,0.0,0.039589442815249266,0.3533724340175953,0.11436950146627566,0.07038123167155426,0.15249266862170088,0.021994134897360705,0.020527859237536656,0.010263929618768328,0.051319648093841645,0.010263929618768328,0.001466275659824047,0.15249266862170088,682.0
254,42.25,-77.91667,4750.0,0.0,0.0,0.0,0.03624733475479744,0.22388059701492538,0.046908315565031986,0.11087420042643924,0.1023454157782516,0.008528784648187633,0.0255863539445629,0.0042643923240938165,0.05543710021321962,0.0042643923240938165,0.0042643923240938165,0.3773987206823028,469.0
254,42.25,-77.91667,5250.0,0.0,0.0,0.0,0.08358208955223881,0.4298507462686567,0.050746268656716415,0.09253731343283582,0.08656716417910448,0.020895522388059702,0.020895522388059702,0.005970149253731343,0.0626865671641791,0.008955223880597015,0.0029850746268656717,0.13432835820895522,335.0
254,42.25,-77.91667,7250.0,0.0028089887640449437,0.0,0.0,0.16853932584269662,0.37359550561797755,0.06179775280898876,0.10112359550561797,0.06741573033707865,0.025280898876404494,0.016853932584269662,0.0028089887640449437,0.05056179775280899,0.016853932584269662,0.0,0.11235955056179775,356.0
254,42.25,-77.91667,8250.0,0.0,0.0022727272727272726,0.0,0.28863636363636364,0.18409090909090908,0.011363636363636364,0.10909090909090909,0.006818181818181818,0.011363636363636364,0.031818181818181815,0.0022727272727272726,0.015909090909090907,0.2159090909090909,0.0,0.12045454545454545,440.0
254,42.25,-77.91667,8750.0,0.002793296089385475,0.0111731843575419,0.0,0.39106145251396646,0.19553072625698323,0.04748603351955307,0.1005586592178771,0.019553072625698324,0.008379888268156424,0.019553072625698324,0.00558659217877095,0.025139664804469275,0.06424581005586592,0.0,0.10893854748603352,358.0
254,42.25,-77.91667,10250.0,0.013404825737265416,0.04825737265415549,0.0,0.5951742627345844,0.05093833780160858,0.03485254691689008,0.08310991957104558,0.002680965147453083,0.002680965147453083,0.0160857908847185,0.005361930294906166,0.013404825737265416,0.08579088471849866,0.0,0.04825737265415549,373.0
254,42.25,-77.91667,11250.0,0.10629067245119306,0.031453362255965296,0.0,0.21691973969631237,0.04013015184381779,0.02386117136659436,0.10629067245119306,0.005422993492407809,0.04880694143167028,0.014099783080260303,0.0010845986984815619,0.0010845986984815619,0.019522776572668113,0.0010845986984815619,0.3839479392624729,922.0
254,42.25,-77.91667,11750.0,0.24888293118856122,0.013404825737265416,0.0,0.1228775692582663,0.0,0.013404825737265416,0.09517426273458444,0.00044682752457551384,0.05272564789991063,0.003127792672028597,0.0013404825737265416,0.0035746201966041107,0.013404825737265416,0.0,0.4316353887399464,2238.0
254,42.25,-77.91667,12250.0,0.4117647058823529,0.0021008403361344537,0.0,0.07773109243697479,0.0,0.023109243697478993,0.04411764705882353,0.0,0.04411764705882353,0.0021008403361344537,0.0021008403361344537,0.0021008403361344537,0.012605042016806723,0.0,0.37815126050420167,476.0
254,42.25,-77.91667,12750.0,0.16527196652719664,0.006276150627615063,0.0,0.16317991631799164,0.0,0.012552301255230125,0.03765690376569038,0.0,0.014644351464435146,0.0,0.0041841004184100415,0.0041841004184100415,0.029288702928870293,0.0,0.5627615062761506,478.0
254,42.25,-77.91667,13250.0,0.173217854763491,0.002664890073284477,0.0,0.11192538307794804,0.0006662225183211193,0.02465023317788141,0.04930046635576282,0.0,0.03264490339773484,0.002664890073284477,0.005329780146568954,0.003997335109926716,0.03397734843437708,0.0,0.558960692871419,1501.0
254,42.25,-77.91667,13750.0,0.11855670103092783,0.001718213058419244,0.0,0.09450171821305842,0.0,0.01718213058419244,0.044673539518900345,0.0,0.04982817869415808,0.001718213058419244,0.001718213058419244,0.001718213058419244,0.027491408934707903,0.0,0.6408934707903781,582.0
254,42.25,-77.91667,14250.0,0.17694805194805194,0.006493506493506494,0.0,0.11688311688311688,0.00974025974025974,0.025974025974025976,0.10227272727272728,0.0,0.025974025974025976,0.00487012987012987,0.0016233766233766235,0.006493506493506494,0.012987012987012988,0.0,0.5097402597402597,616.0
254,42.25,-77.91667,14750.0,0.178117048346056,0.005089058524173028,0.0,0.19592875318066158,0.01272264631043257,0.015267175572519083,0.04580152671755725,0.002544529262086514,0.027989821882951654,0.0,0.0,0.0,0.015267175572519083,0.0,0.5012722646310432,393.0
260,42.5,-73.31667,250.0,0.02336448598130841,0.0,0.0,0.04672897196261682,0.0630841121495327,0.17523364485981308,0.16238317757009346,0.04906542056074766,0.014018691588785047,0.010514018691588784,0.009345794392523364,0.02453271028037383,0.04789719626168224,0.007009345794392523,0.36682242990654207,856.0
260,42.5,-73.31667,750.0,0.02857142857142857,0.0,0.006644518272425249,0.021926910299003323,0.09833887043189368,0.2425249169435216,0.19601328903654486,0.08172757475083056,0.019933554817275746,0.006644518272425249,0.007308970099667774,0.030564784053156147,0.02524916943521595,0.004651162790697674,0.22990033222591363,1505.0
260,42.5,-73.31667,1250.0,0.017266187050359712,0.0028776978417266188,0.002158273381294964,0.0618705035971223,0.06978417266187051,0.21151079136690648,0.2381294964028777,0.1237410071942446,0.014388489208633094,0.011510791366906475,0.017266187050359712,0.03381294964028777,0.02805755395683453,0.002158273381294964,0.16546762589928057,1390.0
260,42.5,-73.31667,1750.0,0.015337423312883436,0.0,0.0,0.0705521472392638,0.10020449897750511,0.18404907975460122,0.1901840490797546,0.14314928425357873,0.03680981595092025,0.013292433537832311,0.023517382413087935,0.03578732106339468,0.019427402862985686,0.002044989775051125,0.1656441717791411,978.0
260,42.5,-73.31667,2250.0,0.0,0.0,0.0015873015873015873,0.07936507936507936,0.05555555555555555,0.22063492063492063,0.2126984126984127,0.1619047619047619,0.050793650793650794,0.012698412698412698,0.01746031746031746,0.05238095238095238,0.015873015873015872,0.004761904761904762,0.11428571428571428,630.0
260,42.5,-73.31667,2750.0,0.0017241379310344827,0.0,0.0,0.05,0.039655172413793106,0.20862068965517241,0.22413793103448276,0.11724137931034483,0.027586206896551724,0.017241379310344827,0.015517241379310345,0.05517241379310345,0.006896551724137931,0.006896551724137931,0.2293103448275862,580.0
260,42.5,-73.31667,3250.0,0.003816793893129771,0.0,0.0,0.0982824427480916,0.03244274809160305,0.18797709923664122,0.2729007633587786,0.13263358778625955,0.03148854961832061,0.019083969465648856,0.025763358778625955,0.04103053435114504,0.01431297709923664,0.0009541984732824427,0.13931297709923665,1048.0
260,42.5,-73.31667,3750.0,0.0017953321364452424,0.0,0.0,0.11131059245960502,0.02872531418312388,0.19748653500897667,0.2872531418312388,0.1490125673249551,0.03052064631956912,0.012567324955116697,0.02154398563734291,0.03411131059245961,0.008976660682226212,0.003590664272890485,0.11310592459605028,557.0
260,42.5,-73.31667,4250.0,0.0,0.0,0.0,0.06596306068601583,0.03869832893579595,0.2154793315743184,0.26297273526824977,0.148636763412489,0.03869832893579595,0.023746701846965697,0.032541776605101144,0.052770448548812667,0.0043975373790677225,0.007036059806508356,0.1090589270008795,1137.0
260,42.5,-73.31667,4750.0,0.0,0.0,0.0,0.12035398230088495,0.04601769911504425,0.2088495575221239,0.3168141592920354,0.10088495575221239,0.023008849557522124,0.021238938053097345,0.02831858407079646,0.049557522123893805,0.010619469026548672,0.0,0.0743362831858407,565.0
260,42.5,-73.31667,5250.0,0.0005841121495327102,0.0,0.0,0.053154205607476634,0.11740654205607477,0.20852803738317757,0.26460280373831774,0.13376168224299065,0.037967289719626166,0.02219626168224299,0.027453271028037383,0.04497663551401869,0.002336448598130841,0.0017523364485981308,0.0852803738317757,1712.0
260,42.5,-73.31667,5750.0,0.001697792869269949,0.0,0.0,0.04584040747028863,0.05263157894736842,0.23938879456706283,0.2631578947368421,0.13242784380305603,0.03904923599320883,0.01697792869269949,0.035653650254668934,0.030560271646859084,0.003395585738539898,0.001697792869269949,0.13752122241086587,589.0
260,42.5,-73.31667,6250.0,0.0,0.0,0.0,0.0378416257883672,0.14926419060967064,0.14996496145760335,0.24386825508058865,0.13594954449894883,0.03363700070077085,0.026629292221443588,0.03363700070077085,0.04204625087596356,0.00700770847932726,0.004204625087596356,0.13594954449894883,1427.0
260,42.5,-73.31667,6750.0,0.0,0.0,0.0,0.04371584699453552,0.1366120218579235,0.16029143897996356,0.29143897996357016,0.10564663023679417,0.06557377049180328,0.02185792349726776,0.009107468123861567,0.03825136612021858,0.00546448087431694,0.009107468123861567,0.11293260473588343,549.0
260,42.5,-73.31667,7250.0,0.002707581227436823,0.0009025270758122744,0.0,0.05956678700361011,0.18231046931407943,0.21931407942238268,0.2111913357400722,0.13447653429602888,0.023465703971119134,0.017148014440433214,0.01895306859205776,0.03429602888086643,0.0036101083032490976,0.0018050541516245488,0.09025270758122744,1108.0
260,42.5,-73.31667,8250.0,0.0035587188612099642,0.0,0.0,0.09806247528667457,0.19652036378015025,0.14590747330960854,0.26729932779754845,0.08185053380782918,0.039541320680110716,0.01937524713325425,0.005140371688414393,0.036773428232502965,0.008699090549624358,0.0055357848952155,0.09173586397785687,2529.0
260,42.5,-73.31667,8750.0,0.0019743336623889436,0.0,0.0,0.14116485686080948,0.2211253701875617,0.07502467917077986,0.28232971372161897,0.054294175715695954,0.059230009871668314,0.024679170779861797,0.0019743336623889436,0.022704837117472853,0.007897334649555774,0.0009871668311944718,0.10661401776900296,1013.0
260,42.5,-73.31667,9250.0,0.03558282208588957,0.0049079754601227,0.0,0.2822085889570552,0.09202453987730061,0.04539877300613497,0.2674846625766871,0.001226993865030675,0.04785276073619632,0.03190184049079755,0.0036809815950920245,0.018404907975460124,0.033128834355828224,0.00245398773006135,0.13374233128834356,815.0
260,42.5,-73.31667,9750.0,0.028963980690679538,0.0022279985146676567,0.0051986632008912,0.3691050872632752,0.013739324173783884,0.15150389899740066,0.17823988117341255,0.003713330857779428,0.03564797623468251,0.01708132194578537,0.004455997029335313,0.027849981433345713,0.046787968808020795,0.011139992573338284,0.10434459710360193,2693.0
260,42.5,-73.31667,10750.0,0.39226519337016574,0.0027624309392265192,0.0020718232044198894,0.2154696132596685,0.0,0.022790055248618785,0.060082872928176795,0.0013812154696132596,0.014502762430939226,0.0020718232044198894,0.0020718232044198894,0.003453038674033149,0.03314917127071823,0.019337016574585635,0.2285911602209945,1448.0
260,42.5,-73.31667,11250.0,0.34125636672325976,0.0050933786078098476,0.003395585738539898,0.23938879456706283,0.011884550084889643,0.050933786078098474,0.03904923599320883,0.001697792869269949,0.011035653650254669,0.0050933786078098476,0.0025466893039049238,0.004244482173174873,0.06706281833616298,0.003395585738539898,0.21392190152801357,1178.0
260,42.5,-73.31667,11750.0,0.1507537688442211,0.005025125628140704,0.005025125628140704,0.271356783919598,0.0,0.005025125628140704,0.03015075376884422,0.0,0.0,0.0,0.0,0.0,0.01507537688442211,0.0,0.5175879396984925,199.0
316,38.15472,-79.61639,750.0,0.0,0.0,0.0,0.09862385321100918,0.0022935779816513763,0.0481651376146789,0.47706422018348627,0.0045871559633027525,0.0045871559633027525,0.0,0.027522935779816515,0.0,0.0022935779816513763,0.0,0.3348623853211009,436.0
316,38.15472,-79.61639,1250.0,0.004807692307692308,0.0,0.0,0.07932692307692307,0.007211538461538462,0.028846153846153848,0.5264423076923077,0.007211538461538462,0.004807692307692308,0.004807692307692308,0.026442307692307692,0.007211538461538462,0.004807692307692308,0.002403846153846154,0.2956730769230769,416.0
316,38.15472,-79.61639,1750.0,0.002288329519450801,0.0,0.0,0.057208237986270026,0.002288329519450801,0.016018306636155607,0.43707093821510296,0.002288329519450801,0.0,0.002288329519450801,0.02745995423340961,0.009153318077803204,0.0,0.011441647597254004,0.43249427917620137,437.0
316,38.15472,-79.61639,2250.0,0.003003003003003003,0.003003003003003003,0.0,0.08708708708708708,0.003003003003003003,0.024024024024024024,0.5045045045045045,0.0,0.003003003003003003,0.0,0.04504504504504504,0.006006006006006006,0.0,0.003003003003003003,0.3183183183183183,333.0
316,38.15472,-79.61639,3250.0,0.00554016620498615,0.00554016620498615,0.0,0.10249307479224377,0.0,0.024930747922437674,0.5290858725761773,0.0,0.002770083102493075,0.0,0.038781163434903045,0.0,0.002770083102493075,0.01662049861495845,0.27146814404432135,361.0
316,38.15472,-79.61639,3750.0,0.0,0.0,0.0,0.09340659340659341,0.0,0.038461538461538464,0.532967032967033,0.0027472527472527475,0.0,0.0,0.046703296703296704,0.0027472527472527475,0.0,0.0,0.28296703296703296,364.0
316,38.15472,-79.61639,4250.0,0.002074688796680498,0.0,0.0,0.1016597510373444,0.01037344398340249,0.008298755186721992,0.46680497925311204,0.008298755186721992,0.002074688796680498,0.0,0.06016597510373444,0.002074688796680498,0.002074688796680498,0.006224066390041493,0.32987551867219916,482.0
316,38.15472,-79.61639,4750.0,0.0,0.0,0.0,0.07321772639691715,0.02119460500963391,0.017341040462427744,0.43545279383429675,0.005780346820809248,0.0,0.0,0.04816955684007707,0.0,0.0038535645472061657,0.0038535645472061657,0.3911368015414258,519.0
316,38.15472,-79.61639,5250.0,0.0,0.0,0.0,0.09782608695652174,0.034782608695652174,0.017391304347826087,0.5456521739130434,0.017391304347826087,0.004347826086956522,0.004347826086956522,0.06304347826086956,0.002173913043478261,0.0,0.004347826086956522,0.20869565217391303,460.0
316,38.15472,-79.61639,6750.0,0.0,0.0,0.0,0.05630630630630631,0.03003003003003003,0.010510510510510511,0.5472972972972973,0.006756756756756757,0.0,0.0022522522522522522,0.027777777777777776,0.0045045045045045045,0.0,0.006756756756756757,0.3078078078078078,1332.0
316,38.15472,-79.61639,7750.0,0.0,0.0,0.0,0.05128205128205128,0.10826210826210826,0.011396011396011397,0.46438746438746437,0.002849002849002849,0.0,0.0,0.019943019943019943,0.002849002849002849,0.0,0.02849002849002849,0.31054131054131057,351.0
316,38.15472,-79.61639,9250.0,0.0672,0.0384,0.0,0.0792,0.0136,0.0096,0.1296,0.0,0.0,0.0008,0.0088,0.0056,0.2376,0.0072,0.4024,1250.0
316,38.15472,-79.61639,10750.0,0.08721422523285352,0.06519898391193904,0.001693480101608806,0.14309906858594412,0.018628281117696866,0.0059271803556308214,0.06435224386113463,0.0,0.0,0.000846740050804403,0.002540220152413209,0.005080440304826418,0.3522438611346317,0.003386960203217612,0.2497883149872989,1181.0
316,38.15472,-79.61639,11250.0,0.06845965770171149,0.02444987775061125,0.0,0.17359413202933985,0.0,0.012224938875305624,0.019559902200488997,0.0,0.0,0.0,0.0024449877750611247,0.0024449877750611247,0.5134474327628362,0.0,0.18337408312958436,409.0
316,38.15472,-79.61639,12250.0,0.11618467782851344,0.049213597158802636,0.0,0.17909690512430237,0.0,0.011669203450025367,0.0243531202435312,0.0010147133434804667,0.0025367833587011668,0.0010147133434804667,0.0015220700152207,0.0010147133434804667,0.4003044140030441,0.0005073566717402334,0.2115677321156773,1971.0
316,38.15472,-79.61639,12750.0,0.10160427807486631,0.0748663101604278,0.0,0.14349376114081996,0.0,0.008912655971479501,0.03832442067736185,0.0017825311942959,0.00089126559714795,0.00089126559714795,0.0,0.0017825311942959,0.446524064171123,0.00089126559714795,0.1800356506238859,1122.0
316,38.15472,-79.61639,13250.0,0.07285180572851806,0.03424657534246575,0.0,0.1569115815691158,0.0,0.012453300124533,0.010585305105853052,0.0006226650062266501,0.0012453300124533001,0.0,0.0012453300124533001,0.0012453300124533001,0.5273972602739726,0.0006226650062266501,0.18057285180572852,1606.0
316,38.15472,-79.61639,13750.0,0.16325301204819276,0.035542168674698796,0.0,0.2319277108433735,0.0,0.01325301204819277,0.01566265060240964,0.0006024096385542169,0.0,0.0,0.0,0.0024096385542168677,0.3457831325301205,0.010843373493975903,0.18072289156626506,1660.0
316,38.15472,-79.61639,14250.0,0.1356020942408377,0.030890052356020943,0.0,0.22408376963350785,0.0,0.006806282722513089,0.020942408376963352,0.0005235602094240838,0.002617801047120419,0.0005235602094240838,0.0,0.0020942408376963353,0.3947643979057592,0.0036649214659685864,0.1774869109947644,1910.0
367,38.46667,-98.66667,750.0,0.0,0.0,0.0,0.024390243902439025,0.0,0.0,0.0027100271002710027,0.0,0.0,0.0,0.0,0.0,0.0,0.005420054200542005,0.967479674796748,369.0
367,38.46667,-98.66667,1750.0,0.0,0.0,0.0,0.013297872340425532,0.0,0.0,0.005319148936170213,0.0,0.0,0.0026595744680851063,0.0,0.0,0.0,0.0026595744680851063,0.976063829787234,376.0
367,38.46667,-98.66667,2250.0,0.0,0.0,0.0,0.01366120218579235,0.0,0.0,0.00273224043715847,0.0,0.0,0.00273224043715847,0.0,0.0,0.0,0.00273224043715847,0.9781420765027322,366.0
367,38.46667,-98.66667,2750.0,0.0,0.0,0.0,0.011111111111111112,0.0,0.0,0.002777777777777778,0.0,0.0,0.002777777777777778,0.0,0.0,0.0,0.0,0.9833333333333333,360.0
367,38.46667,-98.66667,3750.0,0.0,0.0,0.0,0.014450867052023121,0.0,0.0,0.008670520231213872,0.0,0.0,0.0,0.0,0.0,0.0,0.0,0.976878612716763,346.0
367,38.46667,-98.66667,4750.0,0.0,0.0,0.0,0.035422343324250684,0.0,0.0,0.008174386920980926,0.0,0.0,0.0027247956403269754,0.0,0.0,0.0,0.0027247956403269754,0.9509536784741145,367.0
367,38.46667,-98.66667,5750.0,0.0008960573476702509,0.0,0.0,0.021505376344086023,0.0,0.0,0.008960573476702509,0.0,0.0,0.002688172043010753,0.0,0.0008960573476702509,0.0,0.0035842293906810036,0.9614695340501792,1116.0
367,38.46667,-98.66667,7250.0,0.0,0.0,0.0,0.025597269624573378,0.0,0.0,0.006825938566552901,0.0,0.0,0.0008532423208191126,0.0,0.0017064846416382253,0.0,0.002559726962457338,0.962457337883959,1172.0
367,38.46667,-98.66667,8250.0,0.0,0.0,0.0,0.013262599469496022,0.0,0.0,0.0,0.0,0.0,0.0,0.0,0.0,0.0,0.0,0.986737400530504,377.0
367,38.46667,-98.66667,8750.0,0.0,0.0,0.0,0.015514809590973202,0.0,0.0,0.004231311706629055,0.0,0.0,0.0028208744710860366,0.0,0.0028208744710860366,0.0,0.0028208744710860366,0.9717912552891397,709.0
367,38.46667,-98.66667,9750.0,0.0009372071227741331,0.0,0.0,0.046860356138706656,0.0,0.0037488284910965324,0.004686035613870665,0.0,0.0,0.0009372071227741331,0.0009372071227741331,0.0,0.004686035613870665,0.0037488284910965324,0.9334582942830365,1067.0
367,38.46667,-98.66667,10250.0,0.0,0.0,0.0,0.03314917127071823,0.0,0.0055248618784530384,0.011049723756906077,0.0,0.0,0.0,0.0,0.0,0.0,0.011049723756906077,0.9392265193370166,181.0
490,41.63794,-86.545192,250.0,0.0,0.0,0.0,0.022684310018903593,0.0004725897920604915,0.011342155009451797,0.5486767485822306,0.06474480151228733,0.03449905482041588,0.04914933837429111,0.08553875236294896,0.005198487712665407,0.006143667296786389,0.000945179584120983,0.17060491493383742,2116.0
490,41.63794,-86.545192,750.0,0.0,0.0,0.0,0.012903225806451613,0.0,0.002150537634408602,0.4021505376344086,0.13333333333333333,0.021505376344086023,0.09247311827956989,0.07956989247311828,0.030107526881720432,0.010752688172043012,0.0064516129032258064,0.2086021505376344,465.0
490,41.63794,-86.545192,1250.0,0.0,0.0,0.0,0.0111731843575419,0.002793296089385475,0.01675977653631285,0.4553072625698324,0.13128491620111732,0.025139664804469275,0.10893854748603352,0.061452513966480445,0.027932960893854747,0.0,0.0,0.15921787709497207,358.0
490,41.63794,-86.545192,1750.0,0.0,0.0,0.002577319587628866,0.01804123711340206,0.0,0.023195876288659795,0.5154639175257731,0.10824742268041238,0.03350515463917526,0.09536082474226804,0.06958762886597938,0.015463917525773196,0.002577319587628866,0.0,0.11597938144329897,388.0
490,41.63794,-86.545192,2250.0,0.0,0.0,0.0,0.02218430034129693,0.0,0.010238907849829351,0.6245733788395904,0.05460750853242321,0.01877133105802048,0.052901023890784986,0.07167235494880546,0.017064846416382253,0.006825938566552901,0.0017064846416382253,0.11945392491467577,586.0
490,41.63794,-86.545192,2750.0,0.0,0.0,0.0,0.03112033195020747,0.002074688796680498,0.011410788381742738,0.5860995850622407,0.017634854771784232,0.01970954356846473,0.03734439834024896,0.07676348547717843,0.01970954356846473,0.005186721991701245,0.0031120331950207467,0.18983402489626555,964.0
490,41.63794,-86.545192,3250.0,0.0,0.0,0.0,0.030013642564802184,0.0,0.0068212824010914054,0.4693042291950887,0.054570259208731244,0.027285129604365622,0.06684856753069578,0.061391541609822645,0.027285129604365622,0.004092769440654843,0.0,0.252387448840382,733.0
490,41.63794,-86.545192,3750.0,0.0,0.0,0.0,0.03513513513513514,0.0,0.008108108108108109,0.5297297297297298,0.016216216216216217,0.01891891891891892,0.04594594594594595,0.043243243243243246,0.03513513513513514,0.005405405405405406,0.0,0.26216216216216215,370.0
490,41.63794,-86.545192,4250.0,0.0,0.0,0.0,0.03819918144611187,0.0,0.009549795361527967,0.5266030013642565,0.023192360163710776,0.019099590723055934,0.04911323328785812,0.06957708049113233,0.017735334242837655,0.0,0.0,0.24693042291950887,733.0
490,41.63794,-86.545192,4750.0,0.0,0.0,0.0,0.042105263157894736,0.0015037593984962407,0.009022556390977444,0.4992481203007519,0.042105263157894736,0.015037593984962405,0.061654135338345864,0.05413533834586466,0.01804511278195489,0.0030075187969924814,0.0,0.25413533834586466,665.0
490,41.63794,-86.545192,5250.0,0.0,0.0,0.0,0.039473684210526314,0.002631578947368421,0.009210526315789473,0.5078947368421053,0.046052631578947366,0.030263157894736843,0.06447368421052632,0.02631578947368421,0.019736842105263157,0.003947368421052632,0.0013157894736842105,0.24868421052631579,760.0
490,41.63794,-86.545192,5750.0,0.0,0.0,0.0,0.03821656050955414,0.0,0.006369426751592357,0.44904458598726116,0.028662420382165606,0.03503184713375796,0.12101910828025478,0.03821656050955414,0.0,0.0,0.0,0.28343949044585987,314.0
490,41.63794,-86.545192,6250.0,0.0,0.0,0.001951219512195122,0.03902439024390244,0.0,0.005853658536585366,0.455609756097561,0.05268292682926829,0.04097560975609756,0.10536585365853658,0.03804878048780488,0.014634146341463415,0.001951219512195122,0.001951219512195122,0.24195121951219511,1025.0
490,41.63794,-86.545192,7250.0,0.0009242144177449168,0.0,0.0018484288354898336,0.04343807763401109,0.0,0.0073937153419593345,0.4611829944547135,0.027726432532347505,0.04066543438077634,0.12476894639556377,0.036968576709796676,0.012939001848428836,0.0036968576709796672,0.0018484288354898336,0.2365988909426987,1082.0
490,41.63794,-86.545192,7750.0,0.0012674271229404308,0.0,0.0,0.045627376425855515,0.0012674271229404308,0.005069708491761723,0.449936628643853,0.012674271229404309,0.05576679340937896,0.09759188846641319,0.04182509505703422,0.022813688212927757,0.0025348542458808617,0.0025348542458808617,0.26108998732572875,789.0
490,41.63794,-86.545192,8250.0,0.0,0.0,0.0,0.0582010582010582,0.0,0.007936507936507936,0.5026455026455027,0.005291005291005291,0.023809523809523808,0.0873015873015873,0.026455026455026454,0.0291005291005291,0.0026455026455026454,0.010582010582010581,0.24603174603174602,378.0
490,41.63794,-86.545192,8750.0,0.009478672985781991,0.0,0.0,0.0924170616113744,0.001184834123222749,0.009478672985781991,0.46327014218009477,0.002369668246445498,0.023696682464454975,0.07819905213270142,0.03909952606635071,0.011848341232227487,0.001184834123222749,0.0,0.2677725118483412,844.0
490,41.63794,-86.545192,9250.0,0.003973509933774834,0.0,0.0013245033112582781,0.08344370860927153,0.0,0.009271523178807948,0.4291390728476821,0.0013245033112582781,0.026490066225165563,0.07947019867549669,0.038410596026490065,0.015894039735099338,0.0026490066225165563,0.006622516556291391,0.3019867549668874,755.0
490,41.63794,-86.545192,9750.0,0.023255813953488372,0.0075716603569497025,0.001081665765278529,0.23850730124391564,0.0,0.014602487831260141,0.35586803677663603,0.0027041644131963224,0.035154137371552194,0.062195781503515415,0.022714981070849107,0.009194159004867496,0.009734991887506761,0.002163331530557058,0.21525148729042726,1849.0
490,41.63794,-86.545192,10250.0,0.09534619750283768,0.019296254256526674,0.0011350737797956867,0.2724177071509648,0.0,0.029511918274687854,0.1782065834279228,0.0,0.0771850170261067,0.07604994324631101,0.014755959137343927,0.0022701475595913734,0.01021566401816118,0.0056753688989784334,0.21793416572077184,881.0
490,41.63794,-86.545192,10750.0,0.10146561443066517,0.02480270574971815,0.0033821871476888386,0.19052987598647125,0.0,0.015783540022547914,0.2254791431792559,0.0,0.05749718151071026,0.07553551296505073,0.018038331454340473,0.011273957158962795,0.013528748590755355,0.012401352874859075,0.2502818489289741,887.0
490,41.63794,-86.545192,11250.0,0.20150375939849624,0.02556390977443609,0.0,0.0015037593984962407,0.0,0.007518796992481203,0.13233082706766916,0.0,0.23308270676691728,0.016541353383458645,0.012030075187969926,0.0015037593984962407,0.0,0.04661654135338346,0.3218045112781955,665.0
490,41.63794,-86.545192,11750.0,0.4861407249466951,0.0,0.0,0.006396588486140725,0.0,0.01279317697228145,0.053304904051172705,0.0,0.046908315565031986,0.008528784648187633,0.0021321961620469083,0.0,0.014925373134328358,0.0042643923240938165,0.3646055437100213,469.0
490,41.63794,-86.545192,12250.0,0.40405244338498214,0.03814064362336114,0.0023837902264600714,0.010727056019070322,0.0,0.015494636471990465,0.09296781883194279,0.0,0.08820023837902265,0.014302741358760428,0.0023837902264600714,0.0,0.0059594755661501785,0.013110846245530394,0.31227651966626935,839.0
490,41.63794,-86.545192,12750.0,0.29439252336448596,0.0,0.004672897196261682,0.002336448598130841,0.0,0.011682242990654205,0.08644859813084112,0.0,0.13551401869158877,0.009345794392523364,0.004672897196261682,0.007009345794392523,0.004672897196261682,0.02102803738317757,0.4182242990654206,428.0
490,41.63794,-86.545192,13750.0,0.6366366366366366,0.009009009009009009,0.003003003003003003,0.0,0.0,0.006006006006006006,0.05405405405405406,0.0,0.036036036036036036,0.009009009009009009,0.0,0.0,0.015015015015015015,0.012012012012012012,0.21921921921921922,333.0
490,41.63794,-86.545192,14250.0,0.6571428571428571,0.00816326530612245,0.0,0.0163265306122449,0.0,0.012244897959183673,0.04897959183673469,0.0,0.02857142857142857,0.00816326530612245,0.0,0.0,0.02040816326530612,0.012244897959183673,0.18775510204081633,245.0
490,41.63794,-86.545192,14750.0,0.6789297658862876,0.0,0.0,0.020066889632107024,0.0,0.006688963210702341,0.023411371237458192,0.0,0.046822742474916385,0.006688963210702341,0.0,0.0,0.006688963210702341,0.023411371237458192,0.18729096989966554,299.0
518,38.2,-80.28333,250.0,0.060669456066945605,0.0,0.0,0.0794979079497908,0.0502092050209205,0.1684100418410042,0.348326359832636,0.043933054393305436,0.011506276150627616,0.012552301255230125,0.04288702928870293,0.007322175732217573,0.01882845188284519,0.0,0.15585774058577406,956.0
518,38.2,-80.28333,750.0,0.08626198083067092,0.0,0.0,0.07348242811501597,0.04792332268370607,0.2012779552715655,0.3226837060702875,0.06389776357827476,0.009584664536741214,0.006389776357827476,0.051118210862619806,0.012779552715654952,0.02875399361022364,0.0,0.09584664536741214,313.0
518,38.2,-80.28333,1250.0,0.06687898089171974,0.0,0.0,0.12420382165605096,0.03503184713375796,0.12738853503184713,0.3630573248407643,0.04777070063694268,0.0,0.006369426751592357,0.08280254777070063,0.012738853503184714,0.054140127388535034,0.0,0.07961783439490445,314.0
518,38.2,-80.28333,1750.0,0.0578125,0.0,0.0,0.0953125,0.0390625,0.1640625,0.35625,0.05625,0.00625,0.0078125,0.0828125,0.0125,0.04375,0.0,0.078125,640.0
518,38.2,-80.28333,2250.0,0.08387096774193549,0.0,0.0,0.0967741935483871,0.035483870967741936,0.22903225806451613,0.3387096774193548,0.03870967741935484,0.0064516129032258064,0.0032258064516129032,0.06451612903225806,0.00967741935483871,0.02258064516129032,0.0,0.07096774193548387,310.0
518,38.2,-80.28333,2750.0,0.0830945558739255,0.0,0.0,0.09312320916905444,0.011461318051575931,0.16475644699140402,0.3151862464183381,0.04154727793696275,0.01002865329512894,0.0028653295128939827,0.055873925501432664,0.008595988538681949,0.14613180515759314,0.0,0.0673352435530086,698.0
518,38.2,-80.28333,3750.0,0.05732484076433121,0.0,0.0,0.07006369426751592,0.01910828025477707,0.25796178343949044,0.321656050955414,0.09235668789808917,0.012738853503184714,0.009554140127388535,0.03503184713375796,0.009554140127388535,0.03821656050955414,0.0,0.07643312101910828,314.0
518,38.2,-80.28333,4250.0,0.040780141843971635,0.0,0.0,0.08096926713947991,0.044326241134751775,0.21926713947990545,0.29609929078014185,0.06264775413711583,0.0065011820330969266,0.0070921985815602835,0.054373522458628844,0.009456264775413711,0.0425531914893617,0.0,0.1359338061465721,1692.0
518,38.2,-80.28333,4750.0,0.011111111111111112,0.0,0.0,0.07222222222222222,0.1388888888888889,0.14722222222222223,0.25277777777777777,0.05,0.013888888888888888,0.008333333333333333,0.03333333333333333,0.013888888888888888,0.1,0.0,0.15833333333333333,360.0
518,38.2,-80.28333,5250.0,0.008676789587852495,0.0021691973969631237,0.0,0.028199566160520606,0.08026030368763558,0.09978308026030369,0.2472885032537961,0.06290672451193059,0.015184381778741865,0.004338394793926247,0.028199566160520606,0.0021691973969631237,0.19088937093275488,0.0,0.2299349240780911,461.0
518,38.2,-80.28333,5750.0,0.010548523206751054,0.0,0.0,0.0189873417721519,0.08227848101265822,0.11181434599156118,0.2320675105485232,0.06751054852320675,0.002109704641350211,0.012658227848101266,0.02531645569620253,0.002109704641350211,0.06540084388185655,0.0,0.3691983122362869,474.0
518,38.2,-80.28333,6750.0,0.009635974304068522,0.0,0.0,0.022483940042826552,0.11884368308351177,0.09314775160599571,0.23554603854389722,0.031049250535331904,0.008565310492505354,0.006423982869379015,0.014989293361884369,0.007494646680942184,0.2558886509635974,0.0,0.19593147751605997,934.0
518,38.2,-80.28333,7750.0,0.008695652173913044,0.0,0.0,0.01956521739130435,0.10434782608695652,0.11304347826086956,0.24565217391304348,0.02826086956521739,0.002173913043478261,0.004347826086956522,0.01956521739130435,0.002173913043478261,0.2608695652173913,0.0,0.19130434782608696,460.0
518,38.2,-80.28333,8750.0,0.012640449438202247,0.0014044943820224719,0.0,0.018258426966292134,0.10674157303370786,0.042134831460674156,0.1348314606741573,0.008426966292134831,0.0014044943820224719,0.0014044943820224719,0.008426966292134831,0.0028089887640449437,0.3960674157303371,0.0,0.2654494382022472,712.0
518,38.2,-80.28333,9250.0,0.08823529411764706,0.02100840336134454,0.0,0.04831932773109244,0.22478991596638656,0.07142857142857142,0.0819327731092437,0.0021008403361344537,0.0,0.0,0.023109243697478993,0.0021008403361344537,0.25840336134453784,0.0,0.17857142857142858,476.0
518,38.2,-80.28333,10250.0,0.05333333333333334,0.0022222222222222222,0.0,0.044444444444444446,0.2288888888888889,0.07111111111111111,0.1288888888888889,0.006666666666666667,0.0022222222222222222,0.0,0.011111111111111112,0.0,0.26666666666666666,0.0,0.18444444444444444,450.0
518,38.2,-80.28333,11250.0,0.09900990099009901,0.04702970297029703,0.0,0.05693069306930693,0.26732673267326734,0.08415841584158416,0.06683168316831684,0.0,0.0,0.0,0.012376237623762377,0.0,0.22277227722772278,0.0,0.14356435643564355,404.0
518,38.2,-80.28333,12250.0,0.36212624584717606,0.03820598006644518,0.0,0.3853820598006645,0.0,0.0016611295681063123,0.008305647840531562,0.0,0.0,0.0,0.0,0.0,0.013289036544850499,0.0,0.19102990033222592,602.0
518,38.2,-80.28333,12750.0,0.24411764705882352,0.05588235294117647,0.0,0.16323529411764706,0.15588235294117647,0.05,0.06764705882352941,0.0014705882352941176,0.0014705882352941176,0.0058823529411764705,0.010294117647058823,0.0014705882352941176,0.0838235294117647,0.0,0.1588235294117647,680.0
518,38.2,-80.28333,13250.0,0.39087947882736157,0.009771986970684038,0.0,0.3485342019543974,0.0,0.016286644951140065,0.026058631921824105,0.0,0.0,0.003257328990228013,0.0,0.0,0.016286644951140065,0.0,0.18892508143322476,307.0
523,39.96667,-77.55,250.0,0.001037344398340249,0.0,0.0,0.17946058091286307,0.011410788381742738,0.011410788381742738,0.4512448132780083,0.004149377593360996,0.004149377593360996,0.0031120331950207467,0.03423236514522822,0.014522821576763486,0.0031120331950207467,0.0,0.2821576763485477,964.0
523,39.96667,-77.55,1250.0,0.0,0.0,0.0,0.15047021943573669,0.009404388714733543,0.012539184952978056,0.45768025078369906,0.006269592476489028,0.009404388714733543,0.0,0.01567398119122257,0.012539184952978056,0.009404388714733543,0.0,0.3166144200626959,319.0
523,39.96667,-77.55,2250.0,0.0,0.0,0.0,0.19003115264797507,0.006230529595015576,0.012461059190031152,0.43613707165109034,0.0,0.0,0.006230529595015576,0.03426791277258567,0.009345794392523364,0.006230529595015576,0.003115264797507788,0.29595015576323985,321.0
523,39.96667,-77.55,3250.0,0.0,0.0,0.0,0.15822784810126583,0.0031645569620253164,0.0031645569620253164,0.5063291139240507,0.0031645569620253164,0.0,0.0031645569620253164,0.04113924050632911,0.00949367088607595,0.012658227848101266,0.0,0.25949367088607594,316.0
523,39.96667,-77.55,3750.0,0.0,0.0,0.0,0.18115942028985507,0.007246376811594203,0.007246376811594203,0.45893719806763283,0.00966183574879227,0.004830917874396135,0.0,0.021739130434782608,0.012077294685990338,0.004830917874396135,0.0024154589371980675,0.2898550724637681,414.0
523,39.96667,-77.55,4750.0,0.0,0.0,0.0,0.20606060606060606,0.00909090909090909,0.006060606060606061,0.3787878787878788,0.0,0.0030303030303030303,0.006060606060606061,0.01818181818181818,0.021212121212121213,0.0,0.0,0.3515151515151515,330.0
523,39.96667,-77.55,5250.0,0.0,0.0,0.0,0.10543130990415335,0.02875399361022364,0.012779552715654952,0.5814696485623003,0.009584664536741214,0.003194888178913738,0.0,0.02875399361022364,0.006389776357827476,0.006389776357827476,0.0,0.21725239616613418,313.0
523,39.96667,-77.55,6250.0,0.0,0.0,0.0,0.05384615384615385,0.017948717948717947,0.015384615384615385,0.5538461538461539,0.01282051282051282,0.0,0.010256410256410256,0.038461538461538464,0.007692307692307693,0.002564102564102564,0.0,0.28717948717948716,390.0
523,39.96667,-77.55,6750.0,0.0,0.0,0.0,0.0364741641337386,0.030395136778115502,0.0243161094224924,0.6200607902735562,0.0121580547112462,0.0060790273556231,0.00303951367781155,0.0121580547112462,0.00303951367781155,0.0,0.0,0.25227963525835867,329.0
523,39.96667,-77.55,7250.0,0.0,0.003067484662576687,0.0,0.049079754601226995,0.015337423312883436,0.006134969325153374,0.6380368098159509,0.009202453987730062,0.0,0.003067484662576687,0.015337423312883436,0.009202453987730062,0.0,0.0,0.25153374233128833,326.0
523,39.96667,-77.55,7750.0,0.0,0.007853403141361256,0.0,0.08376963350785341,0.031413612565445025,0.005235602094240838,0.5942408376963351,0.002617801047120419,0.010471204188481676,0.005235602094240838,0.007853403141361256,0.005235602094240838,0.002617801047120419,0.0,0.24345549738219896,382.0
523,39.96667,-77.55,8750.0,0.014364640883977901,0.023204419889502764,0.0,0.2773480662983425,0.02541436464088398,0.015469613259668509,0.38232044198895027,0.0033149171270718232,0.0033149171270718232,0.009944751381215469,0.0033149171270718232,0.0077348066298342545,0.022099447513812154,0.0011049723756906078,0.2110497237569061,905.0
523,39.96667,-77.55,9250.0,0.029069767441860465,0.046511627906976744,0.0,0.37209302325581395,0.01744186046511628,0.020348837209302327,0.19767441860465115,0.005813953488372093,0.0029069767441860465,0.0029069767441860465,0.0029069767441860465,0.005813953488372093,0.0377906976744186,0.0,0.25872093023255816,344.0
523,39.96667,-77.55,10250.0,0.041666666666666664,0.08333333333333333,0.0,0.5486111111111112,0.006944444444444444,0.010416666666666666,0.09027777777777778,0.0,0.03125,0.003472222222222222,0.0,0.0,0.003472222222222222,0.006944444444444444,0.1736111111111111,288.0
523,39.96667,-77.55,10750.0,0.043478260869565216,0.07023411371237458,0.0,0.6387959866220736,0.0,0.013377926421404682,0.033444816053511704,0.0,0.010033444816053512,0.0,0.0,0.0,0.0,0.006688963210702341,0.18394648829431437,299.0
523,39.96667,-77.55,11750.0,0.19727891156462585,0.09183673469387756,0.0,0.282312925170068,0.0,0.017006802721088437,0.03741496598639456,0.0,0.003401360544217687,0.0,0.0,0.0,0.11904761904761904,0.0,0.25170068027210885,294.0
523,39.96667,-77.55,12250.0,0.22121896162528218,0.05981941309255079,0.001693002257336343,0.28555304740406323,0.0,0.019187358916478554,0.03611738148984198,0.000564334085778781,0.009029345372460496,0.000564334085778781,0.001128668171557562,0.001128668171557562,0.10891647855530474,0.003386004514672686,0.2516930022573363,1772.0
523,39.96667,-77.55,12750.0,0.28035470668485674,0.11596180081855388,0.0006821282401091405,0.25375170532060026,0.0,0.021828103683492497,0.036834924965893585,0.0006821282401091405,0.0068212824010914054,0.001364256480218281,0.0020463847203274215,0.0,0.09072305593451568,0.0006821282401091405,0.1882673942701228,1466.0
523,39.96667,-77.55,13250.0,0.3741573033707865,0.035955056179775284,0.0,0.19662921348314608,0.0,0.021348314606741574,0.020224719101123594,0.0033707865168539327,0.0056179775280898875,0.0,0.0011235955056179776,0.0,0.07303370786516854,0.0,0.26853932584269663,890.0
523,39.96667,-77.55,13750.0,0.4490950226244344,0.027149321266968326,0.0,0.19909502262443438,0.0,0.02828054298642534,0.019230769230769232,0.0,0.0022624434389140274,0.0011312217194570137,0.0,0.0,0.053167420814479636,0.0011312217194570137,0.21945701357466063,884.0
523,39.96667,-77.55,14250.0,0.5,0.0022404779686333084,0.0003734129947722181,0.19492158327109785,0.0,0.021657953696788648,0.019044062733383122,0.0003734129947722181,0.0026138909634055266,0.0003734129947722181,0.0003734129947722181,0.0,0.014563106796116505,0.0,0.24346527259148618,2678.0
523,39.96667,-77.55,14750.0,0.522956326987682,0.005599104143337066,0.0022396416573348264,0.1769316909294513,0.0,0.019036954087346025,0.0167973124300112,0.0,0.0022396416573348264,0.0011198208286674132,0.0022396416573348264,0.0011198208286674132,0.008958566629339306,0.0,0.24076147816349383,893.0
539,36.799032,-91.090148,750.0,0.0,0.0,0.0,0.12396694214876033,0.0,0.0,0.512396694214876,0.0027548209366391185,0.011019283746556474,0.008264462809917356,0.02203856749311295,0.011019283746556474,0.0,0.0,0.3085399449035813,363.0
539,36.799032,-91.090148,1750.0,0.0,0.0,0.0,0.14411441144114412,0.0,0.0022002200220022,0.45324532453245325,0.0,0.019801980198019802,0.0022002200220022,0.04400440044004401,0.011001100110011002,0.0044004400440044,0.0022002200220022,0.31683168316831684,454.5
539,36.799032,-91.090148,2250.0,0.0,0.0,0.0,0.14732142857142858,0.0,0.002232142857142857,0.46651785714285715,0.0,0.011160714285714286,0.006696428571428571,0.0,0.0,0.0,0.0,0.36607142857142855,448.0
539,36.799032,-91.090148,2750.0,0.0,0.0,0.0,0.1382716049382716,0.0,0.0049382716049382715,0.4962962962962963,0.0,0.007407407407407408,0.0024691358024691358,0.037037037037037035,0.0024691358024691358,0.0024691358024691358,0.0024691358024691358,0.30617283950617286,405.0
539,36.799032,-91.090148,3250.0,0.0,0.0,0.0,0.10310965630114566,0.0,0.0010911074740861974,0.4888161483906165,0.002182214948172395,0.007637752318603383,0.00872885979268958,0.038188761593016915,0.007637752318603383,0.0010911074740861974,0.0,0.3415166393889798,916.5
539,36.799032,-91.090148,3750.0,0.0,0.0,0.0,0.04624715693707354,0.0,0.0,0.45489006823351025,0.0,0.016679302501895376,0.0075815011372251705,0.01819560272934041,0.003032600454890068,0.001516300227445034,0.003032600454890068,0.4488248673237301,659.5
539,36.799032,-91.090148,4750.0,0.0,0.0,0.0,0.04525547445255475,0.0,0.00291970802919708,0.5167883211678832,0.0,0.015571776155717762,0.012652068126520682,0.03990267639902676,0.00291970802919708,0.0,0.0019464720194647203,0.362043795620438,1027.5
539,36.799032,-91.090148,5250.0,0.0,0.0,0.0,0.008,0.0,0.002,0.626,0.0,0.026,0.012,0.034,0.0,0.002,0.004,0.286,500.0
539,36.799032,-91.090148,5750.0,0.0,0.0,0.0,0.0044444444444444444,0.0,0.002962962962962963,0.4888888888888889,0.0,0.0014814814814814814,0.017777777777777778,0.04296296296296296,0.0,0.0014814814814814814,0.007407407407407408,0.4325925925925926,675.0
539,36.799032,-91.090148,6750.0,0.0,0.0,0.0,0.0008312551953449709,0.0,0.0,0.515378221113882,0.0,0.00997506234413965,0.006650041562759767,0.046550290939318374,0.0,0.0016625103906899418,0.0016625103906899418,0.4172901080631754,601.5
539,36.799032,-91.090148,7750.0,0.0,0.0,0.0,0.002838221381267739,0.0,0.005676442762535478,0.5402081362346263,0.0,0.00946073793755913,0.006622516556291391,0.04730368968779565,0.003784295175023652,0.0,0.000946073793755913,0.38315988647114474,1057.0
539,36.799032,-91.090148,8250.0,0.0014245014245014246,0.0,0.0007122507122507123,0.002136752136752137,0.0,0.007122507122507123,0.5299145299145299,0.0,0.014957264957264958,0.018518518518518517,0.05413105413105413,0.007122507122507123,0.002849002849002849,0.007122507122507123,0.353988603988604,1404.0
539,36.799032,-91.090148,9250.0,0.0,0.0,0.0,0.005376344086021506,0.0,0.016129032258064516,0.6747311827956989,0.005376344086021506,0.008064516129032258,0.013440860215053764,0.053763440860215055,0.002688172043010753,0.0,0.005376344086021506,0.21505376344086022,372.0
539,36.799032,-91.090148,10250.0,0.020512820512820513,0.0,0.0,0.006153846153846154,0.0,0.012307692307692308,0.39897435897435896,0.0020512820512820513,0.02564102564102564,0.03282051282051282,0.1076923076923077,0.010256410256410256,0.005128205128205128,0.0041025641025641026,0.37435897435897436,975.0
539,36.799032,-91.090148,10750.0,0.04860267314702309,0.002430133657351154,0.0,0.006075334143377886,0.0,0.007290400972053463,0.45929526123936815,0.0,0.024301336573511544,0.01701093560145808,0.09720534629404617,0.02187120291616039,0.007290400972053463,0.002430133657351154,0.30619684082624543,411.5
539,36.799032,-91.090148,11250.0,0.08553326293558607,0.0021119324181626186,0.0,0.006335797254487857,0.0,0.01900739176346357,0.36536430834213307,0.0,0.06969376979936642,0.027455121436114043,0.06335797254487856,0.004223864836325237,0.006335797254487857,0.0,0.3505807814149947,473.5
539,36.799032,-91.090148,11750.0,0.0911300121506683,0.002430133657351154,0.0,0.009720534629404616,0.0,0.009720534629404616,0.40340218712029163,0.0,0.17739975698663427,0.012150668286755772,0.002430133657351154,0.009720534629404616,0.024301336573511544,0.0,0.25759416767922233,411.5
539,36.799032,-91.090148,12250.0,0.06426155580608793,0.010146561443066516,0.0,0.02142051860202931,0.0,0.029312288613303268,0.3111612175873732,0.0,0.20744081172491544,0.011273957158962795,0.0,0.011273957158962795,0.02705749718151071,0.0,0.30665163472378804,443.5
539,36.799032,-91.090148,12750.0,0.07715311004784689,0.0,0.0,0.016148325358851676,0.0,0.013157894736842105,0.3708133971291866,0.0,0.16507177033492823,0.01555023923444976,0.03708133971291866,0.01076555023923445,0.009569377990430622,0.0011961722488038277,0.2834928229665072,836.0
539,36.799032,-91.090148,13250.0,0.33997509339975096,0.0186799501867995,0.0,0.048567870485678705,0.0,0.014943960149439602,0.1643835616438356,0.0,0.14196762141967623,0.0024906600249066002,0.0,0.0049813200498132005,0.034869240348692404,0.0,0.22914072229140722,401.5
539,36.799032,-91.090148,13750.0,0.26876379690949226,0.006622516556291391,0.0011037527593818985,0.12969094922737306,0.0,0.002207505518763797,0.13796909492273732,0.0011037527593818985,0.11810154525386314,0.006622516556291391,0.004415011037527594,0.0011037527593818985,0.011037527593818985,0.002207505518763797,0.3090507726269316,906.0
539,36.799032,-91.090148,14250.0,0.24953617810760667,0.009972170686456401,0.0009276437847866419,0.0786178107606679,0.0,0.014842300556586271,0.19758812615955473,0.0,0.11131725417439703,0.004174397031539889,0.0013914656771799629,0.002319109461966605,0.04406307977736549,0.0,0.2852504638218924,2156.0
539,36.799032,-91.090148,14750.0,0.38927243759957514,0.008497079129049389,0.0,0.22411046202867765,0.0,0.012745618693574084,0.07647371216144451,0.0,0.015932023366967606,0.002124269782262347,0.0010621348911311736,0.004248539564524694,0.02867764206054169,0.0,0.23685608072225173,941.5
679,43.48,-85.0,250.0,0.04668838219326819,0.0010857763300760044,0.004885993485342019,0.32193268186753526,0.01248642779587405,0.04777415852334419,0.23778501628664495,0.043973941368078175,0.021715526601520086,0.03637350705754615,0.00760043431053203,0.026601520086862108,0.014657980456026058,0.02062975027144408,0.15580890336590664,1842.0
679,43.48,-85.0,750.0,0.009855072463768115,0.0,0.008695652173913044,0.36869565217391304,0.0017391304347826088,0.03304347826086956,0.24695652173913044,0.04115942028985507,0.03536231884057971,0.04695652173913043,0.006956521739130435,0.025507246376811593,0.007536231884057971,0.029565217391304348,0.13797101449275362,1725.0
679,43.48,-85.0,1250.0,0.014925373134328358,0.0,0.007462686567164179,0.236318407960199,0.006218905472636816,0.03731343283582089,0.30472636815920395,0.04975124378109453,0.036069651741293535,0.05845771144278607,0.012437810945273632,0.03980099502487562,0.011194029850746268,0.03233830845771144,0.15298507462686567,804.0
679,43.48,-85.0,1750.0,0.0047694753577106515,0.0,0.003179650238473768,0.356120826709062,0.001589825119236884,0.05087440381558029,0.23052464228934816,0.04769475357710652,0.06518282988871224,0.057233704292527825,0.02066772655007949,0.0492845786963434,0.006359300476947536,0.017488076311605722,0.0890302066772655,629.0
679,43.48,-85.0,2250.0,0.011990407673860911,0.0,0.004796163069544364,0.2446043165467626,0.002398081534772182,0.0407673860911271,0.23501199040767387,0.17266187050359713,0.016786570743405275,0.11750599520383694,0.019184652278177457,0.06474820143884892,0.011990407673860911,0.007194244604316547,0.050359712230215826,417.0
679,43.48,-85.0,2750.0,0.0,0.0,0.006211180124223602,0.18633540372670807,0.0,0.024844720496894408,0.35714285714285715,0.10559006211180125,0.031055900621118012,0.07763975155279502,0.009316770186335404,0.037267080745341616,0.009316770186335404,0.024844720496894408,0.13043478260869565,322.0
679,43.48,-85.0,3250.0,0.002699055330634278,0.0,0.0,0.21322537112010798,0.002699055330634278,0.02564102564102564,0.3184885290148448,0.1349527665317139,0.03643724696356275,0.06477732793522267,0.005398110661268556,0.048582995951417005,0.005398110661268556,0.022941970310391364,0.11875843454790823,741.0
679,43.48,-85.0,3750.0,0.009708737864077669,0.0,0.0,0.1553398058252427,0.0,0.02912621359223301,0.5825242718446602,0.02912621359223301,0.02912621359223301,0.04854368932038835,0.0048543689320388345,0.02912621359223301,0.014563106796116505,0.0048543689320388345,0.06310679611650485,206.0
679,43.48,-85.0,4250.0,0.0,0.008237232289950576,0.0,0.13673805601317957,0.004942339373970346,0.016474464579901153,0.31795716639209226,0.11037891268533773,0.06260296540362438,0.11202635914332784,0.014827018121911038,0.06754530477759473,0.0016474464579901153,0.039538714991762765,0.1070840197693575,607.0
679,43.48,-85.0,4750.0,0.0,0.0,0.0,0.14413075780089152,0.0014858841010401188,0.01634472511144131,0.3848439821693908,0.09955423476968796,0.05943536404160475,0.10401188707280833,0.01337295690936107,0.04606240713224369,0.0029717682020802376,0.031203566121842496,0.09658246656760773,673.0
679,43.48,-85.0,5250.0,0.0,0.0,0.0,0.14418604651162792,0.0,0.018604651162790697,0.2744186046511628,0.17674418604651163,0.08372093023255814,0.1697674418604651,0.004651162790697674,0.06511627906976744,0.0,0.004651162790697674,0.05813953488372093,430.0
679,43.48,-85.0,5750.0,0.0,0.0,0.0,0.08979591836734693,0.006122448979591836,0.006122448979591836,0.33877551020408164,0.14285714285714285,0.04081632653061224,0.20204081632653062,0.0,0.02040816326530612,0.006122448979591836,0.04897959183673469,0.09795918367346938,490.0
679,43.48,-85.0,6250.0,0.0,0.0,0.002421307506053269,0.07021791767554479,0.0,0.026634382566585957,0.36319612590799033,0.10411622276029056,0.10653753026634383,0.1864406779661017,0.007263922518159807,0.048426150121065374,0.004842615012106538,0.0,0.07990314769975787,413.0
679,43.48,-85.0,6750.0,0.0,0.0,0.0,0.17582417582417584,0.006593406593406593,0.041758241758241756,0.3516483516483517,0.06813186813186813,0.03296703296703297,0.14505494505494507,0.004395604395604396,0.04395604395604396,0.002197802197802198,0.0,0.12747252747252746,455.0
679,43.48,-85.0,7250.0,0.0,0.0,0.0,0.15577889447236182,0.005025125628140704,0.005025125628140704,0.271356783919598,0.06030150753768844,0.035175879396984924,0.23115577889447236,0.010050251256281407,0.05527638190954774,0.005025125628140704,0.035175879396984924,0.1306532663316583,199.0
679,43.48,-85.0,7750.0,0.0040650406504065045,0.0,0.0,0.30691056910569103,0.0020325203252032522,0.052845528455284556,0.3821138211382114,0.0040650406504065045,0.03861788617886179,0.06300813008130081,0.006097560975609756,0.02032520325203252,0.0,0.0,0.11991869918699187,492.0
679,43.48,-85.0,8250.0,0.0,0.03225806451612903,0.0,0.3118279569892473,0.0,0.016129032258064516,0.2903225806451613,0.010752688172043012,0.016129032258064516,0.06989247311827956,0.010752688172043012,0.010752688172043012,0.005376344086021506,0.016129032258064516,0.20967741935483872,186.0
679,43.48,-85.0,8750.0,0.0,0.0,0.003125,0.603125,0.0,0.03125,0.2359375,0.003125,0.0203125,0.0296875,0.003125,0.00625,0.0015625,0.0,0.0625,640.0
679,43.48,-85.0,9250.0,0.026565464895635674,0.0018975332068311196,0.007590132827324478,0.6015180265654649,0.0,0.03225806451612903,0.1442125237191651,0.0056925996204933585,0.026565464895635674,0.0683111954459203,0.009487666034155597,0.015180265654648957,0.0018975332068311196,0.0,0.058823529411764705,527.0
679,43.48,-85.0,9750.0,0.6237288135593221,0.013559322033898305,0.01694915254237288,0.1694915254237288,0.0,0.003389830508474576,0.023728813559322035,0.0,0.030508474576271188,0.0,0.0,0.0,0.006779661016949152,0.0,0.11186440677966102,295.0
679,43.48,-85.0,10250.0,0.04449648711943794,0.0,0.01405152224824356,0.6885245901639344,0.0,0.0234192037470726,0.1053864168618267,0.0,0.03981264637002342,0.03278688524590164,0.0,0.00234192037470726,0.00234192037470726,0.0,0.0468384074941452,427.0
679,43.48,-85.0,10750.0,0.3422924901185771,0.0308300395256917,0.0023715415019762848,0.2798418972332016,0.0007905138339920949,0.019762845849802372,0.057707509881422925,0.0031620553359683794,0.07588932806324111,0.01818181818181818,0.0023715415019762848,0.003952569169960474,0.0047430830039525695,0.0,0.15810276679841898,1265.0
679,43.48,-85.0,11250.0,0.2595419847328244,0.04071246819338423,0.0,0.40458015267175573,0.0,0.0,0.04580152671755725,0.0,0.09923664122137404,0.002544529262086514,0.002544529262086514,0.0,0.002544529262086514,0.0,0.14249363867684478,393.0
679,43.48,-85.0,11750.0,0.2873319179051663,0.01627742392073602,0.0021231422505307855,0.43807501769285206,0.0,0.010615711252653927,0.04883227176220807,0.0007077140835102619,0.059447983014861996,0.016985138004246284,0.0021231422505307855,0.0,0.006369426751592357,0.005661712668082095,0.10544939844302902,1413.0
679,43.48,-85.0,12250.0,0.15816326530612246,0.030612244897959183,0.0,0.4336734693877551,0.0,0.0,0.05102040816326531,0.0,0.15306122448979592,0.0,0.0,0.0,0.0,0.02040816326530612,0.15306122448979592,196.0
785,44.37,-80.25,250.0,0.012763596004439512,0.018312985571587125,0.006104328523862375,0.14761376248612654,0.09045504994450611,0.14039955604883464,0.06492785793562708,0.03829078801331853,0.029966703662597113,0.07769145394006659,0.008324084350721421,0.08213096559378469,0.007214206437291898,0.005549389567147614,0.2702552719200888,1802.0
785,44.37,-80.25,750.0,0.013742071881606765,0.010570824524312896,0.003171247357293869,0.13002114164904863,0.12367864693446089,0.18816067653276955,0.07188160676532769,0.06553911205073996,0.05708245243128964,0.11416490486257928,0.007399577167019027,0.09619450317124736,0.009513742071881607,0.005285412262156448,0.10359408033826638,946.0
785,44.37,-80.25,1250.0,0.011288805268109126,0.012229539040451553,0.005644402634054563,0.09971777986829727,0.12417685794920037,0.1458137347130762,0.08560677328316087,0.13264346190028223,0.03386641580432737,0.1213546566321731,0.007525870178739417,0.12982126058325494,0.0037629350893697085,0.004703668861712135,0.08184383819379115,1063.0
785,44.37,-80.25,1750.0,0.007928642220019821,0.019821605550049554,0.003964321110009911,0.10406342913776016,0.13280475718533202,0.14271555996035679,0.06045589692765114,0.14965312190287414,0.04558969276511397,0.13676907829534193,0.008919722497522299,0.11199207135777998,0.007928642220019821,0.0,0.06739345887016848,1009.0
785,44.37,-80.25,2250.0,0.005780346820809248,0.004335260115606936,0.002890173410404624,0.08959537572254335,0.08526011560693642,0.15173410404624277,0.08236994219653179,0.157514450867052,0.03468208092485549,0.13872832369942195,0.008670520231213872,0.14739884393063585,0.004335260115606936,0.0072254335260115606,0.07947976878612717,692.0
785,44.37,-80.25,2750.0,0.00911854103343465,0.011144883485309016,0.005065856129685917,0.10131712259371833,0.0851063829787234,0.17426545086119555,0.06585612968591692,0.11854103343465046,0.05065856129685917,0.1519756838905775,0.0070921985815602835,0.12056737588652482,0.0070921985815602835,0.004052684903748734,0.08814589665653495,987.0
785,44.37,-80.25,3250.0,0.016216216216216217,0.008108108108108109,0.0,0.14594594594594595,0.10270270270270271,0.12162162162162163,0.06756756756756757,0.13243243243243244,0.021621621621621623,0.16486486486486487,0.01891891891891892,0.10810810810810811,0.010810810810810811,0.002702702702702703,0.07837837837837838,370.0
785,44.37,-80.25,3750.0,0.008645533141210375,0.008069164265129682,0.002881844380403458,0.16887608069164264,0.04092219020172911,0.1723342939481268,0.08069164265129683,0.10317002881844381,0.029971181556195964,0.10662824207492795,0.011527377521613832,0.1515850144092219,0.009798270893371758,0.001729106628242075,0.10317002881844381,1735.0
785,44.37,-80.25,4250.0,0.006868131868131868,0.0020604395604395605,0.0027472527472527475,0.14148351648351648,0.03777472527472527,0.1614010989010989,0.0673076923076923,0.09958791208791208,0.046703296703296704,0.14766483516483517,0.005494505494505495,0.15384615384615385,0.006868131868131868,0.004120879120879121,0.11607142857142858,1456.0
785,44.37,-80.25,4750.0,0.00562429696287964,0.001687289088863892,0.0005624296962879641,0.12935883014623173,0.13329583802024747,0.15410573678290213,0.0686164229471316,0.11136107986501688,0.04499437570303712,0.1361079865016873,0.007874015748031496,0.12317210348706412,0.0022497187851518562,0.007311586051743532,0.07367829021372328,1778.0
785,44.37,-80.25,5250.0,0.008283132530120483,0.0007530120481927711,0.0007530120481927711,0.1588855421686747,0.34713855421686746,0.04442771084337349,0.07228915662650602,0.06400602409638555,0.0286144578313253,0.11295180722891567,0.009036144578313253,0.09412650602409639,0.0030120481927710845,0.0015060240963855422,0.05421686746987952,1328.0
785,44.37,-80.25,5750.0,0.006172839506172839,0.0007716049382716049,0.0007716049382716049,0.13657407407407407,0.3950617283950617,0.026234567901234566,0.05941358024691358,0.041666666666666664,0.047839506172839504,0.11033950617283951,0.004629629629629629,0.08410493827160494,0.0007716049382716049,0.004629629629629629,0.08101851851851852,1296.0
785,44.37,-80.25,6250.0,0.01125703564727955,0.0,0.0,0.19324577861163228,0.35365853658536583,0.028142589118198873,0.07035647279549719,0.0525328330206379,0.043151969981238276,0.08724202626641651,0.005628517823639775,0.08724202626641651,0.001876172607879925,0.0,0.06566604127579738,1066.0
785,44.37,-80.25,6750.0,0.008455034588777863,0.007686395080707148,0.0023059185242121443,0.5426594926979247,0.0730207532667179,0.04611837048424289,0.08224442736356649,0.008455034588777863,0.0207532667179093,0.05534204458109147,0.0030745580322828594,0.06610299769408147,0.0007686395080707148,0.0030745580322828594,0.07993850883935434,1301.0
785,44.37,-80.25,7250.0,0.010906040268456376,0.014261744966442953,0.0025167785234899327,0.6405201342281879,0.015939597315436243,0.0759228187919463,0.08263422818791946,0.0025167785234899327,0.015939597315436243,0.03523489932885906,0.0,0.03859060402684564,0.0025167785234899327,0.0016778523489932886,0.060822147651006714,2384.0
785,44.37,-80.25,7750.0,0.02558139534883721,0.02558139534883721,0.002325581395348837,0.6697674418604651,0.004651162790697674,0.14767441860465116,0.044186046511627906,0.0,0.013953488372093023,0.019767441860465116,0.002325581395348837,0.015116279069767442,0.0011627906976744186,0.0,0.027906976744186046,860.0
785,44.37,-80.25,8250.0,0.03130148270181219,0.03789126853377265,0.01400329489291598,0.6359143327841845,0.0032948929159802307,0.12767710049423395,0.0757825370675453,0.0008237232289950577,0.013179571663920923,0.013179571663920923,0.0008237232289950577,0.008237232289950576,0.0032948929159802307,0.002471169686985173,0.03212520593080725,1214.0
785,44.37,-80.25,9250.0,0.18478260869565216,0.03140096618357488,0.0036231884057971015,0.20531400966183574,0.00966183574879227,0.18719806763285024,0.04468599033816425,0.0,0.0024154589371980675,0.013285024154589372,0.0012077294685990338,0.006038647342995169,0.008454106280193236,0.0036231884057971015,0.29830917874396135,828.0
785,44.37,-80.25,9750.0,0.23836657169990502,0.039886039886039885,0.013295346628679962,0.32763532763532766,0.001899335232668566,0.10541310541310542,0.08547008547008547,0.002849002849002849,0.013295346628679962,0.024691358024691357,0.004748338081671415,0.002849002849002849,0.001899335232668566,0.02849002849002849,0.10921177587844255,1053.0
785,44.37,-80.25,10250.0,0.3307543520309478,0.007736943907156673,0.0019342359767891683,0.15473887814313347,0.0,0.007736943907156673,0.04448742746615087,0.0,0.0,0.0019342359767891683,0.0019342359767891683,0.0,0.0019342359767891683,0.0,0.44680851063829785,517.0
785,44.37,-80.25,11750.0,0.39025893958076446,0.008014796547472256,0.0030826140567200987,0.16276202219482122,0.0012330456226880395,0.01972872996300863,0.04932182490752158,0.0006165228113440197,0.004315659679408138,0.009247842170160296,0.0036991368680641184,0.0012330456226880395,0.008631319358816275,0.010480887792848335,0.3273736128236745,1622.0
785,44.37,-80.25,12250.0,0.7335423197492164,0.012539184952978056,0.006269592476489028,0.15987460815047022,0.0,0.0,0.018808777429467086,0.0,0.0,0.0,0.0,0.0,0.0,0.0,0.06896551724137931,319.0
785,44.37,-80.25,12750.0,0.5247524752475248,0.007425742574257425,0.0,0.29455445544554454,0.0,0.0,0.017326732673267328,0.0,0.0024752475247524753,0.007425742574257425,0.0024752475247524753,0.0024752475247524753,0.0,0.007425742574257425,0.13366336633663367,404.0
785,44.37,-80.25,13250.0,0.31543624161073824,0.01476510067114094,0.0,0.3409395973154362,0.0,0.0013422818791946308,0.06442953020134229,0.0,0.005369127516778523,0.004026845637583893,0.0013422818791946308,0.0,0.025503355704697986,0.0174496644295302,0.20939597315436242,745.0
785,44.37,-80.25,13750.0,0.3972602739726027,0.005479452054794521,0.010958904109589041,0.3095890410958904,0.0027397260273972603,0.0,0.0410958904109589,0.0,0.005479452054794521,0.0027397260273972603,0.024657534246575342,0.0027397260273972603,0.00821917808219178,0.00821917808219178,0.18082191780821918,365.0
785,44.37,-80.25,14250.0,0.3816155988857939,0.006963788300835654,0.0,0.3231197771587744,0.0,0.016713091922005572,0.03203342618384401,0.0,0.002785515320334262,0.020891364902506964,0.009749303621169917,0.005571030640668524,0.012534818941504178,0.004178272980501393,0.18384401114206128,718.0
785,44.37,-80.25,14750.0,0.5,0.0,0.0,0.15873015873015872,0.023809523809523808,0.05555555555555555,0.03968253968253968,0.023809523809523808,0.015873015873015872,0.007936507936507936,0.007936507936507936,0.0,0.015873015873015872,0.0,0.15079365079365079,126.0
805,41.92,-82.76,250.0,0.003667481662591687,0.0012224938875305623,0.0024449877750611247,0.30317848410757947,0.02444987775061125,0.019559902200488997,0.28117359413202936,0.008557457212713936,0.040342298288508556,0.02689486552567237,0.022004889975550123,0.028117359413202935,0.009779951100244499,0.0,0.22860635696821516,818.0
805,41.92,-82.76,1250.0,0.0029154518950437317,0.0,0.0,0.24198250728862974,0.03206997084548105,0.011661807580174927,0.3498542274052478,0.023323615160349854,0.08163265306122448,0.037900874635568516,0.043731778425655975,0.04081632653061224,0.0029154518950437317,0.0,0.13119533527696792,343.0
805,41.92,-82.76,1750.0,0.019886363636363636,0.0,0.0,0.21306818181818182,0.014204545454545454,0.019886363636363636,0.29261363636363635,0.03409090909090909,0.08522727272727272,0.056818181818181816,0.045454545454545456,0.07102272727272728,0.0,0.0,0.14772727272727273,352.0
805,41.92,-82.76,2250.0,0.020460358056265986,0.0,0.0025575447570332483,0.21483375959079284,0.0076726342710997444,0.010230179028132993,0.2557544757033248,0.07672634271099744,0.08439897698209718,0.08184143222506395,0.028132992327365727,0.030690537084398978,0.005115089514066497,0.0,0.1815856777493606,391.0
805,41.92,-82.76,2750.0,0.013368983957219251,0.008021390374331552,0.0,0.24064171122994651,0.00267379679144385,0.013368983957219251,0.3074866310160428,0.008021390374331552,0.09358288770053476,0.029411764705882353,0.06149732620320856,0.034759358288770054,0.0,0.0,0.18716577540106952,374.0
805,41.92,-82.76,3250.0,0.024,0.0034285714285714284,0.001142857142857143,0.232,0.010285714285714285,0.013714285714285714,0.23885714285714285,0.024,0.04114285714285714,0.06857142857142857,0.036571428571428574,0.026285714285714287,0.0,0.0,0.28,875.0
805,41.92,-82.76,3750.0,0.016981132075471698,0.0018867924528301887,0.0018867924528301887,0.1811320754716981,0.007547169811320755,0.013207547169811321,0.2528301886792453,0.020754716981132074,0.06037735849056604,0.04150943396226415,0.03018867924528302,0.018867924528301886,0.0018867924528301887,0.0,0.35094339622641507,530.0
805,41.92,-82.76,4250.0,0.018556701030927835,0.002061855670103093,0.0,0.15876288659793814,0.006185567010309278,0.012371134020618556,0.18969072164948453,0.0288659793814433,0.05979381443298969,0.041237113402061855,0.03505154639175258,0.03505154639175258,0.0,0.0,0.41237113402061853,485.0
805,41.92,-82.76,4750.0,0.00078125,0.0,0.0,0.0921875,0.00703125,0.009375,0.16875,0.01875,0.06484375,0.03203125,0.03359375,0.01640625,0.0015625,0.0,0.5546875,1280.0
805,41.92,-82.76,5250.0,0.0022123893805309734,0.0,0.0,0.09070796460176991,0.004424778761061947,0.015486725663716814,0.26991150442477874,0.017699115044247787,0.08849557522123894,0.01991150442477876,0.061946902654867256,0.05530973451327434,0.0,0.0,0.37389380530973454,452.0
805,41.92,-82.76,5750.0,0.0007987220447284345,0.0,0.0,0.1757188498402556,0.003194888178913738,0.006389776357827476,0.3546325878594249,0.006389776357827476,0.10303514376996806,0.029552715654952075,0.019169329073482427,0.02476038338658147,0.001597444089456869,0.0,0.2747603833865815,1252.0
805,41.92,-82.76,6250.0,0.001402524544179523,0.0,0.0,0.2538569424964937,0.001402524544179523,0.008415147265077139,0.4123422159887798,0.0,0.11360448807854137,0.019635343618513323,0.021037868162692847,0.030855539971949508,0.002805049088359046,0.004207573632538569,0.13043478260869565,713.0
805,41.92,-82.76,7250.0,0.002857142857142857,0.0,0.0,0.22,0.0,0.011428571428571429,0.44285714285714284,0.002857142857142857,0.11142857142857143,0.03142857142857143,0.02,0.022857142857142857,0.002857142857142857,0.0,0.13142857142857142,350.0
805,41.92,-82.76,7750.0,0.0056179775280898875,0.0,0.0014044943820224719,0.3595505617977528,0.0056179775280898875,0.008426966292134831,0.37640449438202245,0.0014044943820224719,0.03651685393258427,0.032303370786516857,0.02949438202247191,0.019662921348314606,0.0,0.0,0.12359550561797752,712.0
805,41.92,-82.76,8250.0,0.0035087719298245615,0.002105263157894737,0.002105263157894737,0.4126315789473684,0.004210526315789474,0.005614035087719298,0.31157894736842107,0.0014035087719298245,0.04912280701754386,0.02666666666666667,0.02456140350877193,0.031578947368421054,0.002807017543859649,0.0014035087719298245,0.12070175438596491,1425.0
805,41.92,-82.76,9250.0,0.00510204081632653,0.0,0.0,0.4642857142857143,0.00510204081632653,0.007653061224489796,0.25,0.0,0.04591836734693878,0.04336734693877551,0.007653061224489796,0.02806122448979592,0.002551020408163265,0.0,0.14030612244897958,392.0
805,41.92,-82.76,9750.0,0.017676767676767676,0.003787878787878788,0.005050505050505051,0.48737373737373735,0.0025252525252525255,0.013888888888888888,0.255050505050505,0.003787878787878788,0.04419191919191919,0.026515151515151516,0.015151515151515152,0.016414141414141416,0.0012626262626262627,0.0025252525252525255,0.10479797979797979,792.0
805,41.92,-82.76,10250.0,0.09715242881072027,0.01256281407035176,0.01256281407035176,0.42629815745393634,0.005862646566164154,0.020938023450586266,0.1490787269681742,0.0,0.04355108877721943,0.031825795644891124,0.009212730318257957,0.010887772194304857,0.0033500837520938024,0.0,0.17671691792294808,1194.0
805,41.92,-82.76,10750.0,0.2,0.043835616438356165,0.030136986301369864,0.43561643835616437,0.010958904109589041,0.01643835616438356,0.07945205479452055,0.0,0.01643835616438356,0.03287671232876712,0.005479452054794521,0.005479452054794521,0.005479452054794521,0.00821917808219178,0.1095890410958904,365.0
805,41.92,-82.76,11750.0,0.42328042328042326,0.0,0.10317460317460317,0.15608465608465608,0.005291005291005291,0.03439153439153439,0.04497354497354497,0.0,0.0026455026455026454,0.013227513227513227,0.0,0.0,0.0,0.005291005291005291,0.21164021164021163,378.0
805,41.92,-82.76,12250.0,0.3053435114503817,0.0030534351145038168,0.05648854961832061,0.021374045801526718,0.0,0.010687022900763359,0.02900763358778626,0.0,0.0061068702290076335,0.021374045801526718,0.0,0.0061068702290076335,0.007633587786259542,0.0,0.5328244274809161,655.0
805,41.92,-82.76,12750.0,0.2487864077669903,0.0,0.0012135922330097086,0.02063106796116505,0.0,0.012135922330097087,0.05218446601941747,0.0,0.006067961165048544,0.010922330097087379,0.0024271844660194173,0.0012135922330097086,0.0,0.00849514563106796,0.6359223300970874,824.0
805,41.92,-82.76,14250.0,0.3232830820770519,0.0016750418760469012,0.0033500837520938024,0.048576214405360134,0.0016750418760469012,0.006700167504187605,0.04187604690117253,0.0,0.0033500837520938024,0.006700167504187605,0.0033500837520938024,0.0,0.005025125628140704,0.018425460636515914,0.5360134003350083,597.0
847,42.33,-83.63,250.0,0.0,0.001142857142857143,0.001142857142857143,0.04114285714285714,0.004571428571428572,0.021714285714285714,0.4845714285714286,0.030857142857142857,0.037714285714285714,0.046857142857142854,0.04914285714285714,0.02057142857142857,0.001142857142857143,0.0,0.25942857142857145,875.0
847,42.33,-83.63,750.0,0.00234192037470726,0.0,0.00234192037470726,0.0234192037470726,0.00468384074941452,0.02107728337236534,0.5761124121779859,0.07962529274004684,0.04215456674473068,0.053864168618266976,0.06088992974238876,0.02576112412177986,0.00468384074941452,0.0,0.10304449648711944,427.0
847,42.33,-83.63,1250.0,0.0,0.0,0.0,0.0375,0.0075,0.0175,0.5275,0.055,0.0475,0.07,0.04,0.0325,0.0125,0.0075,0.145,400.0
847,42.33,-83.63,1750.0,0.0,0.0,0.005128205128205128,0.020512820512820513,0.005128205128205128,0.0,0.517948717948718,0.07692307692307693,0.06153846153846154,0.06153846153846154,0.05128205128205128,0.07179487179487179,0.0,0.010256410256410256,0.11794871794871795,195.0
847,42.33,-83.63,2250.0,0.0,0.0,0.0,0.025380710659898477,0.0,0.005076142131979695,0.350253807106599,0.14213197969543148,0.1065989847715736,0.1065989847715736,0.04568527918781726,0.05583756345177665,0.0,0.005076142131979695,0.15736040609137056,197.0
847,42.33,-83.63,2750.0,0.004807692307692308,0.0,0.0,0.009615384615384616,0.009615384615384616,0.014423076923076924,0.2932692307692308,0.17307692307692307,0.10096153846153846,0.10576923076923077,0.028846153846153848,0.0673076923076923,0.0,0.0,0.19230769230769232,208.0
847,42.33,-83.63,3250.0,0.0,0.0,0.0,0.015151515151515152,0.0,0.0,0.43434343434343436,0.1111111111111111,0.09090909090909091,0.13131313131313133,0.010101010101010102,0.0707070707070707,0.0,0.0,0.13636363636363635,198.0
847,42.33,-83.63,4250.0,0.0,0.0,0.0,0.029411764705882353,0.0,0.0196078431372549,0.4264705882352941,0.04411764705882353,0.06862745098039216,0.16176470588235295,0.03431372549019608,0.04411764705882353,0.00980392156862745,0.004901960784313725,0.1568627450980392,204.0
847,42.33,-83.63,4750.0,0.0,0.0,0.0,0.01507537688442211,0.0,0.010050251256281407,0.3768844221105528,0.10050251256281408,0.09045226130653267,0.20603015075376885,0.035175879396984924,0.010050251256281407,0.005025125628140704,0.005025125628140704,0.1457286432160804,199.0
847,42.33,-83.63,5750.0,0.0,0.0,0.0,0.03482587064676617,0.0,0.009950248756218905,0.4975124378109453,0.08955223880597014,0.06965174129353234,0.08955223880597014,0.009950248756218905,0.024875621890547265,0.0,0.0,0.17412935323383086,201.0
847,42.33,-83.63,7250.0,0.008086253369272238,0.0,0.0026954177897574125,0.005390835579514825,0.0,0.016172506738544475,0.3477088948787062,0.09164420485175202,0.05660377358490566,0.2210242587601078,0.04582210242587601,0.04043126684636118,0.0,0.0,0.16442048517520216,371.0
847,42.33,-83.63,8750.0,0.0,0.001652892561983471,0.0,0.15702479338842976,0.001652892561983471,0.01818181818181818,0.47603305785123967,0.0,0.06942148760330578,0.0859504132231405,0.02809917355371901,0.023140495867768594,0.001652892561983471,0.003305785123966942,0.13388429752066117,605.0
847,42.33,-83.63,9250.0,0.0,0.0,0.0,0.23880597014925373,0.0,0.009950248756218905,0.3880597014925373,0.0,0.07960199004975124,0.06965174129353234,0.014925373134328358,0.01990049751243781,0.0,0.0,0.1791044776119403,201.0
847,42.33,-83.63,10250.0,0.02650602409638554,0.00963855421686747,0.01927710843373494,0.472289156626506,0.0,0.02891566265060241,0.13734939759036144,0.0,0.06746987951807229,0.07710843373493977,0.01927710843373494,0.007228915662650603,0.007228915662650603,0.024096385542168676,0.10361445783132531,415.0
847,42.33,-83.63,11250.0,0.4585365853658537,0.02926829268292683,0.00975609756097561,0.08780487804878048,0.0,0.014634146341463415,0.0975609756097561,0.0,0.024390243902439025,0.00975609756097561,0.0,0.0,0.0,0.014634146341463415,0.25365853658536586,205.0
847,42.33,-83.63,12250.0,0.22781065088757396,0.0029585798816568047,0.008875739644970414,0.3727810650887574,0.0029585798816568047,0.008875739644970414,0.03254437869822485,0.0,0.038461538461538464,0.020710059171597635,0.0029585798816568047,0.0029585798816568047,0.008875739644970414,0.03550295857988166,0.23372781065088757,338.0
860,44.05,-87.73333,250.0,0.005836575875486381,0.00324254215304799,0.0012970168612191958,0.122568093385214,0.005836575875486381,0.11154345006485085,0.1575875486381323,0.03955901426718547,0.0946822308690013,0.05901426718547341,0.007782101167315175,0.026588845654993514,0.05901426718547341,0.020103761348897537,0.2853437094682231,1542.0
860,44.05,-87.73333,1250.0,0.003115264797507788,0.0,0.003115264797507788,0.1806853582554517,0.03115264797507788,0.14641744548286603,0.2367601246105919,0.08099688473520249,0.056074766355140186,0.0529595015576324,0.009345794392523364,0.021806853582554516,0.040498442367601244,0.0,0.13707165109034267,321.0
860,44.05,-87.73333,1750.0,0.0031446540880503146,0.0,0.0,0.1761006289308176,0.012578616352201259,0.12264150943396226,0.29559748427672955,0.031446540880503145,0.0880503144654088,0.03459119496855346,0.015723270440251572,0.0220125786163522,0.06918238993710692,0.006289308176100629,0.12264150943396226,318.0
860,44.05,-87.73333,2250.0,0.0021141649048625794,0.0010570824524312897,0.003171247357293869,0.23890063424947147,0.007399577167019027,0.07399577167019028,0.3118393234672304,0.0306553911205074,0.07399577167019028,0.03382663847780127,0.007399577167019027,0.017970401691331923,0.080338266384778,0.004228329809725159,0.113107822410148,946.0
860,44.05,-87.73333,3250.0,0.0,0.0,0.006423982869379015,0.12312633832976445,0.009635974304068522,0.10171306209850108,0.2762312633832976,0.0728051391862955,0.10706638115631692,0.046038543897216275,0.01284796573875803,0.03747323340471092,0.06852248394004283,0.0053533190578158455,0.13276231263383298,934.0
860,44.05,-87.73333,3750.0,0.00644122383252818,0.0,0.00322061191626409,0.12560386473429952,0.004830917874396135,0.08051529790660225,0.3639291465378422,0.04669887278582931,0.08373590982286634,0.040257648953301126,0.00644122383252818,0.020933977455716585,0.05314009661835749,0.008051529790660225,0.15619967793880837,621.0
860,44.05,-87.73333,4250.0,0.0007905138339920949,0.0023715415019762848,0.0031620553359683794,0.12964426877470356,0.0015810276679841897,0.08063241106719368,0.3486166007905138,0.048221343873517786,0.10434782608695652,0.04980237154150197,0.003952569169960474,0.019762845849802372,0.042687747035573126,0.0047430830039525695,0.15968379446640316,1265.0
860,44.05,-87.73333,4750.0,0.0007968127490039841,0.0,0.0031872509960159364,0.13864541832669322,0.0015936254980079682,0.030278884462151396,0.44223107569721115,0.02390438247011952,0.09083665338645418,0.07091633466135458,0.015139442231075698,0.024701195219123506,0.01593625498007968,0.0007968127490039841,0.14103585657370518,1255.0
860,44.05,-87.73333,5250.0,0.0,0.0,0.0,0.10742496050552923,0.00631911532385466,0.02843601895734597,0.44549763033175355,0.009478672985781991,0.07898894154818326,0.11374407582938388,0.00631911532385466,0.0315955766192733,0.018957345971563982,0.004739336492890996,0.1484992101105845,633.0
860,44.05,-87.73333,5750.0,0.0,0.0,0.0,0.11944444444444445,0.0,0.011111111111111112,0.35555555555555557,0.005555555555555556,0.13333333333333333,0.08333333333333333,0.011111111111111112,0.03333333333333333,0.016666666666666666,0.0,0.23055555555555557,360.0
860,44.05,-87.73333,6250.0,0.0021208907741251328,0.0010604453870625664,0.0010604453870625664,0.06362672322375397,0.0,0.018027571580063628,0.3934252386002121,0.009544008483563097,0.0784729586426299,0.16118769883351008,0.015906680805938492,0.044538706256627786,0.021208907741251327,0.0021208907741251328,0.18769883351007424,943.0
860,44.05,-87.73333,6750.0,0.0,0.0,0.0,0.047021943573667714,0.0,0.018808777429467086,0.47648902821316613,0.003134796238244514,0.0877742946708464,0.1786833855799373,0.018808777429467086,0.034482758620689655,0.006269592476489028,0.003134796238244514,0.12539184952978055,319.0
860,44.05,-87.73333,7250.0,0.0007575757575757576,0.0007575757575757576,0.0022727272727272726,0.14696969696969697,0.0,0.020454545454545454,0.31742424242424244,0.0030303030303030303,0.04696969696969697,0.12575757575757576,0.01893939393939394,0.04393939393939394,0.011363636363636364,0.0030303030303030303,0.25833333333333336,1320.0
860,44.05,-87.73333,8250.0,0.0,0.0,0.0,0.2581648522550544,0.0,0.038880248833592534,0.27838258164852253,0.0,0.06220839813374806,0.09797822706065319,0.004665629860031105,0.03732503888024884,0.015552099533437015,0.004665629860031105,0.20217729393468117,643.0
860,44.05,-87.73333,8750.0,0.0030272452068617556,0.0,0.0020181634712411706,0.2815338042381433,0.0,0.07467204843592332,0.2472250252270434,0.0,0.08274470232088799,0.06861755802219979,0.010090817356205853,0.033299697275479316,0.014127144298688193,0.012108980827447022,0.1705348133198789,991.0
860,44.05,-87.73333,9250.0,0.014644351464435146,0.006276150627615063,0.0041841004184100415,0.33158995815899583,0.0,0.11401673640167365,0.16422594142259414,0.0,0.07740585774058577,0.09414225941422594,0.012552301255230125,0.010460251046025104,0.0041841004184100415,0.010460251046025104,0.15585774058577406,956.0
860,44.05,-87.73333,9750.0,0.009259259259259259,0.0030864197530864196,0.009259259259259259,0.4351851851851852,0.0,0.10802469135802469,0.15123456790123457,0.0,0.043209876543209874,0.14814814814814814,0.009259259259259259,0.015432098765432098,0.012345679012345678,0.0030864197530864196,0.05246913580246913,324.0
860,44.05,-87.73333,10750.0,0.23699421965317918,0.011560693641618497,0.011560693641618497,0.15606936416184972,0.0,0.11560693641618497,0.10115606936416185,0.0,0.1791907514450867,0.05491329479768786,0.002890173410404624,0.002890173410404624,0.005780346820809248,0.02023121387283237,0.10115606936416185,346.0
860,44.05,-87.73333,11250.0,0.2535934291581109,0.017453798767967144,0.02053388090349076,0.17248459958932238,0.0,0.08213552361396304,0.09342915811088295,0.001026694045174538,0.1273100616016427,0.048254620123203286,0.009240246406570842,0.002053388090349076,0.013347022587268994,0.013347022587268994,0.1457905544147844,974.0
860,44.05,-87.73333,12250.0,0.294,0.0,0.008,0.006,0.0,0.024,0.07,0.0,0.22,0.018,0.004,0.0,0.036,0.016,0.304,500.0
860,44.05,-87.73333,13250.0,0.27314814814814814,0.009259259259259259,0.004629629629629629,0.004629629629629629,0.0,0.032407407407407406,0.08333333333333333,0.0,0.12962962962962962,0.037037037037037035,0.0,0.0,0.046296296296296294,0.05092592592592592,0.3287037037037037,216.0
860,44.05,-87.73333,13750.0,0.16246498599439776,0.0028011204481792717,0.0,0.0028011204481792717,0.0,0.014005602240896359,0.12324929971988796,0.0,0.23529411764705882,0.028011204481792718,0.0028011204481792717,0.0,0.028011204481792718,0.025210084033613446,0.3753501400560224,357.0
860,44.05,-87.73333,14750.0,0.15849056603773584,0.0,0.0037735849056603774,0.0,0.0,0.01509433962264151,0.05660377358490566,0.0,0.2641509433962264,0.0037735849056603774,0.007547169811320755,0.0037735849056603774,0.007547169811320755,0.026415094339622643,0.4528301886792453,265.0
999,37.98472,-78.99722,250.0,0.001658374792703151,0.0,0.0,0.351575456053068,0.003316749585406302,0.03648424543946932,0.45107794361525705,0.001658374792703151,0.004975124378109453,0.003316749585406302,0.04311774461028192,0.008291873963515755,0.029850746268656716,0.0,0.06467661691542288,603.0
999,37.98472,-78.99722,750.0,0.0,0.0,0.0,0.2913907284768212,0.0033112582781456954,0.023178807947019868,0.5066225165562914,0.006622516556291391,0.006622516556291391,0.0,0.06291390728476821,0.0,0.056291390728476824,0.0,0.04304635761589404,302.0
999,37.98472,-78.99722,1250.0,0.0,0.0,0.0,0.29042904290429045,0.0,0.006600660066006601,0.5610561056105611,0.0,0.0,0.0,0.036303630363036306,0.0,0.04950495049504951,0.0,0.056105610561056105,303.0
999,37.98472,-78.99722,1750.0,0.0,0.0,0.0,0.28052805280528054,0.0,0.019801980198019802,0.5445544554455446,0.0033003300330033004,0.0,0.0,0.0231023102310231,0.0,0.0627062706270627,0.0,0.066006600660066,303.0
999,37.98472,-78.99722,2250.0,0.0,0.0,0.0,0.2607260726072607,0.0,0.0297029702970297,0.5214521452145214,0.0033003300330033004,0.0033003300330033004,0.0033003300330033004,0.0627062706270627,0.0033003300330033004,0.066006600660066,0.0,0.0462046204620462,303.0
999,37.98472,-78.99722,2750.0,0.006600660066006601,0.0,0.0,0.31683168316831684,0.006600660066006601,0.0297029702970297,0.47854785478547857,0.006600660066006601,0.0,0.0,0.052805280528052806,0.0033003300330033004,0.04950495049504951,0.0,0.04950495049504951,303.0
999,37.98472,-78.99722,3250.0,0.0029411764705882353,0.0,0.0,0.21764705882352942,0.0,0.011764705882352941,0.46176470588235297,0.0029411764705882353,0.0029411764705882353,0.0,0.04411764705882353,0.11470588235294117,0.06764705882352941,0.0,0.07352941176470588,340.0
999,37.98472,-78.99722,3750.0,0.0,0.0,0.0,0.20132013201320131,0.013201320132013201,0.013201320132013201,0.5643564356435643,0.0033003300330033004,0.0,0.0033003300330033004,0.09900990099009901,0.0,0.033003300330033,0.0,0.06930693069306931,303.0
999,37.98472,-78.99722,4250.0,0.001639344262295082,0.0,0.0,0.23770491803278687,0.011475409836065573,0.022950819672131147,0.5672131147540984,0.004918032786885246,0.0,0.006557377049180328,0.036065573770491806,0.0,0.054098360655737705,0.0,0.05737704918032787,610.0
999,37.98472,-78.99722,4750.0,0.003278688524590164,0.0,0.0,0.08524590163934426,0.013114754098360656,0.013114754098360656,0.6950819672131148,0.009836065573770493,0.003278688524590164,0.0,0.04590163934426229,0.0,0.036065573770491806,0.0,0.09508196721311475,305.0
999,37.98472,-78.99722,5250.0,0.003236245954692557,0.0,0.0,0.08737864077669903,0.006472491909385114,0.016181229773462782,0.6925566343042071,0.0,0.0,0.0,0.038834951456310676,0.0,0.05825242718446602,0.0,0.0970873786407767,309.0
999,37.98472,-78.99722,6250.0,0.012678288431061807,0.0,0.0,0.09667194928684628,0.022187004754358162,0.006339144215530904,0.6481774960380349,0.003169572107765452,0.001584786053882726,0.003169572107765452,0.03803486529318542,0.0,0.05071315372424723,0.0,0.11727416798732171,631.0
999,37.98472,-78.99722,7750.0,0.06200317965023847,0.0,0.0,0.1271860095389507,0.025437201907790145,0.009538950715421303,0.5945945945945946,0.003179650238473768,0.001589825119236884,0.006359300476947536,0.017488076311605722,0.0047694753577106515,0.003179650238473768,0.0,0.14467408585055644,629.0
999,37.98472,-78.99722,8250.0,0.12418300653594772,0.0,0.0,0.21568627450980393,0.0392156862745098,0.02287581699346405,0.5065359477124183,0.0,0.0,0.006535947712418301,0.02287581699346405,0.0,0.006535947712418301,0.0,0.05555555555555555,306.0
999,37.98472,-78.99722,8750.0,0.14537444933920704,0.0011013215859030838,0.0,0.3039647577092511,0.025330396475770924,0.015418502202643172,0.368942731277533,0.006607929515418502,0.0,0.0011013215859030838,0.00881057268722467,0.005506607929515419,0.03303964757709251,0.0,0.08480176211453745,908.0
999,37.98472,-78.99722,9250.0,0.21935483870967742,0.0032258064516129032,0.0,0.5225806451612903,0.0,0.016129032258064516,0.07096774193548387,0.0032258064516129032,0.0,0.0,0.0,0.0,0.025806451612903226,0.0,0.13870967741935483,310.0
999,37.98472,-78.99722,10250.0,0.1830065359477124,0.0,0.0,0.5065359477124183,0.0,0.03594771241830065,0.11437908496732026,0.0,0.0,0.0,0.0,0.0032679738562091504,0.03594771241830065,0.0,0.12091503267973856,306.0
999,37.98472,-78.99722,10750.0,0.28253968253968254,0.006349206349206349,0.0,0.526984126984127,0.0,0.03492063492063492,0.04126984126984127,0.0,0.0031746031746031746,0.0,0.006349206349206349,0.0,0.015873015873015872,0.0,0.08253968253968254,315.0
999,37.98472,-78.99722,11750.0,0.29654036243822074,0.004942339373970346,0.0,0.5354200988467874,0.0,0.0032948929159802307,0.032948929159802305,0.0,0.0016474464579901153,0.0,0.0016474464579901153,0.0,0.02471169686985173,0.0,0.09884678747940692,607.0
999,37.98472,-78.99722,12750.0,0.24715447154471545,0.0,0.0,0.5121951219512195,0.0,0.03739837398373984,0.027642276422764227,0.0,0.0,0.0,0.0032520325203252032,0.0016260162601626016,0.027642276422764227,0.0,0.14308943089430895,615.0
999,37.98472,-78.99722,14250.0,0.32576985413290116,0.004862236628849271,0.0,0.5380875202593193,0.0,0.009724473257698542,0.004862236628849271,0.0,0.0,0.0,0.0,0.0,0.009724473257698542,0.0,0.10696920583468396,617.0
1004,43.43860600000001,-89.672484,1750.0,0.04895104895104895,0.006993006993006993,0.0,0.3076923076923077,0.0034965034965034965,0.006993006993006993,0.1888111888111888,0.0,0.01048951048951049,0.006993006993006993,0.0,0.01048951048951049,0.006993006993006993,0.017482517482517484,0.38461538461538464,286.0
1004,43.43860600000001,-89.672484,2750.0,0.03180212014134275,0.007067137809187279,0.0,0.21201413427561838,0.01060070671378092,0.02120141342756184,0.22968197879858657,0.0,0.01060070671378092,0.0035335689045936395,0.01060070671378092,0.0176678445229682,0.03180212014134275,0.01060070671378092,0.4028268551236749,283.0
1004,43.43860600000001,-89.672484,3250.0,0.028368794326241134,0.0,0.0,0.1879432624113475,0.0,0.0035460992907801418,0.15602836879432624,0.0,0.0070921985815602835,0.010638297872340425,0.010638297872340425,0.010638297872340425,0.010638297872340425,0.0070921985815602835,0.5673758865248227,282.0
1004,43.43860600000001,-89.672484,4250.0,0.013986013986013986,0.01048951048951049,0.0,0.16433566433566432,0.0034965034965034965,0.0034965034965034965,0.13636363636363635,0.0,0.01048951048951049,0.01048951048951049,0.006993006993006993,0.013986013986013986,0.006993006993006993,0.0,0.6188811188811189,286.0
1004,43.43860600000001,-89.672484,5250.0,0.05434782608695652,0.007246376811594203,0.0,0.38768115942028986,0.0,0.0,0.18115942028985507,0.0036231884057971015,0.010869565217391304,0.021739130434782608,0.0,0.014492753623188406,0.028985507246376812,0.0,0.2898550724637681,276.0
1004,43.43860600000001,-89.672484,6250.0,0.02702702702702703,0.008445945945945946,0.0,0.4831081081081081,0.0,0.005067567567567568,0.17567567567567569,0.0016891891891891893,0.006756756756756757,0.07601351351351351,0.010135135135135136,0.03209459459459459,0.04054054054054054,0.0,0.13344594594594594,592.0
1004,43.43860600000001,-89.672484,6750.0,0.006920415224913495,0.0017301038062283738,0.0,0.2560553633217993,0.0,0.0,0.17301038062283736,0.006920415224913495,0.012110726643598616,0.04152249134948097,0.0017301038062283738,0.010380622837370242,0.17301038062283736,0.005190311418685121,0.31141868512110726,578.0
1004,43.43860600000001,-89.672484,7750.0,0.008503401360544218,0.0,0.0,0.30272108843537415,0.0,0.00510204081632653,0.1870748299319728,0.0017006802721088435,0.01020408163265306,0.0782312925170068,0.003401360544217687,0.017006802721088437,0.034013605442176874,0.0017006802721088435,0.35034013605442177,588.0
1004,43.43860600000001,-89.672484,8250.0,0.010416666666666666,0.003472222222222222,0.0,0.2569444444444444,0.0,0.006944444444444444,0.19791666666666666,0.003472222222222222,0.024305555555555556,0.1701388888888889,0.013888888888888888,0.04861111111111111,0.041666666666666664,0.0,0.2222222222222222,288.0
1004,43.43860600000001,-89.672484,9250.0,0.28716216216216217,0.013513513513513514,0.0,0.13682432432432431,0.0,0.005067567567567568,0.16722972972972974,0.0033783783783783786,0.07432432432432433,0.06925675675675676,0.013513513513513514,0.015202702702702704,0.010135135135135136,0.010135135135135136,0.19425675675675674,592.0
1004,43.43860600000001,-89.672484,9750.0,0.27417519908987487,0.01820250284414107,0.0,0.10921501706484642,0.0,0.02161547212741752,0.13083048919226395,0.0011376564277588168,0.09897610921501707,0.06370875995449374,0.013651877133105802,0.012514220705346985,0.007963594994311717,0.0022753128555176336,0.24573378839590443,879.0
1004,43.43860600000001,-89.672484,10250.0,0.43010228933268385,0.025328787140769606,0.0029225523623964927,0.08280565026790063,0.0,0.00876765708718948,0.06527033609352167,0.000974184120798831,0.09936678032148076,0.007793472966390648,0.0034096444227959084,0.00438382854359474,0.022406234778373113,0.003896736483195324,0.24257184607890891,2053.0
1004,43.43860600000001,-89.672484,10750.0,0.4040625,0.0196875,0.0021875,0.06375,0.0021875,0.01125,0.0534375,0.0003125,0.07125,0.0059375,0.0025,0.0028125,0.0259375,0.0046875,0.33,3200.0
1004,43.43860600000001,-89.672484,11250.0,0.4185867895545315,0.015360983102918587,0.002688172043010753,0.06874039938556067,0.0034562211981566822,0.007680491551459293,0.029185867895545316,0.0,0.03302611367127496,0.0015360983102918587,0.0007680491551459293,0.001152073732718894,0.03533026113671275,0.006528417818740399,0.3759600614439324,2604.0
1004,43.43860600000001,-89.672484,11750.0,0.3880157170923379,0.01768172888015717,0.0019646365422396855,0.0825147347740668,0.0009823182711198428,0.018172888015717092,0.05255402750491159,0.0,0.055992141453831044,0.0063850687622789785,0.0009823182711198428,0.0019646365422396855,0.04273084479371316,0.0063850687622789785,0.3236738703339882,2036.0
1004,43.43860600000001,-89.672484,12250.0,0.41403508771929826,0.009649122807017544,0.002631578947368421,0.09736842105263158,0.0008771929824561404,0.007017543859649123,0.04736842105263158,0.0,0.02017543859649123,0.0,0.0008771929824561404,0.0008771929824561404,0.03508771929824561,0.005263157894736842,0.3587719298245614,1140.0
1004,43.43860600000001,-89.672484,12750.0,0.696969696969697,0.0,0.0,0.16363636363636364,0.0,0.0,0.01818181818181818,0.0,0.012121212121212121,0.0,0.0,0.0,0.0,0.012121212121212121,0.09696969696969697,165.0
1004,43.43860600000001,-89.672484,14250.0,0.6418918918918919,0.013513513513513514,0.0,0.10135135135135136,0.0,0.0,0.0,0.0,0.006756756756756757,0.006756756756756757,0.0,0.006756756756756757,0.0,0.006756756756756757,0.21621621621621623,148.0
1004,43.43860600000001,-89.672484,14750.0,0.5755395683453237,0.007194244604316547,0.0,0.11510791366906475,0.0,0.007194244604316547,0.014388489208633094,0.0,0.0,0.0,0.0,0.0,0.0,0.0,0.2805755395683453,139.0
1153,47.13556,-93.64361,250.0,0.013943808532778356,0.009781477627471384,0.0033298647242455777,0.3157127991675338,0.0,0.3712799167533819,0.03995837669094693,0.0,0.011238293444328824,0.010822060353798128,0.0008324661810613944,0.022476586888657647,0.03995837669094693,0.02830385015608741,0.1323621227887617,2402.5
1153,47.13556,-93.64361,1250.0,0.013844172569220863,0.004829362524146813,0.0051513200257566,0.34900193174500965,0.0,0.38570508692852545,0.0412105602060528,0.0,0.013522215067611075,0.010946555054732776,0.000643915003219575,0.0206052801030264,0.038634900193174504,0.019961365099806824,0.09594333547971667,1553.0
1153,47.13556,-93.64361,1750.0,0.009857328145265888,0.008300907911802853,0.008819714656290532,0.4827496757457847,0.0,0.30557717250324257,0.0357976653696498,0.0,0.010894941634241245,0.011413748378728923,0.0,0.014007782101167316,0.029053177691309988,0.013488975356679637,0.07003891050583658,1927.5
1153,47.13556,-93.64361,2250.0,0.01515847496554892,0.010564997703261369,0.0018373909049150207,0.5140101056499771,0.0,0.28112080845199816,0.03491042719338539,0.0,0.004593477262287551,0.007349563619660083,0.0,0.009186954524575103,0.035829122645842905,0.016536518144235186,0.06890215893431327,1088.5
1153,47.13556,-93.64361,2750.0,0.011111111111111112,0.009150326797385621,0.00261437908496732,0.4947712418300654,0.0,0.3045751633986928,0.032679738562091505,0.0,0.006535947712418301,0.009150326797385621,0.0,0.006535947712418301,0.03137254901960784,0.009150326797385621,0.08235294117647059,765.0
1153,47.13556,-93.64361,3250.0,0.00878972278566599,0.014198782961460446,0.005409060175794456,0.5050709939148073,0.0,0.1839080459770115,0.08248816768086545,0.0,0.013522650439486139,0.02434077079107505,0.0,0.01757944557133198,0.029749830966869506,0.008113590263691683,0.1068289384719405,739.5
1153,47.13556,-93.64361,3750.0,0.010376134889753566,0.0038910505836575876,0.0,0.44357976653696496,0.0,0.29831387808041504,0.020752269779507133,0.0,0.01297016861219196,0.023346303501945526,0.0,0.005188067444876783,0.057068741893644616,0.028534370946822308,0.0959792477302205,385.5
1153,47.13556,-93.64361,4250.0,0.00394563787812363,0.0008768084173608067,0.00263042525208242,0.24550635686102587,0.0,0.1999123191582639,0.1841297676457694,0.0,0.016659359929855327,0.0131521262604121,0.0,0.008768084173608066,0.15431828145550197,0.024550635686102586,0.14555019728189392,1140.5
1153,47.13556,-93.64361,5250.0,0.0,0.0029850746268656717,0.0029850746268656717,0.1791044776119403,0.0,0.1373134328358209,0.11044776119402985,0.0,0.014925373134328358,0.011940298507462687,0.0,0.0,0.3641791044776119,0.011940298507462687,0.16417910447761194,335.0
1153,47.13556,-93.64361,5750.0,0.005699954400364797,0.0009119927040583675,0.0009119927040583675,0.25148198814409484,0.0,0.17920656634746923,0.2079343365253078,0.0,0.023711810305517556,0.02553579571363429,0.0,0.004103967168262654,0.08344733242134063,0.008663930688554491,0.208390332877337,2193.0
1153,47.13556,-93.64361,6250.0,0.004357298474945534,0.002178649237472767,0.0,0.3093681917211329,0.0,0.22004357298474944,0.09586056644880174,0.0,0.02178649237472767,0.02832244008714597,0.0,0.010893246187363835,0.02832244008714597,0.0,0.2788671023965142,459.0
1153,47.13556,-93.64361,6750.0,0.001488095238095238,0.001488095238095238,0.0,0.10416666666666667,0.0,0.2648809523809524,0.23065476190476192,0.0,0.025297619047619048,0.028273809523809524,0.0,0.001488095238095238,0.04017857142857143,0.004464285714285714,0.2976190476190476,672.0
1153,47.13556,-93.64361,7250.0,0.0013333333333333333,0.0,0.0026666666666666666,0.13066666666666665,0.0,0.12933333333333333,0.21466666666666667,0.0,0.02,0.018666666666666668,0.0,0.0,0.08,0.010666666666666666,0.392,750.0
1153,47.13556,-93.64361,7750.0,0.003567787971457696,0.0010193679918450561,0.0030581039755351682,0.2543323139653415,0.0,0.12334352701325178,0.08460754332313965,0.0,0.011213047910295617,0.024464831804281346,0.0,0.00815494393476045,0.12945973496432212,0.0163098878695209,0.34046890927624873,981.0
1153,47.13556,-93.64361,9250.0,0.3031674208144796,0.0,0.00904977375565611,0.07239819004524888,0.0,0.049773755656108594,0.01809954751131222,0.0,0.05429864253393665,0.013574660633484163,0.0,0.0,0.0,0.01809954751131222,0.46153846153846156,221.0
1153,47.13556,-93.64361,9750.0,0.09915833771699106,0.001841136244082062,0.0194634402945818,0.3655970541820095,0.0,0.10415570752235666,0.01841136244082062,0.0,0.01209889531825355,0.03051025775907417,0.0005260389268805891,0.0010520778537611783,0.02472382956338769,0.0194634402945818,0.30299842188321935,1901.0
1153,47.13556,-93.64361,10250.0,0.3231850117096019,0.00234192037470726,0.01405152224824356,0.02107728337236534,0.0,0.1053864168618267,0.02576112412177986,0.0,0.04449648711943794,0.01405152224824356,0.0,0.00234192037470726,0.02107728337236534,0.00936768149882904,0.4168618266978923,427.0
1153,47.13556,-93.64361,11250.0,0.29093050647820967,0.002355712603062426,0.004711425206124852,0.09658421672555949,0.0,0.009422850412249705,0.014134275618374558,0.0,0.009422850412249705,0.002355712603062426,0.0,0.0,0.002355712603062426,0.02591283863368669,0.541813898704358,424.5
1153,47.13556,-93.64361,12250.0,0.2,0.0,0.009523809523809525,0.02857142857142857,0.0,0.01904761904761905,0.01904761904761905,0.0,0.06190476190476191,0.02857142857142857,0.0,0.004761904761904762,0.004761904761904762,0.01904761904761905,0.6047619047619047,210.0
1160,37.432336,-85.72495599999999,250.0,0.0014026758739749676,0.0,0.0,0.02729823047043591,0.0010789814415192059,0.0021579628830384117,0.36706948640483383,0.0008631851532153647,0.031937850668968495,0.017263703064307294,0.039922313336210616,0.010142425550280535,0.0036685369011653,0.006473888649115235,0.4907207596029348,4634.0
1160,37.432336,-85.72495599999999,750.0,0.0018779342723004694,0.0,0.0,0.019092331768388107,0.0,0.0012519561815336462,0.3618153364632238,0.0,0.05508607198748044,0.003129890453834116,0.04006259780907668,0.009389671361502348,0.003129890453834116,0.006259780907668232,0.49890453834115805,1597.5
1160,37.432336,-85.72495599999999,1750.0,0.0,0.0,0.0,0.013039117352056168,0.0,0.0,0.36710130391173523,0.0,0.08625877632898696,0.00802407221664995,0.03610832497492478,0.020060180541624874,0.0020060180541624875,0.00802407221664995,0.4593781344032096,498.5
1160,37.432336,-85.72495599999999,2250.0,0.0,0.0,0.0,0.0,0.0,0.0,0.35040983606557374,0.0,0.05942622950819672,0.0020491803278688526,0.02459016393442623,0.00819672131147541,0.0,0.006147540983606557,0.5491803278688525,488.0
1160,37.432336,-85.72495599999999,3250.0,0.0,0.0,0.0,0.013415892672858616,0.0,0.0,0.3632610939112487,0.0,0.053663570691434466,0.0041279669762641896,0.05985552115583075,0.0020639834881320948,0.0020639834881320948,0.0041279669762641896,0.49742002063983487,484.5
1160,37.432336,-85.72495599999999,3750.0,0.005012531328320802,0.0,0.0,0.020050125313283207,0.0,0.002506265664160401,0.3233082706766917,0.0,0.07518796992481203,0.005012531328320802,0.02506265664160401,0.010025062656641603,0.0,0.002506265664160401,0.531328320802005,399.0
1160,37.432336,-85.72495599999999,4750.0,0.0035252643948296123,0.0,0.0,0.0023501762632197414,0.0,0.0,0.35487661574618096,0.0,0.05875440658049354,0.004700352526439483,0.03290246768507638,0.009400705052878966,0.004700352526439483,0.004700352526439483,0.5240893066980024,425.5
1160,37.432336,-85.72495599999999,5250.0,0.004807692307692308,0.0,0.0,0.002403846153846154,0.0,0.002403846153846154,0.3581730769230769,0.0,0.09375,0.004807692307692308,0.03125,0.014423076923076924,0.004807692307692308,0.002403846153846154,0.4807692307692308,416.0
1160,37.432336,-85.72495599999999,6750.0,0.02576112412177986,0.0,0.0,0.01522248243559719,0.00117096018735363,0.0,0.38524590163934425,0.00117096018735363,0.04449648711943794,0.01288056206088993,0.03278688524590164,0.01405152224824356,0.03981264637002342,0.00936768149882904,0.4180327868852459,854.0
1160,37.432336,-85.72495599999999,7750.0,0.10051546391752578,0.0,0.0,0.007731958762886598,0.0,0.002577319587628866,0.3943298969072165,0.002577319587628866,0.01288659793814433,0.03350515463917526,0.020618556701030927,0.007731958762886598,0.03608247422680412,0.002577319587628866,0.3788659793814433,388.0
1160,37.432336,-85.72495599999999,8750.0,0.1279373368146214,0.0,0.0,0.018276762402088774,0.0026109660574412533,0.005221932114882507,0.3577023498694517,0.0,0.028720626631853787,0.020887728459530026,0.04699738903394256,0.010443864229765013,0.031331592689295036,0.0,0.34986945169712796,383.0
1160,37.432336,-85.72495599999999,9250.0,0.2182741116751269,0.0025380710659898475,0.0,0.01015228426395939,0.0,0.0025380710659898475,0.3020304568527919,0.0025380710659898475,0.012690355329949238,0.03553299492385787,0.02030456852791878,0.007614213197969543,0.025380710659898477,0.0,0.3604060913705584,394.0
1160,37.432336,-85.72495599999999,9750.0,0.061899679829242264,0.0,0.0,0.0096051227321238,0.0,0.0021344717182497333,0.31163287086446106,0.004268943436499467,0.061899679829242264,0.03415154749199573,0.008537886872998933,0.010672358591248666,0.017075773745997867,0.0021344717182497333,0.4759871931696905,468.5
1160,37.432336,-85.72495599999999,10250.0,0.15031152647975077,0.005451713395638629,0.0,0.03348909657320872,0.001557632398753894,0.004672897196261682,0.32554517133956384,0.004672897196261682,0.04205607476635514,0.021806853582554516,0.031931464174454825,0.0132398753894081,0.04750778816199377,0.001557632398753894,0.3161993769470405,1284.0
1160,37.432336,-85.72495599999999,10750.0,0.2243279829820151,0.007928833881260878,0.0,0.059562947205569525,0.0007735447689035003,0.005414813382324502,0.21968671436859408,0.0015470895378070005,0.08895764842390254,0.008508992457938503,0.017017984915877006,0.006961902920131503,0.03055501837168826,0.005414813382324502,0.3233417134016631,2585.5
1160,37.432336,-85.72495599999999,11250.0,0.3141122913505311,0.017830045523520487,0.0,0.08004552352048558,0.0007587253414264037,0.002276176024279211,0.18133535660091046,0.0,0.057663125948406675,0.004552352048558422,0.006069802731411229,0.0037936267071320183,0.026555386949924126,0.002276176024279211,0.30273141122913505,1318.0
1160,37.432336,-85.72495599999999,11750.0,0.3516291274874262,0.015307238136890444,0.0,0.15766455280997158,0.0008746993221080254,0.002186748305270063,0.06691449814126393,0.0004373496610540127,0.04242291712223923,0.0065602449158101905,0.0034987972884321017,0.003061447627378089,0.010496391865296304,0.0017493986442160508,0.3371965886726438,2286.5
1160,37.432336,-85.72495599999999,12750.0,0.34408602150537637,0.004301075268817204,0.0,0.21935483870967742,0.0,0.002150537634408602,0.04516129032258064,0.0,0.021505376344086023,0.002150537634408602,0.0,0.0,0.021505376344086023,0.002150537634408602,0.33763440860215055,465.0
1160,37.432336,-85.72495599999999,14750.0,0.31125827814569534,0.004415011037527594,0.0,0.282560706401766,0.002207505518763797,0.004415011037527594,0.024282560706401765,0.0,0.019867549668874173,0.004415011037527594,0.002207505518763797,0.006622516556291391,0.019867549668874173,0.0,0.31788079470198677,453.0
1448,44.23806,-87.84806,250.0,0.005263157894736842,0.0006578947368421052,0.007236842105263158,0.18157894736842106,0.026973684210526316,0.14276315789473684,0.24407894736842106,0.07039473684210526,0.04342105263157895,0.046052631578947366,0.0125,0.026973684210526316,0.042105263157894736,0.0,0.15,1520.0
1448,44.23806,-87.84806,750.0,0.005516154452324665,0.0015760441292356187,0.013396375098502758,0.2198581560283688,0.018124507486209612,0.1095350669818755,0.2844759653270292,0.08037825059101655,0.03152088258471237,0.04728132387706856,0.006304176516942475,0.018124507486209612,0.037037037037037035,0.0,0.12687155240346729,1269.0
1448,44.23806,-87.84806,1250.0,0.0048543689320388345,0.0008090614886731392,0.011326860841423949,0.2936893203883495,0.01779935275080906,0.08495145631067962,0.27103559870550165,0.03317152103559871,0.0412621359223301,0.050970873786407765,0.007281553398058253,0.02912621359223301,0.019417475728155338,0.0024271844660194173,0.13187702265372167,1236.0
1448,44.23806,-87.84806,1750.0,0.0030959752321981426,0.0,0.005159958720330237,0.22910216718266255,0.013415892672858616,0.0846233230134159,0.3137254901960784,0.0412796697626419,0.030959752321981424,0.06811145510835913,0.009287925696594427,0.025799793601651185,0.033023735810113516,0.0,0.14241486068111456,969.0
1448,44.23806,-87.84806,2250.0,0.004197271773347324,0.001049317943336831,0.005246589716684155,0.23189926547743966,0.007345225603357817,0.10073452256033578,0.23399790136411333,0.08814270724029381,0.03777544596012592,0.048268625393494226,0.012591815320041973,0.023084994753410283,0.03147953830010493,0.0,0.17418677859391396,953.0
1448,44.23806,-87.84806,2750.0,0.004746835443037975,0.0,0.00949367088607595,0.2626582278481013,0.0031645569620253164,0.0680379746835443,0.28322784810126583,0.058544303797468354,0.03164556962025317,0.05221518987341772,0.012658227848101266,0.0189873417721519,0.02531645569620253,0.0,0.16930379746835442,632.0
1448,44.23806,-87.84806,3250.0,0.005302226935312832,0.0,0.005302226935312832,0.21527041357370094,0.0042417815482502655,0.05620360551431601,0.344644750795334,0.027571580063626724,0.03499469777306469,0.051961823966065745,0.003181336161187699,0.031813361611876985,0.031813361611876985,0.0010604453870625664,0.18663838812301167,943.0
1448,44.23806,-87.84806,3750.0,0.0015698587127158557,0.0,0.0031397174254317113,0.21350078492935637,0.004709576138147566,0.03610675039246468,0.3281004709576138,0.06593406593406594,0.04709576138147567,0.0847723704866562,0.0141287284144427,0.02197802197802198,0.023547880690737835,0.0015698587127158557,0.15384615384615385,637.0
1448,44.23806,-87.84806,4250.0,0.0016051364365971107,0.0016051364365971107,0.004815409309791332,0.24398073836276082,0.0016051364365971107,0.024077046548956663,0.3162118780096308,0.0738362760834671,0.033707865168539325,0.08667736757624397,0.016051364365971106,0.03210272873194221,0.011235955056179775,0.0,0.15248796147672553,623.0
1448,44.23806,-87.84806,4750.0,0.001455604075691412,0.0,0.008733624454148471,0.17467248908296942,0.004366812227074236,0.03784570596797671,0.39592430858806404,0.010189228529839884,0.03056768558951965,0.08733624454148471,0.011644832605531296,0.021834061135371178,0.026200873362445413,0.004366812227074236,0.1848617176128093,687.0
1448,44.23806,-87.84806,5250.0,0.0021413276231263384,0.0010706638115631692,0.0021413276231263384,0.10385438972162742,0.004282655246252677,0.033190578158458245,0.3554603854389722,0.007494646680942184,0.031049250535331904,0.1284796573875803,0.008565310492505354,0.03854389721627409,0.022483940042826552,0.0,0.26124197002141325,934.0
1448,44.23806,-87.84806,5750.0,0.0,0.0,0.0016313213703099511,0.18923327895595432,0.0,0.01631321370309951,0.3099510603588907,0.008156606851549755,0.04730831973898858,0.1761827079934747,0.026101141924959218,0.03588907014681892,0.0032626427406199023,0.0,0.1859706362153344,613.0
1448,44.23806,-87.84806,6250.0,0.0,0.003076923076923077,0.006153846153846154,0.15384615384615385,0.0,0.009230769230769232,0.3507692307692308,0.0,0.04923076923076923,0.18153846153846154,0.024615384615384615,0.018461538461538463,0.0,0.0,0.20307692307692307,325.0
1448,44.23806,-87.84806,6750.0,0.0,0.0,0.006269592476489028,0.2006269592476489,0.001567398119122257,0.012539184952978056,0.2884012539184953,0.003134796238244514,0.03918495297805643,0.1896551724137931,0.006269592476489028,0.047021943573667714,0.006269592476489028,0.0,0.19905956112852666,638.0
1448,44.23806,-87.84806,7250.0,0.003194888178913738,0.0,0.003194888178913738,0.2108626198083067,0.0,0.003194888178913738,0.3354632587859425,0.0,0.03514376996805112,0.1757188498402556,0.012779552715654952,0.04472843450479233,0.012779552715654952,0.0,0.16293929712460065,313.0
1448,44.23806,-87.84806,7750.0,0.003988035892323031,0.0,0.0029910269192422734,0.28913260219341974,0.0,0.018943170488534396,0.1984047856430708,0.0,0.02991026919242273,0.13758723828514458,0.003988035892323031,0.03290129611166501,0.004985044865403789,0.0,0.27716849451645065,1003.0
1448,44.23806,-87.84806,8250.0,0.009966777408637873,0.0,0.009966777408637873,0.37209302325581395,0.0,0.059800664451827246,0.1362126245847176,0.0,0.023255813953488372,0.11295681063122924,0.006644518272425249,0.023255813953488372,0.006644518272425249,0.0,0.23920265780730898,301.0
1448,44.23806,-87.84806,8750.0,0.003076923076923077,0.0,0.0015384615384615385,0.36,0.0,0.05384615384615385,0.19538461538461538,0.0,0.016923076923076923,0.07230769230769231,0.006153846153846154,0.06307692307692307,0.003076923076923077,0.0,0.2246153846153846,650.0
1448,44.23806,-87.84806,9250.0,0.006097560975609756,0.009146341463414634,0.0,0.4420731707317073,0.0,0.057926829268292686,0.19817073170731708,0.0,0.039634146341463415,0.06097560975609756,0.0,0.03353658536585366,0.006097560975609756,0.0,0.14634146341463414,328.0
1448,44.23806,-87.84806,9750.0,0.021244309559939303,0.018209408194233688,0.009104704097116844,0.3110773899848255,0.0,0.15477996965098634,0.18209408194233687,0.0,0.03793626707132018,0.10015174506828528,0.004552352048558422,0.015174506828528073,0.006069802731411229,0.0,0.13960546282245828,659.0
1448,44.23806,-87.84806,10250.0,0.023255813953488372,0.01744186046511628,0.014534883720930232,0.40261627906976744,0.0,0.1816860465116279,0.11482558139534883,0.0,0.03924418604651163,0.09011627906976744,0.011627906976744186,0.00436046511627907,0.0,0.0,0.1002906976744186,688.0
1448,44.23806,-87.84806,10750.0,0.2032520325203252,0.024390243902439025,0.03048780487804878,0.28760162601626016,0.0,0.0701219512195122,0.11788617886178862,0.0,0.06097560975609756,0.0741869918699187,0.0040650406504065045,0.0,0.007113821138211382,0.0,0.11991869918699187,984.0
1448,44.23806,-87.84806,11250.0,0.09570957095709572,0.0462046204620462,0.036303630363036306,0.26732673267326734,0.0,0.18811881188118812,0.09900990099009901,0.0,0.0891089108910891,0.052805280528052806,0.0033003300330033004,0.0,0.0033003300330033004,0.0,0.1188118811881188,303.0
1448,44.23806,-87.84806,11750.0,0.5950323974082073,0.009719222462203024,0.038876889848812095,0.06587473002159827,0.0,0.029157667386609073,0.05183585313174946,0.0,0.04643628509719223,0.02159827213822894,0.0,0.0021598272138228943,0.011879049676025918,0.0,0.12742980561555076,926.0
1448,44.23806,-87.84806,12750.0,0.5613839285714286,0.010044642857142858,0.0390625,0.008928571428571428,0.0,0.024553571428571428,0.056919642857142856,0.0,0.014508928571428572,0.014508928571428572,0.005580357142857143,0.002232142857142857,0.0078125,0.0,0.2544642857142857,896.0
1448,44.23806,-87.84806,13250.0,0.565858798735511,0.004214963119072708,0.02528977871443625,0.004214963119072708,0.0,0.009483667017913594,0.06322444678609063,0.0,0.0642781875658588,0.011591148577449948,0.005268703898840885,0.0,0.005268703898840885,0.0,0.24130663856691253,949.0
1448,44.23806,-87.84806,13750.0,0.5664921465968586,0.005235602094240838,0.024083769633507852,0.009424083769633508,0.0,0.0031413612565445027,0.06282722513089005,0.0,0.08586387434554973,0.012565445026178011,0.0020942408376963353,0.0,0.005235602094240838,0.0,0.22303664921465968,955.0
1448,44.23806,-87.84806,14250.0,0.47491638795986624,0.0,0.046822742474916385,0.013377926421404682,0.0,0.013377926421404682,0.056856187290969896,0.0,0.11036789297658862,0.010033444816053512,0.0,0.0,0.0,0.0,0.27424749163879597,299.0
1448,44.23806,-87.84806,14750.0,0.5559105431309904,0.0,0.08626198083067092,0.0,0.0,0.006389776357827476,0.0670926517571885,0.0,0.06070287539936102,0.003194888178913738,0.006389776357827476,0.003194888178913738,0.0,0.0,0.2108626198083067,313.0
1633,45.047734000000005,-92.824634,250.0,0.004814305364511692,0.0,0.001375515818431912,0.13548830811554333,0.0034387895460797797,0.06602475928473177,0.3081155433287483,0.0,0.014442916093535076,0.03370013755158184,0.005502063273727648,0.015130674002751032,0.023383768913342505,0.013067400275103164,0.37551581843191195,1454.0
1633,45.047734000000005,-92.824634,750.0,0.0,0.0,0.0,0.10185185185185185,0.004629629629629629,0.08333333333333333,0.5277777777777778,0.004629629629629629,0.0,0.018518518518518517,0.004629629629629629,0.013888888888888888,0.032407407407407406,0.009259259259259259,0.19907407407407407,216.0
1633,45.047734000000005,-92.824634,1250.0,0.0,0.0,0.0,0.08866995073891626,0.0,0.08374384236453201,0.4433497536945813,0.0,0.0049261083743842365,0.034482758620689655,0.0,0.0,0.024630541871921183,0.0,0.32019704433497537,203.0
1633,45.047734000000005,-92.824634,1750.0,0.004098360655737705,0.004098360655737705,0.0,0.13524590163934427,0.0,0.05327868852459016,0.4139344262295082,0.0,0.00819672131147541,0.012295081967213115,0.0,0.004098360655737705,0.028688524590163935,0.0,0.3360655737704918,244.0
1633,45.047734000000005,-92.824634,2250.0,0.0,0.0,0.0,0.1032258064516129,0.0,0.054838709677419356,0.4290322580645161,0.0,0.016129032258064516,0.03225806451612903,0.0064516129032258064,0.00967741935483871,0.03225806451612903,0.016129032258064516,0.3,310.0
1633,45.047734000000005,-92.824634,2750.0,0.0,0.0,0.0,0.14012738853503184,0.0031847133757961785,0.07006369426751592,0.40445859872611467,0.0,0.009554140127388535,0.03184713375796178,0.0031847133757961785,0.012738853503184714,0.041401273885350316,0.006369426751592357,0.2770700636942675,314.0
1633,45.047734000000005,-92.824634,3250.0,0.004373177842565598,0.0,0.0014577259475218659,0.1151603498542274,0.0,0.04956268221574344,0.45335276967930027,0.0014577259475218659,0.013119533527696793,0.01749271137026239,0.0014577259475218659,0.018950437317784258,0.037900874635568516,0.0029154518950437317,0.282798833819242,686.0
1633,45.047734000000005,-92.824634,4250.0,0.008888888888888889,0.0022222222222222222,0.0,0.16444444444444445,0.0,0.015555555555555555,0.35333333333333333,0.0,0.017777777777777778,0.011111111111111112,0.0022222222222222222,0.0022222222222222222,0.024444444444444446,0.0022222222222222222,0.39555555555555555,450.0
1633,45.047734000000005,-92.824634,5250.0,0.0,0.0,0.0,0.10256410256410256,0.0,0.008547008547008548,0.2777777777777778,0.0,0.008547008547008548,0.03418803418803419,0.0,0.01282051282051282,0.017094017094017096,0.004273504273504274,0.5341880341880342,234.0
1633,45.047734000000005,-92.824634,6750.0,0.0,0.0034965034965034965,0.0,0.11888111888111888,0.0,0.013986013986013986,0.26573426573426573,0.0,0.017482517482517484,0.05244755244755245,0.0,0.01048951048951049,0.013986013986013986,0.0,0.5034965034965035,286.0
1633,45.047734000000005,-92.824634,7250.0,0.006514657980456026,0.0,0.0,0.08794788273615635,0.0,0.0,0.15960912052117263,0.003257328990228013,0.006514657980456026,0.03908794788273615,0.006514657980456026,0.006514657980456026,0.016286644951140065,0.009771986970684038,0.6579804560260586,307.0
1633,45.047734000000005,-92.824634,7750.0,0.0016129032258064516,0.0016129032258064516,0.0016129032258064516,0.19838709677419356,0.0,0.01129032258064516,0.14516129032258066,0.0016129032258064516,0.024193548387096774,0.10483870967741936,0.0064516129032258064,0.012903225806451613,0.01935483870967742,0.0,0.47096774193548385,620.0
1633,45.047734000000005,-92.824634,8750.0,0.014814814814814815,0.0,0.0,0.26666666666666666,0.0,0.019753086419753086,0.12098765432098765,0.0,0.02962962962962963,0.17777777777777778,0.009876543209876543,0.0049382716049382715,0.019753086419753086,0.0049382716049382715,0.3308641975308642,405.0
1633,45.047734000000005,-92.824634,9250.0,0.006915629322268326,0.006915629322268326,0.0013831258644536654,0.43568464730290457,0.0,0.03734439834024896,0.11341632088520055,0.0,0.02627939142461964,0.15352697095435686,0.008298755186721992,0.005532503457814661,0.02074688796680498,0.0013831258644536654,0.1825726141078838,723.0
1633,45.047734000000005,-92.824634,9750.0,0.11676451402478799,0.005218525766470972,0.010437051532941943,0.3020221787345075,0.0,0.08284409654272668,0.08414872798434442,0.0,0.038486627527723416,0.11937377690802348,0.0045662100456621,0.012393998695368558,0.03718199608610567,0.007827788649706457,0.17873450750163078,1533.0
1633,45.047734000000005,-92.824634,10250.0,0.28875968992248063,0.00872093023255814,0.01744186046511628,0.22286821705426357,0.0,0.14050387596899225,0.03391472868217054,0.0,0.04941860465116279,0.023255813953488372,0.0,0.001937984496124031,0.020348837209302327,0.00872093023255814,0.18410852713178294,1032.0
1633,45.047734000000005,-92.824634,12250.0,0.43457943925233644,0.0,0.018691588785046728,0.04205607476635514,0.0,0.009345794392523364,0.028037383177570093,0.0,0.19626168224299065,0.014018691588785047,0.0,0.0,0.0,0.0,0.2570093457943925,214.0
1633,45.047734000000005,-92.824634,13750.0,0.358974358974359,0.01098901098901099,0.02564102564102564,0.02197802197802198,0.0,0.007326007326007326,0.06227106227106227,0.0,0.17582417582417584,0.01098901098901099,0.0,0.01098901098901099,0.003663003663003663,0.01098901098901099,0.30036630036630035,273.0
1824,43.34114,-95.12645,250.0,0.009843659525188187,0.0005790387955993051,0.0,0.04371742906774754,0.0,0.009843659525188187,0.18268674001158078,0.0,0.013028372900984365,0.017081644470179503,0.007237984944991315,0.003474232773595831,0.0026056745801968733,0.0008685581933989577,0.7090330052113492,3454.0
1824,43.34114,-95.12645,750.0,0.01717791411042945,0.0006134969325153375,0.0,0.08773006134969324,0.0,0.012269938650306749,0.17607361963190185,0.0,0.011656441717791411,0.01717791411042945,0.007361963190184049,0.0018404907975460123,0.007975460122699387,0.0006134969325153375,0.6595092024539877,1630.0
1824,43.34114,-95.12645,1250.0,0.019762845849802372,0.0,0.0,0.08201581027667984,0.0,0.012845849802371542,0.1600790513833992,0.0,0.01383399209486166,0.014822134387351778,0.012845849802371542,0.0009881422924901185,0.004940711462450593,0.0,0.6778656126482213,1012.0
1824,43.34114,-95.12645,1750.0,0.03257650542941757,0.0,0.0,0.034550839091806514,0.0,0.01579466929911155,0.1934846989141165,0.0,0.006910167818361303,0.02171767028627838,0.009871668311944718,0.0019743336623889436,0.004935834155972359,0.0,0.6781836130306022,1013.0
1824,43.34114,-95.12645,2250.0,0.016832440703902066,0.0,0.0,0.060443764345830146,0.0,0.016067329762815608,0.18439173680183626,0.0,0.008416220351951033,0.026013771996939557,0.0038255547054322878,0.0022953328232593728,0.01224177505738332,0.0007651109410864575,0.6687069625095639,1307.0
1824,43.34114,-95.12645,2750.0,0.015723270440251572,0.0,0.0,0.0589622641509434,0.0,0.01729559748427673,0.16745283018867924,0.0,0.008647798742138365,0.026729559748427674,0.0047169811320754715,0.0015723270440251573,0.00550314465408805,0.0,0.6933962264150944,1272.0
1824,43.34114,-95.12645,3250.0,0.013973799126637555,0.0,0.0,0.06331877729257641,0.0,0.008296943231441048,0.1663755458515284,0.0,0.012663755458515284,0.02925764192139738,0.005240174672489083,0.002183406113537118,0.008733624454148471,0.0,0.6899563318777293,2290.0
1824,43.34114,-95.12645,3750.0,0.012578616352201259,0.0,0.0,0.0440251572327044,0.0,0.015723270440251572,0.16352201257861634,0.0,0.009433962264150943,0.02830188679245283,0.0031446540880503146,0.0,0.0,0.0,0.7232704402515723,318.0
1824,43.34114,-95.12645,4250.0,0.016541353383458645,0.0015037593984962407,0.0,0.039097744360902256,0.0,0.004511278195488722,0.08721804511278196,0.0,0.013533834586466165,0.015037593984962405,0.0015037593984962407,0.0,0.0030075187969924814,0.0,0.8180451127819549,665.0
1824,43.34114,-95.12645,4750.0,0.011913626209977662,0.0007446016381236039,0.0,0.06626954579300075,0.0,0.006701414743112435,0.05956813104988831,0.0,0.007446016381236039,0.008935219657483246,0.0029784065524944155,0.0007446016381236039,0.0037230081906180195,0.0,0.8309754281459419,1343.0
1824,43.34114,-95.12645,5250.0,0.00655933214072749,0.0005963029218843172,0.0005963029218843172,0.042337507453786526,0.0,0.0011926058437686344,0.035181872391174714,0.0,0.0041741204531902205,0.010137149672033392,0.0,0.0011926058437686344,0.0,0.0,0.8980322003577818,1677.0
1824,43.34114,-95.12645,5750.0,0.006901840490797546,0.0,0.0,0.032208588957055216,0.0,0.0007668711656441718,0.0299079754601227,0.0,0.005368098159509203,0.013803680981595092,0.0015337423312883436,0.0,0.0015337423312883436,0.0,0.9079754601226994,1304.0
1824,43.34114,-95.12645,6250.0,0.005982053838484547,0.0,0.0,0.04287138584247258,0.0,0.0004985044865403788,0.02642073778664008,0.0,0.006480558325024925,0.00847457627118644,0.0,0.0024925224327018943,0.0009970089730807576,0.0,0.9057826520438684,2006.0
1824,43.34114,-95.12645,6750.0,0.011922503725782414,0.0,0.0,0.037257824143070044,0.0014903129657228018,0.0014903129657228018,0.029806259314456036,0.0,0.005961251862891207,0.010432190760059613,0.0,0.0,0.004470938897168405,0.0,0.8971684053651267,671.0
1824,43.34114,-95.12645,7250.0,0.014227642276422764,0.0,0.0,0.03048780487804878,0.0,0.0020325203252032522,0.021341463414634148,0.0,0.003048780487804878,0.013211382113821139,0.0010162601626016261,0.0,0.0020325203252032522,0.0,0.9126016260162602,984.0
1824,43.34114,-95.12645,7750.0,0.010269576379974325,0.0,0.0,0.03401797175866496,0.0,0.0038510911424903724,0.04300385109114249,0.0,0.0038510911424903724,0.024390243902439025,0.0006418485237483953,0.0,0.004492939666238768,0.0,0.8754813863928113,1558.0
1824,43.34114,-95.12645,8250.0,0.013157894736842105,0.000986842105263158,0.0,0.03585526315789474,0.0,0.006578947368421052,0.05986842105263158,0.0,0.008223684210526315,0.04473684210526316,0.002302631578947368,0.0042763157894736845,0.004605263157894736,0.0,0.8194078947368421,3040.0
1824,43.34114,-95.12645,8750.0,0.033320266562132494,0.0015680125441003528,0.0011760094080752645,0.04037632301058409,0.0003920031360250882,0.00862406899255194,0.1128969031752254,0.0,0.013720109760878087,0.1591532732261858,0.00862406899255194,0.012152097216777734,0.007840062720501764,0.0,0.6001568012544101,2551.0
1824,43.34114,-95.12645,9250.0,0.008215085884988798,0.0014936519790888724,0.0,0.040328603435399554,0.0,0.044062733383121735,0.22479462285287527,0.0,0.05153099327856609,0.2643764002987304,0.020911127707244213,0.01568334578043316,0.00597460791635549,0.0,0.32262882748319643,1339.0
1824,43.34114,-95.12645,9750.0,0.02252252252252252,0.0045045045045045045,0.0,0.04054054054054054,0.0,0.016516516516516516,0.11411411411411411,0.0,0.012012012012012012,0.16966966966966968,0.021021021021021023,0.018018018018018018,0.0075075075075075074,0.0,0.5735735735735735,666.0
1824,43.34114,-95.12645,10250.0,0.0096,0.0,0.0,0.0448,0.0,0.0208,0.1664,0.0,0.0336,0.3376,0.024,0.0256,0.008,0.0,0.3296,625.0
1824,43.34114,-95.12645,10750.0,0.13835198372329605,0.024415055951169887,0.00508646998982706,0.02034587995930824,0.0,0.1515768056968464,0.12817904374364192,0.0,0.10885045778229908,0.2126144455747711,0.004069175991861648,0.011190233977619531,0.06205493387589013,0.0,0.13326551373346898,983.0
1824,43.34114,-95.12645,11250.0,0.3194029850746269,0.012935323383084577,0.006965174129353234,0.010945273631840797,0.0,0.10746268656716418,0.03383084577114428,0.0,0.08756218905472637,0.03283582089552239,0.0009950248756218905,0.0009950248756218905,0.09651741293532339,0.0,0.28955223880597014,1005.0
1824,43.34114,-95.12645,11750.0,0.6967741935483871,0.0032258064516129032,0.03225806451612903,0.0,0.0,0.0,0.01935483870967742,0.0,0.06129032258064516,0.0032258064516129032,0.0,0.0064516129032258064,0.012903225806451613,0.0,0.16451612903225807,310.0
1824,43.34114,-95.12645,13250.0,0.4481037924151697,0.01996007984031936,0.017964071856287425,0.005988023952095809,0.0,0.028942115768463075,0.05588822355289421,0.0,0.08782435129740519,0.014970059880239521,0.0,0.001996007984031936,0.00998003992015968,0.0,0.3083832335329341,1002.0
1824,43.34114,-95.12645,14250.0,0.6463414634146342,0.03048780487804878,0.012195121951219513,0.006097560975609756,0.0,0.06097560975609756,0.027439024390243903,0.0,0.027439024390243903,0.04878048780487805,0.0,0.006097560975609756,0.009146341463414634,0.0,0.125,328.0
1824,43.34114,-95.12645,14750.0,0.5917480998914224,0.0054288816503800215,0.03257328990228013,0.019543973941368076,0.0,0.0054288816503800215,0.014115092290988056,0.0,0.009771986970684038,0.002171552660152009,0.0,0.0010857763300760044,0.009771986970684038,0.0,0.30836047774158526,921.0
1961,44.03333,-70.35,250.0,0.025295109612141653,0.003372681281618887,0.0008431703204047217,0.1357504215851602,0.09021922428330523,0.25674536256323777,0.2145868465430017,0.09949409780775717,0.01770657672849916,0.0096964586846543,0.0021079258010118043,0.01812816188870152,0.01433389544688027,0.002529510961214165,0.10919055649241147,2372.0
1961,44.03333,-70.35,750.0,0.012674271229404309,0.0038022813688212928,0.0,0.12167300380228137,0.19011406844106463,0.2788339670468948,0.06717363751584284,0.1850443599493029,0.022813688212927757,0.012674271229404309,0.0012674271229404308,0.02788339670468948,0.005069708491761723,0.0012674271229404308,0.0697084917617237,789.0
1961,44.03333,-70.35,1250.0,0.006688963210702341,0.006688963210702341,0.0,0.14046822742474915,0.2508361204013378,0.23076923076923078,0.05351170568561873,0.22408026755852842,0.013377926421404682,0.013377926421404682,0.0,0.010033444816053512,0.013377926421404682,0.010033444816053512,0.026755852842809364,299.0
1961,44.03333,-70.35,1750.0,0.0031446540880503146,0.0,0.0,0.09433962264150944,0.3081761006289308,0.19811320754716982,0.07861635220125786,0.2169811320754717,0.018867924528301886,0.0031446540880503146,0.0,0.03773584905660377,0.009433962264150943,0.0031446540880503146,0.02830188679245283,318.0
1961,44.03333,-70.35,2250.0,0.002952755905511811,0.000984251968503937,0.0,0.2047244094488189,0.1624015748031496,0.25098425196850394,0.09940944881889764,0.16633858267716536,0.012795275590551181,0.005905511811023622,0.002952755905511811,0.028543307086614175,0.005905511811023622,0.001968503937007874,0.054133858267716536,1016.0
1961,44.03333,-70.35,3250.0,0.0016207455429497568,0.0,0.0016207455429497568,0.1620745542949757,0.18314424635332252,0.18638573743922204,0.10291734197730956,0.22852512155591573,0.02106969205834684,0.012155591572123177,0.0024311183144246355,0.031604538087520256,0.01053484602917342,0.0016207455429497568,0.05429497568881685,1234.0
1961,44.03333,-70.35,3750.0,0.0009066183136899365,0.0,0.0009066183136899365,0.242973708068903,0.056210335448776065,0.20036264732547598,0.22212148685403446,0.13327289211242066,0.014505893019038985,0.006346328195829556,0.001813236627379873,0.04079782411604715,0.009066183136899365,0.0,0.07071622846781506,1103.0
1961,44.03333,-70.35,4250.0,0.0012911555842479018,0.0,0.0,0.23369916074887023,0.05487411233053583,0.22143318269851517,0.24402840542285345,0.12330535829567463,0.014848289218850872,0.01355713363460297,0.0012911555842479018,0.02646868947708199,0.005164622336991607,0.0032278889606197547,0.056810845706907684,1549.0
1961,44.03333,-70.35,4750.0,0.0008305647840531562,0.0008305647840531562,0.0,0.1877076411960133,0.1686046511627907,0.22591362126245848,0.13205980066445183,0.1362126245847176,0.02159468438538206,0.014119601328903655,0.0024916943521594683,0.03156146179401993,0.013289036544850499,0.0016611295681063123,0.06312292358803986,1204.0
1961,44.03333,-70.35,5250.0,0.002969561989606533,0.0,0.0,0.18040089086859687,0.23348181143281366,0.19710467706013363,0.1718634001484781,0.08277654046028211,0.022642910170749816,0.01967334818114328,0.0014847809948032665,0.020415738678544914,0.012620638455827766,0.0025983667409057165,0.05196733481811433,2694.0
1961,44.03333,-70.35,5750.0,0.002798507462686567,0.0,0.0,0.146455223880597,0.2583955223880597,0.19309701492537312,0.15298507462686567,0.0960820895522388,0.03731343283582089,0.029850746268656716,0.0009328358208955224,0.026119402985074626,0.013059701492537313,0.0018656716417910447,0.041044776119402986,1072.0
1961,44.03333,-70.35,6250.0,0.0,0.0,0.0,0.4832904884318766,0.11825192802056556,0.11568123393316196,0.14138817480719795,0.017994858611825194,0.02056555269922879,0.015424164524421594,0.0,0.007712082262210797,0.010282776349614395,0.005141388174807198,0.06426735218508997,389.0
1961,44.03333,-70.35,7250.0,0.0020161290322580645,0.0,0.0,0.40524193548387094,0.18548387096774194,0.08669354838709678,0.16330645161290322,0.010080645161290322,0.018145161290322582,0.0020161290322580645,0.0020161290322580645,0.012096774193548387,0.020161290322580645,0.0,0.09274193548387097,496.0
1961,44.03333,-70.35,7750.0,0.0016339869281045752,0.006535947712418301,0.0,0.4068627450980392,0.09477124183006536,0.14052287581699346,0.2042483660130719,0.0016339869281045752,0.017973856209150325,0.014705882352941176,0.0,0.011437908496732025,0.017973856209150325,0.008169934640522876,0.07352941176470588,612.0
1961,44.03333,-70.35,8250.0,0.0,0.0028368794326241137,0.0,0.4085106382978723,0.02553191489361702,0.18156028368794327,0.23120567375886525,0.0028368794326241137,0.01702127659574468,0.02127659574468085,0.0014184397163120568,0.00425531914893617,0.028368794326241134,0.005673758865248227,0.06950354609929078,705.0
1961,44.03333,-70.35,8750.0,0.0,0.00620347394540943,0.0012406947890818859,0.3523573200992556,0.022332506203473945,0.20719602977667495,0.2518610421836228,0.0024813895781637717,0.02977667493796526,0.011166253101736972,0.0,0.009925558312655087,0.02109181141439206,0.009925558312655087,0.07444168734491315,806.0
1961,44.03333,-70.35,9250.0,0.0750256937307297,0.01644398766700925,0.007194244604316547,0.40698869475847893,0.010277492291880781,0.17574511819116137,0.13874614594039056,0.0,0.010277492291880781,0.008221993833504625,0.0,0.009249743062692703,0.06372045220966084,0.01644398766700925,0.06166495375128469,973.0
1961,44.03333,-70.35,9750.0,0.031141868512110725,0.015570934256055362,0.0034602076124567475,0.23356401384083045,0.0017301038062283738,0.5588235294117647,0.04498269896193772,0.0017301038062283738,0.01384083044982699,0.0034602076124567475,0.0,0.006920415224913495,0.01903114186851211,0.01730103806228374,0.04844290657439446,578.0
1961,44.03333,-70.35,10250.0,0.5667870036101083,0.0018050541516245488,0.0,0.15162454873646208,0.0,0.0631768953068592,0.009025270758122744,0.0,0.0,0.0,0.0,0.0018050541516245488,0.04332129963898917,0.007220216606498195,0.1552346570397112,554.0
1961,44.03333,-70.35,10750.0,0.369281045751634,0.006535947712418301,0.0032679738562091504,0.09477124183006536,0.0,0.24836601307189543,0.0032679738562091504,0.0,0.0032679738562091504,0.0,0.0,0.006535947712418301,0.0915032679738562,0.0032679738562091504,0.16993464052287582,306.0
1961,44.03333,-70.35,11250.0,0.6612377850162866,0.006514657980456026,0.0,0.11726384364820847,0.0,0.04234527687296417,0.05211726384364821,0.0,0.006514657980456026,0.0,0.0,0.0,0.013029315960912053,0.006514657980456026,0.09446254071661238,307.0
1961,44.03333,-70.35,11750.0,0.3431372549019608,0.0,0.0032679738562091504,0.16666666666666666,0.0,0.10130718954248366,0.016339869281045753,0.0,0.0,0.0,0.0,0.0,0.0,0.13398692810457516,0.23529411764705882,306.0
1961,44.03333,-70.35,13250.0,0.4189189189189189,0.0,0.0,0.20270270270270271,0.0,0.060810810810810814,0.006756756756756757,0.0,0.0,0.013513513513513514,0.006756756756756757,0.0,0.0,0.006756756756756757,0.28378378378378377,148.0
1966,47.0798,-94.1142,250.0,0.01602136181575434,0.009345794392523364,0.00801068090787717,0.5727636849132176,0.0020026702269692926,0.13050734312416556,0.04305740987983979,0.0,0.00801068090787717,0.00801068090787717,0.0010013351134846463,0.007009345794392523,0.038050734312416554,0.004672897196261682,0.15153538050734314,2996.0
1966,47.0798,-94.1142,750.0,0.00697350069735007,0.005578800557880056,0.008368200836820083,0.5746164574616457,0.0,0.15760111576011157,0.0502092050209205,0.0,0.002789400278940028,0.009762900976290097,0.0,0.005578800557880056,0.0599721059972106,0.005578800557880056,0.11297071129707113,717.0
1966,47.0798,-94.1142,1250.0,0.005361930294906166,0.00804289544235925,0.00804289544235925,0.5844504021447721,0.0,0.14745308310991956,0.05093833780160858,0.0,0.002680965147453083,0.010723860589812333,0.0,0.0,0.03753351206434316,0.0160857908847185,0.128686327077748,373.0
1966,47.0798,-94.1142,1750.0,0.007850834151128557,0.001962708537782139,0.012757605495583905,0.6575073601570167,0.0,0.14033366045142295,0.06575073601570167,0.0,0.0009813542688910696,0.0068694798822374874,0.0,0.003925417075564278,0.029440628066732092,0.0009813542688910696,0.07163886162904809,1019.0
1966,47.0798,-94.1142,2250.0,0.011594202898550725,0.008695652173913044,0.008695652173913044,0.6840579710144927,0.0,0.11304347826086956,0.03188405797101449,0.0,0.005797101449275362,0.014492753623188406,0.0,0.0,0.0463768115942029,0.0,0.07536231884057971,345.0
1966,47.0798,-94.1142,2750.0,0.00684931506849315,0.009589041095890411,0.00821917808219178,0.6767123287671233,0.0,0.13013698630136986,0.043835616438356165,0.0,0.00410958904109589,0.0136986301369863,0.0013698630136986301,0.0013698630136986301,0.0273972602739726,0.0027397260273972603,0.07397260273972603,730.0
1966,47.0798,-94.1142,3250.0,0.0035026269702276708,0.0035026269702276708,0.002626970227670753,0.6243432574430823,0.0,0.1042031523642732,0.06654991243432574,0.0,0.010507880910683012,0.009632224168126095,0.0,0.0017513134851138354,0.03590192644483362,0.0035026269702276708,0.1339754816112084,1142.0
1966,47.0798,-94.1142,3750.0,0.002297970126388357,0.0007659900421294523,0.011872845653006512,0.28609728073535046,0.0,0.13749521256223668,0.14707008808885486,0.0,0.01800076599004213,0.012638835695135964,0.0,0.0015319800842589046,0.07506702412868632,0.005361930294906166,0.3018000765990042,2611.0
1966,47.0798,-94.1142,4750.0,0.0028089887640449437,0.001203852327447833,0.009630818619582664,0.199438202247191,0.0004012841091492777,0.09670947030497593,0.22913322632423755,0.0004012841091492777,0.020465489566613163,0.03651685393258427,0.0,0.0032102728731942215,0.05056179775280899,0.0040128410914927765,0.3455056179775281,2492.0
1966,47.0798,-94.1142,5250.0,0.0004597701149425287,0.0004597701149425287,0.001379310344827586,0.17011494252873563,0.0,0.06620689655172414,0.21379310344827587,0.0,0.037241379310344824,0.03586206896551724,0.0,0.0009195402298850574,0.033563218390804596,0.004137931034482759,0.43586206896551727,2175.0
1966,47.0798,-94.1142,5750.0,0.0022205773501110288,0.0,0.0014803849000740192,0.21761658031088082,0.0,0.08216136195410807,0.24352331606217617,0.0007401924500370096,0.01776461880088823,0.03256846780162842,0.0007401924500370096,0.0007401924500370096,0.02442635085122132,0.006661732050333087,0.36935603256846783,1351.0
1966,47.0798,-94.1142,6250.0,0.0016992353440951572,0.0008496176720475786,0.0,0.1911639762107052,0.0,0.10025488530161428,0.22769753610875107,0.0,0.020390824129141887,0.037383177570093455,0.002548853016142736,0.0033984706881903144,0.02888700084961767,0.011045029736618521,0.3746813933729822,1177.0
1966,47.0798,-94.1142,6750.0,0.0020689655172413794,0.0,0.0,0.25103448275862067,0.0,0.06689655172413793,0.19379310344827586,0.0,0.014482758620689656,0.029655172413793104,0.001379310344827586,0.0,0.015172413793103448,0.01310344827586207,0.4124137931034483,1450.0
1966,47.0798,-94.1142,7250.0,0.0016792611251049538,0.0,0.0008396305625524769,0.13602015113350127,0.0,0.0218303946263644,0.19563392107472713,0.0,0.009235936188077247,0.036943744752308987,0.0,0.0025188916876574307,0.018471872376154493,0.007556675062972292,0.5692695214105793,1191.0
1966,47.0798,-94.1142,7750.0,0.00683371298405467,0.002277904328018223,0.003416856492027335,0.27107061503416857,0.0,0.09339407744874716,0.19817767653758542,0.0,0.017084282460136675,0.0387243735763098,0.002277904328018223,0.0011389521640091116,0.007972665148063782,0.0056947608200455585,0.35193621867881547,878.0
1966,47.0798,-94.1142,8250.0,0.003952569169960474,0.0023715415019762848,0.0047430830039525695,0.508300395256917,0.0,0.06561264822134387,0.05928853754940711,0.0,0.011857707509881422,0.021343873517786563,0.0023715415019762848,0.0023715415019762848,0.02766798418972332,0.009486166007905139,0.28063241106719367,1265.0
1966,47.0798,-94.1142,8750.0,0.02256317689530686,0.011732851985559567,0.009025270758122744,0.5442238267148014,0.0,0.15342960288808663,0.02527075812274368,0.0,0.009025270758122744,0.0315884476534296,0.0,0.004512635379061372,0.017148014440433214,0.00631768953068592,0.1651624548736462,1108.0
1966,47.0798,-94.1142,9750.0,0.17151162790697674,0.0,0.020348837209302327,0.4738372093023256,0.0,0.09302325581395349,0.0436046511627907,0.0,0.005813953488372093,0.0377906976744186,0.0029069767441860465,0.0,0.00872093023255814,0.02616279069767442,0.11627906976744186,344.0
1966,47.0798,-94.1142,10250.0,0.6608695652173913,0.002898550724637681,0.03768115942028986,0.028985507246376812,0.0,0.06666666666666667,0.02608695652173913,0.0,0.017391304347826087,0.020289855072463767,0.0,0.002898550724637681,0.002898550724637681,0.002898550724637681,0.13043478260869565,345.0
1966,47.0798,-94.1142,10750.0,0.2179372197309417,0.004484304932735426,0.017937219730941704,0.3668161434977579,0.0,0.10224215246636771,0.0242152466367713,0.0,0.009865470852017937,0.03587443946188341,0.0017937219730941704,0.0026905829596412557,0.010762331838565023,0.009865470852017937,0.19551569506726457,1115.0
1966,47.0798,-94.1142,11250.0,0.40444444444444444,0.0,0.0022222222222222222,0.042222222222222223,0.0,0.035555555555555556,0.011111111111111112,0.0,0.008888888888888889,0.0,0.0,0.0,0.0044444444444444444,0.008888888888888889,0.4822222222222222,450.0
2053,46.21194,-95.28417,250.0,0.016282764098490866,0.0,0.014297061159650517,0.14813343923749006,0.0007942811755361397,0.11596505162827642,0.1898332009531374,0.0,0.016679904686258934,0.025416997617156472,0.0,0.004765687053216839,0.06433677521842732,0.014297061159650517,0.3891977760127085,1259.0
2053,46.21194,-95.28417,750.0,0.01335559265442404,0.0,0.00667779632721202,0.1302170283806344,0.0,0.09515859766277128,0.2621035058430718,0.0,0.00333889816360601,0.01669449081803005,0.0,0.00667779632721202,0.02337228714524207,0.011686143572621035,0.4307178631051753,599.0
2053,46.21194,-95.28417,1250.0,0.0,0.0,0.003179650238473768,0.06200317965023847,0.0,0.0794912559618442,0.2893481717011129,0.0,0.009538950715421303,0.009538950715421303,0.0,0.0,0.019077901430842606,0.006359300476947536,0.5214626391096979,314.5
2053,46.21194,-95.28417,1750.0,0.0017931858936043037,0.0,0.001195457262402869,0.07053197848176927,0.0,0.04184100418410042,0.1315002988643156,0.0,0.011954572624028692,0.005977286312014346,0.0,0.0035863717872086074,0.016736401673640166,0.001195457262402869,0.7136879856545129,836.5
2053,46.21194,-95.28417,2250.0,0.0065334358186010764,0.0,0.0,0.08339738662567256,0.0,0.054573405073020755,0.15372790161414296,0.0,0.009992313604919293,0.013835511145272867,0.0,0.0030745580322828594,0.02382782475019216,0.006917755572636433,0.644119907763259,1301.0
2053,46.21194,-95.28417,2750.0,0.0,0.0,0.0,0.03994583615436696,0.0,0.033852403520649964,0.1015572105619499,0.0013540961408259986,0.006770480704129994,0.006770480704129994,0.0,0.004062288422477996,0.017603249830737983,0.004062288422477996,0.7840216655382533,738.5
2053,46.21194,-95.28417,3250.0,0.006743088334457181,0.0,0.0,0.09507754551584625,0.0,0.06877950101146325,0.19420094403236682,0.0013486176668914363,0.009440323668240054,0.012137559002022926,0.0026972353337828725,0.024275118004045852,0.02157788267026298,0.01078894133513149,0.5529332434254889,741.5
2053,46.21194,-95.28417,3750.0,0.001942690626517727,0.0,0.0,0.07916464303059738,0.0,0.04079650315687227,0.11170471102476931,0.0,0.012627489072365225,0.013598834385624089,0.0009713453132588635,0.0048567265662943174,0.020398251578436135,0.012627489072365225,0.7013113161728994,1029.5
2053,46.21194,-95.28417,4750.0,0.0010025062656641604,0.0005012531328320802,0.0,0.05914786967418546,0.0,0.015037593984962405,0.10726817042606517,0.0,0.016040100250626566,0.016040100250626566,0.0,0.0020050125313283208,0.011027568922305764,0.006015037593984963,0.7659147869674185,997.5
2053,46.21194,-95.28417,5250.0,0.0040128410914927765,0.0,0.0,0.06821829855537721,0.0,0.01765650080256822,0.09630818619582665,0.0,0.008025682182985553,0.02086677367576244,0.0,0.0016051364365971107,0.014446227929373997,0.009630818619582664,0.7592295345104334,623.0
2053,46.21194,-95.28417,5750.0,0.003787878787878788,0.0,0.0,0.0946969696969697,0.0,0.007575757575757576,0.125,0.0,0.022727272727272728,0.03787878787878788,0.0,0.011363636363636364,0.007575757575757576,0.01893939393939394,0.6704545454545454,264.0
2053,46.21194,-95.28417,6250.0,0.003067484662576687,0.0,0.0017528483786152498,0.07493426818580193,0.0,0.019281332164767746,0.11042944785276074,0.0,0.014022787028921999,0.024539877300613498,0.0008764241893076249,0.0043821209465381246,0.007887817703768623,0.0052585451358457495,0.733567046450482,1141.0
2053,46.21194,-95.28417,6750.0,0.005965697240865026,0.0014914243102162564,0.0,0.07084265473527218,0.0,0.007457121551081283,0.08650260999254288,0.0,0.011931394481730051,0.026845637583892617,0.0,0.002982848620432513,0.0044742729306487695,0.010439970171513796,0.7710663683818046,670.5
2053,46.21194,-95.28417,7250.0,0.009426551453260016,0.0,0.0,0.12804399057344854,0.0,0.02356637863315004,0.09583660644147683,0.0,0.014139827179890024,0.04713275726630008,0.0,0.003142183817753339,0.009426551453260016,0.010997643362136685,0.6582875098193244,636.5
2053,46.21194,-95.28417,7750.0,0.0037735849056603774,0.0,0.0,0.22943396226415094,0.0,0.04226415094339623,0.052830188679245285,0.0,0.007547169811320755,0.03169811320754717,0.0015094339622641509,0.0015094339622641509,0.007547169811320755,0.01660377358490566,0.6052830188679246,662.5
2053,46.21194,-95.28417,8250.0,0.006201550387596899,0.0,0.0,0.5131782945736434,0.0,0.06201550387596899,0.06201550387596899,0.0,0.012403100775193798,0.13023255813953488,0.0031007751937984496,0.006201550387596899,0.006201550387596899,0.015503875968992248,0.18294573643410852,322.5
2053,46.21194,-95.28417,9250.0,0.02545968882602546,0.0,0.002828854314002829,0.57001414427157,0.0,0.11315417256011315,0.0594059405940594,0.0,0.02545968882602546,0.09052333804809053,0.005657708628005658,0.008486562942008486,0.016973125884016973,0.008486562942008486,0.07355021216407355,353.5
2053,46.21194,-95.28417,9750.0,0.26717557251908397,0.0030534351145038168,0.021374045801526718,0.06412213740458016,0.0,0.11908396946564885,0.03969465648854962,0.0,0.06717557251908397,0.0549618320610687,0.0030534351145038168,0.0061068702290076335,0.0183206106870229,0.06412213740458016,0.2717557251908397,327.5
2053,46.21194,-95.28417,10250.0,0.48707197763801535,0.002795248078266946,0.029350104821802937,0.020964360587002098,0.0,0.10621942697414395,0.027952480782669462,0.0,0.04332634521313766,0.030747728860936407,0.0,0.008385744234800839,0.015373864430468204,0.027952480782669462,0.19986023759608665,715.5
2053,46.21194,-95.28417,10750.0,0.5917065390749602,0.0,0.017543859649122806,0.014354066985645933,0.0,0.07496012759170653,0.030303030303030304,0.0,0.017543859649122806,0.022328548644338118,0.001594896331738437,0.003189792663476874,0.02073365231259968,0.004784688995215311,0.20095693779904306,627.0
2053,46.21194,-95.28417,11250.0,0.6373333333333333,0.0,0.0030476190476190477,0.02057142857142857,0.0,0.04038095238095238,0.018285714285714287,0.0,0.02666666666666667,0.006857142857142857,0.0015238095238095239,0.0038095238095238095,0.010666666666666666,0.016761904761904763,0.2140952380952381,1312.5
2053,46.21194,-95.28417,11750.0,0.479328165374677,0.0,0.00516795865633075,0.003875968992248062,0.0,0.021963824289405683,0.015503875968992248,0.0,0.050387596899224806,0.00904392764857881,0.0,0.0012919896640826874,0.006459948320413436,0.05426356589147287,0.35271317829457366,774.0
2053,46.21194,-95.28417,12250.0,0.6136752136752137,0.0,0.020512820512820513,0.011965811965811967,0.0,0.02905982905982906,0.008547008547008548,0.0,0.020512820512820513,0.003418803418803419,0.0,0.003418803418803419,0.013675213675213675,0.017094017094017096,0.25811965811965815,585.0
2385,40.353714,-83.813074,250.0,0.0,0.0,0.0,0.019373219373219373,0.0017094017094017094,0.004558404558404558,0.4182336182336182,0.02962962962962963,0.046153846153846156,0.022222222222222223,0.07122507122507123,0.011965811965811967,0.002849002849002849,0.005698005698005698,0.3663817663817664,1755.0
2385,40.353714,-83.813074,750.0,0.0,0.0,0.002004008016032064,0.01603206412825651,0.0,0.003006012024048096,0.5420841683366734,0.045090180360721446,0.04609218436873747,0.0531062124248497,0.09418837675350701,0.01903807615230461,0.001002004008016032,0.009018036072144289,0.16933867735470942,998.0
2385,40.353714,-83.813074,1250.0,0.0,0.0,0.0021551724137931034,0.011853448275862068,0.0021551724137931034,0.00646551724137931,0.5625,0.03017241379310345,0.040948275862068964,0.03987068965517242,0.15517241379310345,0.011853448275862068,0.0021551724137931034,0.0,0.13469827586206898,928.0
2385,40.353714,-83.813074,1750.0,0.0,0.0,0.006589785831960461,0.011532125205930808,0.014827018121911038,0.008237232289950576,0.5255354200988468,0.014827018121911038,0.016474464579901153,0.0757825370675453,0.12191103789126853,0.008237232289950576,0.0,0.008237232289950576,0.18780889621087316,607.0
2385,40.353714,-83.813074,2250.0,0.0,0.0,0.008,0.02,0.0,0.0,0.584,0.0,0.028,0.048,0.14,0.012,0.0,0.0,0.16,250.0
2385,40.353714,-83.813074,2750.0,0.0,0.0,0.011029411764705883,0.011029411764705883,0.001838235294117647,0.01838235294117647,0.5147058823529411,0.01838235294117647,0.01838235294117647,0.04963235294117647,0.17095588235294118,0.0,0.0055147058823529415,0.012867647058823529,0.16727941176470587,544.0
2385,40.353714,-83.813074,3250.0,0.0,0.0,0.013157894736842105,0.010526315789473684,0.0,0.013157894736842105,0.6210526315789474,0.002631578947368421,0.005263157894736842,0.042105263157894736,0.1394736842105263,0.0,0.002631578947368421,0.002631578947368421,0.14736842105263157,380.0
2385,40.353714,-83.813074,3750.0,0.0,0.0,0.031958762886597936,0.010309278350515464,0.002061855670103093,0.006185567010309278,0.5298969072164949,0.018556701030927835,0.01443298969072165,0.07216494845360824,0.13711340206185568,0.0,0.0010309278350515464,0.0,0.17628865979381445,970.0
2385,40.353714,-83.813074,4250.0,0.0,0.0,0.0030120481927710845,0.0030120481927710845,0.0030120481927710845,0.0,0.4939759036144578,0.0783132530120482,0.0030120481927710845,0.0963855421686747,0.1355421686746988,0.0,0.0,0.0030120481927710845,0.18072289156626506,332.0
2385,40.353714,-83.813074,4750.0,0.0,0.0,0.013071895424836602,0.00980392156862745,0.0,0.0,0.434640522875817,0.1111111111111111,0.00980392156862745,0.11437908496732026,0.07516339869281045,0.006535947712418301,0.0,0.0,0.22549019607843138,306.0
2385,40.353714,-83.813074,5250.0,0.0,0.0,0.006688963210702341,0.008361204013377926,0.0,0.005016722408026756,0.4431438127090301,0.07525083612040134,0.010033444816053512,0.10702341137123746,0.09364548494983277,0.020066889632107024,0.0,0.0033444816053511705,0.22742474916387959,598.0
2385,40.353714,-83.813074,5750.0,0.0,0.0056179775280898875,0.016853932584269662,0.05337078651685393,0.0,0.011235955056179775,0.48314606741573035,0.008426966292134831,0.008426966292134831,0.10955056179775281,0.07865168539325842,0.02247191011235955,0.0,0.0,0.20224719101123595,356.0
2385,40.353714,-83.813074,6250.0,0.0,0.0,0.010178117048346057,0.017811704834605598,0.0,0.007633587786259542,0.5114503816793893,0.013994910941475827,0.008905852417302799,0.089058524173028,0.13104325699745548,0.005089058524173028,0.001272264631043257,0.003816793893129771,0.19974554707379136,786.0
2385,40.353714,-83.813074,6750.0,0.0,0.0,0.02710843373493976,0.05421686746987952,0.0030120481927710845,0.006024096385542169,0.5602409638554217,0.0030120481927710845,0.015060240963855422,0.08433734939759036,0.11144578313253012,0.009036144578313253,0.0,0.006024096385542169,0.12048192771084337,332.0
2385,40.353714,-83.813074,7750.0,0.0,0.0,0.012594458438287154,0.02518891687657431,0.0,0.020151133501259445,0.5919395465994962,0.005037783375314861,0.010075566750629723,0.06801007556675064,0.10327455919395466,0.020151133501259445,0.0,0.0,0.14357682619647355,397.0
2385,40.353714,-83.813074,8750.0,0.0,0.0,0.0,0.022935779816513763,0.0022935779816513763,0.009174311926605505,0.38990825688073394,0.006880733944954129,0.01834862385321101,0.24770642201834864,0.09174311926605505,0.02522935779816514,0.0022935779816513763,0.0,0.1834862385321101,436.0
2385,40.353714,-83.813074,9250.0,0.0,0.0,0.015337423312883436,0.003067484662576687,0.0,0.012269938650306749,0.4263803680981595,0.006134969325153374,0.006134969325153374,0.20552147239263804,0.07975460122699386,0.024539877300613498,0.0,0.0,0.22085889570552147,326.0
2385,40.353714,-83.813074,9750.0,0.0023094688221709007,0.004618937644341801,0.0023094688221709007,0.3556581986143187,0.011547344110854504,0.025404157043879907,0.20092378752886836,0.004618937644341801,0.018475750577367205,0.14549653579676675,0.013856812933025405,0.013856812933025405,0.0,0.0,0.20092378752886836,433.0
2385,40.353714,-83.813074,10250.0,0.16332378223495703,0.03724928366762178,0.03151862464183381,0.2177650429799427,0.014326647564469915,0.02865329512893983,0.1833810888252149,0.0,0.011461318051575931,0.06017191977077364,0.0057306590257879654,0.0,0.0,0.0,0.24641833810888253,349.0
2385,40.353714,-83.813074,10750.0,0.08875739644970414,0.04142011834319527,0.03254437869822485,0.09467455621301775,0.0,0.02514792899408284,0.22781065088757396,0.005917159763313609,0.0695266272189349,0.060650887573964495,0.013313609467455622,0.004437869822485207,0.0,0.0014792899408284023,0.3343195266272189,676.0
2385,40.353714,-83.813074,11250.0,0.16062176165803108,0.06217616580310881,0.031088082901554404,0.02072538860103627,0.0,0.02072538860103627,0.11917098445595854,0.0,0.0,0.031088082901554404,0.0051813471502590676,0.0051813471502590676,0.015544041450777202,0.046632124352331605,0.48186528497409326,193.0
2385,40.353714,-83.813074,12750.0,0.64,0.04,0.008,0.056,0.0,0.0,0.032,0.0,0.008,0.0,0.0,0.0,0.048,0.008,0.16,125.0
2385,40.353714,-83.813074,13250.0,0.6094674556213018,0.005917159763313609,0.011834319526627219,0.13609467455621302,0.0,0.01775147928994083,0.029585798816568046,0.0,0.0,0.011834319526627219,0.005917159763313609,0.0,0.0,0.005917159763313609,0.16568047337278108,169.0
2385,40.353714,-83.813074,13750.0,0.5629370629370629,0.04895104895104895,0.01048951048951049,0.11538461538461539,0.0,0.006993006993006993,0.024475524475524476,0.0,0.0,0.0,0.0,0.0034965034965034965,0.006993006993006993,0.006993006993006993,0.21328671328671328,286.0
2385,40.353714,-83.813074,14250.0,0.49222797927461137,0.05181347150259067,0.0051813471502590676,0.09326424870466321,0.0,0.0051813471502590676,0.02072538860103627,0.0,0.0,0.0,0.0,0.0,0.010362694300518135,0.0051813471502590676,0.3160621761658031,193.0
2385,40.353714,-83.813074,14750.0,0.6112759643916914,0.032640949554896145,0.01483679525222552,0.04747774480712166,0.0,0.008902077151335312,0.017804154302670624,0.0,0.0,0.002967359050445104,0.0,0.0,0.008902077151335312,0.03560830860534125,0.2195845697329377,337.0
2586,46.47,-86.95833,250.0,0.016644993498049414,0.008062418725617686,0.0031209362808842654,0.20988296488946684,0.16827048114434331,0.34564369310793236,0.03953185955786736,0.03328998699609883,0.00988296488946684,0.017945383615084524,0.0013003901170351106,0.029388816644993498,0.01950585175552666,0.007282184655396619,0.09024707412223668,3845.0
2586,46.47,-86.95833,750.0,0.021468926553672316,0.005649717514124294,0.0,0.27005649717514124,0.17966101694915254,0.3254237288135593,0.03502824858757062,0.021468926553672316,0.014689265536723164,0.01694915254237288,0.0011299435028248588,0.024858757062146894,0.020338983050847456,0.010169491525423728,0.05310734463276836,885.0
2586,46.47,-86.95833,1250.0,0.031446540880503145,0.007547169811320755,0.0,0.2440251572327044,0.21006289308176102,0.3169811320754717,0.027672955974842768,0.010062893081761006,0.012578616352201259,0.022641509433962263,0.0037735849056603774,0.03270440251572327,0.01509433962264151,0.012578616352201259,0.052830188679245285,795.0
2586,46.47,-86.95833,1750.0,0.04656862745098039,0.012254901960784314,0.0,0.3161764705882353,0.10294117647058823,0.33578431372549017,0.061274509803921566,0.004901960784313725,0.0196078431372549,0.0,0.0,0.031862745098039214,0.007352941176470588,0.012254901960784314,0.049019607843137254,408.0
2586,46.47,-86.95833,2250.0,0.012875536480686695,0.002145922746781116,0.0,0.28969957081545067,0.07510729613733906,0.4248927038626609,0.03862660944206009,0.01072961373390558,0.019313304721030045,0.023605150214592276,0.0,0.02575107296137339,0.015021459227467811,0.015021459227467811,0.04721030042918455,466.0
2586,46.47,-86.95833,2750.0,0.007228915662650603,0.004819277108433735,0.0,0.21445783132530122,0.15903614457831325,0.43373493975903615,0.03855421686746988,0.012048192771084338,0.012048192771084338,0.02650602409638554,0.0,0.024096385542168676,0.012048192771084338,0.0024096385542168677,0.05301204819277108,415.0
2586,46.47,-86.95833,3250.0,0.013192612137203167,0.002638522427440633,0.0,0.25065963060686014,0.11345646437994723,0.39841688654353563,0.0633245382585752,0.002638522427440633,0.0158311345646438,0.013192612137203167,0.0,0.0633245382585752,0.013192612137203167,0.013192612137203167,0.036939313984168866,379.0
2586,46.47,-86.95833,3750.0,0.00950734658599827,0.00432152117545376,0.001728608470181504,0.40535868625756266,0.037165082108902334,0.2808988764044944,0.07692307692307693,0.00432152117545376,0.018150388936905792,0.023336214347450302,0.000864304235090752,0.029386343993085567,0.02679343128781331,0.010371650821089023,0.07087294727744166,1157.0
2586,46.47,-86.95833,4250.0,0.0196078431372549,0.0012254901960784314,0.001838235294117647,0.3786764705882353,0.049019607843137254,0.19301470588235295,0.11090686274509803,0.0024509803921568627,0.022058823529411766,0.032475490196078434,0.0,0.042279411764705885,0.024509803921568627,0.007352941176470588,0.11458333333333333,1632.0
2586,46.47,-86.95833,4750.0,0.012221737232649499,0.0026189436927106066,0.002182453077258839,0.45569620253164556,0.10824967263203841,0.13487560017459624,0.0907900480139677,0.001745962461807071,0.018332605848974247,0.028371890004364905,0.0013094718463553033,0.0405936272370144,0.020515058926233086,0.00960279353993889,0.07289393278044522,2291.0
2586,46.47,-86.95833,5250.0,0.013993541442411194,0.006458557588805167,0.0,0.5263724434876211,0.08826695371367062,0.12594187298170076,0.07534983853606028,0.0032292787944025836,0.015069967707212056,0.023681377825618945,0.001076426264800861,0.01829924650161464,0.0193756727664155,0.007534983853606028,0.07534983853606028,929.0
2586,46.47,-86.95833,5750.0,0.012832263978001834,0.002749770852428964,0.0,0.5967002749770852,0.002749770852428964,0.12190650779101742,0.10357470210815765,0.0009165902841429881,0.015582034830430797,0.01924839596700275,0.0018331805682859762,0.03941338221814849,0.011915673693858845,0.0009165902841429881,0.06966086159486709,1091.0
2586,46.47,-86.95833,6250.0,0.0038240917782026767,0.0038240917782026767,0.0,0.6730401529636711,0.0,0.10707456978967496,0.09369024856596558,0.0,0.0057361376673040155,0.02676864244741874,0.0,0.017208413001912046,0.009560229445506692,0.0038240917782026767,0.055449330783938815,523.0
2586,46.47,-86.95833,6750.0,0.015659955257270694,0.017897091722595078,0.0,0.7069351230425056,0.0,0.11185682326621924,0.0447427293064877,0.0,0.008948545861297539,0.015659955257270694,0.0,0.015659955257270694,0.017897091722595078,0.015659955257270694,0.029082774049217,447.0
2586,46.47,-86.95833,7250.0,0.015536723163841809,0.011299435028248588,0.0014124293785310734,0.635593220338983,0.0,0.1751412429378531,0.022598870056497175,0.0,0.009887005649717515,0.022598870056497175,0.0,0.00423728813559322,0.02401129943502825,0.005649717514124294,0.07203389830508475,708.0
2586,46.47,-86.95833,7750.0,0.04589371980676329,0.014492753623188406,0.004830917874396135,0.45410628019323673,0.0,0.30917874396135264,0.021739130434782608,0.0,0.00966183574879227,0.026570048309178744,0.0,0.0,0.05314009661835749,0.014492753623188406,0.04589371980676329,414.0
2586,46.47,-86.95833,8250.0,0.039473684210526314,0.021929824561403508,0.0021929824561403508,0.46710526315789475,0.0,0.3092105263157895,0.019736842105263157,0.0,0.010964912280701754,0.02631578947368421,0.0,0.0043859649122807015,0.046052631578947366,0.008771929824561403,0.043859649122807015,456.0
2586,46.47,-86.95833,8750.0,0.06343612334801763,0.014096916299559472,0.004405286343612335,0.5171806167400881,0.0,0.21674008810572687,0.038766519823788544,0.000881057268722467,0.001762114537444934,0.015859030837004406,0.000881057268722467,0.001762114537444934,0.029955947136563875,0.0052863436123348016,0.08898678414096917,1135.0
2586,46.47,-86.95833,9750.0,0.1264559068219634,0.011647254575707155,0.01913477537437604,0.4800332778702163,0.0,0.13643926788685523,0.059900166389351084,0.0,0.011647254575707155,0.030782029950083195,0.004159733777038269,0.0074875207986688855,0.005823627287853577,0.008319467554076539,0.09816971713810316,1202.0
2586,46.47,-86.95833,10250.0,0.13047285464098074,0.013134851138353765,0.006129597197898424,0.5148861646234676,0.0,0.047285464098073555,0.07443082311733801,0.0,0.0148861646234676,0.050788091068301226,0.005253940455341506,0.0008756567425569177,0.0043782837127845885,0.006129597197898424,0.13134851138353765,1142.0
2586,46.47,-86.95833,10750.0,0.05919661733615222,0.02536997885835095,0.006342494714587738,0.5792811839323467,0.0,0.14587737843551796,0.04756871035940803,0.0010570824524312897,0.008456659619450317,0.02854122621564482,0.0,0.0021141649048625794,0.007399577167019027,0.009513742071881607,0.07928118393234672,946.0
2586,46.47,-86.95833,12250.0,0.11389521640091116,0.011389521640091117,0.00683371298405467,0.4920273348519362,0.0,0.05466970387243736,0.09111617312072894,0.0,0.02050113895216401,0.10022779043280182,0.002277904328018223,0.002277904328018223,0.004555808656036446,0.0,0.10022779043280182,439.0
2623,40.4,-74.48333,250.0,0.0,0.0,0.0,0.03675213675213675,0.004273504273504274,0.017948717948717947,0.4641025641025641,0.01282051282051282,0.002564102564102564,0.003418803418803419,0.02905982905982906,0.007692307692307693,0.006837606837606838,0.0,0.41452991452991456,1170.0
2623,40.4,-74.48333,750.0,0.002564102564102564,0.0,0.0,0.023076923076923078,0.0,0.017948717948717947,0.5384615384615384,0.010256410256410256,0.002564102564102564,0.010256410256410256,0.04358974358974359,0.002564102564102564,0.010256410256410256,0.0,0.3384615384615385,390.0
2623,40.4,-74.48333,1750.0,0.0,0.0,0.0,0.03867403314917127,0.008287292817679558,0.013812154696132596,0.5966850828729282,0.016574585635359115,0.0027624309392265192,0.0055248618784530384,0.03591160220994475,0.008287292817679558,0.0027624309392265192,0.0,0.27071823204419887,362.0
2623,40.4,-74.48333,2750.0,0.0,0.0,0.0,0.022222222222222223,0.008333333333333333,0.016666666666666666,0.6166666666666667,0.013888888888888888,0.005555555555555556,0.011111111111111112,0.025,0.016666666666666666,0.0,0.0,0.2638888888888889,360.0
2623,40.4,-74.48333,3750.0,0.0,0.0,0.0,0.026385224274406333,0.0079155672823219,0.0158311345646438,0.5857519788918206,0.0079155672823219,0.0079155672823219,0.0,0.021108179419525065,0.013192612137203167,0.005277044854881266,0.0,0.3087071240105541,379.0
2623,40.4,-74.48333,4250.0,0.0,0.0,0.0,0.04941860465116279,0.011627906976744186,0.014534883720930232,0.5843023255813954,0.023255813953488372,0.0,0.00872093023255814,0.0377906976744186,0.005813953488372093,0.00872093023255814,0.0,0.2558139534883721,344.0
2623,40.4,-74.48333,4750.0,0.0,0.0,0.0,0.028169014084507043,0.008450704225352112,0.011267605633802818,0.6535211267605634,0.011267605633802818,0.005633802816901409,0.0028169014084507044,0.005633802816901409,0.0,0.014084507042253521,0.0,0.2591549295774648,355.0
2623,40.4,-74.48333,5750.0,0.002702702702702703,0.0,0.0,0.02972972972972973,0.005405405405405406,0.002702702702702703,0.5918918918918918,0.0,0.0,0.0,0.002702702702702703,0.0,0.005405405405405406,0.0,0.35945945945945945,370.0
2623,40.4,-74.48333,6750.0,0.0,0.006289308176100629,0.0,0.05660377358490566,0.009433962264150943,0.0220125786163522,0.6729559748427673,0.0,0.0,0.0031446540880503146,0.0031446540880503146,0.006289308176100629,0.006289308176100629,0.0,0.2138364779874214,318.0
2623,40.4,-74.48333,8750.0,0.032679738562091505,0.006535947712418301,0.0,0.1503267973856209,0.013071895424836602,0.10457516339869281,0.46405228758169936,0.0032679738562091504,0.0,0.0032679738562091504,0.0032679738562091504,0.0,0.03594771241830065,0.0,0.1830065359477124,306.0
2623,40.4,-74.48333,9250.0,0.04376012965964344,0.011345218800648298,0.0,0.1085899513776337,0.014586709886547812,0.10696920583468396,0.46029173419773095,0.0032414910858995136,0.0032414910858995136,0.0,0.0016207455429497568,0.0032414910858995136,0.03079416531604538,0.0,0.21231766612641814,617.0
2623,40.4,-74.48333,9750.0,0.19054054054054054,0.007432432432432433,0.0,0.14121621621621622,0.0006756756756756757,0.19324324324324324,0.0777027027027027,0.002027027027027027,0.012162162162162163,0.0,0.0013513513513513514,0.0,0.0445945945945946,0.0,0.3290540540540541,1480.0
2623,40.4,-74.48333,10750.0,0.31208053691275167,0.0,0.0,0.13087248322147652,0.0,0.174496644295302,0.040268456375838924,0.0,0.006711409395973154,0.0,0.0,0.0,0.010067114093959731,0.0,0.32550335570469796,298.0
2623,40.4,-74.48333,11750.0,0.27435610302351626,0.0,0.0,0.1433370660694289,0.0,0.23404255319148937,0.022396416573348264,0.0,0.0033594624860022394,0.0,0.0022396416573348264,0.0,0.022396416573348264,0.0,0.2978723404255319,893.0
2626,41.03779,-75.26551,250.0,0.018984547461368653,0.0,0.006622516556291391,0.12141280353200883,0.05695364238410596,0.08432671081677705,0.25739514348785875,0.02384105960264901,0.006622516556291391,0.007947019867549669,0.02207505518763797,0.010596026490066225,0.03532008830022075,0.0030905077262693157,0.3448123620309051,2265.0
2626,41.03779,-75.26551,750.0,0.01309328968903437,0.0,0.0016366612111292963,0.11620294599018004,0.07037643207855974,0.0867430441898527,0.469721767594108,0.057283142389525366,0.006546644844517185,0.016366612111292964,0.04582651391162029,0.014729950900163666,0.022913256955810146,0.0016366612111292963,0.07692307692307693,611.0
2626,41.03779,-75.26551,1250.0,0.002280501710376283,0.0,0.00798175598631699,0.15963511972633979,0.05701254275940707,0.10148232611174458,0.39110604332953247,0.0330672748004561,0.010262257696693273,0.005701254275940707,0.03192702394526796,0.013683010262257697,0.06385404789053592,0.0011402508551881414,0.12086659064994298,877.0
2626,41.03779,-75.26551,1750.0,0.008101851851851851,0.0,0.0011574074074074073,0.1597222222222222,0.07407407407407407,0.1076388888888889,0.39351851851851855,0.046296296296296294,0.010416666666666666,0.004629629629629629,0.02546296296296296,0.020833333333333332,0.05324074074074074,0.0,0.09490740740740741,864.0
2626,41.03779,-75.26551,2250.0,0.0057273768613974796,0.0,0.003436426116838488,0.13402061855670103,0.07445589919816724,0.0836197021764032,0.4329896907216495,0.045819014891179836,0.011454753722794959,0.0057273768613974796,0.027491408934707903,0.012600229095074456,0.07101947308132875,0.0,0.09163802978235967,873.0
2626,41.03779,-75.26551,2750.0,0.005119453924914676,0.0,0.0017064846416382253,0.18771331058020477,0.030716723549488054,0.08191126279863481,0.42662116040955633,0.032423208191126277,0.017064846416382253,0.010238907849829351,0.040955631399317405,0.013651877133105802,0.04778156996587031,0.0017064846416382253,0.10238907849829351,586.0
2626,41.03779,-75.26551,3250.0,0.017361111111111112,0.0,0.0,0.1597222222222222,0.013888888888888888,0.04861111111111111,0.5104166666666666,0.017361111111111112,0.006944444444444444,0.024305555555555556,0.05555555555555555,0.020833333333333332,0.03819444444444445,0.0,0.08680555555555555,288.0
2626,41.03779,-75.26551,3750.0,0.005199306759098787,0.0,0.0034662045060658577,0.1369150779896014,0.01559792027729636,0.04852686308492201,0.5511265164644714,0.03292894280762565,0.010398613518197574,0.01386481802426343,0.022530329289428077,0.01733102253032929,0.06239168110918544,0.0,0.07972270363951472,577.0
2626,41.03779,-75.26551,4250.0,0.0012804097311139564,0.0004268032437046522,0.0004268032437046522,0.09859154929577464,0.018779342723004695,0.07554417413572344,0.5437473324797268,0.06145966709346991,0.01621852326077678,0.008962868117797696,0.03585147247119078,0.020486555697823303,0.040119504908237305,0.002560819462227913,0.07554417413572344,2343.0
2626,41.03779,-75.26551,4750.0,0.0,0.0,0.0,0.07386363636363637,0.12045454545454545,0.053409090909090906,0.4738636363636364,0.05568181818181818,0.023863636363636365,0.013636363636363636,0.04431818181818182,0.014772727272727272,0.035227272727272725,0.0011363636363636363,0.08977272727272727,880.0
2626,41.03779,-75.26551,5250.0,0.0,0.0,0.0,0.04647160068846816,0.14629948364888123,0.04130808950086059,0.49225473321858865,0.07056798623063683,0.0189328743545611,0.01549053356282272,0.04475043029259897,0.022375215146299483,0.03442340791738382,0.0,0.06712564543889846,581.0
2626,41.03779,-75.26551,5750.0,0.0,0.0,0.0,0.03944636678200692,0.14048442906574393,0.03944636678200692,0.5301038062283737,0.08650519031141868,0.02422145328719723,0.011072664359861591,0.01660899653979239,0.02491349480968858,0.02837370242214533,0.0,0.058823529411764705,1445.0
2626,41.03779,-75.26551,6250.0,0.003401360544217687,0.0,0.0,0.034013605442176874,0.08163265306122448,0.04421768707482993,0.6156462585034014,0.09183673469387756,0.006802721088435374,0.02040816326530612,0.006802721088435374,0.006802721088435374,0.027210884353741496,0.0,0.061224489795918366,294.0
2626,41.03779,-75.26551,6750.0,0.0,0.0,0.0,0.03644646924829157,0.1275626423690205,0.05694760820045558,0.5444191343963554,0.08542141230068337,0.018223234624145785,0.01366742596810934,0.009111617312072893,0.009111617312072893,0.04214123006833713,0.0,0.05694760820045558,878.0
2626,41.03779,-75.26551,7250.0,0.0011467889908256881,0.0,0.0,0.0481651376146789,0.10435779816513761,0.06995412844036697,0.5584862385321101,0.06422018348623854,0.01834862385321101,0.014908256880733946,0.009174311926605505,0.01834862385321101,0.033256880733944956,0.0011467889908256881,0.058486238532110095,872.0
2626,41.03779,-75.26551,7750.0,0.0,0.0,0.0,0.07081174438687392,0.11053540587219343,0.039723661485319514,0.6373056994818653,0.031088082901554404,0.010362694300518135,0.022452504317789293,0.0069084628670120895,0.015544041450777202,0.012089810017271158,0.0,0.04317789291882556,579.0
2626,41.03779,-75.26551,8250.0,0.0,0.0,0.0,0.2066590126291619,0.09299655568312284,0.04477611940298507,0.5614236509758898,0.016073478760045924,0.0057405281285878304,0.010332950631458095,0.001148105625717566,0.009184845005740528,0.011481056257175661,0.0,0.040183696900114814,871.0
2626,41.03779,-75.26551,8750.0,0.0004943153732081067,0.0,0.0,0.24616905585763718,0.07563025210084033,0.03905091448344043,0.5264458724666337,0.010874938210578349,0.015818091942659415,0.012852199703410776,0.002471576866040534,0.008403361344537815,0.012357884330202669,0.0009886307464162135,0.04844290657439446,2023.0
2626,41.03779,-75.26551,9250.0,0.0007911392405063291,0.0023734177215189874,0.0,0.3947784810126582,0.15348101265822786,0.03955696202531646,0.314873417721519,0.0023734177215189874,0.00949367088607595,0.012658227848101266,0.0,0.007911392405063292,0.011075949367088608,0.004746835443037975,0.04588607594936709,1264.0
2626,41.03779,-75.26551,9750.0,0.004338394793926247,0.013015184381778741,0.0032537960954446853,0.6171366594360087,0.020607375271149676,0.06073752711496746,0.18872017353579176,0.0010845986984815619,0.005422993492407809,0.009761388286334056,0.0021691973969631237,0.019522776572668113,0.01193058568329718,0.0021691973969631237,0.04013015184381779,922.0
2626,41.03779,-75.26551,10250.0,0.03399209486166008,0.017391304347826087,0.0047430830039525695,0.4671936758893281,0.026877470355731226,0.13201581027667983,0.1984189723320158,0.0007905138339920949,0.015810276679841896,0.008695652173913044,0.0015810276679841897,0.012648221343873518,0.03320158102766799,0.006324110671936759,0.04031620553359684,1265.0
2626,41.03779,-75.26551,10750.0,0.09606986899563319,0.049282595134123516,0.0037429819089207735,0.3505926388022458,0.011228945726762321,0.1952588895820337,0.13474734872114785,0.0006238303181534623,0.01372426699937617,0.0037429819089207735,0.0006238303181534623,0.002495321272613849,0.0792264504054897,0.0037429819089207735,0.05489706799750468,1603.0
2626,41.03779,-75.26551,11250.0,0.10687022900763359,0.03969465648854962,0.0015267175572519084,0.40610687022900765,0.004580152671755725,0.1297709923664122,0.11297709923664122,0.0015267175572519084,0.004580152671755725,0.010687022900763359,0.0,0.0015267175572519084,0.1297709923664122,0.0015267175572519084,0.04885496183206107,655.0
2626,41.03779,-75.26551,11750.0,0.15100671140939598,0.050335570469798654,0.0,0.35570469798657717,0.0,0.1040268456375839,0.1040268456375839,0.010067114093959731,0.03691275167785235,0.0,0.0,0.0,0.06711409395973154,0.003355704697986577,0.1174496644295302,298.0
2626,41.03779,-75.26551,12250.0,0.21,0.025555555555555557,0.0,0.38,0.0,0.06222222222222222,0.12,0.0022222222222222222,0.02,0.0033333333333333335,0.0011111111111111111,0.0011111111111111111,0.03666666666666667,0.01,0.12777777777777777,900.0
2626,41.03779,-75.26551,12750.0,0.29949238578680204,0.030456852791878174,0.0,0.41116751269035534,0.001692047377326565,0.04230118443316413,0.05583756345177665,0.005076142131979695,0.001692047377326565,0.001692047377326565,0.001692047377326565,0.0,0.032148900169204735,0.0,0.116751269035533,591.0
2626,41.03779,-75.26551,13250.0,0.14864864864864866,0.015202702702702704,0.0,0.42736486486486486,0.0,0.048986486486486486,0.0777027027027027,0.005067567567567568,0.013513513513513514,0.0033783783783783786,0.0016891891891891893,0.0,0.0625,0.006756756756756757,0.1891891891891892,592.0
2626,41.03779,-75.26551,13750.0,0.24575311438278596,0.0033975084937712344,0.0,0.30804077010192527,0.0,0.07701019252548132,0.04869762174405436,0.0011325028312570782,0.010192525481313703,0.0022650056625141564,0.0011325028312570782,0.0,0.03284258210645526,0.011325028312570781,0.2582106455266138,883.0
2626,41.03779,-75.26551,14750.0,0.1864406779661017,0.0,0.0,0.5491525423728814,0.0,0.020338983050847456,0.0,0.0,0.0,0.0,0.0,0.0,0.003389830508474576,0.0,0.24067796610169492,295.0
2638,47.192748,-95.787316,250.0,0.01864406779661017,0.002711864406779661,0.002711864406779661,0.19728813559322034,0.0,0.19016949152542373,0.1511864406779661,0.0,0.011864406779661017,0.05355932203389831,0.0013559322033898306,0.004406779661016949,0.02169491525423729,0.01830508474576271,0.32610169491525426,2950.0
2638,47.192748,-95.787316,750.0,0.015455950540958269,0.006955177743431221,0.00463678516228748,0.2403400309119011,0.0,0.1143740340030912,0.15842349304482226,0.0,0.013910355486862442,0.03709428129829984,0.0015455950540958269,0.02009273570324575,0.02241112828438949,0.010819165378670788,0.35394126738794435,1294.0
2638,47.192748,-95.787316,1250.0,0.013020833333333334,0.006944444444444444,0.006944444444444444,0.17274305555555555,0.0,0.1362847222222222,0.2647569444444444,0.0,0.008680555555555556,0.05381944444444445,0.0,0.005208333333333333,0.027777777777777776,0.021701388888888888,0.2821180555555556,1152.0
2638,47.192748,-95.787316,1750.0,0.007686395080707148,0.0030745580322828594,0.0015372790161414297,0.17909300538047657,0.0,0.08916218293620293,0.3166794773251345,0.0,0.011529592621060722,0.026902382782475018,0.0,0.003843197540353574,0.02382782475019216,0.012298232129131437,0.32436587240584164,1301.0
2638,47.192748,-95.787316,2250.0,0.014018691588785047,0.002336448598130841,0.004672897196261682,0.316588785046729,0.0,0.11799065420560748,0.16355140186915887,0.0,0.004672897196261682,0.029205607476635514,0.0,0.0011682242990654205,0.02219626168224299,0.002336448598130841,0.3212616822429907,856.0
2638,47.192748,-95.787316,2750.0,0.009019165727170236,0.0011273957158962795,0.002818489289740699,0.14487034949267194,0.0,0.1471251409244645,0.24239007891770012,0.0,0.011837655016910935,0.033821871476888386,0.0,0.0033821871476888386,0.02649379932356257,0.005636978579481398,0.3714768883878241,1774.0
2638,47.192748,-95.787316,3250.0,0.004672897196261682,0.002596053997923157,0.003115264797507788,0.15991692627206647,0.0,0.11007268951194185,0.2035306334371755,0.0,0.01973001038421599,0.03842159916926272,0.0005192107995846313,0.003115264797507788,0.029075804776739357,0.004672897196261682,0.4205607476635514,1926.0
2638,47.192748,-95.787316,3750.0,0.006907545164718385,0.0021253985122210413,0.0,0.153028692879915,0.0,0.0924548352816153,0.18597236981934112,0.0,0.012221041445270989,0.02975557917109458,0.0005313496280552603,0.001594048884165781,0.028692879914984058,0.003188097768331562,0.48352816153028694,1882.0
2638,47.192748,-95.787316,4250.0,0.007766990291262136,0.003883495145631068,0.0,0.13300970873786408,0.0,0.07766990291262135,0.2669902912621359,0.0,0.005825242718446602,0.019417475728155338,0.000970873786407767,0.001941747572815534,0.03203883495145631,0.010679611650485437,0.43980582524271844,1030.0
2638,47.192748,-95.787316,4750.0,0.00186219739292365,0.0,0.0,0.10800744878957169,0.0,0.032588454376163874,0.24953445065176907,0.0,0.0074487895716946,0.024208566108007448,0.0,0.0,0.027932960893854747,0.004655493482309125,0.5437616387337058,1074.0
2638,47.192748,-95.787316,5250.0,0.003470883146934053,0.0,0.0,0.07558812186656383,0.0,0.020439645198611647,0.282684149633629,0.0,0.011569610489780177,0.007713073659853451,0.0,0.0003856536829926726,0.01774006941766294,0.0038565368299267257,0.5765522560740455,2593.0
2638,47.192748,-95.787316,5750.0,0.005509641873278237,0.0,0.0,0.08539944903581267,0.0,0.01652892561983471,0.2066115702479339,0.0,0.008264462809917356,0.01652892561983471,0.0,0.0027548209366391185,0.013774104683195593,0.005509641873278237,0.6391184573002755,363.0
2638,47.192748,-95.787316,6250.0,0.0024813895781637717,0.0,0.0,0.05293631100082713,0.0,0.019851116625310174,0.31679073614557485,0.0,0.011579818031430935,0.01488833746898263,0.0008271298593879239,0.0008271298593879239,0.01488833746898263,0.0041356492969396195,0.5607940446650124,1209.0
2638,47.192748,-95.787316,6750.0,0.010951979780960405,0.0,0.0,0.07666385846672283,0.0,0.016006739679865205,0.23083403538331929,0.0,0.005054759898904802,0.011794439764111205,0.0,0.0,0.010109519797809604,0.009267059814658803,0.6293176074136478,1187.0
2638,47.192748,-95.787316,7250.0,0.015103838892385148,0.0012586532410320957,0.0,0.11076148521082442,0.0,0.030207677784770296,0.19949653870358716,0.0,0.007551919446192574,0.005034612964128383,0.0,0.0018879798615481435,0.0062932662051604785,0.011327879169288861,0.6110761485210825,1589.0
2638,47.192748,-95.787316,7750.0,0.024157660521296885,0.0,0.003178639542275906,0.23204068658614113,0.0,0.052765416401780035,0.12333121424030515,0.0,0.006993006993006993,0.024157660521296885,0.0,0.0019071837253655435,0.019071837253655435,0.026064844246662427,0.4863318499682136,1573.0
2638,47.192748,-95.787316,8250.0,0.18660880347179168,0.0,0.026658400495970243,0.16553006819590824,0.0,0.16738995660260383,0.03967761934283943,0.0,0.02851828890266584,0.0365778053316801,0.0018598884066955983,0.005579665220086794,0.011159330440173589,0.09423434593924365,0.23620582765034098,1613.0
2638,47.192748,-95.787316,8750.0,0.6004618937644342,0.0,0.057736720554272515,0.011547344110854504,0.0,0.050808314087759814,0.009237875288683603,0.0,0.006928406466512702,0.011547344110854504,0.0,0.0,0.013856812933025405,0.04387990762124711,0.19399538106235567,433.0
2888,46.18444,-95.30694,250.0,0.01889763779527559,0.0031496062992125984,0.0031496062992125984,0.11496062992125984,0.0,0.14173228346456693,0.24881889763779527,0.0,0.006299212598425197,0.009448818897637795,0.0,0.0031496062992125984,0.05984251968503937,0.0,0.3905511811023622,317.5
2888,46.18444,-95.30694,750.0,0.004711425206124852,0.002355712603062426,0.002355712603062426,0.0624263839811543,0.0,0.09422850412249706,0.4028268551236749,0.0,0.009422850412249705,0.02120141342756184,0.0,0.0,0.02591283863368669,0.002355712603062426,0.37220259128386335,424.5
2888,46.18444,-95.30694,1250.0,0.0076103500761035,0.0,0.0,0.1278538812785388,0.0,0.0882800608828006,0.1400304414003044,0.0,0.0030441400304414,0.015220700152207,0.0,0.0,0.015220700152207,0.0030441400304414,0.5996955859969558,328.5
2888,46.18444,-95.30694,2750.0,0.0,0.0025,0.0025,0.1225,0.0,0.04,0.11,0.0,0.0075,0.0075,0.0,0.0,0.04,0.0,0.6675,400.0
2888,46.18444,-95.30694,4750.0,0.004524886877828055,0.0,0.0,0.12368024132730016,0.0,0.01809954751131222,0.15384615384615385,0.0,0.0,0.012066365007541479,0.0,0.0030165912518853697,0.033182503770739065,0.0,0.6515837104072398,331.5
2888,46.18444,-95.30694,5250.0,0.0015313935681470138,0.0,0.0,0.05819295558958652,0.0,0.015313935681470138,0.08269525267993874,0.0,0.006125574272588055,0.015313935681470138,0.0,0.0,0.02450229709035222,0.0,0.7963246554364471,326.5
2888,46.18444,-95.30694,5750.0,0.004076086956521739,0.0,0.0,0.08016304347826086,0.0,0.01358695652173913,0.07065217391304347,0.0,0.008152173913043478,0.005434782608695652,0.0,0.002717391304347826,0.016304347826086956,0.0,0.7989130434782609,368.0
2888,46.18444,-95.30694,7250.0,0.02033271719038817,0.0018484288354898336,0.0,0.06025878003696858,0.0,0.025138632162661736,0.05471349353049908,0.0,0.0073937153419593345,0.018484288354898338,0.0014787430683918669,0.0022181146025878,0.006654343807763401,0.0,0.8014787430683918,1352.5
2888,46.18444,-95.30694,7750.0,0.014945652173913044,0.0,0.0,0.19972826086956522,0.0,0.028532608695652172,0.04891304347826087,0.0,0.009510869565217392,0.04755434782608696,0.004076086956521739,0.001358695652173913,0.02309782608695652,0.0,0.6222826086956522,736.0
2888,46.18444,-95.30694,8750.0,0.008341056533827619,0.0027803521779425394,0.005560704355885079,0.47544022242817424,0.0,0.09082483781278962,0.05931417979610751,0.0,0.016682113067655237,0.12974976830398516,0.0037071362372567192,0.0018535681186283596,0.011121408711770158,0.0018535681186283596,0.1927710843373494,539.5
2888,46.18444,-95.30694,9250.0,0.0018066847335140017,0.0009033423667570009,0.005420054200542005,0.6793134598012647,0.0,0.02168021680216802,0.036133694670280034,0.0,0.0018066847335140017,0.07226738934056007,0.0,0.0036133694670280035,0.02168021680216802,0.0,0.15537488708220415,553.5
2888,46.18444,-95.30694,9750.0,0.035897435897435895,0.00641025641025641,0.020512820512820513,0.4756410256410256,0.0,0.17692307692307693,0.038461538461538464,0.0,0.02564102564102564,0.07435897435897436,0.0,0.002564102564102564,0.015384615384615385,0.002564102564102564,0.12564102564102564,390.0
2888,46.18444,-95.30694,10250.0,0.6367952522255192,0.0017804154302670622,0.0035608308605341245,0.03382789317507418,0.0,0.022551928783382788,0.013056379821958458,0.0,0.027299703264094956,0.005934718100890208,0.0,0.005934718100890208,0.007121661721068249,0.005934718100890208,0.23620178041543027,842.5
2888,46.18444,-95.30694,10750.0,0.449438202247191,0.013108614232209739,0.0,0.054307116104868915,0.0,0.0,0.011235955056179775,0.0,0.003745318352059925,0.0,0.0,0.003745318352059925,0.0,0.0,0.46441947565543074,267.0
2888,46.18444,-95.30694,11250.0,0.6008754476721051,0.0003979307600477517,0.013529645841623557,0.01591723040191007,0.0,0.00716275368085953,0.023079984082769598,0.0,0.04934341424592121,0.0031834460803820135,0.0,0.00238758456028651,0.003979307600477517,0.00238758456028651,0.27775567051333067,1256.5
2959,41.96667,-71.11667,250.0,0.01020408163265306,0.003061224489795918,0.0,0.09387755102040816,0.012244897959183673,0.09693877551020408,0.17857142857142858,0.02346938775510204,0.004081632653061225,0.00816326530612245,0.018367346938775512,0.00510204081632653,0.27755102040816326,0.011224489795918367,0.2571428571428571,980.0
2959,41.96667,-71.11667,750.0,0.0055309734513274336,0.0022123893805309734,0.0,0.04756637168141593,0.015486725663716814,0.08628318584070796,0.2488938053097345,0.03761061946902655,0.011061946902654867,0.012168141592920354,0.017699115044247787,0.015486725663716814,0.2809734513274336,0.00663716814159292,0.21238938053097345,904.0
2959,41.96667,-71.11667,1250.0,0.003663003663003663,0.003663003663003663,0.0,0.03663003663003663,0.018315018315018316,0.06227106227106227,0.2271062271062271,0.02564102564102564,0.018315018315018316,0.007326007326007326,0.014652014652014652,0.02564102564102564,0.29304029304029305,0.01098901098901099,0.25274725274725274,273.0
2959,41.96667,-71.11667,1750.0,0.010526315789473684,0.0,0.0,0.042105263157894736,0.031578947368421054,0.06842105263157895,0.26842105263157895,0.03684210526315789,0.015789473684210527,0.0,0.015789473684210527,0.005263157894736842,0.34210526315789475,0.0,0.1631578947368421,190.0
2959,41.96667,-71.11667,2250.0,0.0032258064516129032,0.0,0.0,0.05967741935483871,0.016129032258064516,0.06935483870967742,0.3596774193548387,0.037096774193548385,0.017741935483870968,0.0064516129032258064,0.02258064516129032,0.017741935483870968,0.25,0.008064516129032258,0.13225806451612904,620.0
2959,41.96667,-71.11667,2750.0,0.004016064257028112,0.0,0.0,0.050200803212851405,0.018072289156626505,0.060240963855421686,0.3132530120481928,0.04116465863453815,0.008032128514056224,0.007028112449799197,0.010040160642570281,0.024096385542168676,0.29417670682730923,0.010040160642570281,0.15963855421686746,996.0
2959,41.96667,-71.11667,3250.0,0.001358695652173913,0.0,0.0,0.06793478260869565,0.014945652173913044,0.07065217391304347,0.3220108695652174,0.03260869565217391,0.008152173913043478,0.01358695652173913,0.010869565217391304,0.025815217391304348,0.2907608695652174,0.008152173913043478,0.1331521739130435,736.0
2959,41.96667,-71.11667,3750.0,0.0025139664804469273,0.0011173184357541898,0.0,0.054748603351955305,0.01005586592178771,0.05614525139664805,0.35614525139664804,0.04217877094972067,0.012849162011173185,0.006983240223463687,0.017039106145251396,0.022067039106145252,0.2706703910614525,0.005307262569832402,0.14217877094972067,3580.0
2959,41.96667,-71.11667,4250.0,0.0012040939193257074,0.0006020469596628537,0.0,0.049367850692354005,0.005418422636965683,0.06803130644190247,0.4852498494882601,0.04515352197471403,0.02107164358819988,0.006020469596628537,0.024683925346177003,0.018663455749548464,0.16375677302829622,0.005418422636965683,0.1053582179409994,1661.0
2959,41.96667,-71.11667,4750.0,0.0013986013986013986,0.0,0.0,0.05174825174825175,0.02097902097902098,0.06573426573426573,0.4671328671328671,0.03636363636363636,0.008391608391608392,0.008391608391608392,0.026573426573426574,0.016783216783216783,0.2013986013986014,0.002797202797202797,0.09230769230769231,715.0
2959,41.96667,-71.11667,5250.0,0.0,0.0,0.0,0.05156537753222836,0.027624309392265192,0.06261510128913444,0.4843462246777164,0.03867403314917127,0.0055248618784530384,0.007366482504604052,0.003683241252302026,0.022099447513812154,0.21731123388581952,0.003683241252302026,0.07550644567219153,543.0
2959,41.96667,-71.11667,5750.0,0.0,0.0,0.0,0.04579339723109691,0.0362087326943557,0.06602768903088392,0.36741214057507987,0.04579339723109691,0.005324813631522897,0.008519701810436636,0.023429179978700747,0.011714589989350373,0.2747603833865815,0.003194888178913738,0.11182108626198083,939.0
2959,41.96667,-71.11667,6250.0,0.002347417840375587,0.0,0.0,0.05516431924882629,0.036384976525821594,0.04225352112676056,0.4647887323943662,0.03403755868544601,0.002347417840375587,0.012910798122065728,0.005868544600938967,0.01995305164319249,0.22535211267605634,0.0011737089201877935,0.09741784037558686,852.0
2959,41.96667,-71.11667,6750.0,0.0,0.0,0.0,0.06016597510373444,0.04979253112033195,0.08298755186721991,0.44398340248962653,0.06846473029045644,0.006224066390041493,0.006224066390041493,0.004149377593360996,0.022821576763485476,0.13900414937759337,0.004149377593360996,0.11203319502074689,482.0
2959,41.96667,-71.11667,7250.0,0.005025125628140704,0.0,0.0,0.09547738693467336,0.035175879396984924,0.05025125628140704,0.4321608040201005,0.020100502512562814,0.005025125628140704,0.010050251256281407,0.0,0.020100502512562814,0.19095477386934673,0.0,0.135678391959799,199.0
2959,41.96667,-71.11667,7750.0,0.0019286403085824494,0.0009643201542912247,0.0,0.20925747348119575,0.029893924783027964,0.07135969141755062,0.3751205400192864,0.010607521697203472,0.007714561234329798,0.0048216007714561235,0.0,0.013500482160077145,0.17839922854387658,0.0028929604628736743,0.0935390549662488,1037.0
2959,41.96667,-71.11667,8250.0,0.028846153846153848,0.003205128205128205,0.0,0.2724358974358974,0.02564102564102564,0.060897435897435896,0.36217948717948717,0.0,0.009615384615384616,0.00641025641025641,0.0,0.0,0.1346153846153846,0.009615384615384616,0.08653846153846154,312.0
2959,41.96667,-71.11667,8750.0,0.030145530145530147,0.005197505197505198,0.0,0.4313929313929314,0.02079002079002079,0.104989604989605,0.19542619542619544,0.0010395010395010396,0.013513513513513514,0.002079002079002079,0.0010395010395010396,0.0,0.09043659043659044,0.007276507276507277,0.09667359667359668,962.0
2959,41.96667,-71.11667,9250.0,0.012476606363069246,0.006238303181534623,0.0006238303181534623,0.5146600124766063,0.021834061135371178,0.0991890205864005,0.18215845290081098,0.0031191515907673115,0.008109794135995009,0.006238303181534623,0.0006238303181534623,0.011852776044915784,0.032439176543980035,0.011852776044915784,0.08858390517779165,1603.0
2959,41.96667,-71.11667,9750.0,0.2875,0.03125,0.00625,0.225,0.0125,0.08125,0.025,0.0,0.00625,0.00625,0.0,0.00625,0.225,0.00625,0.08125,160.0
2959,41.96667,-71.11667,10250.0,0.1993047508690614,0.031286210892236384,0.006952491309385863,0.4171494785631518,0.010428736964078795,0.09501738122827347,0.031286210892236384,0.0,0.005793742757821553,0.006952491309385863,0.0,0.0011587485515643105,0.11239860950173812,0.009269988412514484,0.07300115874855156,863.0
2959,41.96667,-71.11667,10750.0,0.3850467289719626,0.009345794392523364,0.005607476635514018,0.29906542056074764,0.007476635514018692,0.059813084112149535,0.011214953271028037,0.0,0.0,0.001869158878504673,0.0,0.001869158878504673,0.1308411214953271,0.005607476635514018,0.08224299065420561,535.0
2959,41.96667,-71.11667,11250.0,0.4369918699186992,0.03861788617886179,0.007113821138211382,0.27235772357723576,0.012195121951219513,0.041666666666666664,0.01016260162601626,0.0,0.0040650406504065045,0.0010162601626016261,0.0,0.0010162601626016261,0.08028455284552846,0.00508130081300813,0.08943089430894309,984.0
2959,41.96667,-71.11667,11750.0,0.2336448598130841,0.037383177570093455,0.001869158878504673,0.4766355140186916,0.0,0.018691588785046728,0.016822429906542057,0.001869158878504673,0.007476635514018692,0.0,0.0,0.003738317757009346,0.05420560747663551,0.0,0.14766355140186915,535.0
2959,41.96667,-71.11667,12250.0,0.2939244663382594,0.014778325123152709,0.0049261083743842365,0.24302134646962234,0.003284072249589491,0.0755336617405583,0.08702791461412152,0.0016420361247947454,0.027914614121510674,0.0,0.0,0.0,0.003284072249589491,0.0180623973727422,0.22660098522167488,609.0
2959,41.96667,-71.11667,12750.0,0.3764093668690373,0.031222896790980052,0.003469210754553339,0.24111014744145706,0.0,0.055507372072853424,0.06851691240242845,0.0026019080659150044,0.01821335646140503,0.003469210754553339,0.0017346053772766695,0.0008673026886383347,0.011274934952298352,0.012142237640936688,0.17346053772766695,1153.0
2959,41.96667,-71.11667,13750.0,0.272264631043257,0.005089058524173028,0.005089058524173028,0.10432569974554708,0.0,0.1806615776081425,0.06361323155216285,0.0,0.030534351145038167,0.0,0.002544529262086514,0.0,0.005089058524173028,0.015267175572519083,0.3155216284987277,393.0
2961,42.4,-85.38333,250.0,0.008104738154613466,0.0,0.0,0.03678304239401496,0.0,0.017768079800498753,0.47381546134663344,0.03460099750623442,0.01963840399002494,0.046134663341645885,0.033354114713216955,0.0046758104738154616,0.003428927680798005,0.0003117206982543641,0.3213840399002494,3208.0
2961,42.4,-85.38333,750.0,0.0037313432835820895,0.0,0.0,0.018656716417910446,0.0,0.022388059701492536,0.582089552238806,0.055970149253731345,0.033582089552238806,0.041044776119402986,0.09328358208955224,0.022388059701492536,0.0037313432835820895,0.0037313432835820895,0.11940298507462686,268.0
2961,42.4,-85.38333,1250.0,0.0040650406504065045,0.0,0.0,0.02032520325203252,0.0,0.016260162601626018,0.532520325203252,0.06504065040650407,0.04878048780487805,0.07317073170731707,0.1016260162601626,0.032520325203252036,0.0040650406504065045,0.0,0.1016260162601626,246.0
2961,42.4,-85.38333,1750.0,0.006122448979591836,0.0,0.0,0.026530612244897958,0.0,0.01020408163265306,0.4857142857142857,0.20204081632653062,0.05714285714285714,0.06938775510204082,0.0326530612244898,0.018367346938775512,0.004081632653061225,0.004081632653061225,0.0836734693877551,490.0
2961,42.4,-85.38333,2250.0,0.009592326139088728,0.0,0.0,0.009592326139088728,0.0,0.004796163069544364,0.6666666666666666,0.0671462829736211,0.04316546762589928,0.045563549160671464,0.07673860911270983,0.007194244604316547,0.004796163069544364,0.0,0.06474820143884892,417.0
2961,42.4,-85.38333,2750.0,0.0038910505836575876,0.0,0.0,0.0038910505836575876,0.0,0.011673151750972763,0.7587548638132295,0.058365758754863814,0.023346303501945526,0.03501945525291829,0.04669260700389105,0.007782101167315175,0.011673151750972763,0.0038910505836575876,0.03501945525291829,257.0
2961,42.4,-85.38333,3250.0,0.019417475728155338,0.0,0.0,0.021844660194174758,0.0,0.009708737864077669,0.6941747572815534,0.01699029126213592,0.03398058252427184,0.043689320388349516,0.07524271844660194,0.007281553398058253,0.0024271844660194173,0.0048543689320388345,0.0703883495145631,412.0
2961,42.4,-85.38333,3750.0,0.004739336492890996,0.0,0.0,0.018957345971563982,0.0,0.011058451816745656,0.6571879936808847,0.036334913112164295,0.05687203791469194,0.0679304897314376,0.036334913112164295,0.017377567140600316,0.007898894154818325,0.0,0.08530805687203792,633.0
2961,42.4,-85.38333,4250.0,0.0045045045045045045,0.0,0.0,0.03303303303303303,0.0,0.0015015015015015015,0.7297297297297297,0.03003003003003003,0.03753753753753754,0.03903903903903904,0.01951951951951952,0.0075075075075075074,0.0015015015015015015,0.0015015015015015015,0.0945945945945946,666.0
2961,42.4,-85.38333,4750.0,0.0,0.0,0.0,0.028169014084507043,0.0,0.009389671361502348,0.6384976525821596,0.03755868544600939,0.03286384976525822,0.11737089201877934,0.014084507042253521,0.009389671361502348,0.009389671361502348,0.009389671361502348,0.09389671361502347,213.0
2961,42.4,-85.38333,5250.0,0.0061162079510703364,0.0,0.0,0.024464831804281346,0.0,0.0061162079510703364,0.6605504587155964,0.047400611620795105,0.024464831804281346,0.0764525993883792,0.035168195718654434,0.012232415902140673,0.0030581039755351682,0.0,0.10397553516819572,654.0
2961,42.4,-85.38333,6250.0,0.017241379310344827,0.0,0.0,0.02586206896551724,0.0,0.004310344827586207,0.5797413793103449,0.09051724137931035,0.040948275862068964,0.09698275862068965,0.023706896551724137,0.01293103448275862,0.00646551724137931,0.008620689655172414,0.09267241379310345,464.0
2961,42.4,-85.38333,6750.0,0.012145748987854251,0.0,0.0,0.048582995951417005,0.0,0.008097165991902834,0.5141700404858299,0.06882591093117409,0.04251012145748988,0.15384615384615385,0.03441295546558704,0.02631578947368421,0.0020242914979757085,0.004048582995951417,0.08502024291497975,494.0
2961,42.4,-85.38333,7750.0,0.011160714285714286,0.002232142857142857,0.0,0.020089285714285716,0.0,0.002232142857142857,0.6495535714285714,0.013392857142857142,0.026785714285714284,0.11383928571428571,0.029017857142857144,0.015625,0.002232142857142857,0.006696428571428571,0.10714285714285714,448.0
2961,42.4,-85.38333,8250.0,0.0,0.0,0.0,0.14206128133704735,0.0,0.005571030640668524,0.5905292479108635,0.0,0.013927576601671309,0.0807799442896936,0.019498607242339833,0.008356545961002786,0.0,0.002785515320334262,0.13649025069637882,359.0
2961,42.4,-85.38333,8750.0,0.008557457212713936,0.0,0.0,0.1100244498777506,0.0,0.0024449877750611247,0.5880195599022005,0.0,0.023227383863080684,0.05745721271393643,0.018337408312958436,0.017114914425427872,0.007334963325183374,0.003667481662591687,0.16381418092909536,818.0
2961,42.4,-85.38333,9250.0,0.012048192771084338,0.0,0.0030120481927710845,0.5993975903614458,0.0,0.012048192771084338,0.14759036144578314,0.0,0.02108433734939759,0.0783132530120482,0.012048192771084338,0.0030120481927710845,0.0030120481927710845,0.006024096385542169,0.10240963855421686,332.0
2961,42.4,-85.38333,9750.0,0.014896373056994818,0.0006476683937823834,0.0,0.4488341968911917,0.0012953367875647669,0.013601036269430052,0.2648963730569948,0.0006476683937823834,0.016191709844559584,0.0744818652849741,0.01878238341968912,0.012305699481865285,0.0019430051813471502,0.0019430051813471502,0.12953367875647667,1544.0
2961,42.4,-85.38333,10250.0,0.09389140271493213,0.01809954751131222,0.005656108597285068,0.6278280542986425,0.0011312217194570137,0.032805429864253395,0.09049773755656108,0.0,0.021493212669683258,0.030542986425339366,0.003393665158371041,0.0022624434389140274,0.0022624434389140274,0.003393665158371041,0.0667420814479638,884.0
2961,42.4,-85.38333,10750.0,0.14935822637106183,0.014002333722287048,0.002333722287047841,0.3990665110851809,0.0011668611435239206,0.023337222870478413,0.08401400233372229,0.0,0.06534422403733955,0.051341890315052506,0.007001166861143524,0.002333722287047841,0.005834305717619603,0.003500583430571762,0.19136522753792298,857.0
2961,42.4,-85.38333,11250.0,0.38288288288288286,0.024324324324324326,0.0045045045045045045,0.07117117117117117,0.0,0.008108108108108109,0.10720720720720721,0.0009009009009009009,0.06126126126126126,0.02252252252252252,0.005405405405405406,0.002702702702702703,0.008108108108108109,0.07567567567567568,0.22522522522522523,1110.0
2961,42.4,-85.38333,11750.0,0.3389830508474576,0.03389830508474576,0.0,0.013182674199623353,0.0,0.009416195856873822,0.10922787193973635,0.0,0.12052730696798493,0.011299435028248588,0.003766478342749529,0.0018832391713747645,0.003766478342749529,0.047080979284369114,0.3069679849340866,531.0
2961,42.4,-85.38333,12250.0,0.3661360347322721,0.005788712011577424,0.0,0.02894356005788712,0.0,0.00723589001447178,0.08827785817655572,0.0,0.11143270622286541,0.02170767004341534,0.00723589001447178,0.001447178002894356,0.005788712011577424,0.06801736613603473,0.28798842257597684,691.0
2961,42.4,-85.38333,12750.0,0.35390946502057613,0.0,0.00411522633744856,0.00205761316872428,0.0,0.00411522633744856,0.102880658436214,0.0,0.10493827160493827,0.0205761316872428,0.0,0.00205761316872428,0.00205761316872428,0.0720164609053498,0.33127572016460904,486.0
3031,45.004374,-93.573634,250.0,0.003963521571378464,0.0002806032970887408,0.0023500526131182043,0.054472115047351805,0.0011574886004910557,0.02777972641178534,0.3555243774114346,0.0001403016485443704,0.012206243423360224,0.033602244826376707,0.0032620133286566117,0.016099614170466504,0.013819712381620485,0.018730270080673447,0.4566117151876535,14255.0
3031,45.004374,-93.573634,750.0,0.003200465522257783,0.0,0.0007273785277858597,0.07346523130637184,0.0023276112889147513,0.02589467558917661,0.3427407622926971,0.0002909514111143439,0.00669188245562991,0.014547570555717195,0.0005819028222286878,0.006400931044515566,0.01716613325574629,0.009310445155659005,0.49665405877218505,3437.0
3031,45.004374,-93.573634,1250.0,0.0026842362127867253,0.0004880429477794046,0.0014641288433382138,0.03709126403123475,0.0007320644216691069,0.022938018545632016,0.3430941922889214,0.0004880429477794046,0.010736944851146901,0.015617374328940947,0.003904343582235237,0.003904343582235237,0.017569546120058566,0.004392386530014641,0.5348950707662274,2049.0
3031,45.004374,-93.573634,1750.0,0.0011641443538998836,0.0,0.0017462165308498253,0.051222351571594875,0.0,0.02677532013969732,0.36437718277066355,0.0,0.017462165308498253,0.01979045401629802,0.002328288707799767,0.004074505238649592,0.011641443538998836,0.0034924330616996507,0.4959254947613504,859.0
3031,45.004374,-93.573634,2250.0,0.00019546520719311962,0.0,0.001563721657544957,0.05043002345582486,0.0,0.02111024237685692,0.3733385457388585,0.0,0.0109460516028147,0.023846755277560593,0.0011727912431587178,0.009577795152462862,0.014073494917904612,0.010164190774042221,0.48358092259577795,2558.0
3031,45.004374,-93.573634,2750.0,0.0018159806295399517,0.0012106537530266344,0.0006053268765133172,0.04600484261501211,0.0,0.024213075060532687,0.36077481840193704,0.0,0.009685230024213076,0.01937046004842615,0.004842615012106538,0.010895883777239709,0.006053268765133172,0.020581113801452784,0.4939467312348668,826.0
3031,45.004374,-93.573634,3250.0,0.0033491979552265115,8.813678829543451e-05,0.00035254715318173806,0.05543803983782831,0.00017627357659086903,0.014101886127269522,0.32363828662083555,0.0,0.01110523532522475,0.020271461307949937,0.0028203772254539045,0.00643398554556672,0.014806980433632998,0.00934249955931606,0.5380750925436277,5673.0
3031,45.004374,-93.573634,3750.0,0.0019234879247702502,0.00021372088053002778,0.0,0.06796324000854884,0.00021372088053002778,0.015601624278692027,0.2216285531096388,0.0,0.013678136353921778,0.023509296858303056,0.003205813207950417,0.0036332549690104724,0.011113485787561444,0.0115409275486215,0.6257747381919213,4679.0
3031,45.004374,-93.573634,4250.0,0.0,0.0,0.0012461059190031153,0.06666666666666667,0.0,0.007476635514018692,0.23426791277258566,0.0,0.014953271028037384,0.02118380062305296,0.0,0.0024922118380062306,0.012461059190031152,0.011214953271028037,0.6280373831775701,802.5
3031,45.004374,-93.573634,4750.0,0.0012353304508956147,0.0,0.0006176652254478073,0.0682520074119827,0.0,0.008029647930821495,0.1791229153798641,0.0,0.011117974058060531,0.03211859172328598,0.0012353304508956147,0.012044471896232242,0.012970969734403953,0.00926497838171711,0.6639901173563928,1619.0
3031,45.004374,-93.573634,5250.0,0.002763385146804836,0.0,0.0,0.061139896373056994,0.0,0.0069084628670120895,0.17132987910189984,0.000690846286701209,0.010362694300518135,0.03177892918825561,0.001381692573402418,0.009671848013816925,0.011053540587219343,0.012435233160621761,0.6804835924006909,1447.5
3031,45.004374,-93.573634,5750.0,0.0007651109410864575,0.0,0.001530221882172915,0.04896710022953328,0.0,0.00612088752869166,0.17444529456771232,0.0,0.0076511094108645756,0.036725325172149964,0.001530221882172915,0.0045906656465187455,0.0045906656465187455,0.01224177505738332,0.7008416220351951,653.5
3031,45.004374,-93.573634,6250.0,0.001920860545524395,0.0,0.000768344218209758,0.059930849020361124,0.0,0.013061851709565886,0.17671917018824435,0.0,0.01536688436419516,0.031502112946600075,0.000768344218209758,0.00384172109104879,0.00768344218209758,0.010756819054936612,0.6776796004610065,1301.5
3031,45.004374,-93.573634,6750.0,0.0008123476848090983,0.0,0.0,0.059301380991064176,0.0,0.011372867587327376,0.22258326563769293,0.0,0.016246953696181964,0.0479285134037368,0.002437043054427295,0.007311129163281885,0.006498781478472786,0.010560519902518278,0.6149471974004874,1231.0
3031,45.004374,-93.573634,7250.0,0.002948765204570586,0.0,0.0,0.08772576483597494,0.0,0.008846295613711759,0.2218945816439366,0.0,0.014006634721710284,0.058975304091411725,0.005160339107998526,0.006266126059712496,0.010320678215997052,0.020641356431994103,0.5632141540729819,1356.5
3031,45.004374,-93.573634,8250.0,0.0021496130696474634,0.0,0.0008598452278589854,0.10103181427343078,0.0,0.021496130696474634,0.3164230438521066,0.0,0.02235597592433362,0.1410146173688736,0.004299226139294927,0.012897678417884782,0.008598452278589854,0.01633705932932072,0.352536543422184,1163.0
3031,45.004374,-93.573634,8750.0,0.00709849157054126,0.0,0.0,0.05767524401064774,0.0,0.015971606033717833,0.32653061224489793,0.0,0.01064773735581189,0.1526175687666371,0.00709849157054126,0.005323868677905945,0.01064773735581189,0.03371783496007098,0.37267080745341613,563.5
3031,45.004374,-93.573634,9750.0,0.005851063829787234,0.0018617021276595746,0.00425531914893617,0.09601063829787235,0.0,0.11861702127659575,0.2691489361702128,0.0,0.05319148936170213,0.19787234042553192,0.011702127659574468,0.014893617021276596,0.011170212765957447,0.02127659574468085,0.19414893617021275,1880.0
3031,45.004374,-93.573634,10250.0,0.10869565217391304,0.007905138339920948,0.029644268774703556,0.03359683794466403,0.0,0.19367588932806323,0.02766798418972332,0.0,0.09683794466403162,0.06324110671936758,0.0,0.023715415019762844,0.08300395256916997,0.15019762845849802,0.18181818181818182,506.0
3031,45.004374,-93.573634,11250.0,0.30997001499250376,0.0022488755622188904,0.02886056971514243,0.0074962518740629685,0.0,0.12968515742128936,0.029985007496251874,0.0,0.0472263868065967,0.013493253373313344,0.0,0.0014992503748125937,0.02923538230884558,0.095952023988006,0.30434782608695654,1334.0
3031,45.004374,-93.573634,11750.0,0.5179856115107914,0.0035971223021582736,0.04136690647482014,0.00539568345323741,0.0,0.0035971223021582736,0.02877697841726619,0.0,0.06474820143884892,0.01079136690647482,0.0,0.0,0.0035971223021582736,0.039568345323741004,0.2805755395683453,278.0
3035,45.33333,-90.08333,250.0,0.006246096189881324,0.009993753903810118,0.011867582760774516,0.2617114303560275,0.16614615865084323,0.29918800749531543,0.04871955028107433,0.0006246096189881324,0.011867582760774516,0.016239850093691444,0.0012492192379762648,0.013741411617738912,0.027482823235477825,0.008119925046845722,0.11680199875078076,1601.0
3035,45.33333,-90.08333,750.0,0.005076142131979695,0.005076142131979695,0.007106598984771574,0.3472081218274112,0.1431472081218274,0.27918781725888325,0.03553299492385787,0.0,0.019289340101522844,0.026395939086294416,0.0020304568527918783,0.013197969543147208,0.025380710659898477,0.008121827411167513,0.083248730964467,985.0
3035,45.33333,-90.08333,1250.0,0.0055658627087198514,0.00927643784786642,0.0074211502782931356,0.44712430426716143,0.06029684601113173,0.20593692022263452,0.05380333951762523,0.0009276437847866419,0.025974025974025976,0.021335807050092765,0.0027829313543599257,0.01020408163265306,0.04823747680890538,0.015769944341372914,0.08534322820037106,1078.0
3035,45.33333,-90.08333,1750.0,0.007802340702210663,0.009102730819245773,0.004551365409622887,0.41092327698309494,0.07867360208062418,0.24577373211963588,0.05006501950585176,0.0019505851755526658,0.014304291287386216,0.022106631989596878,0.0006501950585175553,0.016254876462938883,0.044213263979193757,0.007152145643693108,0.08647594278283485,1538.0
3035,45.33333,-90.08333,2250.0,0.0022522522522522522,0.008258258258258258,0.005255255255255256,0.47897897897897895,0.0960960960960961,0.20945945945945946,0.05405405405405406,0.0015015015015015015,0.014264264264264264,0.024024024024024024,0.0007507507507507507,0.013513513513513514,0.024774774774774775,0.006756756756756757,0.06006006006006006,1332.0
3035,45.33333,-90.08333,2750.0,0.007751937984496124,0.006201550387596899,0.004651162790697674,0.5705426356589147,0.024806201550387597,0.16279069767441862,0.06511627906976744,0.0,0.013953488372093023,0.018604651162790697,0.0,0.018604651162790697,0.034108527131782945,0.021705426356589147,0.05116279069767442,645.0
3035,45.33333,-90.08333,3250.0,0.003105590062111801,0.015527950310559006,0.003105590062111801,0.6583850931677019,0.0,0.13975155279503104,0.043478260869565216,0.0,0.006211180124223602,0.009316770186335404,0.0,0.012422360248447204,0.037267080745341616,0.006211180124223602,0.06521739130434782,322.0
3035,45.33333,-90.08333,3750.0,0.002642007926023778,0.003963011889035667,0.007926023778071334,0.5997357992073976,0.002642007926023778,0.10700132100396301,0.071334214002642,0.0,0.021136063408190225,0.021136063408190225,0.003963011889035667,0.01453104359313078,0.03963011889035667,0.0066050198150594455,0.0977542932628798,757.0
3035,45.33333,-90.08333,4750.0,0.0049833887043189366,0.008305647840531562,0.008305647840531562,0.6112956810631229,0.0,0.059800664451827246,0.10132890365448505,0.0,0.019933554817275746,0.023255813953488372,0.0,0.0049833887043189366,0.03322259136212625,0.014950166112956811,0.10963455149501661,602.0
3035,45.33333,-90.08333,5250.0,0.002857142857142857,0.008571428571428572,0.0,0.5571428571428572,0.0,0.045714285714285714,0.11714285714285715,0.0,0.022857142857142857,0.04285714285714286,0.005714285714285714,0.011428571428571429,0.054285714285714284,0.008571428571428572,0.12285714285714286,350.0
3035,45.33333,-90.08333,5750.0,0.0,0.006666666666666667,0.0,0.6366666666666667,0.0,0.05333333333333334,0.11,0.0,0.016666666666666666,0.056666666666666664,0.0,0.013333333333333334,0.016666666666666666,0.0033333333333333335,0.08666666666666667,300.0
3035,45.33333,-90.08333,6250.0,0.003048780487804878,0.003048780487804878,0.0,0.676829268292683,0.0,0.036585365853658534,0.0701219512195122,0.0,0.021341463414634148,0.039634146341463415,0.0,0.021341463414634148,0.027439024390243903,0.012195121951219513,0.08841463414634146,328.0
3035,45.33333,-90.08333,6750.0,0.0029154518950437317,0.0029154518950437317,0.0,0.6676384839650146,0.0,0.037900874635568516,0.04956268221574344,0.0,0.023323615160349854,0.03498542274052478,0.0,0.0058309037900874635,0.026239067055393587,0.0029154518950437317,0.1457725947521866,343.0
3035,45.33333,-90.08333,7250.0,0.0,0.007309941520467836,0.0014619883040935672,0.6432748538011696,0.0,0.039473684210526314,0.07456140350877193,0.0,0.023391812865497075,0.04239766081871345,0.0,0.014619883040935672,0.02631578947368421,0.007309941520467836,0.11988304093567251,684.0
3035,45.33333,-90.08333,7750.0,0.023809523809523808,0.019668737060041408,0.006211180124223602,0.4440993788819876,0.0,0.10973084886128365,0.06728778467908902,0.0010351966873706005,0.028985507246376812,0.09627329192546584,0.005175983436853002,0.015527950310559006,0.043478260869565216,0.013457556935817806,0.12525879917184266,966.0
3035,45.33333,-90.08333,8250.0,0.006430868167202572,0.01929260450160772,0.003215434083601286,0.6430868167202572,0.0,0.06752411575562701,0.04180064308681672,0.0,0.01929260450160772,0.06430868167202572,0.0,0.006430868167202572,0.03858520900321544,0.003215434083601286,0.08681672025723473,311.0
3035,45.33333,-90.08333,8750.0,0.07219662058371736,0.015360983102918587,0.026113671274961597,0.36251920122887865,0.0,0.13978494623655913,0.0706605222734255,0.0,0.047619047619047616,0.09523809523809523,0.010752688172043012,0.006144393241167435,0.007680491551459293,0.021505376344086023,0.12442396313364056,651.0
3035,45.33333,-90.08333,10250.0,0.5621970920840065,0.0,0.0210016155088853,0.014539579967689823,0.0,0.08239095315024232,0.03715670436187399,0.0,0.025848142164781908,0.0210016155088853,0.0,0.0,0.01938610662358643,0.027463651050080775,0.1890145395799677,619.0
3035,45.33333,-90.08333,10750.0,0.31451036454610437,0.010721944245889922,0.028591851322373123,0.24231593995711223,0.0,0.09006433166547534,0.040028591851322376,0.0,0.04932094353109364,0.04860614724803431,0.0014295925661186562,0.0014295925661186562,0.005003573981415297,0.030736240171551108,0.13724088634739098,1399.0
3035,45.33333,-90.08333,11250.0,0.3961661341853035,0.001597444089456869,0.020766773162939296,0.006389776357827476,0.0,0.04313099041533546,0.038338658146964855,0.0,0.04153354632587859,0.01597444089456869,0.0,0.001597444089456869,0.01597444089456869,0.039936102236421724,0.37859424920127793,626.0
3035,45.33333,-90.08333,11750.0,0.65625,0.003125,0.01875,0.0125,0.0,0.05625,0.021875,0.0,0.0,0.00625,0.003125,0.0,0.003125,0.025,0.19375,320.0
3035,45.33333,-90.08333,12250.0,0.5100864553314121,0.002881844380403458,0.023054755043227664,0.002881844380403458,0.0,0.011527377521613832,0.025936599423631124,0.0,0.07492795389048991,0.008645533141210375,0.0,0.0,0.008645533141210375,0.06051873198847262,0.27089337175792505,347.0
3035,45.33333,-90.08333,12750.0,0.6311239193083573,0.0,0.025936599423631124,0.002881844380403458,0.0,0.011527377521613832,0.020172910662824207,0.0,0.02881844380403458,0.0,0.0,0.0,0.005763688760806916,0.03170028818443804,0.2420749279538905,347.0
3035,45.33333,-90.08333,13750.0,0.549079754601227,0.0,0.0,0.009202453987730062,0.0,0.08282208588957055,0.009202453987730062,0.0,0.03067484662576687,0.003067484662576687,0.0,0.0,0.0,0.04294478527607362,0.27300613496932513,326.0
3035,45.33333,-90.08333,14250.0,0.4434250764525994,0.0,0.01529051987767584,0.012232415902140673,0.0,0.03669724770642202,0.0061162079510703364,0.0,0.0856269113149847,0.0061162079510703364,0.0030581039755351682,0.0030581039755351682,0.0030581039755351682,0.027522935779816515,0.3577981651376147,327.0
3081,43.91694,-89.16694,750.0,0.0022346368715083797,0.0,0.0005586592178770949,0.17094972067039105,0.01899441340782123,0.0335195530726257,0.4016759776536313,0.003910614525139665,0.008379888268156424,0.018435754189944135,0.011731843575418994,0.006145251396648044,0.026815642458100558,0.0005586592178770949,0.29608938547486036,1790.0
3081,43.91694,-89.16694,1250.0,0.0044444444444444444,0.0014814814814814814,0.0,0.16148148148148148,0.01037037037037037,0.056296296296296296,0.38814814814814813,0.0044444444444444444,0.02074074074074074,0.014814814814814815,0.008888888888888889,0.005925925925925926,0.02962962962962963,0.0,0.29333333333333333,675.0
3081,43.91694,-89.16694,1750.0,0.0,0.0,0.0009041591320072332,0.1437613019891501,0.007233273056057866,0.03345388788426763,0.28119349005424954,0.007233273056057866,0.017179023508137433,0.029837251356238697,0.012658227848101266,0.0081374321880651,0.0216998191681736,0.0018083182640144665,0.4349005424954792,1106.0
3081,43.91694,-89.16694,2250.0,0.0007380073800738007,0.0,0.0,0.23911439114391145,0.006642066420664207,0.05461254612546126,0.3859778597785978,0.005904059040590406,0.014022140221402213,0.016974169741697416,0.01107011070110701,0.002214022140221402,0.026568265682656828,0.0007380073800738007,0.23542435424354244,1355.0
3081,43.91694,-89.16694,2750.0,0.0,0.001017293997965412,0.001017293997965412,0.15768056968463887,0.01017293997965412,0.042726347914547304,0.4598168870803662,0.002034587995930824,0.018311291963377416,0.03255340793489318,0.006103763987792472,0.004069175991861648,0.023397761953204477,0.0,0.24109867751780265,983.0
3081,43.91694,-89.16694,3750.0,0.0015923566878980893,0.0,0.0,0.12738853503184713,0.0,0.004777070063694267,0.30095541401273884,0.0015923566878980893,0.009554140127388535,0.028662420382165606,0.004777070063694267,0.0015923566878980893,0.020700636942675158,0.0015923566878980893,0.4968152866242038,628.0
3081,43.91694,-89.16694,4250.0,0.0,0.0,0.0,0.12637362637362637,0.0,0.005494505494505495,0.3324175824175824,0.0,0.01098901098901099,0.03571428571428571,0.005494505494505495,0.0,0.027472527472527472,0.0027472527472527475,0.4532967032967033,364.0
3081,43.91694,-89.16694,4750.0,0.0,0.0,0.0,0.1772679874869656,0.0,0.008342022940563087,0.3159541188738269,0.0010427528675703858,0.013555787278415016,0.035453597497393116,0.0031282586027111575,0.0031282586027111575,0.014598540145985401,0.0010427528675703858,0.4264859228362878,959.0
3081,43.91694,-89.16694,5250.0,0.0,0.0,0.0,0.2,0.0,0.003278688524590164,0.3114754098360656,0.0,0.022950819672131147,0.11475409836065574,0.006557377049180328,0.013114754098360656,0.01639344262295082,0.003278688524590164,0.3081967213114754,305.0
3081,43.91694,-89.16694,6250.0,0.0,0.0,0.0,0.20218579234972678,0.0,0.00819672131147541,0.3442622950819672,0.0,0.02185792349726776,0.09836065573770492,0.0273224043715847,0.00273224043715847,0.01366120218579235,0.0,0.2814207650273224,366.0
3081,43.91694,-89.16694,6750.0,0.0,0.0,0.0,0.2231404958677686,0.0,0.005509641873278237,0.2975206611570248,0.0,0.013774104683195593,0.12396694214876033,0.008264462809917356,0.008264462809917356,0.024793388429752067,0.0027548209366391185,0.29201101928374656,363.0
3081,43.91694,-89.16694,7250.0,0.0009615384615384616,0.0009615384615384616,0.0009615384615384616,0.28557692307692306,0.0,0.0057692307692307696,0.2423076923076923,0.0,0.027884615384615386,0.08846153846153847,0.011538461538461539,0.006730769230769231,0.02980769230769231,0.0038461538461538464,0.2951923076923077,1040.0
3081,43.91694,-89.16694,8250.0,0.0,0.0,0.0,0.2953846153846154,0.0,0.021538461538461538,0.26153846153846155,0.0,0.021538461538461538,0.12,0.012307692307692308,0.012307692307692308,0.03076923076923077,0.003076923076923077,0.22153846153846155,325.0
3081,43.91694,-89.16694,8750.0,0.0025,0.0,0.0,0.48,0.0,0.02,0.1725,0.0,0.02,0.12,0.0125,0.0075,0.01,0.0,0.155,400.0
3081,43.91694,-89.16694,9250.0,0.005842259006815969,0.0038948393378773127,0.004868549172346641,0.49659201557935734,0.0,0.0311587147030185,0.11879259980525804,0.0,0.044790652385589096,0.10418695228821812,0.012658227848101266,0.006815968841285297,0.013631937682570594,0.009737098344693282,0.14703018500486856,1027.0
3081,43.91694,-89.16694,9750.0,0.0,0.0,0.0023148148148148147,0.4791666666666667,0.0,0.023148148148148147,0.08564814814814815,0.0,0.04398148148148148,0.13425925925925927,0.009259259259259259,0.016203703703703703,0.02546296296296296,0.009259259259259259,0.1712962962962963,432.0
3081,43.91694,-89.16694,10250.0,0.0,0.002898550724637681,0.0,0.4608695652173913,0.0,0.06086956521739131,0.14202898550724638,0.0,0.02608695652173913,0.15072463768115943,0.014492753623188406,0.002898550724637681,0.04057971014492753,0.0,0.09855072463768116,345.0
3081,43.91694,-89.16694,10750.0,0.16968184653774174,0.006862133499688085,0.006862133499688085,0.4940736119775421,0.0,0.037429819089207735,0.049282595134123516,0.0,0.043668122270742356,0.045539613225202745,0.0031191515907673115,0.002495321272613849,0.006238303181534623,0.015595757953836557,0.11915159076731129,1603.0
3081,43.91694,-89.16694,11250.0,0.41546526867627787,0.0,0.011795543905635648,0.020969855832241154,0.0,0.019659239842726082,0.05897771952817824,0.002621231979030144,0.07470511140235911,0.027522935779816515,0.0,0.003931847968545216,0.01834862385321101,0.011795543905635648,0.33420707732634336,763.0
3081,43.91694,-89.16694,11750.0,0.4153846153846154,0.003076923076923077,0.004615384615384616,0.19230769230769232,0.0,0.010769230769230769,0.036923076923076927,0.0015384615384615385,0.03538461538461538,0.046153846153846156,0.0,0.006153846153846154,0.018461538461538463,0.0,0.22923076923076924,650.0
3081,43.91694,-89.16694,12250.0,0.6620370370370371,0.004629629629629629,0.007716049382716049,0.004629629629629629,0.0,0.0030864197530864196,0.043209876543209874,0.0,0.05709876543209876,0.007716049382716049,0.0,0.0,0.004629629629629629,0.0015432098765432098,0.2037037037037037,648.0
3081,43.91694,-89.16694,12750.0,0.5275288092189501,0.005121638924455826,0.0076824583866837385,0.010243277848911651,0.0,0.005121638924455826,0.04737516005121639,0.0,0.07298335467349552,0.0076824583866837385,0.005121638924455826,0.002560819462227913,0.002560819462227913,0.0012804097311139564,0.3047375160051216,781.0
3081,43.91694,-89.16694,13250.0,0.6725,0.0,0.020625,0.006875,0.0,0.003125,0.02,0.0,0.06625,0.005625,0.00125,0.00125,0.003125,0.0,0.199375,1600.0
3582,36.16667,-76.68333,250.0,0.0002992220227408737,0.0,0.0,0.3117893476959904,0.0002992220227408737,0.004189108318372232,0.16337522441651706,0.0014961101137043686,0.0038898862956313583,0.004488330341113106,0.013165769000598444,0.029024536205864752,0.006582884500299222,0.0,0.4614003590664273,3342.0
3582,36.16667,-76.68333,750.0,0.0006269592476489029,0.0,0.0,0.2175548589341693,0.0018808777429467085,0.003134796238244514,0.2670846394984326,0.0025078369905956114,0.0018808777429467085,0.005015673981191223,0.019435736677115987,0.012539184952978056,0.008150470219435737,0.0,0.46018808777429465,1595.0
3582,36.16667,-76.68333,2250.0,0.0,0.0,0.0,0.29885931558935364,0.0007604562737642585,0.0045627376425855515,0.18022813688212927,0.0038022813688212928,0.00532319391634981,0.00532319391634981,0.01064638783269962,0.03193916349809886,0.00532319391634981,0.0,0.4532319391634981,1315.0
3582,36.16667,-76.68333,2750.0,0.0,0.0,0.0,0.2658552210121717,0.0,0.0006406149903907751,0.1492632927610506,0.0012812299807815502,0.0006406149903907751,0.007046764894298526,0.015374759769378604,0.024343369634849454,0.007687379884689302,0.0,0.5278667520819987,1561.0
3582,36.16667,-76.68333,4250.0,0.0,0.0,0.0,0.2299412915851272,0.0,0.0014677103718199608,0.20303326810176126,0.004403131115459882,0.0029354207436399216,0.0029354207436399216,0.015166340508806261,0.021037181996086105,0.003913894324853229,0.0,0.5151663405088063,2044.0
3582,36.16667,-76.68333,4750.0,0.0,0.0,0.0,0.1644657863145258,0.0,0.004801920768307323,0.25510204081632654,0.003601440576230492,0.003001200480192077,0.003601440576230492,0.013205282112845138,0.015606242496998799,0.001800720288115246,0.0,0.5348139255702281,1666.0
3582,36.16667,-76.68333,5750.0,0.0,0.0,0.0,0.13700384122919335,0.0,0.005121638924455826,0.34571062740076824,0.005121638924455826,0.0038412291933418692,0.008962868117797696,0.023047375160051217,0.0076824583866837385,0.011523687580025609,0.0,0.4519846350832266,781.0
3582,36.16667,-76.68333,6250.0,0.0,0.0,0.0,0.1774436090225564,0.0,0.0,0.3233082706766917,0.004511278195488722,0.006015037593984963,0.006015037593984963,0.02406015037593985,0.012030075187969926,0.006015037593984963,0.0,0.4406015037593985,665.0
3582,36.16667,-76.68333,7250.0,0.0,0.0,0.0,0.18295218295218296,0.0,0.004158004158004158,0.4677754677754678,0.002079002079002079,0.004158004158004158,0.006237006237006237,0.04781704781704782,0.006237006237006237,0.008316008316008316,0.0,0.2702702702702703,481.0
3582,36.16667,-76.68333,7750.0,0.0,0.0,0.0,0.13931523022432113,0.0011806375442739079,0.0035419126328217238,0.37662337662337664,0.0059031877213695395,0.0059031877213695395,0.004722550177095631,0.030696576151121605,0.0035419126328217238,0.009445100354191263,0.0,0.41912632821723733,847.0
3582,36.16667,-76.68333,8250.0,0.0019569471624266144,0.0,0.0,0.11741682974559686,0.009784735812133072,0.007827788649706457,0.512720156555773,0.015655577299412915,0.0019569471624266144,0.0,0.0410958904109589,0.0,0.005870841487279843,0.0,0.2857142857142857,511.0
3582,36.16667,-76.68333,9250.0,0.0,0.0,0.0,0.11850311850311851,0.006237006237006237,0.008316008316008316,0.6652806652806653,0.006237006237006237,0.0,0.0,0.035343035343035345,0.004158004158004158,0.016632016632016633,0.0,0.1392931392931393,481.0
3582,36.16667,-76.68333,9750.0,0.002844950213371266,0.0,0.0,0.10810810810810811,0.02844950213371266,0.00995732574679943,0.5974395448079659,0.008534850640113799,0.001422475106685633,0.007112375533428165,0.01849217638691323,0.002844950213371266,0.005689900426742532,0.0,0.20910384068278806,703.0
3582,36.16667,-76.68333,10250.0,0.01731244847485573,0.0,0.0,0.11294311624072548,0.005770816158285243,0.014427040395713108,0.5964550700741962,0.018961253091508656,0.003709810387469085,0.008656224237427864,0.023495465787304205,0.0032976092333058533,0.01731244847485573,0.0,0.17765869744435284,2426.0
3582,36.16667,-76.68333,10750.0,0.06568265682656826,0.0007380073800738007,0.0,0.28413284132841327,0.0014760147601476014,0.028782287822878228,0.3756457564575646,0.008118081180811807,0.005904059040590406,0.007380073800738007,0.012546125461254613,0.002952029520295203,0.028044280442804426,0.0,0.17859778597785977,1355.0
3582,36.16667,-76.68333,12250.0,0.2461858529819695,0.0034674063800277394,0.0010402219140083217,0.5821775312066574,0.0,0.005201109570041609,0.027392510402219142,0.0006934812760055479,0.0027739251040221915,0.00034674063800277393,0.0013869625520110957,0.00034674063800277393,0.0159500693481276,0.0,0.1130374479889043,2884.0
3582,36.16667,-76.68333,12750.0,0.25,0.0015625,0.0,0.65,0.0,0.0,0.00625,0.0,0.0,0.0,0.0015625,0.0,0.021875,0.0,0.06875,640.0
3582,36.16667,-76.68333,14750.0,0.28835063437139563,0.0057670126874279125,0.0,0.4728950403690888,0.0,0.002306805074971165,0.01730103806228374,0.0,0.0,0.0,0.0011534025374855825,0.0011534025374855825,0.03344867358708189,0.0,0.1776239907727797,867.0
3831,43.41667,-84.88333,250.0,0.001006036217303823,0.0,0.04493628437290409,0.20992622401073105,0.03386988598256204,0.056002682763246145,0.2944332662642522,0.047619047619047616,0.021797451374916163,0.04963112005365526,0.015090543259557344,0.02448021462105969,0.013078470824949699,0.00033534540576794097,0.18779342723004694,2982.0
3831,43.41667,-84.88333,750.0,0.0,0.0,0.007067137809187279,0.28975265017667845,0.0812720848056537,0.06713780918727916,0.26501766784452296,0.04240282685512368,0.0176678445229682,0.07420494699646643,0.04240282685512368,0.04240282685512368,0.0035335689045936395,0.0,0.06713780918727916,283.0
3831,43.41667,-84.88333,1250.0,0.0,0.0,0.058878504672897194,0.12149532710280374,0.029906542056074768,0.02897196261682243,0.45607476635514016,0.08878504672897196,0.027102803738317756,0.07196261682242991,0.014953271028037384,0.04018691588785047,0.014018691588785047,0.0,0.04766355140186916,1070.0
3831,43.41667,-84.88333,1750.0,0.0,0.0,0.0053475935828877,0.1443850267379679,0.013368983957219251,0.008021390374331552,0.5213903743315508,0.08288770053475936,0.008021390374331552,0.06149732620320856,0.0106951871657754,0.0374331550802139,0.013368983957219251,0.01871657754010695,0.0748663101604278,374.0
3831,43.41667,-84.88333,2250.0,0.0111731843575419,0.0,0.00558659217877095,0.1787709497206704,0.0335195530726257,0.0223463687150838,0.44692737430167595,0.0223463687150838,0.0223463687150838,0.061452513966480445,0.01675977653631285,0.027932960893854747,0.00558659217877095,0.0111731843575419,0.1340782122905028,179.0
3831,43.41667,-84.88333,2750.0,0.0,0.0,0.018867924528301886,0.10849056603773585,0.02830188679245283,0.09433962264150944,0.39622641509433965,0.0660377358490566,0.07075471698113207,0.08490566037735849,0.014150943396226415,0.02830188679245283,0.0,0.018867924528301886,0.07075471698113207,212.0
3831,43.41667,-84.88333,3750.0,0.0,0.0,0.0,0.11144578313253012,0.02710843373493976,0.04216867469879518,0.5,0.061746987951807226,0.03162650602409638,0.09789156626506024,0.01355421686746988,0.02710843373493976,0.010542168674698794,0.0,0.07680722891566265,664.0
3831,43.41667,-84.88333,4250.0,0.0022371364653243847,0.0,0.0,0.10067114093959731,0.017897091722595078,0.029082774049217,0.5413870246085011,0.053691275167785234,0.03355704697986577,0.09619686800894854,0.02237136465324385,0.0044742729306487695,0.015659955257270694,0.0,0.08277404921700224,447.0
3831,43.41667,-84.88333,4750.0,0.0029542097488921715,0.0,0.0,0.21565731166912852,0.011816838995568686,0.0310192023633678,0.413589364844904,0.03545051698670606,0.04874446085672083,0.0915805022156573,0.0206794682422452,0.008862629246676515,0.004431314623338257,0.004431314623338257,0.11078286558345643,677.0
3831,43.41667,-84.88333,5250.0,0.0,0.0,0.0,0.18396226415094338,0.014150943396226415,0.02830188679245283,0.41509433962264153,0.0330188679245283,0.0660377358490566,0.07547169811320754,0.03773584905660377,0.02830188679245283,0.0,0.009433962264150943,0.10849056603773585,212.0
3831,43.41667,-84.88333,5750.0,0.0,0.0,0.0,0.16666666666666666,0.0015151515151515152,0.021212121212121213,0.4909090909090909,0.03939393939393939,0.03484848484848485,0.09393939393939393,0.019696969696969695,0.024242424242424242,0.00909090909090909,0.0,0.09848484848484848,660.0
3831,43.41667,-84.88333,6250.0,0.004545454545454545,0.0,0.0,0.08409090909090909,0.02727272727272727,0.011363636363636364,0.509090909090909,0.08863636363636364,0.04772727272727273,0.11136363636363636,0.004545454545454545,0.00909090909090909,0.006818181818181818,0.0,0.09545454545454546,440.0
3831,43.41667,-84.88333,6750.0,0.002403846153846154,0.0,0.007211538461538462,0.12620192307692307,0.010817307692307692,0.020432692307692308,0.4987980769230769,0.06610576923076923,0.027644230769230768,0.1045673076923077,0.009615384615384616,0.018028846153846152,0.003605769230769231,0.019230769230769232,0.08533653846153846,832.0
3831,43.41667,-84.88333,7250.0,0.0,0.0,0.0,0.16597510373443983,0.006224066390041493,0.01867219917012448,0.3962655601659751,0.029045643153526972,0.04149377593360996,0.17219917012448133,0.01037344398340249,0.01037344398340249,0.006224066390041493,0.0,0.14315352697095435,482.0
3831,43.41667,-84.88333,7750.0,0.0,0.0,0.0,0.20346320346320346,0.0,0.025974025974025976,0.42857142857142855,0.012987012987012988,0.017316017316017316,0.1038961038961039,0.017316017316017316,0.008658008658008658,0.004329004329004329,0.0,0.1774891774891775,231.0
3831,43.41667,-84.88333,8250.0,0.013824884792626729,0.0,0.004608294930875576,0.631336405529954,0.0,0.004608294930875576,0.17050691244239632,0.004608294930875576,0.0,0.07373271889400922,0.009216589861751152,0.0,0.004608294930875576,0.004608294930875576,0.07834101382488479,217.0
3831,43.41667,-84.88333,8750.0,0.009569377990430622,0.004784688995215311,0.0,0.6220095693779905,0.0,0.023923444976076555,0.215311004784689,0.0,0.009569377990430622,0.07177033492822966,0.009569377990430622,0.004784688995215311,0.0,0.0,0.028708133971291867,209.0
3831,43.41667,-84.88333,9750.0,0.02830188679245283,0.0023584905660377358,0.0047169811320754715,0.6745283018867925,0.0,0.02122641509433962,0.11556603773584906,0.0,0.02358490566037736,0.04716981132075472,0.009433962264150943,0.0,0.0047169811320754715,0.01179245283018868,0.05660377358490566,424.0
3831,43.41667,-84.88333,10250.0,0.09113300492610837,0.0024630541871921183,0.009852216748768473,0.5566502463054187,0.009852216748768473,0.022167487684729065,0.0960591133004926,0.007389162561576354,0.029556650246305417,0.05172413793103448,0.007389162561576354,0.0,0.009852216748768473,0.0,0.10591133004926108,406.0
3831,43.41667,-84.88333,11250.0,0.28110599078341014,0.0,0.0,0.48847926267281105,0.0,0.05069124423963134,0.04608294930875576,0.0,0.02304147465437788,0.013824884792626729,0.004608294930875576,0.0,0.009216589861751152,0.0,0.08294930875576037,217.0
3831,43.41667,-84.88333,11750.0,0.3238095238095238,0.0,0.009523809523809525,0.2571428571428571,0.0,0.047619047619047616,0.09523809523809523,0.004761904761904762,0.03333333333333333,0.02857142857142857,0.0,0.0,0.0,0.0,0.2,210.0
3831,43.41667,-84.88333,14250.0,0.5642201834862385,0.0,0.0045871559633027525,0.10550458715596331,0.0,0.022935779816513763,0.04128440366972477,0.0,0.045871559633027525,0.03669724770642202,0.0045871559633027525,0.0,0.0,0.0,0.1743119266055046,218.0
3840,34.16699,-80.77682200000001,250.0,0.0,0.0,0.0,0.47759562841530057,0.0,0.002185792349726776,0.1726775956284153,0.0,0.0,0.001092896174863388,0.012021857923497269,0.0,0.001092896174863388,0.0,0.3333333333333333,915.0
3840,34.16699,-80.77682200000001,1250.0,0.0,0.0,0.0,0.7653429602888087,0.0,0.0,0.148014440433213,0.0036101083032490976,0.0,0.0,0.021660649819494584,0.0,0.0,0.0,0.061371841155234655,277.0
3840,34.16699,-80.77682200000001,1750.0,0.0,0.0,0.0,0.6371681415929203,0.0,0.0,0.2359882005899705,0.0,0.0,0.0058997050147492625,0.008849557522123894,0.0,0.0,0.0,0.11209439528023599,339.0
3840,34.16699,-80.77682200000001,2750.0,0.0,0.0,0.0,0.6737588652482269,0.0,0.0,0.18439716312056736,0.0035460992907801418,0.0070921985815602835,0.0035460992907801418,0.03546099290780142,0.0,0.0070921985815602835,0.0,0.0851063829787234,282.0
3840,34.16699,-80.77682200000001,3250.0,0.0,0.0,0.0,0.5864197530864198,0.0,0.0,0.2654320987654321,0.0,0.009259259259259259,0.0030864197530864196,0.018518518518518517,0.006172839506172839,0.0030864197530864196,0.0,0.10802469135802469,324.0
3840,34.16699,-80.77682200000001,3750.0,0.0,0.0,0.0,0.6560509554140127,0.0,0.0,0.2229299363057325,0.0,0.009554140127388535,0.0031847133757961785,0.012738853503184714,0.0,0.0,0.0,0.09554140127388536,314.0
3840,34.16699,-80.77682200000001,4750.0,0.0,0.0,0.0,0.49079754601226994,0.0,0.003067484662576687,0.2668711656441718,0.0,0.009202453987730062,0.006134969325153374,0.024539877300613498,0.0,0.0,0.0,0.19938650306748465,326.0
3840,34.16699,-80.77682200000001,5250.0,0.0,0.0,0.0,0.5046153846153846,0.0,0.003076923076923077,0.3415384615384615,0.0,0.006153846153846154,0.012307692307692308,0.024615384615384615,0.0,0.009230769230769232,0.0,0.09846153846153846,325.0
3840,34.16699,-80.77682200000001,6250.0,0.0,0.0,0.0,0.5026178010471204,0.0,0.0017452006980802793,0.33158813263525305,0.0034904013961605585,0.0034904013961605585,0.0034904013961605585,0.017452006980802792,0.0017452006980802793,0.0,0.0,0.1343804537521815,573.0
3840,34.16699,-80.77682200000001,6750.0,0.0,0.0,0.0,0.4983922829581994,0.0,0.003215434083601286,0.26366559485530544,0.0,0.003215434083601286,0.003215434083601286,0.012861736334405145,0.0,0.0,0.0,0.21543408360128619,311.0
3840,34.16699,-80.77682200000001,7250.0,0.0,0.0,0.0,0.3208955223880597,0.0,0.0029850746268656717,0.49402985074626865,0.011940298507462687,0.0014925373134328358,0.005970149253731343,0.03582089552238806,0.0014925373134328358,0.0014925373134328358,0.0,0.12388059701492538,670.0
3840,34.16699,-80.77682200000001,8250.0,0.0,0.0,0.0,0.27071823204419887,0.0,0.003683241252302026,0.5414364640883977,0.003683241252302026,0.0055248618784530384,0.0055248618784530384,0.03867403314917127,0.0,0.003683241252302026,0.0,0.1270718232044199,543.0
3840,34.16699,-80.77682200000001,9250.0,0.0,0.0,0.0,0.26031746031746034,0.0031746031746031746,0.0031746031746031746,0.5904761904761905,0.015873015873015872,0.0031746031746031746,0.009523809523809525,0.04126984126984127,0.0,0.0,0.0,0.07301587301587302,315.0
3840,34.16699,-80.77682200000001,9750.0,0.0,0.0,0.0,0.17307692307692307,0.003205128205128205,0.009615384615384616,0.5448717948717948,0.038461538461538464,0.003205128205128205,0.028846153846153848,0.1346153846153846,0.0,0.00641025641025641,0.0,0.057692307692307696,312.0
3840,34.16699,-80.77682200000001,10250.0,0.003076923076923077,0.0015384615384615385,0.0,0.052307692307692305,0.0015384615384615385,0.004615384615384616,0.5584615384615385,0.04923076923076923,0.007692307692307693,0.012307692307692308,0.14923076923076922,0.0015384615384615385,0.003076923076923077,0.0,0.15538461538461537,650.0
3840,34.16699,-80.77682200000001,10750.0,0.011834319526627219,0.0,0.0,0.03254437869822485,0.005917159763313609,0.0029585798816568047,0.5650887573964497,0.10946745562130178,0.008875739644970414,0.011834319526627219,0.13609467455621302,0.0,0.0,0.0,0.11538461538461539,338.0
3840,34.16699,-80.77682200000001,12750.0,0.005813953488372093,0.0,0.0,0.0755813953488372,0.00872093023255814,0.00872093023255814,0.5465116279069767,0.0,0.005813953488372093,0.011627906976744186,0.15988372093023256,0.0029069767441860465,0.011627906976744186,0.0,0.16279069767441862,344.0
3840,34.16699,-80.77682200000001,13250.0,0.020710059171597635,0.0029585798816568047,0.0,0.7603550295857988,0.0,0.005917159763313609,0.07692307692307693,0.0,0.0029585798816568047,0.0,0.03254437869822485,0.0,0.005917159763313609,0.0,0.09171597633136094,338.0
3840,34.16699,-80.77682200000001,13750.0,0.04052098408104197,0.001447178002894356,0.0,0.5108538350217077,0.0,0.002894356005788712,0.22865412445730826,0.002894356005788712,0.005788712011577424,0.002894356005788712,0.08393632416787265,0.001447178002894356,0.001447178002894356,0.0,0.11722141823444283,691.0
3840,34.16699,-80.77682200000001,14250.0,0.07407407407407407,0.0030864197530864196,0.0,0.7592592592592593,0.0,0.0,0.07407407407407407,0.0,0.0,0.0030864197530864196,0.024691358024691357,0.0,0.0,0.0,0.06172839506172839,324.0
15136,48.081514,-98.934766,250.0,0.01296655356277266,0.0,0.0,0.127120698012603,0.0004847309743092584,0.018419777023751818,0.16674745516238487,0.0,0.016965584100824042,0.016723218613669412,0.0,0.010179350460494426,0.015269025690741638,0.012118274357731459,0.6030053320407174,4126.0
15136,48.081514,-98.934766,750.0,0.010678871090770405,0.0,0.0,0.10144927536231885,0.0,0.02593440122044241,0.18306636155606407,0.0,0.02135774218154081,0.015255530129672006,0.0,0.015255530129672006,0.02440884820747521,0.007627765064836003,0.5949656750572082,655.5
15136,48.081514,-98.934766,1250.0,0.010819165378670788,0.0,0.0,0.1375579598145286,0.0,0.01854714064914992,0.160741885625966,0.0,0.02009273570324575,0.010819165378670788,0.0,0.00927357032457496,0.015455950540958269,0.010819165378670788,0.6058732612055642,647.0
15136,48.081514,-98.934766,1750.0,0.004819277108433735,0.0,0.0,0.14859437751004015,0.0,0.035341365461847386,0.12208835341365462,0.0,0.01927710843373494,0.017670682730923693,0.0,0.00963855421686747,0.02570281124497992,0.011244979919678716,0.6056224899598394,622.5
15136,48.081514,-98.934766,2250.0,0.01414855987872663,0.001010611419909045,0.0,0.12076806467913087,0.0,0.02223345123799899,0.07478524507326932,0.0,0.007074279939363315,0.01010611419909045,0.0,0.00202122283981809,0.015159171298635674,0.005053057099545225,0.7276402223345124,989.5
15136,48.081514,-98.934766,2750.0,0.006867607783288821,0.0,0.0,0.11560473101869516,0.0,0.022128958412819536,0.0663868752384586,0.0,0.01755055322396032,0.012972148035101107,0.0,0.009156810377718427,0.01755055322396032,0.016787485692483783,0.7149942769935139,1310.5
15136,48.081514,-98.934766,3750.0,0.0026109660574412533,0.0,0.0,0.09921671018276762,0.0,0.020887728459530026,0.06919060052219321,0.0,0.01174934725848564,0.0,0.0013054830287206266,0.0,0.0195822454308094,0.018276762402088774,0.7571801566579635,766.0
15136,48.081514,-98.934766,4250.0,0.013215859030837005,0.0,0.0,0.12014417300760913,0.0,0.025630756908289948,0.07529034841810173,0.0,0.0032038446135362435,0.006407689227072487,0.0,0.0032038446135362435,0.020024028834601523,0.012815378454144974,0.7200640768922707,1248.5
15136,48.081514,-98.934766,4750.0,0.012228260869565218,0.0,0.0,0.11820652173913043,0.0,0.02717391304347826,0.06793478260869565,0.0,0.019021739130434784,0.005434782608695652,0.0,0.0,0.016304347826086956,0.002717391304347826,0.7309782608695652,368.0
15136,48.081514,-98.934766,5250.0,0.00889248181083266,0.0,0.0,0.13257881972514146,0.0,0.01131770412287793,0.04527081649151172,0.0,0.008084074373484237,0.0064672594987873885,0.0,0.004850444624090542,0.02910266774454325,0.01778496362166532,0.7356507679870655,618.5
15136,48.081514,-98.934766,5750.0,0.011363636363636364,0.0,0.0,0.10876623376623376,0.0,0.006493506493506494,0.04220779220779221,0.0,0.003246753246753247,0.003246753246753247,0.0,0.00974025974025974,0.032467532467532464,0.003246753246753247,0.7792207792207793,308.0
15136,48.081514,-98.934766,6250.0,0.008422664624808576,0.0007656967840735069,0.0,0.10107197549770292,0.0,0.013782542113323124,0.04134762633996937,0.0,0.0038284839203675345,0.004594180704441042,0.0,0.0030627871362940277,0.013782542113323124,0.0222052067381317,0.7871362940275651,1306.0
15136,48.081514,-98.934766,6750.0,0.008653326122228232,0.001081665765278529,0.0,0.07409410492157924,0.0,0.014061654948620876,0.014061654948620876,0.0,0.004326663061114116,0.008653326122228232,0.0,0.004326663061114116,0.012979989183342347,0.008653326122228232,0.8491076257436452,924.5
15136,48.081514,-98.934766,7250.0,0.0030211480362537764,0.0,0.0,0.06646525679758308,0.0,0.006042296072507553,0.03323262839879154,0.0,0.006042296072507553,0.006042296072507553,0.0,0.0,0.030211480362537766,0.03625377643504532,0.8126888217522659,331.0
15136,48.081514,-98.934766,7750.0,0.00315955766192733,0.0,0.0,0.09110057925223802,0.0,0.00737230121116377,0.01369141653501843,0.0,0.00210637177461822,0.00737230121116377,0.0,0.00315955766192733,0.01263823064770932,0.018957345971563982,0.8404423380726699,949.5
15136,48.081514,-98.934766,8750.0,0.0075046904315197,0.0,0.0,0.07035647279549719,0.0,0.010318949343339587,0.01125703564727955,0.0,0.0028142589118198874,0.005628517823639775,0.0,0.004690431519699813,0.009380863039399626,0.024390243902439025,0.8536585365853658,1066.0
15136,48.081514,-98.934766,9750.0,0.033287101248266296,0.0,0.0,0.08460471567267684,0.0,0.033287101248266296,0.018030513176144243,0.0,0.0013869625520110957,0.022191400832177532,0.0013869625520110957,0.0013869625520110957,0.0013869625520110957,0.020804438280166437,0.782246879334258,721.0
15136,48.081514,-98.934766,10250.0,0.016684045881126174,0.0,0.0,0.09593326381647549,0.0,0.03232533889468196,0.027111574556830033,0.0,0.0031282586027111575,0.01251303441084463,0.0,0.0020855057351407717,0.0010427528675703858,0.03336809176225235,0.7758081334723671,959.0
15136,48.081514,-98.934766,10750.0,0.050595238095238096,0.0,0.0,0.05654761904761905,0.0,0.13095238095238096,0.05357142857142857,0.0,0.005952380952380952,0.050595238095238096,0.005952380952380952,0.011904761904761904,0.002976190476190476,0.07142857142857142,0.5595238095238095,336.0
15136,48.081514,-98.934766,11250.0,0.34449093444909346,0.0,0.0,0.03347280334728033,0.0,0.03905160390516039,0.03347280334728033,0.0,0.0041841004184100415,0.009762900976290097,0.0,0.002789400278940028,0.012552301255230125,0.03626220362622036,0.4839609483960948,717.0
15136,48.081514,-98.934766,12750.0,0.38622754491017963,0.0,0.0,0.023952095808383235,0.0,0.008982035928143712,0.008982035928143712,0.0,0.011976047904191617,0.008982035928143712,0.0,0.0,0.0,0.0718562874251497,0.47904191616766467,334.0
15136,48.081514,-98.934766,13250.0,0.40634920634920635,0.0,0.0,0.0380952380952381,0.0,0.025396825396825397,0.01904761904761905,0.0,0.0031746031746031746,0.006349206349206349,0.0,0.0031746031746031746,0.0,0.13015873015873017,0.3682539682539683,315.0
15136,48.081514,-98.934766,13750.0,0.42950819672131146,0.0,0.0,0.04590163934426229,0.0,0.013114754098360656,0.006557377049180328,0.0,0.009836065573770493,0.006557377049180328,0.0,0.003278688524590164,0.003278688524590164,0.09836065573770492,0.3836065573770492,305.0
15136,48.081514,-98.934766,14250.0,0.5434782608695652,0.0,0.0,0.021739130434782608,0.0,0.024844720496894408,0.012422360248447204,0.0,0.0,0.003105590062111801,0.0,0.0,0.006211180124223602,0.07453416149068323,0.3136645962732919,322.0
15136,48.081514,-98.934766,14750.0,0.24242424242424243,0.0,0.0,0.06060606060606061,0.0,0.05723905723905724,0.016835016835016835,0.0,0.006734006734006734,0.0,0.0,0.003367003367003367,0.006734006734006734,0.19528619528619529,0.4107744107744108,297.0
15142,41.933788,-70.761514,250.0,0.005477308294209703,0.0,0.001564945226917058,0.19014084507042253,0.03755868544600939,0.08215962441314555,0.23082942097026604,0.018779342723004695,0.006259780907668232,0.003912363067292645,0.009389671361502348,0.01486697965571205,0.006259780907668232,0.001564945226917058,0.39123630672926446,1278.0
15142,41.933788,-70.761514,750.0,0.0,0.0,0.0,0.10557184750733138,0.026392961876832845,0.04985337243401759,0.21994134897360704,0.0469208211143695,0.008797653958944282,0.0,0.002932551319648094,0.020527859237536656,0.02346041055718475,0.0,0.49560117302052786,341.0
15142,41.933788,-70.761514,2750.0,0.008571428571428572,0.0,0.0,0.09142857142857143,0.017142857142857144,0.054285714285714284,0.23142857142857143,0.022857142857142857,0.005714285714285714,0.005714285714285714,0.008571428571428572,0.005714285714285714,0.008571428571428572,0.002857142857142857,0.5371428571428571,350.0
15142,41.933788,-70.761514,3750.0,0.0012987012987012987,0.0,0.0012987012987012987,0.03636363636363636,0.007792207792207792,0.03896103896103896,0.22467532467532467,0.03766233766233766,0.005194805194805195,0.003896103896103896,0.005194805194805195,0.012987012987012988,0.007792207792207792,0.0012987012987012987,0.6155844155844156,770.0
15142,41.933788,-70.761514,4750.0,0.0013869625520110957,0.0,0.005547850208044383,0.038834951456310676,0.006934812760055479,0.0319001386962552,0.19694868238557559,0.044382801664355064,0.018030513176144243,0.0013869625520110957,0.0027739251040221915,0.024965325936199722,0.016643550624133148,0.0027739251040221915,0.6074895977808599,721.0
15142,41.933788,-70.761514,5250.0,0.0,0.0,0.0,0.038177339901477834,0.01600985221674877,0.023399014778325122,0.25738916256157635,0.05788177339901478,0.006157635467980296,0.0049261083743842365,0.0024630541871921183,0.011083743842364532,0.014778325123152709,0.0,0.5677339901477833,812.0
15142,41.933788,-70.761514,5750.0,0.0018050541516245488,0.0018050541516245488,0.0,0.05054151624548736,0.02707581227436823,0.02527075812274368,0.22021660649819494,0.02527075812274368,0.005415162454873646,0.010830324909747292,0.0,0.007220216606498195,0.009025270758122744,0.0036101083032490976,0.6119133574007221,554.0
15142,41.933788,-70.761514,6750.0,0.003236245954692557,0.0,0.0,0.06796116504854369,0.016181229773462782,0.02912621359223301,0.16181229773462782,0.022653721682847898,0.012944983818770227,0.009708737864077669,0.006472491909385114,0.003236245954692557,0.022653721682847898,0.0,0.6440129449838188,309.0
15142,41.933788,-70.761514,7250.0,0.0,0.0,0.0,0.09929078014184398,0.02364066193853428,0.04018912529550828,0.25295508274231676,0.03546099290780142,0.014184397163120567,0.009456264775413711,0.0,0.014184397163120567,0.018912529550827423,0.0,0.491725768321513,423.0
15142,41.933788,-70.761514,7750.0,0.0,0.0,0.0012547051442910915,0.10915934755332497,0.02383939774153074,0.04642409033877039,0.32496863237139273,0.015056461731493099,0.011292346298619825,0.006273525721455458,0.0012547051442910915,0.011292346298619825,0.05269761606022585,0.0,0.39648682559598497,797.0
15142,41.933788,-70.761514,8750.0,0.0011402508551881414,0.0,0.0011402508551881414,0.3831242873432155,0.04104903078677309,0.05131128848346636,0.22576966932725198,0.01596351197263398,0.010262257696693273,0.0034207525655644243,0.0,0.00798175598631699,0.04104903078677309,0.0011402508551881414,0.21664766248574688,877.0
15142,41.933788,-70.761514,9750.0,0.02795425667090216,0.012706480304955527,0.0063532401524777635,0.5870393900889453,0.025412960609911054,0.12198221092757307,0.0698856416772554,0.0025412960609911056,0.0025412960609911056,0.0012706480304955528,0.0,0.0025412960609911056,0.05717916137229987,0.0,0.08259212198221093,787.0
15142,41.933788,-70.761514,10250.0,0.005494505494505495,0.001098901098901099,0.001098901098901099,0.4725274725274725,0.02967032967032967,0.15824175824175823,0.11978021978021978,0.002197802197802198,0.004395604395604396,0.006593406593406593,0.001098901098901099,0.007692307692307693,0.026373626373626374,0.001098901098901099,0.16263736263736264,910.0
15142,41.933788,-70.761514,10750.0,0.11463730569948187,0.007124352331606218,0.0,0.522020725388601,0.011010362694300517,0.11269430051813471,0.07512953367875648,0.0012953367875647669,0.006476683937823834,0.0038860103626943004,0.0,0.0051813471502590676,0.03173575129533679,0.0012953367875647669,0.10751295336787564,1544.0
15142,41.933788,-70.761514,11250.0,0.2036082474226804,0.02577319587628866,0.002577319587628866,0.2603092783505155,0.01804123711340206,0.08762886597938144,0.059278350515463915,0.0,0.020618556701030927,0.005154639175257732,0.002577319587628866,0.002577319587628866,0.12886597938144329,0.01288659793814433,0.17010309278350516,388.0
15142,41.933788,-70.761514,11750.0,0.04857142857142857,0.002857142857142857,0.002857142857142857,0.5371428571428571,0.002857142857142857,0.16857142857142857,0.04,0.002857142857142857,0.005714285714285714,0.002857142857142857,0.002857142857142857,0.0,0.04857142857142857,0.0,0.13428571428571429,350.0
15142,41.933788,-70.761514,12250.0,0.5653206650831354,0.04275534441805225,0.0,0.166270783847981,0.009501187648456057,0.09738717339667459,0.009501187648456057,0.0,0.0,0.0,0.0,0.0,0.047505938242280284,0.0023752969121140144,0.05938242280285035,421.0
15142,41.933788,-70.761514,12750.0,0.5126436781609195,0.052873563218390804,0.0,0.20919540229885059,0.0,0.029885057471264367,0.05057471264367816,0.006896551724137931,0.016091954022988506,0.004597701149425287,0.0022988505747126436,0.0,0.004597701149425287,0.0022988505747126436,0.10804597701149425,435.0
15142,41.933788,-70.761514,13250.0,0.49640685461580986,0.027086788280818133,0.001105583195135434,0.26478717523493644,0.002763957987838585,0.030403537866224434,0.027086788280818133,0.003869541182974019,0.006080707573244887,0.000552791597567717,0.000552791597567717,0.0,0.01105583195135434,0.000552791597567717,0.12769485903814262,1809.0
15142,41.933788,-70.761514,14250.0,0.48467966573816157,0.002785515320334262,0.0,0.1532033426183844,0.0,0.06963788300835655,0.05013927576601671,0.0,0.025069637883008356,0.002785515320334262,0.0,0.0,0.005571030640668524,0.005571030640668524,0.20055710306406685,359.0
15142,41.933788,-70.761514,14750.0,0.5269886363636364,0.007102272727272727,0.0014204545454545455,0.13352272727272727,0.0,0.036931818181818184,0.041193181818181816,0.0014204545454545455,0.014204545454545454,0.0014204545454545455,0.0014204545454545455,0.0,0.008522727272727272,0.005681818181818182,0.22017045454545456,704.0
15244,41.614226,-86.84848600000001,250.0,0.0,0.0,0.003048780487804878,0.039634146341463415,0.0,0.006097560975609756,0.625,0.042682926829268296,0.018292682926829267,0.018292682926829267,0.07317073170731707,0.018292682926829267,0.006097560975609756,0.0,0.14939024390243902,328.0
15244,41.614226,-86.84848600000001,750.0,0.0025,0.0,0.005,0.02,0.0025,0.005,0.4775,0.065,0.0125,0.045,0.0675,0.015,0.0075,0.0,0.275,400.0
15244,41.614226,-86.84848600000001,1250.0,0.0,0.0,0.011834319526627219,0.026627218934911243,0.0,0.005917159763313609,0.41420118343195267,0.04142011834319527,0.011834319526627219,0.05029585798816568,0.03254437869822485,0.011834319526627219,0.0029585798816568047,0.0029585798816568047,0.3875739644970414,338.0
15244,41.614226,-86.84848600000001,1750.0,0.0026246719160104987,0.0,0.013123359580052493,0.02099737532808399,0.0026246719160104987,0.010498687664041995,0.4225721784776903,0.06299212598425197,0.023622047244094488,0.026246719160104987,0.03937007874015748,0.015748031496062992,0.005249343832020997,0.0,0.3543307086614173,381.0
15244,41.614226,-86.84848600000001,2250.0,0.001402524544179523,0.0,0.001402524544179523,0.028050490883590462,0.001402524544179523,0.008415147265077139,0.5596072931276297,0.056100981767180924,0.02664796633941094,0.0364656381486676,0.05750350631136045,0.009817671809256662,0.004207573632538569,0.0,0.20897615708274894,713.0
15244,41.614226,-86.84848600000001,2750.0,0.0013623978201634877,0.0,0.004087193460490463,0.017711171662125342,0.0013623978201634877,0.004087193460490463,0.6185286103542235,0.05858310626702997,0.014986376021798364,0.02861035422343324,0.06130790190735695,0.01907356948228883,0.0027247956403269754,0.004087193460490463,0.16348773841961853,734.0
15244,41.614226,-86.84848600000001,3250.0,0.0,0.0,0.0,0.028460543337645538,0.0,0.009055627425614488,0.5291073738680466,0.01034928848641656,0.00258732212160414,0.02069857697283312,0.03880983182406209,0.00517464424320828,0.0038809831824062097,0.0,0.351875808538163,773.0
15244,41.614226,-86.84848600000001,3750.0,0.0014184397163120568,0.0,0.0,0.02269503546099291,0.0,0.00851063829787234,0.5872340425531914,0.05673758865248227,0.005673758865248227,0.05390070921985816,0.075177304964539,0.019858156028368795,0.0014184397163120568,0.0,0.1673758865248227,705.0
15244,41.614226,-86.84848600000001,4750.0,0.0007905138339920949,0.0,0.0,0.02450592885375494,0.0007905138339920949,0.0007905138339920949,0.5928853754940712,0.0071146245059288534,0.010276679841897233,0.022134387351778657,0.02450592885375494,0.005533596837944664,0.0007905138339920949,0.0,0.3098814229249012,1265.0
15244,41.614226,-86.84848600000001,5750.0,0.004686035613870665,0.0,0.0,0.03561387066541706,0.0,0.0009372071227741331,0.42642924086223055,0.006560449859418931,0.006560449859418931,0.028116213683223992,0.023430178069353328,0.0037488284910965324,0.0018744142455482662,0.0018744142455482662,0.46016869728209936,1067.0
15244,41.614226,-86.84848600000001,6250.0,0.0,0.0,0.0,0.0125,0.0020833333333333333,0.0,0.5291666666666667,0.029166666666666667,0.010416666666666666,0.029166666666666667,0.029166666666666667,0.00625,0.0020833333333333333,0.0,0.35,480.0
15244,41.614226,-86.84848600000001,6750.0,0.0,0.0,0.0,0.03110047846889952,0.0,0.007177033492822967,0.5669856459330144,0.014354066985645933,0.023923444976076555,0.03110047846889952,0.05502392344497608,0.007177033492822967,0.0023923444976076554,0.0,0.2607655502392344,418.0
15244,41.614226,-86.84848600000001,7250.0,0.0,0.0,0.0,0.03194888178913738,0.0,0.003194888178913738,0.5654952076677316,0.012779552715654952,0.019169329073482427,0.051118210862619806,0.051118210862619806,0.012779552715654952,0.006389776357827476,0.0,0.24600638977635783,313.0
15244,41.614226,-86.84848600000001,7750.0,0.0,0.0,0.0,0.012089810017271158,0.0,0.0,0.38169257340241797,0.0069084628670120895,0.0051813471502590676,0.05181347150259067,0.018998272884283247,0.015544041450777202,0.0,0.0017271157167530224,0.5060449050086355,579.0
15244,41.614226,-86.84848600000001,8750.0,0.0,0.0007961783439490446,0.0,0.03343949044585987,0.0,0.0,0.1449044585987261,0.0007961783439490446,0.0023885350318471337,0.027070063694267517,0.010350318471337579,0.0015923566878980893,0.0,0.0015923566878980893,0.7770700636942676,1256.0
15244,41.614226,-86.84848600000001,9250.0,0.006622516556291391,0.0,0.0,0.2913907284768212,0.0,0.0,0.17218543046357615,0.0,0.0,0.026490066225165563,0.033112582781456956,0.0,0.0,0.052980132450331126,0.41721854304635764,151.0
15244,41.614226,-86.84848600000001,9750.0,0.005063291139240506,0.002531645569620253,0.0,0.27848101265822783,0.0,0.017721518987341773,0.2683544303797468,0.0,0.0379746835443038,0.1291139240506329,0.012658227848101266,0.007594936708860759,0.012658227848101266,0.007594936708860759,0.22025316455696203,395.0
15244,41.614226,-86.84848600000001,11250.0,0.027160493827160494,0.009876543209876543,0.0024691358024691358,0.2271604938271605,0.0,0.05432098765432099,0.27901234567901234,0.0,0.04691358024691358,0.1308641975308642,0.009876543209876543,0.009876543209876543,0.014814814814814815,0.007407407407407408,0.18024691358024691,405.0
15244,41.614226,-86.84848600000001,12250.0,0.02826379542395693,0.02826379542395693,0.009421265141318977,0.22611036339165544,0.0013458950201884253,0.14131897711978467,0.15746971736204576,0.0,0.09152086137281291,0.13997308209959622,0.005383580080753701,0.006729475100942127,0.03095558546433378,0.005383580080753701,0.1278600269179004,743.0
15244,41.614226,-86.84848600000001,13250.0,0.0993103448275862,0.11862068965517242,0.008275862068965517,0.18482758620689654,0.0,0.060689655172413794,0.08551724137931034,0.001379310344827586,0.06206896551724138,0.05931034482758621,0.009655172413793104,0.002758620689655172,0.02620689655172414,0.05931034482758621,0.22206896551724137,725.0
15244,41.614226,-86.84848600000001,13750.0,0.1915444348576359,0.0992234685073339,0.01639344262295082,0.15616911130284727,0.0,0.05349439171699741,0.10785159620362382,0.0008628127696289905,0.04831751509922347,0.054357204486626405,0.004314063848144953,0.0060396893874029335,0.029335634167385678,0.0811044003451251,0.15099223468507333,1159.0
15286,49.75913,-95.199106,250.0,0.2494004856113638,0.004796162899611968,0.002398081449805984,0.5179856112855323,0.0,0.05515587416951208,0.02398081449805982,0.0,0.0,0.0,0.0,0.0,0.07673860721776606,0.01918465159844787,0.05035971126990019,417.00000823060225
15286,49.75913,-95.199106,2750.0,0.21030042608331878,0.0,0.010729613575679529,0.5665236063812126,0.0,0.05793991257133609,0.004291845430271812,0.0,0.0,0.0,0.0,0.0,0.0536480693530645,0.008583690860543624,0.08798283574457286,465.9999995588927
15286,49.75913,-95.199106,4750.0,0.1293706275086856,0.0,0.026223779093353817,0.5174825100347433,0.0,0.05944055973775622,0.02447552765437577,0.0,0.0017482517393253396,0.005244755217976019,0.0,0.0,0.0909090898442229,0.005244755217976019,0.13986014395158505,571.999993944039
15286,49.75913,-95.199106,5750.0,0.07272727752627758,0.0,0.009090909105107329,0.7795454487348251,0.0,0.022727272762768303,0.01136363638138416,0.0,0.0,0.0,0.0,0.0,0.022727272762768303,0.004545454552553664,0.07727272817431545,439.99999240777527
15286,49.75913,-95.199106,6250.0,0.032549727973627395,0.0,0.0036166364415141563,0.6220614791244354,0.0,0.07233273069428338,0.025316458507932883,0.0,0.0,0.0,0.0,0.0,0.05244123026595544,0.01084990932454247,0.18083182766770883,553.0000045501315
15286,49.75913,-95.199106,6750.0,0.02097902108463763,0.0,0.003996003950739715,0.6813186784066793,0.0,0.01998002078346095,0.05094904934216898,0.0,0.0009990009876849287,0.009990009876849287,0.0,0.0,0.02597402722445171,0.0049950049384246435,0.18081918340490277,1000.9999956297704
15286,49.75913,-95.199106,7750.0,0.016611296157012307,0.001661129558625253,0.003322259117250506,0.5415282372533522,0.0,0.043189369665776196,0.013289036469002024,0.0,0.0,0.003322259117250506,0.0,0.0,0.03322259174326487,0.003322259117250506,0.34053156180121574,601.9999939886372
15286,49.75913,-95.199106,8250.0,0.05540897074262911,0.0,0.005277044803850731,0.6921723810025046,0.0,0.043975373969815636,0.007915567205776096,0.0,0.0,0.0017590149346169105,0.0,0.0,0.010554090212094388,0.003518029869233821,0.17941952725947877,1136.9999931518903
15286,49.75913,-95.199106,8750.0,0.03832116976421926,0.0,0.0036496350364963515,0.6441605782985831,0.0,0.027372265908735368,0.009124087591240879,0.0,0.0,0.0036496350364963515,0.0,0.0,0.01277372325473976,0.0036496350364963515,0.2572992700729926,547.9999914000988
15286,49.75913,-95.199106,9250.0,0.24377224130861172,0.0,0.0088967970387985,0.3967971546556294,0.0,0.03202846872829142,0.03736654878572017,0.0,0.0,0.04092526698985629,0.0,0.0,0.0071174376310388,0.035587188155194,0.19750889670685973,561.9999983959387
15286,49.75913,-95.199106,9750.0,0.14042553251788714,0.0,0.01134751743461661,0.353900707302688,0.0,0.06382978654446272,0.06312056767954353,0.0,0.0007092198396635385,0.0879432620677675,0.0021276595189906157,0.0021276595189906157,0.010638297594953073,0.028368796754460628,0.23546099322597605,1410.0000146374368
15286,49.75913,-95.199106,10250.0,0.10370370416874629,0.0,0.0074074073194263694,0.6320987681050463,0.0,0.046913580538088986,0.04197530729502757,0.0,0.0,0.04938271546284246,0.014814814638852739,0.0,0.0024691357731421227,0.014814814638852739,0.08641975205997428,404.999998454597
15286,49.75913,-95.199106,10750.0,0.12594458098415492,0.0,0.0050377831355080584,0.5894206571464019,0.0,0.010075566271016117,0.03778337784373335,0.0,0.0,0.020151132542032234,0.0025188915677540292,0.0,0.0075566747032620885,0.02518891567754027,0.1763224201285971,397.00001266763553
15286,49.75913,-95.199106,11250.0,0.14456233658696244,0.0026525198328572366,0.013262599164286184,0.27055703252112634,0.0,0.06763925437076121,0.04376657769784379,0.0,0.0,0.0676392589277556,0.0013262599164286183,0.009283819415000328,0.0026525198328572366,0.03978779749285855,0.33687002424126244,754.0000055189572
15286,49.75913,-95.199106,12250.0,0.1477707041505602,0.0,0.002547770674430482,0.38726114426424774,0.0,0.07261146465897238,0.039490446329079804,0.0,0.0,0.06624203709748883,0.001273885337215241,0.005095541348860964,0.002547770674430482,0.024203822720200583,0.2509554127445134,784.9999957553368
15286,49.75913,-95.199106,13250.0,0.23192359951683886,0.0,0.004774897598508042,0.33219645025739525,0.0,0.06343792781547337,0.04911323455119434,0.0,0.0013642564567165833,0.04911323337930689,0.0013642564567165833,0.0,0.005457025826866333,0.03342428459582115,0.22783083354516256,1466.0000022481029
15286,49.75913,-95.199106,14750.0,0.328358210365785,0.0,0.021321961331483678,0.2793176905119682,0.0,0.023454157464632048,0.038379531129287714,0.0,0.0042643922662967395,0.09168443445799686,0.0,0.0042643922662967395,0.0021321961331483698,0.010660980665741848,0.1961620534073629,468.99999899641716
15296,43.095252,-78.02198200000001,250.0,0.0,0.0,0.0029542097488921715,0.2658788774002954,0.03249630723781388,0.03988183161004431,0.005908419497784343,0.005908419497784343,0.0014771048744460858,0.050221565731166914,0.008862629246676515,0.014771048744460856,0.0014771048744460858,0.0,0.5701624815361891,677.0
15296,43.095252,-78.02198200000001,750.0,0.0,0.0,0.0064516129032258064,0.2967741935483871,0.02903225806451613,0.06451612903225806,0.012903225806451613,0.01935483870967742,0.0,0.08709677419354839,0.0064516129032258064,0.054838709677419356,0.0,0.0,0.42258064516129035,310.0
15296,43.095252,-78.02198200000001,1250.0,0.003067484662576687,0.0,0.015337423312883436,0.19631901840490798,0.024539877300613498,0.06134969325153374,0.012269938650306749,0.046012269938650305,0.0,0.1901840490797546,0.003067484662576687,0.13496932515337423,0.012269938650306749,0.0,0.3006134969325153,326.0
15296,43.095252,-78.02198200000001,1750.0,0.0028011204481792717,0.0,0.014005602240896359,0.19327731092436976,0.1092436974789916,0.1092436974789916,0.025210084033613446,0.10364145658263306,0.0028011204481792717,0.12885154061624648,0.008403361344537815,0.08403361344537816,0.011204481792717087,0.0,0.20728291316526612,357.0
15296,43.095252,-78.02198200000001,2250.0,0.0,0.0,0.0,0.2903225806451613,0.0967741935483871,0.10967741935483871,0.02258064516129032,0.07741935483870968,0.012903225806451613,0.1064516129032258,0.016129032258064516,0.0967741935483871,0.016129032258064516,0.0,0.15483870967741936,310.0
15296,43.095252,-78.02198200000001,2750.0,0.0031746031746031746,0.0,0.012698412698412698,0.2984126984126984,0.09841269841269841,0.04126984126984127,0.015873015873015872,0.022222222222222223,0.006349206349206349,0.16825396825396827,0.025396825396825397,0.11746031746031746,0.012698412698412698,0.0,0.17777777777777778,315.0
15296,43.095252,-78.02198200000001,3250.0,0.005221932114882507,0.0,0.007832898172323759,0.21148825065274152,0.06527415143603134,0.06005221932114883,0.033942558746736295,0.020887728459530026,0.005221932114882507,0.033942558746736295,0.013054830287206266,0.1122715404699739,0.005221932114882507,0.0,0.4255874673629243,383.0
15296,43.095252,-78.02198200000001,3750.0,0.0,0.0,0.002857142857142857,0.12857142857142856,0.014285714285714285,0.04285714285714286,0.005714285714285714,0.005714285714285714,0.002857142857142857,0.05714285714285714,0.02,0.06,0.002857142857142857,0.0,0.6571428571428571,350.0
15296,43.095252,-78.02198200000001,4750.0,0.0,0.0,0.005763688760806916,0.138328530259366,0.04610951008645533,0.05187319884726225,0.020172910662824207,0.02881844380403458,0.01729106628242075,0.06051873198847262,0.01440922190201729,0.05763688760806916,0.008645533141210375,0.0,0.5504322766570605,347.0
15296,43.095252,-78.02198200000001,5250.0,0.003246753246753247,0.0,0.0,0.6915584415584416,0.15584415584415584,0.016233766233766232,0.003246753246753247,0.003246753246753247,0.0,0.022727272727272728,0.00974025974025974,0.012987012987012988,0.003246753246753247,0.0,0.07792207792207792,308.0
15296,43.095252,-78.02198200000001,5750.0,0.0,0.003246753246753247,0.00974025974025974,0.2922077922077922,0.06493506493506493,0.006493506493506494,0.10714285714285714,0.1266233766233766,0.03571428571428571,0.09740259740259741,0.00974025974025974,0.06168831168831169,0.003246753246753247,0.0,0.18181818181818182,308.0
15296,43.095252,-78.02198200000001,7250.0,0.012698412698412698,0.006349206349206349,0.0,0.17142857142857143,0.30793650793650795,0.025396825396825397,0.1492063492063492,0.10476190476190476,0.009523809523809525,0.07936507936507936,0.0031746031746031746,0.06349206349206349,0.0,0.0,0.06666666666666667,315.0
15296,43.095252,-78.02198200000001,8750.0,0.0026455026455026454,0.0,0.0,0.3492063492063492,0.18253968253968253,0.021164021164021163,0.17724867724867724,0.013227513227513227,0.021164021164021163,0.04497354497354497,0.005291005291005291,0.07407407407407407,0.0026455026455026454,0.0,0.10582010582010581,378.0
15296,43.095252,-78.02198200000001,9750.0,0.07210031347962383,0.006269592476489028,0.0,0.4608150470219436,0.06896551724137931,0.02821316614420063,0.13479623824451412,0.0,0.0219435736677116,0.07523510971786834,0.003134796238244514,0.0219435736677116,0.006269592476489028,0.0,0.10031347962382445,319.0
15296,43.095252,-78.02198200000001,10750.0,0.056962025316455694,0.006329113924050633,0.0,0.4936708860759494,0.07278481012658228,0.04113924050632911,0.12974683544303797,0.0031645569620253164,0.012658227848101266,0.05063291139240506,0.0031645569620253164,0.022151898734177215,0.0,0.0,0.10759493670886076,316.0
15296,43.095252,-78.02198200000001,12250.0,0.006349206349206349,0.006349206349206349,0.0031746031746031746,0.6,0.009523809523809525,0.10476190476190476,0.0761904761904762,0.0,0.015873015873015872,0.0761904761904762,0.006349206349206349,0.03492063492063492,0.0,0.0,0.06031746031746032,315.0
15296,43.095252,-78.02198200000001,13750.0,0.017341040462427744,0.011560693641618497,0.017341040462427744,0.661849710982659,0.04335260115606936,0.046242774566473986,0.05491329479768786,0.0,0.02023121387283237,0.03757225433526012,0.002890173410404624,0.03468208092485549,0.0,0.005780346820809248,0.046242774566473986,346.0
15296,43.095252,-78.02198200000001,14750.0,0.0781758957654723,0.05211726384364821,0.04560260586319218,0.46905537459283386,0.04234527687296417,0.05211726384364821,0.09120521172638436,0.0,0.006514657980456026,0.05211726384364821,0.016286644951140065,0.006514657980456026,0.003257328990228013,0.0,0.08469055374592833,307.0
15350,42.0281,-74.604776,250.0,0.0,0.006571087216248507,0.0,0.0985663082437276,0.17084826762246116,0.24014336917562723,0.14695340501792115,0.08004778972520908,0.0047789725209080045,0.004181600955794504,0.007168458781362007,0.03882915173237754,0.015531660692951015,0.0,0.1863799283154122,1674.0
15350,42.0281,-74.604776,750.0,0.0,0.0007651109410864575,0.0,0.07421576128538639,0.14154552410099464,0.2953328232593726,0.16908951798010713,0.05279265493496557,0.00306044376434583,0.008416220351951033,0.010711553175210406,0.026013771996939557,0.019892884468247895,0.006885998469778117,0.19127773527161437,1307.0
15350,42.0281,-74.604776,1250.0,0.0,0.0011723329425556857,0.0,0.10082063305978899,0.1477139507620164,0.21219226260257915,0.16998827667057445,0.07268464243845252,0.009378663540445486,0.0035169988276670576,0.005861664712778429,0.05275498241500586,0.011723329425556858,0.0,0.21219226260257915,853.0
15350,42.0281,-74.604776,1750.0,0.0,0.0016570008285004142,0.0,0.07787903893951947,0.12178956089478045,0.28003314001657,0.16901408450704225,0.05302402651201325,0.007456503728251864,0.00579950289975145,0.008285004142502071,0.03811101905550953,0.010770505385252692,0.0,0.22618061309030654,1207.0
15350,42.0281,-74.604776,2250.0,0.0013458950201884253,0.0,0.0,0.07940780619111709,0.13055181695827725,0.2759084791386272,0.1601615074024226,0.09152086137281291,0.008075370121130552,0.010767160161507403,0.006729475100942127,0.03633916554508748,0.021534320323014805,0.0,0.17765814266487215,743.0
15350,42.0281,-74.604776,2750.0,0.00291970802919708,0.00145985401459854,0.0,0.08759124087591241,0.11386861313868613,0.2759124087591241,0.1897810218978102,0.06715328467153285,0.013138686131386862,0.014598540145985401,0.013138686131386862,0.040875912408759124,0.017518248175182483,0.0,0.16204379562043797,685.0
15350,42.0281,-74.604776,3250.0,0.0,0.000757002271006813,0.0,0.09992429977289932,0.09386828160484481,0.2838758516275549,0.18849356548069643,0.07418622255866768,0.009084027252081756,0.010598031794095382,0.009084027252081756,0.04239212717638153,0.015897047691143074,0.0,0.17183951551854657,1321.0
15350,42.0281,-74.604776,3750.0,0.0,0.0,0.0,0.08163265306122448,0.044897959183673466,0.2938775510204082,0.23265306122448978,0.12244897959183673,0.0163265306122449,0.0,0.00816326530612245,0.036734693877551024,0.012244897959183673,0.0,0.1510204081632653,245.0
15350,42.0281,-74.604776,4250.0,0.0,0.0,0.0,0.10583153347732181,0.04967602591792657,0.2203023758099352,0.2591792656587473,0.11447084233261338,0.01511879049676026,0.0064794816414686825,0.01079913606911447,0.06911447084233262,0.004319654427645789,0.0,0.1447084233261339,463.0
15350,42.0281,-74.604776,4750.0,0.0009551098376313276,0.0,0.0,0.04871060171919771,0.12320916905444126,0.3419293218720153,0.18242597898758356,0.09933142311365807,0.015281757402101241,0.009551098376313277,0.008595988538681949,0.03247373447946514,0.008595988538681949,0.0,0.12893982808022922,1047.0
15350,42.0281,-74.604776,5250.0,0.0,0.0,0.0,0.024390243902439025,0.2459349593495935,0.32926829268292684,0.1483739837398374,0.0975609756097561,0.01016260162601626,0.008130081300813009,0.008130081300813009,0.04065040650406504,0.0040650406504065045,0.0,0.08333333333333333,492.0
15350,42.0281,-74.604776,5750.0,0.0,0.0,0.0,0.024734982332155476,0.4275618374558304,0.24028268551236748,0.08480565371024736,0.06713780918727916,0.014134275618374558,0.0176678445229682,0.014134275618374558,0.028268551236749116,0.0,0.0,0.0812720848056537,283.0
15350,42.0281,-74.604776,6250.0,0.0,0.0,0.0,0.03179824561403509,0.34649122807017546,0.2850877192982456,0.13267543859649122,0.06907894736842106,0.015350877192982455,0.006578947368421052,0.007675438596491228,0.03728070175438596,0.0,0.0,0.06798245614035088,912.0
15350,42.0281,-74.604776,6750.0,0.0,0.0,0.0,0.026234567901234566,0.3533950617283951,0.3101851851851852,0.11882716049382716,0.044753086419753084,0.016975308641975308,0.013888888888888888,0.009259259259259259,0.029320987654320986,0.0015432098765432098,0.0,0.07561728395061729,648.0
15350,42.0281,-74.604776,7250.0,0.0,0.0,0.0,0.04862236628849271,0.3225283630470016,0.2852512155591572,0.1280388978930308,0.07617504051863858,0.022690437601296597,0.0032414910858995136,0.009724473257698542,0.04700162074554295,0.0016207455429497568,0.0,0.055105348460291734,617.0
15350,42.0281,-74.604776,7750.0,0.0,0.0,0.0,0.043237250554323724,0.34478935698447893,0.2682926829268293,0.13747228381374724,0.07982261640798226,0.011086474501108648,0.0066518847006651885,0.005543237250554324,0.03547671840354767,0.0033259423503325942,0.0,0.06430155210643015,902.0
15350,42.0281,-74.604776,8250.0,0.001081081081081081,0.001081081081081081,0.0,0.14486486486486486,0.27135135135135136,0.23027027027027028,0.19783783783783784,0.032432432432432434,0.021621621621621623,0.005405405405405406,0.004324324324324324,0.025945945945945945,0.002162162162162162,0.0,0.061621621621621624,925.0
15350,42.0281,-74.604776,8750.0,0.0011061946902654867,0.0022123893805309734,0.0,0.2488938053097345,0.252212389380531,0.13495575221238937,0.22566371681415928,0.023230088495575223,0.015486725663716814,0.014380530973451327,0.0022123893805309734,0.023230088495575223,0.00331858407079646,0.0,0.05309734513274336,904.0
15350,42.0281,-74.604776,9250.0,0.002150537634408602,0.007526881720430108,0.0,0.32365591397849464,0.24946236559139784,0.07526881720430108,0.22258064516129034,0.008602150537634409,0.013978494623655914,0.011827956989247311,0.0032258064516129032,0.021505376344086023,0.002150537634408602,0.0,0.05806451612903226,930.0
15350,42.0281,-74.604776,9750.0,0.004743833017077799,0.029411764705882353,0.0,0.5664136622390892,0.03510436432637571,0.08538899430740038,0.174573055028463,0.0,0.014231499051233396,0.006641366223908918,0.0009487666034155598,0.016129032258064516,0.0028462998102466793,0.0,0.0635673624288425,1054.0
15350,42.0281,-74.604776,10750.0,0.007692307692307693,0.06153846153846154,0.0,0.47692307692307695,0.04230769230769231,0.19230769230769232,0.057692307692307696,0.0038461538461538464,0.019230769230769232,0.015384615384615385,0.0038461538461538464,0.011538461538461539,0.0038461538461538464,0.0,0.10384615384615385,260.0
15350,42.0281,-74.604776,11250.0,0.12389380530973451,0.1710914454277286,0.0,0.37315634218289084,0.025073746312684365,0.08702064896755163,0.05604719764011799,0.0,0.0029498525073746312,0.0014749262536873156,0.0014749262536873156,0.004424778761061947,0.022123893805309734,0.0,0.13126843657817108,678.0
15350,42.0281,-74.604776,11750.0,0.10344827586206896,0.09359605911330049,0.0,0.4827586206896552,0.009852216748768473,0.04926108374384237,0.059113300492610835,0.009852216748768473,0.0,0.0,0.009852216748768473,0.014778325123152709,0.0049261083743842365,0.0,0.1625615763546798,203.0
15350,42.0281,-74.604776,12250.0,0.17381489841986456,0.06320541760722348,0.0,0.1670428893905192,0.04966139954853273,0.1489841986455982,0.0835214446952596,0.022573363431151242,0.006772009029345372,0.011286681715575621,0.004514672686230248,0.013544018058690745,0.004514672686230248,0.0,0.2505643340857788,443.0
15350,42.0281,-74.604776,12750.0,0.13812154696132597,0.053406998158379376,0.0,0.19521178637200737,0.1289134438305709,0.1252302025782689,0.16758747697974216,0.022099447513812154,0.009208103130755065,0.0055248618784530384,0.0,0.007366482504604052,0.001841620626151013,0.0,0.14548802946593,543.0
15350,42.0281,-74.604776,13250.0,0.21238938053097345,0.10176991150442478,0.0,0.3053097345132743,0.04424778761061947,0.05752212389380531,0.061946902654867256,0.01327433628318584,0.0,0.0,0.0,0.004424778761061947,0.0,0.0,0.19911504424778761,226.0
15350,42.0281,-74.604776,13750.0,0.2512820512820513,0.03076923076923077,0.0,0.46153846153846156,0.03076923076923077,0.035897435897435895,0.046153846153846156,0.0,0.0,0.0,0.0,0.0,0.0,0.0,0.14358974358974358,195.0
15350,42.0281,-74.604776,14750.0,0.17277486910994763,0.05759162303664921,0.0,0.32460732984293195,0.010471204188481676,0.05759162303664921,0.07329842931937172,0.005235602094240838,0.010471204188481676,0.0,0.010471204188481676,0.0,0.005235602094240838,0.0,0.27225130890052357,191.0
15796,45.2226,-64.37578,250.0,0.021621621621621623,0.0,0.0,0.02702702702702703,0.0,0.0918918918918919,0.0,0.0,0.0,0.0,0.0,0.0,0.0,0.0,0.8594594594594595,185.0
15796,45.2226,-64.37578,750.0,0.0273224043715847,0.00273224043715847,0.0,0.04371584699453552,0.0,0.16939890710382513,0.0,0.0,0.0,0.0,0.0,0.0,0.00546448087431694,0.0,0.7513661202185792,366.0
15796,45.2226,-64.37578,1750.0,0.042735042735042736,0.0,0.0,0.09829059829059829,0.0,0.05982905982905983,0.004273504273504274,0.0,0.0,0.0,0.0,0.0,0.008547008547008548,0.0,0.7863247863247863,234.0
15796,45.2226,-64.37578,3250.0,0.034375,0.0,0.003125,0.021875,0.0,0.409375,0.0,0.0,0.0,0.0,0.0,0.0,0.028125,0.0,0.503125,320.0
15796,45.2226,-64.37578,4750.0,0.06896551724137931,0.0,0.0,0.0812807881773399,0.0,0.09359605911330049,0.0,0.0,0.0,0.0,0.0,0.0,0.03201970443349754,0.0024630541871921183,0.7216748768472906,406.0
15796,45.2226,-64.37578,5250.0,0.3475177304964539,0.0,0.0,0.10638297872340426,0.0,0.028368794326241134,0.0,0.0,0.0,0.0,0.0,0.0,0.0,0.0,0.5177304964539007,141.0
15796,45.2226,-64.37578,6250.0,0.4224137931034483,0.0,0.0,0.11206896551724138,0.0,0.05172413793103448,0.0,0.0,0.0,0.0,0.0,0.0,0.0,0.008620689655172414,0.4051724137931034,116.0
15796,45.2226,-64.37578,6750.0,0.0761904761904762,0.0,0.0,0.08571428571428572,0.0,0.06666666666666667,0.0,0.0,0.0,0.0,0.0,0.0,0.01904761904761905,0.0,0.7523809523809524,105.0
15796,45.2226,-64.37578,8250.0,0.06382978723404255,0.0,0.0,0.0425531914893617,0.0,0.03546099290780142,0.0070921985815602835,0.0,0.0,0.0,0.0,0.0,0.0070921985815602835,0.0035460992907801418,0.8404255319148937,282.0
15796,45.2226,-64.37578,9750.0,0.041044776119402986,0.0,0.0,0.07835820895522388,0.0,0.07462686567164178,0.0037313432835820895,0.0,0.0,0.0,0.0,0.0,0.0037313432835820895,0.0,0.7985074626865671,268.0
15796,45.2226,-64.37578,12250.0,0.017006802721088437,0.0,0.0,0.10204081632653061,0.0,0.030612244897959183,0.003401360544217687,0.0,0.0,0.0,0.0,0.0,0.003401360544217687,0.0,0.8435374149659864,294.0
15796,45.2226,-64.37578,13250.0,0.024390243902439025,0.004878048780487805,0.0,0.03414634146341464,0.0,0.02926829268292683,0.024390243902439025,0.0,0.0,0.0,0.0,0.0,0.0,0.0,0.8829268292682927,205.0
15796,45.2226,-64.37578,13750.0,0.01935483870967742,0.0,0.0,0.03387096774193549,0.0,0.03064516129032258,0.0032258064516129032,0.0,0.0,0.0,0.0,0.0,0.004838709677419355,0.004838709677419355,0.9032258064516129,620.0
15904,43.040832,-78.399692,250.0,0.0025418060200668897,0.0,0.0010702341137123746,0.13217391304347825,0.03317725752508361,0.06903010033444816,0.1931772575250836,0.06394648829431439,0.06234113712374582,0.05511705685618729,0.034247491638795986,0.03665551839464883,0.005618729096989967,0.0034782608695652175,0.3074247491638796,3737.5
15904,43.040832,-78.399692,750.0,0.0009099181073703367,0.0,0.0,0.1337579617834395,0.0545950864422202,0.07279344858962693,0.3093721565059145,0.07097361237488627,0.06369426751592357,0.06187443130118289,0.040036396724294813,0.04367606915377616,0.009099181073703366,0.006369426751592357,0.13284804367606914,1099.0
15904,43.040832,-78.399692,1250.0,0.0006856359273225917,0.0,0.0006856359273225917,0.08124785738772712,0.04182379156667809,0.10764484058964689,0.21186150154268082,0.11038738429893727,0.07884813164209804,0.08776139869729174,0.06239286938635585,0.057593417895097705,0.0061707233459033254,0.006856359273225917,0.14604045251971204,1458.5
15904,43.040832,-78.399692,1750.0,0.001176470588235294,0.001176470588235294,0.0,0.058823529411764705,0.03529411764705882,0.03529411764705882,0.23647058823529413,0.19411764705882353,0.04941176470588235,0.08823529411764706,0.052941176470588235,0.06941176470588235,0.0035294117647058825,0.0,0.17411764705882352,850.0
15904,43.040832,-78.399692,2250.0,0.0004845430758794456,0.0,0.0,0.01637755596472526,0.03246438608392286,0.09933133055528635,0.23112704719449556,0.19478631650353714,0.089155925961818,0.07801143521659075,0.06783603062312239,0.050392479891462345,0.003876344607035565,0.0,0.13615660432212423,2063.8
15904,43.040832,-78.399692,2750.0,0.0,0.0,0.0,0.012011439466158246,0.029742612011439466,0.10181124880838895,0.16968541468064824,0.224976167778837,0.08388941849380362,0.10638703527168732,0.0438512869399428,0.07244995233555768,0.004194470924690181,0.00038131553860819826,0.15061963775023832,2622.5
15904,43.040832,-78.399692,3250.0,0.0014858841010401188,0.0,0.0005943536404160475,0.024962852897474,0.01664190193164933,0.11173848439821694,0.1711738484398217,0.20029717682020803,0.07845468053491828,0.10341753343239227,0.052303120356612186,0.07667161961367014,0.005943536404160475,0.0,0.1563150074294205,1682.5
15904,43.040832,-78.399692,3750.0,0.0,0.0,0.0,0.022482291345857715,0.016014782876501387,0.11826301201108716,0.2297505389590391,0.20572836464428704,0.06467508469356328,0.09054511857098861,0.05789959963042809,0.06775485063135202,0.006775485063135201,0.0,0.1201108715737604,1623.5
15904,43.040832,-78.399692,4250.0,0.0007896814951302974,0.0,0.0010529086601737299,0.020531718873387735,0.022111081863648328,0.09423532508554883,0.17215056593840483,0.23374572255856804,0.07580942353250855,0.0931824164253751,0.04158989207686233,0.08054751250329034,0.007370360621216109,0.0,0.15688339036588575,1899.5
15904,43.040832,-78.399692,4750.0,0.0016070711128967456,0.0,0.0,0.026114905584572117,0.014061872237846525,0.07633587786259542,0.2302129369224588,0.19325030132583368,0.08477300120530333,0.0976295701084773,0.04057854560064283,0.061470470068300524,0.004821213338690237,0.0004017677782241864,0.1687424668541583,2489.0
15904,43.040832,-78.399692,5250.0,0.0009564801530368245,0.0,0.0,0.018651362984218076,0.01721664275466284,0.07699665231946437,0.1956001912960306,0.24868483978957437,0.06551889048302248,0.10329985652797705,0.03634624581539933,0.0746054519368723,0.005738880918220947,0.0,0.1563845050215208,2091.0
15904,43.040832,-78.399692,5750.0,0.0,0.0,0.0,0.018418201516793065,0.06428313470566992,0.05417118093174431,0.13795594077284218,0.23401950162513543,0.07945106536655833,0.11339833875045142,0.03539183820873962,0.08739617190321415,0.004333694474539545,0.0,0.17118093174431204,1384.5
15904,43.040832,-78.399692,6250.0,0.0006473888649115235,0.0,0.0,0.02006905481225723,0.0932239965472594,0.04056970220112214,0.1713422529132499,0.22183858437634874,0.0660336642209754,0.11178247734138973,0.03798014674147605,0.053949072075960294,0.008631851532153647,0.0,0.17393180837289599,2317.0
15904,43.040832,-78.399692,6750.0,0.0,0.0,0.0,0.02177410704708785,0.04504987664914727,0.03325109943151346,0.14587579105438164,0.2778075726697415,0.06435696664163897,0.1351496299474418,0.0493403410919232,0.06006650219886303,0.0010726161106939826,0.0,0.16625549715756732,932.3
15904,43.040832,-78.399692,7250.0,0.0007509762691498949,0.0,0.0,0.026584559927906277,0.046860919194953436,0.02943826975067588,0.16191048362871732,0.24692099729648542,0.048963652748573144,0.12676479423250225,0.031240612796635626,0.06908981676179032,0.003604686091919495,0.0006007810153199159,0.20726945028537097,3329.0
15904,43.040832,-78.399692,7750.0,0.0,0.0006704659738518271,0.0006704659738518271,0.0519611129735166,0.1615822996982903,0.026148172980221252,0.12805900100569895,0.21320817968488098,0.051625879986590684,0.09453570231310761,0.012068387529332886,0.08447871270533021,0.003352329869259135,0.0,0.17163928930606773,1491.5
15904,43.040832,-78.399692,8250.0,0.002861230329041488,0.0004768717215069146,0.0,0.11158798283261803,0.14115402956604672,0.03528850739151168,0.22603719599427755,0.13733905579399142,0.04101096804959466,0.07534573199809251,0.01335240820219361,0.05436337625178827,0.0009537434430138292,0.0,0.16022889842632332,1048.5
15904,43.040832,-78.399692,8750.0,0.0024125452352231603,0.0,0.0024125452352231603,0.13148371531966224,0.35705669481302776,0.026537997587454766,0.18576598311218334,0.06996381182147166,0.026537997587454766,0.05307599517490953,0.007237635705669481,0.031363088057901084,0.0,0.0,0.10615199034981906,414.5
15904,43.040832,-78.399692,9250.0,0.0,0.0010482180293501049,0.0010482180293501049,0.38155136268343814,0.0880503144654088,0.059748427672955975,0.22851153039832284,0.0031446540880503146,0.0660377358490566,0.04821802935010482,0.0041928721174004195,0.01781970649895178,0.0031446540880503146,0.0020964360587002098,0.09538784067085954,954.0
15904,43.040832,-78.399692,9750.0,0.0028116213683223993,0.007497656982193065,0.0028116213683223993,0.31302717900656046,0.030927835051546393,0.08903467666354264,0.26991565135895035,0.004686035613870665,0.05529522024367385,0.04967197750702906,0.005623242736644799,0.029053420805998126,0.0018744142455482662,0.0009372071227741331,0.13683223992502344,1067.0
15904,43.040832,-78.399692,10750.0,0.0026109660574412533,0.008703220191470844,0.008703220191470844,0.40382941688424717,0.0034812880765883376,0.13577023498694518,0.20191470844212359,0.0017406440382941688,0.05221932114882506,0.057441253263707574,0.0017406440382941688,0.015665796344647518,0.0,0.0,0.1061792863359443,574.5
15904,43.040832,-78.399692,11250.0,0.17412935323383086,0.01658374792703151,0.02211166390270868,0.3073521282476506,0.009950248756218905,0.09839690436705362,0.08955223880597014,0.001105583195135434,0.035378662244333885,0.04422332780541736,0.001105583195135434,0.014372581536760642,0.013266998341625208,0.035378662244333885,0.1370923161967938,904.5
15904,43.040832,-78.399692,11750.0,0.3020386266094421,0.009120171673819743,0.034334763948497854,0.2628755364806867,0.009656652360515022,0.03111587982832618,0.08369098712446352,0.0,0.03540772532188841,0.023605150214592276,0.001072961373390558,0.01072961373390558,0.015021459227467811,0.027896995708154508,0.15343347639484978,932.0
15904,43.040832,-78.399692,13250.0,0.3374451754385965,0.003837719298245614,0.013157894736842105,0.10718201754385964,0.0010964912280701754,0.023574561403508772,0.11074561403508772,0.0,0.041666666666666664,0.00932017543859649,0.0021929824561403508,0.0043859649122807015,0.011513157894736841,0.025767543859649123,0.3081140350877193,1824.0
15904,43.040832,-78.399692,13750.0,0.3535031847133758,0.01910828025477707,0.01910828025477707,0.04777070063694268,0.0,0.044585987261146494,0.12101910828025478,0.0,0.050955414012738856,0.012738853503184714,0.0,0.0,0.025477707006369428,0.006369426751592357,0.29936305732484075,157.0
15904,43.040832,-78.399692,14250.0,0.24338842975206612,0.003305785123966942,0.001652892561983471,0.12231404958677686,0.0,0.050826446280991734,0.1012396694214876,0.0012396694214876034,0.030578512396694214,0.00909090909090909,0.0012396694214876034,0.007851239669421488,0.014462809917355372,0.007851239669421488,0.4049586776859504,2420.0
15904,43.040832,-78.399692,14750.0,0.1678832116788321,0.004171011470281543,0.0020855057351407717,0.09176225234619395,0.0,0.035453597497393116,0.0667361835245047,0.0,0.010427528675703858,0.006256517205422315,0.0,0.006256517205422315,0.006256517205422315,0.006256517205422315,0.5964546402502607,479.5
15982,45.389554,-79.21705800000001,250.0,0.037921348314606744,0.01544943820224719,0.0014044943820224719,0.23735955056179775,0.12921348314606743,0.3202247191011236,0.037921348314606744,0.03089887640449438,0.02247191011235955,0.026685393258426966,0.0014044943820224719,0.03651685393258427,0.01544943820224719,0.007022471910112359,0.0800561797752809,712.0
15982,45.389554,-79.21705800000001,750.0,0.02666666666666667,0.0044444444444444444,0.0044444444444444444,0.15259259259259259,0.21481481481481482,0.2948148148148148,0.034074074074074076,0.09333333333333334,0.014814814814814815,0.03851851851851852,0.0,0.03851851851851852,0.011851851851851851,0.008888888888888889,0.06222222222222222,675.0
15982,45.389554,-79.21705800000001,1250.0,0.027855153203342618,0.0,0.002785515320334262,0.1977715877437326,0.23676880222841226,0.2590529247910863,0.05013927576601671,0.08635097493036212,0.0,0.027855153203342618,0.0,0.06963788300835655,0.005571030640668524,0.002785515320334262,0.033426183844011144,359.0
15982,45.389554,-79.21705800000001,1750.0,0.037267080745341616,0.012422360248447204,0.003105590062111801,0.17080745341614906,0.14285714285714285,0.34782608695652173,0.043478260869565216,0.07763975155279502,0.003105590062111801,0.040372670807453416,0.0,0.059006211180124224,0.018633540372670808,0.006211180124223602,0.037267080745341616,322.0
15982,45.389554,-79.21705800000001,2250.0,0.016233766233766232,0.012987012987012988,0.0,0.19805194805194806,0.19805194805194806,0.288961038961039,0.02922077922077922,0.05844155844155844,0.01948051948051948,0.04220779220779221,0.0,0.06818181818181818,0.01948051948051948,0.012987012987012988,0.03571428571428571,308.0
15982,45.389554,-79.21705800000001,2750.0,0.025245441795231416,0.0182328190743338,0.002805049088359046,0.3015427769985975,0.08134642356241234,0.31136044880785413,0.02244039270687237,0.0729312762973352,0.008415147265077139,0.030855539971949508,0.002805049088359046,0.051893408134642355,0.016830294530154277,0.001402524544179523,0.051893408134642355,713.0
15982,45.389554,-79.21705800000001,3250.0,0.06542056074766354,0.006230529595015576,0.0,0.32710280373831774,0.040498442367601244,0.308411214953271,0.028037383177570093,0.0529595015576324,0.012461059190031152,0.03115264797507788,0.006230529595015576,0.06230529595015576,0.028037383177570093,0.0,0.03115264797507788,321.0
15982,45.389554,-79.21705800000001,3750.0,0.012804097311139564,0.015364916773367477,0.0038412291933418692,0.30217669654289375,0.046094750320102434,0.3764404609475032,0.09090909090909091,0.028169014084507043,0.0076824583866837385,0.029449423815621,0.002560819462227913,0.030729833546734954,0.0076824583866837385,0.0012804097311139564,0.04481434058898848,781.0
15982,45.389554,-79.21705800000001,4750.0,0.021925133689839574,0.0074866310160427805,0.00267379679144385,0.32780748663101605,0.11390374331550802,0.2898395721925134,0.06096256684491978,0.038502673796791446,0.011229946524064172,0.019251336898395723,0.0010695187165775401,0.044919786096256686,0.014438502673796792,0.0016042780748663102,0.04438502673796792,1870.0
15982,45.389554,-79.21705800000001,6250.0,0.019550342130987292,0.0019550342130987292,0.0009775171065493646,0.509286412512219,0.09090909090909091,0.2179863147605083,0.06647116324535679,0.01466275659824047,0.007820136852394917,0.013685239491691105,0.0009775171065493646,0.015640273704789834,0.008797653958944282,0.0019550342130987292,0.02932551319648094,1023.0
15982,45.389554,-79.21705800000001,6750.0,0.050955414012738856,0.014331210191082803,0.0015923566878980893,0.6496815286624203,0.03343949044585987,0.10828025477707007,0.03821656050955414,0.009554140127388535,0.006369426751592357,0.01592356687898089,0.0031847133757961785,0.006369426751592357,0.009554140127388535,0.0,0.052547770700636945,628.0
15982,45.389554,-79.21705800000001,7250.0,0.031746031746031744,0.005291005291005291,0.0,0.7711640211640212,0.0013227513227513227,0.08068783068783068,0.041005291005291,0.0,0.003968253968253968,0.01455026455026455,0.0,0.0,0.013227513227513227,0.0,0.037037037037037035,756.0
15982,45.389554,-79.21705800000001,7750.0,0.01910828025477707,0.01592356687898089,0.006369426751592357,0.5955414012738853,0.0031847133757961785,0.1910828025477707,0.041401273885350316,0.006369426751592357,0.009554140127388535,0.022292993630573247,0.0031847133757961785,0.0031847133757961785,0.03184713375796178,0.0031847133757961785,0.04777070063694268,314.0
15982,45.389554,-79.21705800000001,8250.0,0.10319410319410319,0.009828009828009828,0.0012285012285012285,0.4262899262899263,0.0085995085995086,0.1597051597051597,0.04668304668304668,0.0,0.022113022113022112,0.038083538083538086,0.002457002457002457,0.0012285012285012285,0.007371007371007371,0.0,0.1732186732186732,814.0
15982,45.389554,-79.21705800000001,8750.0,0.028225806451612902,0.012096774193548387,0.0,0.6108870967741935,0.0,0.2157258064516129,0.05846774193548387,0.0,0.008064516129032258,0.006048387096774193,0.0,0.0,0.004032258064516129,0.004032258064516129,0.05241935483870968,496.0
15982,45.389554,-79.21705800000001,9250.0,0.2496607869742198,0.005427408412483039,0.0027137042062415195,0.24559023066485752,0.0,0.06919945725915876,0.08683853459972862,0.0,0.004070556309362279,0.008141112618724558,0.004070556309362279,0.0027137042062415195,0.0067842605156037995,0.0067842605156037995,0.30800542740841247,737.0
15982,45.389554,-79.21705800000001,9750.0,0.10663764961915125,0.0,0.0,0.15451577801958652,0.002176278563656148,0.11643090315560392,0.09249183895538629,0.001088139281828074,0.006528835690968444,0.022850924918389554,0.01088139281828074,0.001088139281828074,0.01632208922742111,0.007616974972796518,0.4613710554951034,919.0
15982,45.389554,-79.21705800000001,10750.0,0.21727748691099477,0.02356020942408377,0.005235602094240838,0.25392670157068065,0.0,0.06544502617801047,0.09424083769633508,0.0,0.007853403141361256,0.03664921465968586,0.007853403141361256,0.0,0.005235602094240838,0.007853403141361256,0.27486910994764396,382.0
16081,45.669686,-62.611752,250.0,0.1282952548330404,0.029876977152899824,0.008787346221441126,0.20913884007029876,0.13884007029876977,0.2741652021089631,0.026362038664323375,0.0,0.005272407732864675,0.008787346221441126,0.0,0.015817223198594025,0.03690685413005272,0.01054481546572935,0.10720562390158173,569.0
16081,45.669686,-62.611752,750.0,0.06164383561643835,0.015410958904109588,0.003424657534246575,0.285958904109589,0.23116438356164384,0.3133561643835616,0.011986301369863013,0.0,0.010273972602739725,0.0017123287671232876,0.0,0.011986301369863013,0.02054794520547945,0.0017123287671232876,0.030821917808219176,584.0
16081,45.669686,-62.611752,1250.0,0.08053691275167785,0.03355704697986577,0.0016778523489932886,0.2785234899328859,0.17281879194630873,0.3389261744966443,0.015100671140939598,0.0,0.016778523489932886,0.0016778523489932886,0.0,0.01174496644295302,0.020134228187919462,0.0,0.028523489932885907,596.0
16081,45.669686,-62.611752,1750.0,0.08117443868739206,0.03281519861830743,0.0017271157167530224,0.25215889464594127,0.14335060449050085,0.35578583765112265,0.013816925734024179,0.0,0.017271157167530225,0.0051813471502590676,0.0,0.022452504317789293,0.031088082901554404,0.0,0.04317789291882556,579.0
16081,45.669686,-62.611752,2250.0,0.04004854368932039,0.012135922330097087,0.0,0.2366504854368932,0.22694174757281554,0.37014563106796117,0.010922330097087379,0.0,0.01699029126213592,0.0048543689320388345,0.0,0.01820388349514563,0.019417475728155338,0.0048543689320388345,0.038834951456310676,824.0
16081,45.669686,-62.611752,2750.0,0.018115942028985508,0.010869565217391304,0.0,0.18840579710144928,0.2753623188405797,0.39492753623188404,0.025362318840579712,0.0,0.025362318840579712,0.0036231884057971015,0.0036231884057971015,0.0036231884057971015,0.007246376811594203,0.007246376811594203,0.036231884057971016,276.0
16081,45.669686,-62.611752,3250.0,0.0137221269296741,0.005145797598627788,0.0,0.24871355060034306,0.20754716981132076,0.4065180102915952,0.044596912521440824,0.0,0.0137221269296741,0.003430531732418525,0.0017152658662092624,0.010291595197255575,0.022298456260720412,0.0017152658662092624,0.02058319039451115,583.0
16081,45.669686,-62.611752,3750.0,0.026984126984126985,0.012698412698412698,0.0,0.326984126984127,0.09206349206349207,0.3333333333333333,0.12380952380952381,0.0,0.01746031746031746,0.0015873015873015873,0.0,0.009523809523809525,0.014285714285714285,0.006349206349206349,0.03492063492063492,630.0
16081,45.669686,-62.611752,4750.0,0.015005359056806002,0.011789924973204717,0.0,0.2797427652733119,0.09110396570203644,0.42979635584137194,0.09646302250803858,0.0,0.01929260450160772,0.004287245444801715,0.0,0.013933547695605574,0.012861736334405145,0.0,0.02572347266881029,933.0
16081,45.669686,-62.611752,5750.0,0.010526315789473684,0.004210526315789474,0.0,0.3726315789473684,0.16631578947368422,0.29789473684210527,0.07473684210526316,0.0,0.007368421052631579,0.003157894736842105,0.0,0.011578947368421053,0.02526315789473684,0.003157894736842105,0.023157894736842106,950.0
16081,45.669686,-62.611752,6250.0,0.026515151515151516,0.007575757575757576,0.003787878787878788,0.42803030303030304,0.10984848484848485,0.21212121212121213,0.06439393939393939,0.0,0.003787878787878788,0.0,0.0,0.003787878787878788,0.09848484848484848,0.003787878787878788,0.03787878787878788,264.0
16081,45.669686,-62.611752,6750.0,0.01226158038147139,0.004768392370572207,0.0006811989100817438,0.502724795640327,0.14918256130790192,0.16961852861035423,0.05040871934604905,0.0020435967302452314,0.02452316076294278,0.004768392370572207,0.0,0.004087193460490463,0.027247956403269755,0.004768392370572207,0.042915531335149866,1468.0
16081,45.669686,-62.611752,7750.0,0.0321285140562249,0.01606425702811245,0.0030120481927710845,0.5321285140562249,0.14759036144578314,0.11044176706827309,0.08132530120481928,0.0,0.013052208835341365,0.013052208835341365,0.0,0.0030120481927710845,0.01706827309236948,0.004016064257028112,0.02710843373493976,996.0
16081,45.669686,-62.611752,8250.0,0.08875739644970414,0.014792899408284023,0.005917159763313609,0.40532544378698226,0.008875739644970414,0.22781065088757396,0.09467455621301775,0.0,0.011834319526627219,0.008875739644970414,0.0,0.0029585798816568047,0.0650887573964497,0.029585798816568046,0.03550295857988166,338.0
16081,45.669686,-62.611752,8750.0,0.08561643835616438,0.03424657534246575,0.00684931506849315,0.5753424657534246,0.0,0.15753424657534246,0.0410958904109589,0.0,0.02054794520547945,0.0,0.0,0.003424657534246575,0.04452054794520548,0.00684931506849315,0.023972602739726026,292.0
16081,45.669686,-62.611752,9250.0,0.13804713804713806,0.03367003367003367,0.006734006734006734,0.5488215488215489,0.003367003367003367,0.14814814814814814,0.04377104377104377,0.0,0.016835016835016835,0.016835016835016835,0.0,0.0,0.020202020202020204,0.006734006734006734,0.016835016835016835,297.0
16081,45.669686,-62.611752,10250.0,0.060126582278481014,0.015822784810126583,0.007911392405063292,0.6107594936708861,0.0,0.19462025316455697,0.023734177215189875,0.0,0.0031645569620253164,0.0031645569620253164,0.0,0.0,0.03164556962025317,0.0189873417721519,0.030063291139240507,632.0
16081,45.669686,-62.611752,10750.0,0.2565789473684211,0.04276315789473684,0.019736842105263157,0.23684210526315788,0.0,0.29276315789473684,0.013157894736842105,0.0,0.003289473684210526,0.006578947368421052,0.0,0.0,0.029605263157894735,0.04276315789473684,0.05592105263157895,304.0
16081,45.669686,-62.611752,11250.0,0.4268104776579353,0.01386748844375963,0.0061633281972265025,0.12788906009244994,0.0015408320493066256,0.19106317411402157,0.026194144838212634,0.0,0.004622496147919877,0.0030816640986132513,0.0030816640986132513,0.0030816640986132513,0.023112480739599383,0.03389830508474576,0.13559322033898305,649.0
16081,45.669686,-62.611752,12250.0,0.22530864197530864,0.018518518518518517,0.018518518518518517,0.10185185185185185,0.0,0.3549382716049383,0.018518518518518517,0.0,0.006172839506172839,0.009259259259259259,0.0,0.0,0.037037037037037035,0.040123456790123455,0.1697530864197531,324.0
16081,45.669686,-62.611752,12750.0,0.12046632124352331,0.0025906735751295338,0.0025906735751295338,0.09326424870466321,0.0,0.38212435233160624,0.0038860103626943004,0.0,0.0,0.0025906735751295338,0.0012953367875647669,0.0,0.03756476683937824,0.010362694300518135,0.3432642487046632,772.0
16081,45.669686,-62.611752,13250.0,0.03785488958990536,0.0,0.0,0.05993690851735016,0.0,0.5141955835962145,0.006309148264984227,0.0,0.0,0.0,0.0,0.0,0.03470031545741325,0.0031545741324921135,0.3438485804416404,317.0
16081,45.669686,-62.611752,13750.0,0.06871794871794872,0.0041025641025641026,0.0,0.13538461538461538,0.0,0.14153846153846153,0.008205128205128205,0.0,0.0010256410256410256,0.003076923076923077,0.0,0.0,0.05641025641025641,0.006153846153846154,0.5753846153846154,975.0
16081,45.669686,-62.611752,14250.0,0.1254355400696864,0.0013937282229965157,0.0,0.10766550522648084,0.0003484320557491289,0.21149825783972126,0.010452961672473868,0.0,0.0013937282229965157,0.0010452961672473868,0.0,0.0,0.012543554006968641,0.0794425087108014,0.44878048780487806,2870.0
16081,45.669686,-62.611752,14750.0,0.23674911660777384,0.0,0.0,0.09540636042402827,0.0,0.10129564193168433,0.016489988221436984,0.0,0.0,0.0,0.001177856301531213,0.0,0.02120141342756184,0.027090694935217905,0.5005889281507656,849.0
16103,44.97536,-62.09149,250.0,0.3258278145695364,0.18940397350993377,0.0013245033112582781,0.10066225165562914,0.030463576158940398,0.19205298013245034,0.017218543046357615,0.011920529801324504,0.005298013245033113,0.0013245033112582781,0.0013245033112582781,0.0026490066225165563,0.051655629139072845,0.0,0.06887417218543046,755.0
16103,44.97536,-62.09149,750.0,0.243202416918429,0.1299093655589124,0.0075528700906344415,0.1283987915407855,0.06646525679758308,0.29607250755287007,0.022658610271903322,0.03474320241691843,0.0030211480362537764,0.0015105740181268882,0.0030211480362537764,0.004531722054380665,0.0256797583081571,0.0015105740181268882,0.03172205438066465,662.0
16103,44.97536,-62.09149,1250.0,0.13965744400527008,0.1137461572244181,0.010101010101010102,0.07465963987703118,0.05533596837944664,0.44049187527448397,0.032498902064119456,0.05357927097057532,0.006148440931049627,0.000878348704435661,0.0004391743522178305,0.006148440931049627,0.02678963548528766,0.0013175230566534915,0.03820816864295125,2277.0
16103,44.97536,-62.09149,1750.0,0.10641139804096171,0.11398040961709706,0.007123775601068566,0.10329474621549421,0.06411398040961709,0.4505788067675868,0.028495102404274265,0.0458593054318789,0.006233303650934996,0.003561887800534283,0.0004452359750667854,0.006678539626001781,0.02715939447907391,0.004897595725734639,0.031166518254674976,2246.0
16103,44.97536,-62.09149,2250.0,0.10398706896551724,0.09536637931034483,0.007543103448275862,0.13308189655172414,0.050107758620689655,0.4396551724137931,0.03987068965517242,0.03771551724137931,0.012392241379310345,0.004849137931034483,0.0005387931034482759,0.00646551724137931,0.03125,0.003771551724137931,0.0334051724137931,1856.0
16103,44.97536,-62.09149,2750.0,0.06327033689400165,0.06655710764174198,0.003286770747740345,0.09202958093672967,0.05587510271158587,0.5357436318816763,0.036154478225143796,0.0419063270336894,0.009038619556285949,0.003286770747740345,0.0,0.009860312243221035,0.03533278553820871,0.0024650780608052587,0.04519309778142974,1217.0
16103,44.97536,-62.09149,3250.0,0.05845511482254697,0.04384133611691023,0.0020876826722338203,0.09812108559498957,0.06889352818371608,0.5762004175365344,0.04384133611691023,0.037578288100208766,0.016701461377870562,0.0020876826722338203,0.0,0.006263048016701462,0.020876826722338204,0.0020876826722338203,0.022964509394572025,479.0
16103,44.97536,-62.09149,3750.0,0.08442123585726719,0.04960835509138381,0.005221932114882507,0.11923411662315056,0.053959965187119235,0.5517841601392516,0.038294168842471714,0.02610966057441253,0.006092254134029591,0.0008703220191470844,0.0008703220191470844,0.006092254134029591,0.03220191470844212,0.0,0.025239338555265448,1149.0
16103,44.97536,-62.09149,4250.0,0.07429420505200594,0.05646359583952452,0.0014858841010401188,0.16047548291233285,0.04606240713224369,0.5200594353640416,0.05943536404160475,0.022288261515601784,0.005943536404160475,0.0,0.0,0.0014858841010401188,0.020802377414561663,0.0014858841010401188,0.029717682020802376,673.0
16103,44.97536,-62.09149,4750.0,0.07658833768494343,0.034812880765883375,0.0008703220191470844,0.19930374238468232,0.025239338555265448,0.5491731940818103,0.05134899912967798,0.0026109660574412533,0.006092254134029591,0.0,0.0,0.0034812880765883376,0.016536118363794605,0.0017406440382941688,0.03220191470844212,1149.0
16103,44.97536,-62.09149,5750.0,0.04716981132075472,0.00725689404934688,0.0050798258345428155,0.24818577648766327,0.2155297532656023,0.3490566037735849,0.05079825834542816,0.0050798258345428155,0.005805515239477504,0.0021770682148040637,0.0,0.0043541364296081275,0.022496371552975326,0.002902757619738752,0.034107402031930335,1378.0
16103,44.97536,-62.09149,6750.0,0.11420612813370473,0.011142061281337047,0.002785515320334262,0.2785515320334262,0.15598885793871867,0.25348189415041783,0.08356545961002786,0.002785515320334262,0.011142061281337047,0.0,0.0,0.005571030640668524,0.036211699164345405,0.005571030640668524,0.03899721448467967,359.0
16103,44.97536,-62.09149,7250.0,0.1248303934871099,0.016282225237449117,0.012211668928086838,0.42469470827679784,0.12754409769335143,0.1451831750339213,0.06105834464043419,0.005427408412483039,0.010854816824966078,0.012211668928086838,0.0,0.004070556309362279,0.021709633649932156,0.0027137042062415195,0.031207598371777476,737.0
16103,44.97536,-62.09149,7750.0,0.12323491655969192,0.019255455712451863,0.006418485237483954,0.4621309370988447,0.01668806161745828,0.1822849807445443,0.110397946084724,0.0,0.0012836970474967907,0.0038510911424903724,0.0,0.0012836970474967907,0.03337612323491656,0.0012836970474967907,0.038510911424903725,779.0
16103,44.97536,-62.09149,8250.0,0.13647058823529412,0.02588235294117647,0.009411764705882352,0.45647058823529413,0.02588235294117647,0.19058823529411764,0.05647058823529412,0.002352941176470588,0.004705882352941176,0.007058823529411765,0.002352941176470588,0.0,0.02823529411764706,0.0,0.05411764705882353,425.0
16103,44.97536,-62.09149,8750.0,0.1053864168618267,0.040983606557377046,0.00819672131147541,0.3911007025761124,0.01405152224824356,0.26346604215456676,0.09718969555035128,0.00117096018735363,0.00819672131147541,0.00468384074941452,0.0,0.00468384074941452,0.02459016393442623,0.0,0.03629976580796253,854.0
16103,44.97536,-62.09149,9250.0,0.14647577092511013,0.034140969162995596,0.019823788546255508,0.1696035242290749,0.0011013215859030838,0.41740088105726875,0.06277533039647577,0.0,0.005506607929515419,0.014317180616740088,0.0,0.004405286343612335,0.02973568281938326,0.003303964757709251,0.09140969162995595,908.0
16103,44.97536,-62.09149,10250.0,0.15,0.005555555555555556,0.005555555555555556,0.13333333333333333,0.005555555555555556,0.2222222222222222,0.08888888888888889,0.0,0.0,0.011111111111111112,0.0,0.0,0.016666666666666666,0.016666666666666666,0.34444444444444444,180.0
16103,44.97536,-62.09149,10750.0,0.12549019607843137,0.00784313725490196,0.023529411764705882,0.12549019607843137,0.001568627450980392,0.3388235294117647,0.05803921568627451,0.0,0.012549019607843137,0.002352941176470588,0.000784313725490196,0.001568627450980392,0.03137254901960784,0.005490196078431373,0.26509803921568625,1275.0
16103,44.97536,-62.09149,11750.0,0.05555555555555555,0.004273504273504274,0.0,0.1346153846153846,0.0,0.22863247863247863,0.010683760683760684,0.0,0.004273504273504274,0.004273504273504274,0.0,0.0,0.04487179487179487,0.004273504273504274,0.5085470085470085,468.0
16103,44.97536,-62.09149,12250.0,0.0410958904109589,0.00228310502283105,0.0,0.1141552511415525,0.0,0.20776255707762556,0.0045662100456621,0.0,0.00228310502283105,0.00228310502283105,0.00228310502283105,0.00228310502283105,0.0410958904109589,0.00228310502283105,0.5776255707762558,438.0
16103,44.97536,-62.09149,12750.0,0.041379310344827586,0.0,0.0,0.3103448275862069,0.0,0.0896551724137931,0.0,0.0,0.0,0.0,0.0,0.0,0.14482758620689656,0.0,0.41379310344827586,145.0
16103,44.97536,-62.09149,13250.0,0.10263157894736842,0.0,0.0,0.12368421052631579,0.0,0.17105263157894737,0.002631578947368421,0.0,0.0,0.0,0.0,0.0,0.02368421052631579,0.0,0.5763157894736842,380.0
16103,44.97536,-62.09149,13750.0,0.07260726072607261,0.0033003300330033004,0.0,0.18151815181518152,0.0,0.11221122112211221,0.026402640264026403,0.0,0.0033003300330033004,0.0,0.0,0.0,0.0231023102310231,0.0033003300330033004,0.5742574257425742,303.0
16129,42.78668,-88.84614,250.0,0.00186219739292365,0.0,0.01303538175046555,0.057107386716325266,0.00186219739292365,0.0186219739292365,0.2985723153320919,0.0,0.011793916821849782,0.0148975791433892,0.01303538175046555,0.00558659217877095,0.0031036623215394167,0.0,0.5605214152700186,1611.0
16129,42.78668,-88.84614,750.0,0.0031397174254317113,0.0,0.007849293563579277,0.05180533751962323,0.0,0.013343799058084773,0.28649921507064363,0.0031397174254317113,0.006279434850863423,0.009419152276295133,0.01020408163265306,0.003924646781789639,0.004709576138147566,0.0015698587127158557,0.598116169544741,1274.0
16129,42.78668,-88.84614,1250.0,0.0005173305742369374,0.0,0.0036213140196585617,0.0734609415416451,0.0036213140196585617,0.02638385928608381,0.4604242110708743,0.0005173305742369374,0.01189860320744956,0.02172788411795137,0.015519917227108122,0.006725297465080186,0.005173305742369374,0.0,0.37040869115364716,1933.0
16129,42.78668,-88.84614,1750.0,0.0,0.0,0.0021008403361344537,0.03571428571428571,0.0,0.009453781512605041,0.21428571428571427,0.0063025210084033615,0.004201680672268907,0.0063025210084033615,0.0063025210084033615,0.005252100840336135,0.0010504201680672268,0.0,0.7090336134453782,952.0
16129,42.78668,-88.84614,2250.0,0.0006215040397762585,0.0,0.0,0.041019266625233065,0.0,0.011187072715972654,0.3026724673710379,0.0,0.004972032318210068,0.012430080795525171,0.012430080795525171,0.0037290242386575512,0.00870105655686762,0.0,0.6022374145431946,1609.0
16129,42.78668,-88.84614,2750.0,0.0,0.0,0.0,0.0563230605738576,0.0010626992561105207,0.012752391073326248,0.3390010626992561,0.0010626992561105207,0.0021253985122210413,0.01700318809776833,0.011689691817215728,0.0010626992561105207,0.012752391073326248,0.0,0.5451647183846972,941.0
16129,42.78668,-88.84614,3250.0,0.003703703703703704,0.0,0.0006172839506172839,0.04938271604938271,0.0,0.009876543209876543,0.2660493827160494,0.0024691358024691358,0.004320987654320987,0.013580246913580247,0.009876543209876543,0.0024691358024691358,0.006172839506172839,0.0,0.6314814814814815,1620.0
16129,42.78668,-88.84614,3750.0,0.0025526483726866626,0.0,0.0012763241863433313,0.04977664326738992,0.0006381620931716656,0.008296107211231652,0.39246968730057435,0.0012763241863433313,0.007019783024888321,0.01595405232929164,0.012763241863433313,0.0019144862795149968,0.0019144862795149968,0.0,0.5041480536056159,1567.0
16129,42.78668,-88.84614,4250.0,0.0023715415019762848,0.0,0.0,0.06324110671936758,0.0023715415019762848,0.012648221343873518,0.5217391304347826,0.0,0.008695652173913044,0.028458498023715414,0.025296442687747035,0.0031620553359683794,0.015810276679841896,0.0,0.31620553359683795,1265.0
16129,42.78668,-88.84614,4750.0,0.002718622564567286,0.00045310376076121433,0.0,0.09922972360670594,0.00045310376076121433,0.013140009062075216,0.5523334843679203,0.00045310376076121433,0.007249660172179429,0.028545536927956503,0.026733121884911646,0.004531037607612143,0.006343452650657001,0.0,0.25781603987313095,2207.0
16129,42.78668,-88.84614,5250.0,0.001594896331738437,0.0,0.0,0.09144072301967039,0.001063264221158958,0.008506113769271665,0.5885167464114832,0.002658160552897395,0.009569377990430622,0.029771398192450824,0.022860180754917598,0.009037745879851143,0.006911217437533227,0.000531632110579479,0.227538543328017,1881.0
16129,42.78668,-88.84614,5750.0,0.0015864621893178213,0.0,0.0,0.08619777895293496,0.0,0.005817028027498678,0.5499735589635114,0.0,0.007403490216816499,0.06610259122157588,0.020624008461131677,0.007932310946589107,0.009518773135906928,0.0,0.24484399788471709,1891.0
16129,42.78668,-88.84614,6250.0,0.0038535645472061657,0.0,0.0006422607578676942,0.07000642260757868,0.0,0.012845215157353885,0.5183044315992292,0.0012845215157353885,0.005780346820809248,0.10789980732177264,0.030828516377649325,0.00899165061014772,0.005138086062941554,0.0,0.23442517662170842,1557.0
16129,42.78668,-88.84614,6750.0,0.00560081466395112,0.0,0.0005091649694501018,0.08706720977596741,0.0005091649694501018,0.004582484725050916,0.4745417515274949,0.0005091649694501018,0.00560081466395112,0.12576374745417515,0.025458248472505093,0.012729124236252547,0.007128309572301426,0.0,0.25,1964.0
16129,42.78668,-88.84614,7250.0,0.009001956947162427,0.0003913894324853229,0.0003913894324853229,0.08806262230919765,0.0003913894324853229,0.010958904109589041,0.43874755381604696,0.0,0.011741682974559686,0.0974559686888454,0.019569471624266144,0.0062622309197651665,0.005870841487279843,0.0,0.3111545988258317,2555.0
16129,42.78668,-88.84614,7750.0,0.023737066342057214,0.0,0.002434570906877663,0.10955569080949483,0.0,0.016433353621424222,0.38344491783323187,0.0,0.01278149726110773,0.10407790626902008,0.02130249543517955,0.00852099817407182,0.006086427267194157,0.0,0.31162507608034085,1643.0
16129,42.78668,-88.84614,8250.0,0.03172205438066465,0.0,0.0,0.20241691842900303,0.0,0.028700906344410877,0.34441087613293053,0.0,0.012084592145015106,0.08610271903323263,0.01661631419939577,0.004531722054380665,0.004531722054380665,0.0,0.2688821752265861,662.0
16129,42.78668,-88.84614,8750.0,0.018819938962360123,0.001525940996948118,0.00254323499491353,0.13784333672431331,0.000508646998982706,0.018311291963377416,0.40488301119023395,0.0,0.014242115971515769,0.10935910478128179,0.0254323499491353,0.009664292980671414,0.001017293997965412,0.0,0.2558494404883011,1966.0
16129,42.78668,-88.84614,9250.0,0.020414031052328925,0.0017251293847038527,0.0005750431282346176,0.13225991949396204,0.0,0.025301897642323174,0.41949396204715356,0.0,0.013513513513513514,0.09171937895342151,0.017251293847038527,0.007475560667050029,0.0060379528464634845,0.0,0.26423231742380676,3478.0
16129,42.78668,-88.84614,9750.0,0.008077544426494346,0.0016155088852988692,0.0,0.14862681744749595,0.0,0.03231017770597738,0.3780290791599354,0.0,0.027463651050080775,0.13408723747980614,0.011308562197092083,0.0032310177705977385,0.0032310177705977385,0.0,0.2520193861066236,619.0
16129,42.78668,-88.84614,10250.0,0.011542497376705142,0.0062959076600209865,0.001049317943336831,0.1888772298006296,0.0,0.03147953830010493,0.33263378803777544,0.0,0.01993704092339979,0.14270724029380902,0.02833158447009444,0.008394543546694649,0.007345225603357817,0.0,0.22140608604407136,953.0
16129,42.78668,-88.84614,10750.0,0.17900302114803626,0.015861027190332326,0.012084592145015106,0.13444108761329304,0.0,0.045317220543806644,0.22507552870090636,0.0,0.06042296072507553,0.08836858006042296,0.010574018126888218,0.009818731117824773,0.010574018126888218,0.0007552870090634441,0.20770392749244712,1324.0
16129,42.78668,-88.84614,11250.0,0.28811369509043927,0.01937984496124031,0.012919896640826873,0.1821705426356589,0.0,0.08656330749354005,0.06847545219638243,0.0,0.1227390180878553,0.09431524547803617,0.00516795865633075,0.00516795865633075,0.003875968992248062,0.002583979328165375,0.10852713178294573,774.0
16129,42.78668,-88.84614,11750.0,0.37486687965921195,0.013844515441959531,0.010649627263045794,0.043663471778487756,0.0,0.09478168264110756,0.07028753993610223,0.0,0.04472843450479233,0.02875399361022364,0.0010649627263045794,0.002129925452609159,0.027689030883919063,0.011714589989350373,0.27582534611288606,939.0
16129,42.78668,-88.84614,12250.0,0.13561847988077497,0.013412816691505217,0.004470938897168405,0.09836065573770492,0.0,0.010432190760059613,0.18926974664679583,0.0,0.07898658718330849,0.09388971684053651,0.011922503725782414,0.011922503725782414,0.004470938897168405,0.0,0.3472429210134128,671.0
16129,42.78668,-88.84614,13250.0,0.5814552479072762,0.00128783000643915,0.008370895041854474,0.01159047005795235,0.0,0.00901481004507405,0.04700579523502898,0.0,0.08821635544108178,0.010946555054732776,0.0019317450096587251,0.0019317450096587251,0.009658725048293626,0.0038634900193174502,0.2247263361236317,1553.0
16129,42.78668,-88.84614,13750.0,0.5757575757575758,0.0,0.006060606060606061,0.03636363636363636,0.0,0.03333333333333333,0.012121212121212121,0.0,0.012121212121212121,0.00909090909090909,0.0,0.006060606060606061,0.012121212121212121,0.00909090909090909,0.2878787878787879,330.0
16129,42.78668,-88.84614,14750.0,0.46296296296296297,0.0,0.009259259259259259,0.015432098765432098,0.0,0.07098765432098765,0.037037037037037035,0.0,0.0030864197530864196,0.0,0.006172839506172839,0.009259259259259259,0.015432098765432098,0.012345679012345678,0.35802469135802467,324.0
16175,41.40866,-74.552262,250.0,0.000881057268722467,0.0,0.0026431718061674008,0.06651982378854626,0.05947136563876652,0.09383259911894273,0.3030837004405286,0.028193832599118944,0.014096916299559472,0.009691629955947136,0.03700440528634361,0.014537444933920705,0.10837004405286343,0.0004405286343612335,0.26123348017621145,2270.0
16175,41.40866,-74.552262,750.0,0.000482392667631452,0.000482392667631452,0.000482392667631452,0.05306319343945972,0.0824891461649783,0.10178485287023638,0.4312590448625181,0.035214664737095995,0.015918958031837915,0.01929570670525808,0.056439942112879886,0.013024602026049204,0.09599614085865894,0.000482392667631452,0.09358417752050169,2073.0
16175,41.40866,-74.552262,1250.0,0.0005602240896358543,0.0,0.0,0.05938375350140056,0.05994397759103642,0.11204481792717087,0.4196078431372549,0.04257703081232493,0.017927170868347338,0.01568627450980392,0.058823529411764705,0.01680672268907563,0.08627450980392157,0.0,0.1103641456582633,1785.0
16175,41.40866,-74.552262,1750.0,0.0,0.0,0.0,0.06967670011148272,0.06298773690078038,0.11148272017837235,0.42028985507246375,0.04403567447045708,0.020624303232998884,0.013935340022296544,0.050724637681159424,0.016164994425863992,0.07079152731326645,0.0,0.11928651059085842,1794.0
16175,41.40866,-74.552262,2250.0,0.0,0.0,0.0,0.07867494824016563,0.045548654244306416,0.10144927536231885,0.422360248447205,0.031055900621118012,0.022774327122153208,0.020703933747412008,0.06418219461697723,0.020703933747412008,0.057971014492753624,0.0,0.13457556935817805,483.0
16175,41.40866,-74.552262,2750.0,0.0011655011655011655,0.0,0.0,0.07342657342657342,0.02097902097902098,0.1282051282051282,0.3298368298368298,0.08508158508158509,0.045454545454545456,0.015151515151515152,0.054778554778554776,0.030303030303030304,0.05827505827505827,0.0011655011655011655,0.1561771561771562,858.0
16175,41.40866,-74.552262,3250.0,0.0,0.0,0.000715307582260372,0.07510729613733906,0.009298998569384835,0.0715307582260372,0.45278969957081544,0.04148783977110158,0.02861230329041488,0.0178826895565093,0.04291845493562232,0.02074391988555079,0.08941344778254649,0.0,0.14949928469241774,1398.0
16175,41.40866,-74.552262,3750.0,0.0,0.0011248593925759281,0.0011248593925759281,0.06524184476940383,0.0044994375703037125,0.06411698537682789,0.4904386951631046,0.03712035995500562,0.02699662542182227,0.015748031496062992,0.0798650168728909,0.02699662542182227,0.07761529808773904,0.0,0.10911136107986502,889.0
16175,41.40866,-74.552262,4250.0,0.0,0.0,0.00043725404459991256,0.05902929602098819,0.01530389156099694,0.047660690861390465,0.5282028858766944,0.04634892872759073,0.04197638828159161,0.010056843025797988,0.06340183646698731,0.025360734586794928,0.07564494971578486,0.0008745080891998251,0.08570179274158286,2287.0
16175,41.40866,-74.552262,4750.0,0.0,0.0,0.0009070294784580499,0.03854875283446712,0.06575963718820861,0.055782312925170066,0.47573696145124716,0.04580498866213152,0.027210884353741496,0.02312925170068027,0.0707482993197279,0.024036281179138322,0.08571428571428572,0.0,0.08662131519274377,2205.0
16175,41.40866,-74.552262,5250.0,0.0,0.0,0.0005672149744753262,0.038570618264322176,0.12138400453771979,0.0476460578559274,0.47305728871242203,0.03970504821327283,0.032898468519568916,0.026091888825865002,0.06920022688598979,0.02949517867271696,0.06806579693703914,0.0017016449234259785,0.05161656267725468,1763.0
16175,41.40866,-74.552262,5750.0,0.0,0.0,0.0015479876160990713,0.030959752321981424,0.09752321981424149,0.04721362229102167,0.5526315789473685,0.07275541795665634,0.029411764705882353,0.02863777089783282,0.03715170278637771,0.018575851393188854,0.03869969040247678,0.0,0.04489164086687306,1292.0
16175,41.40866,-74.552262,6250.0,0.0,0.0,0.0005973715651135006,0.02031063321385902,0.11827956989247312,0.04958183990442055,0.554958183990442,0.05436081242532855,0.026881720430107527,0.02867383512544803,0.032855436081242535,0.02031063321385902,0.035842293906810034,0.0,0.05734767025089606,1674.0
16175,41.40866,-74.552262,6750.0,0.0004342162396873643,0.0,0.0034737299174989146,0.03517151541467651,0.06643508467216674,0.04168475900998697,0.6699956578376032,0.04472427268779852,0.02040816326530612,0.01693443334780721,0.012592270950933565,0.010421189752496743,0.02301346070343031,0.0,0.0547112462006079,2303.0
16175,41.40866,-74.552262,7250.0,0.0,0.0,0.0023894862604540022,0.04241338112305854,0.0931899641577061,0.04958183990442055,0.6338112305854241,0.034050179211469536,0.016726403823178016,0.026881720430107527,0.007168458781362007,0.011350059737156512,0.023894862604540025,0.0,0.05854241338112306,1674.0
16175,41.40866,-74.552262,7750.0,0.0,0.0007344840249724568,0.004774146162320969,0.09327947117150202,0.0749173705471906,0.03268453911127433,0.6456114579507896,0.013587954461990452,0.017627616599338966,0.022401762761659935,0.002570694087403599,0.00697759823723834,0.01652589056188028,0.0,0.06830701432243849,2723.0
16175,41.40866,-74.552262,8250.0,0.0,0.0,0.00794912559618442,0.0794912559618442,0.06597774244833068,0.02782193958664547,0.6812400635930048,0.0047694753577106515,0.012718600953895072,0.021462639109697933,0.000794912559618442,0.011128775834658187,0.011128775834658187,0.000794912559618442,0.07472178060413355,1258.0
16175,41.40866,-74.552262,8750.0,0.0027731558513588465,0.0005546311702717693,0.010537992235163616,0.16306156405990016,0.06267332224070993,0.03937881308929562,0.6012201885745979,0.0066555740432612314,0.020521353300055462,0.01608430393788131,0.0011092623405435386,0.006100942872989462,0.005546311702717693,0.0,0.06378258458125347,1803.0
16175,41.40866,-74.552262,9250.0,0.0005896226415094339,0.000884433962264151,0.007370283018867925,0.13767688679245282,0.06426886792452831,0.02918632075471698,0.6235259433962265,0.001474056603773585,0.018867924528301886,0.02152122641509434,0.001768867924528302,0.005601415094339622,0.01267688679245283,0.0005896226415094339,0.07399764150943396,3392.0
16175,41.40866,-74.552262,9750.0,0.0,0.0,0.014991181657848324,0.13315696649029982,0.04938271604938271,0.03350970017636684,0.6305114638447972,0.003527336860670194,0.018518518518518517,0.024691358024691357,0.0026455026455026454,0.007936507936507936,0.01675485008818342,0.0,0.06437389770723104,1134.0
16175,41.40866,-74.552262,10250.0,0.05458089668615984,0.02962962962962963,0.0031189083820662767,0.17387914230019494,0.0456140350877193,0.13723196881091618,0.39220272904483433,0.001949317738791423,0.012475633528265107,0.012865497076023392,0.0011695906432748538,0.0027290448343079924,0.07134502923976609,0.0027290448343079924,0.05847953216374269,2565.0
16175,41.40866,-74.552262,10750.0,0.0,0.0,0.0,0.11974789915966387,0.11134453781512606,0.008403361344537815,0.6302521008403361,0.0,0.014705882352941176,0.04201680672268908,0.0021008403361344537,0.0021008403361344537,0.0063025210084033615,0.0,0.06302521008403361,476.0
16175,41.40866,-74.552262,11750.0,0.1600877192982456,0.043859649122807015,0.0021929824561403508,0.28728070175438597,0.006578947368421052,0.1425438596491228,0.02412280701754386,0.0,0.0043859649122807015,0.0,0.0,0.0043859649122807015,0.23464912280701755,0.015350877192982455,0.07456140350877193,456.0
16175,41.40866,-74.552262,12250.0,0.1198581560283688,0.05035460992907802,0.0028368794326241137,0.46099290780141844,0.0035460992907801418,0.07092198581560284,0.04822695035460993,0.0028368794326241137,0.02127659574468085,0.002127659574468085,0.002127659574468085,0.0,0.10851063829787234,0.005673758865248227,0.10070921985815603,1410.0
16175,41.40866,-74.552262,13250.0,0.11753846153846154,0.024615384615384615,0.004923076923076923,0.52,0.0024615384615384616,0.051076923076923075,0.0843076923076923,0.0043076923076923075,0.022153846153846152,0.0036923076923076922,0.0012307692307692308,0.0,0.03076923076923077,0.0012307692307692308,0.1316923076923077,1625.0
16175,41.40866,-74.552262,13750.0,0.20770877944325483,0.023554603854389723,0.0,0.4089935760171306,0.0,0.03854389721627409,0.10492505353319058,0.0,0.05139186295503212,0.0021413276231263384,0.004282655246252677,0.0,0.010706638115631691,0.0,0.14775160599571735,467.0
16175,41.40866,-74.552262,14250.0,0.13441955193482688,0.004073319755600814,0.0,0.5784114052953157,0.0,0.008146639511201629,0.006109979633401222,0.002036659877800407,0.004073319755600814,0.0,0.002036659877800407,0.002036659877800407,0.03665987780040733,0.0,0.2219959266802444,491.0
16175,41.40866,-74.552262,14750.0,0.27586206896551724,0.08620689655172414,0.015517241379310345,0.33275862068965517,0.0017241379310344827,0.04827586206896552,0.06206896551724138,0.0,0.022413793103448276,0.0,0.0,0.0,0.01896551724137931,0.0,0.13620689655172413,580.0
16181,41.331579999999995,-74.43334,750.0,0.03315881326352531,0.005235602094240838,0.0,0.10645724258289703,0.04537521815008726,0.027923211169284468,0.3054101221640489,0.02268760907504363,0.0017452006980802793,0.03315881326352531,0.03664921465968586,0.008726003490401396,0.05235602094240838,0.0,0.32111692844677137,573.0
16181,41.331579999999995,-74.43334,1750.0,0.0,0.0,0.0,0.03642384105960265,0.06788079470198675,0.0380794701986755,0.40728476821192056,0.011589403973509934,0.0,0.011589403973509934,0.029801324503311258,0.014900662251655629,0.041390728476821195,0.0,0.34105960264900664,604.0
16181,41.331579999999995,-74.43334,2750.0,0.000949667616334283,0.0,0.0,0.020892687559354226,0.03133903133903134,0.014245014245014245,0.24881291547958215,0.019943019943019943,0.004748338081671415,0.005698005698005698,0.008547008547008548,0.01899335232668566,0.007597340930674264,0.0,0.6182336182336182,1053.0
16181,41.331579999999995,-74.43334,3750.0,0.0,0.0,0.0005299417064122947,0.008479067302596715,0.016428192898781134,0.01589825119236884,0.12506624271330152,0.021197668256491786,0.003179650238473768,0.003179650238473768,0.0037095919448860626,0.002649708532061473,0.005299417064122946,0.0,0.7943826179120297,1887.0
16181,41.331579999999995,-74.43334,4750.0,0.0,0.0,0.0009794319294809011,0.014691478942213516,0.040156709108716944,0.024485798237022526,0.23114593535749264,0.024485798237022526,0.005876591576885406,0.012732615083251714,0.010773751224289911,0.0068560235063663075,0.012732615083251714,0.0,0.6150832517140059,1021.0
16181,41.331579999999995,-74.43334,5750.0,0.0,0.0,0.0,0.01791713325867861,0.023516237402015677,0.027995520716685332,0.2889137737961926,0.040313549832026875,0.005599104143337066,0.008958566629339306,0.010078387458006719,0.004479283314669653,0.005599104143337066,0.0,0.5666293393057111,893.0
16181,41.331579999999995,-74.43334,6750.0,0.0,0.0,0.0012004801920768306,0.025210084033613446,0.03481392557022809,0.0468187274909964,0.28331332533013204,0.028811524609843937,0.009603841536614645,0.007202881152460984,0.007202881152460984,0.008403361344537815,0.009603841536614645,0.0,0.5378151260504201,833.0
16181,41.331579999999995,-74.43334,7750.0,0.0,0.0,0.0012376237623762376,0.05198019801980198,0.06188118811881188,0.028465346534653466,0.28589108910891087,0.028465346534653466,0.0024752475247524753,0.01485148514851485,0.006188118811881188,0.0024752475247524753,0.011138613861386138,0.0,0.504950495049505,808.0
16181,41.331579999999995,-74.43334,8750.0,0.0,0.0,0.0011273957158962795,0.04509582863585118,0.04171364148816235,0.036076662908680945,0.30101465614430667,0.015783540022547914,0.015783540022547914,0.002254791431792559,0.005636978579481398,0.004509582863585118,0.006764374295377677,0.0,0.52423900789177,887.0
16181,41.331579999999995,-74.43334,10250.0,0.01675977653631285,0.020484171322160148,0.00186219739292365,0.5418994413407822,0.01675977653631285,0.16945996275605213,0.07635009310986965,0.00558659217877095,0.0521415270018622,0.00558659217877095,0.0,0.0297951582867784,0.024208566108007448,0.0,0.03910614525139665,537.0
16181,41.331579999999995,-74.43334,11750.0,0.08505747126436781,0.0367816091954023,0.006896551724137931,0.22528735632183908,0.013793103448275862,0.31494252873563217,0.03908045977011494,0.0022988505747126436,0.0367816091954023,0.006896551724137931,0.0,0.0022988505747126436,0.15862068965517243,0.0,0.07126436781609195,435.0
16181,41.331579999999995,-74.43334,12250.0,0.1883720930232558,0.013953488372093023,0.002325581395348837,0.2813953488372093,0.009302325581395349,0.2186046511627907,0.04883720930232558,0.0,0.013953488372093023,0.0,0.0,0.0,0.1511627906976744,0.0,0.07209302325581396,430.0
16181,41.331579999999995,-74.43334,12750.0,0.25565610859728505,0.042986425339366516,0.0,0.2873303167420814,0.004524886877828055,0.248868778280543,0.024886877828054297,0.0,0.004524886877828055,0.0,0.0,0.0,0.07692307692307693,0.0,0.05429864253393665,442.0
16273,43.467058,-79.98756,750.0,0.0036900369003690036,0.0,0.04428044280442804,0.34686346863468637,0.04428044280442804,0.01107011070110701,0.055350553505535055,0.01107011070110701,0.01845018450184502,0.014760147601476014,0.01107011070110701,0.07380073800738007,0.0,0.01107011070110701,0.35424354243542433,271.0
16273,43.467058,-79.98756,1750.0,0.0,0.0,0.014634146341463415,0.7170731707317073,0.1024390243902439,0.004878048780487805,0.03902439024390244,0.004878048780487805,0.00975609756097561,0.01951219512195122,0.00975609756097561,0.03414634146341464,0.0,0.004878048780487805,0.03902439024390244,205.0
16273,43.467058,-79.98756,2250.0,0.004761904761904762,0.0,0.004761904761904762,0.23809523809523808,0.06666666666666667,0.15714285714285714,0.06666666666666667,0.07142857142857142,0.047619047619047616,0.023809523809523808,0.02857142857142857,0.12380952380952381,0.0,0.004761904761904762,0.1619047619047619,210.0
16273,43.467058,-79.98756,3750.0,0.0,0.0,0.0049261083743842365,0.5960591133004927,0.019704433497536946,0.08374384236453201,0.15763546798029557,0.009852216748768473,0.034482758620689655,0.0,0.009852216748768473,0.034482758620689655,0.0,0.009852216748768473,0.03940886699507389,203.0
16273,43.467058,-79.98756,4250.0,0.0,0.0,0.0,0.16170212765957448,0.08085106382978724,0.12340425531914893,0.10212765957446808,0.03404255319148936,0.0,0.08085106382978724,0.01276595744680851,0.10212765957446808,0.00851063829787234,0.02553191489361702,0.2680851063829787,235.0
16273,43.467058,-79.98756,4750.0,0.009009009009009009,0.009009009009009009,0.013513513513513514,0.6801801801801802,0.013513513513513514,0.018018018018018018,0.08558558558558559,0.0,0.013513513513513514,0.018018018018018018,0.0,0.0,0.0,0.009009009009009009,0.13063063063063063,222.0
16273,43.467058,-79.98756,6250.0,0.009900990099009901,0.01485148514851485,0.0049504950495049506,0.806930693069307,0.009900990099009901,0.0297029702970297,0.08415841584158416,0.0,0.009900990099009901,0.009900990099009901,0.0,0.0,0.0,0.0049504950495049506,0.01485148514851485,202.0
16273,43.467058,-79.98756,7250.0,0.01,0.04,0.005,0.81,0.0,0.02,0.05,0.0,0.01,0.0,0.005,0.0,0.0,0.0,0.05,200.0
16273,43.467058,-79.98756,8250.0,0.024752475247524754,0.01485148514851485,0.01485148514851485,0.8712871287128713,0.0,0.039603960396039604,0.01485148514851485,0.0,0.0049504950495049506,0.0,0.0,0.0,0.0,0.0,0.01485148514851485,202.0
16273,43.467058,-79.98756,9250.0,0.024752475247524754,0.009900990099009901,0.01485148514851485,0.8415841584158416,0.0,0.039603960396039604,0.024752475247524754,0.0,0.0,0.01485148514851485,0.0,0.0,0.0,0.0049504950495049506,0.024752475247524754,202.0
16273,43.467058,-79.98756,10250.0,0.020202020202020204,0.025252525252525252,0.007575757575757576,0.75,0.0,0.05808080808080808,0.05555555555555555,0.0,0.0,0.030303030303030304,0.0025252525252525255,0.0025252525252525255,0.0025252525252525255,0.010101010101010102,0.03535353535353535,396.0
16273,43.467058,-79.98756,11750.0,0.07142857142857142,0.004761904761904762,0.007142857142857143,0.638095238095238,0.004761904761904762,0.030952380952380953,0.07857142857142857,0.0,0.02142857142857143,0.014285714285714285,0.004761904761904762,0.009523809523809525,0.0,0.009523809523809525,0.10476190476190476,420.0
16273,43.467058,-79.98756,12750.0,0.14893617021276595,0.00851063829787234,0.00851063829787234,0.39148936170212767,0.00425531914893617,0.03404255319148936,0.1148936170212766,0.0,0.05106382978723404,0.0,0.00425531914893617,0.0,0.00425531914893617,0.05106382978723404,0.17872340425531916,235.0
16273,43.467058,-79.98756,13750.0,0.2908704883227176,0.0021231422505307855,0.029723991507430998,0.28874734607218683,0.006369426751592357,0.08280254777070063,0.07643312101910828,0.0,0.012738853503184714,0.010615711252653927,0.0,0.006369426751592357,0.010615711252653927,0.02335456475583864,0.1592356687898089,471.0
16273,43.467058,-79.98756,14750.0,0.5,0.004629629629629629,0.023148148148148147,0.14351851851851852,0.009259259259259259,0.046296296296296294,0.05555555555555555,0.0,0.018518518518518517,0.0,0.009259259259259259,0.0,0.013888888888888888,0.046296296296296294,0.12962962962962962,216.0
16278,44.166818,-78.102834,250.0,0.008171603677221655,0.0020429009193054137,0.018386108273748723,0.22880490296220635,0.06332992849846783,0.1481103166496425,0.14402451481103168,0.028600612870275793,0.0296220633299285,0.031664964249233915,0.007150153217568948,0.03575076608784474,0.018386108273748723,0.0010214504596527069,0.23493360572012256,979.0
16278,44.166818,-78.102834,750.0,0.0035502958579881655,0.002366863905325444,0.020118343195266272,0.2378698224852071,0.0863905325443787,0.11124260355029586,0.20591715976331362,0.0650887573964497,0.03905325443786982,0.046153846153846156,0.010650887573964497,0.04142011834319527,0.010650887573964497,0.001183431952662722,0.11834319526627218,845.0
16278,44.166818,-78.102834,1250.0,0.0016260162601626016,0.0,0.011382113821138212,0.183739837398374,0.0991869918699187,0.12682926829268293,0.18536585365853658,0.13008130081300814,0.04065040650406504,0.06341463414634146,0.004878048780487805,0.06016260162601626,0.00975609756097561,0.0016260162601626016,0.08130081300813008,615.0
16278,44.166818,-78.102834,1750.0,0.009696969696969697,0.0,0.020606060606060607,0.15757575757575756,0.07272727272727272,0.10545454545454545,0.16242424242424242,0.15757575757575756,0.04363636363636364,0.04727272727272727,0.012121212121212121,0.07515151515151515,0.0048484848484848485,0.0,0.13090909090909092,825.0
16278,44.166818,-78.102834,2250.0,0.0024330900243309003,0.0012165450121654502,0.019464720194647202,0.15936739659367397,0.05474452554744526,0.10097323600973236,0.13138686131386862,0.22749391727493917,0.030413625304136254,0.05474452554744526,0.029197080291970802,0.06569343065693431,0.004866180048661801,0.006082725060827251,0.11192214111922141,822.0
16278,44.166818,-78.102834,2750.0,0.007874015748031496,0.0031496062992125984,0.012598425196850394,0.12283464566929134,0.05354330708661417,0.11653543307086614,0.06771653543307087,0.2346456692913386,0.047244094488188976,0.06771653543307087,0.009448818897637795,0.07401574803149606,0.006299212598425197,0.0,0.1763779527559055,635.0
16278,44.166818,-78.102834,3250.0,0.008443908323281062,0.0012062726176115801,0.008443908323281062,0.12303980699638119,0.0735826296743064,0.10735826296743065,0.09167671893848009,0.23401688781664656,0.03498190591073583,0.07237635705669482,0.006031363088057901,0.07599517490952955,0.0048250904704463205,0.0012062726176115801,0.15681544028950542,829.0
16278,44.166818,-78.102834,3750.0,0.006097560975609756,0.0012195121951219512,0.015853658536585366,0.13414634146341464,0.06707317073170732,0.09390243902439024,0.12926829268292683,0.16585365853658537,0.03170731707317073,0.05731707317073171,0.006097560975609756,0.08902439024390243,0.012195121951219513,0.0024390243902439024,0.1878048780487805,820.0
16278,44.166818,-78.102834,4250.0,0.0065252854812398045,0.0,0.0065252854812398045,0.12561174551386622,0.04567699836867863,0.09135399673735727,0.16150081566068517,0.19249592169657423,0.048939641109298535,0.06199021207177814,0.0032626427406199023,0.09624796084828711,0.004893964110929853,0.0016313213703099511,0.1533442088091354,613.0
16278,44.166818,-78.102834,4750.0,0.0024330900243309003,0.0024330900243309003,0.019464720194647202,0.1411192214111922,0.0170316301703163,0.08759124087591241,0.11678832116788321,0.1922141119221411,0.031630170316301706,0.05596107055961071,0.014598540145985401,0.10462287104622871,0.012165450121654502,0.0,0.20194647201946472,411.0
16278,44.166818,-78.102834,5250.0,0.001389854065323141,0.0006949270326615705,0.01250868658790827,0.11466296038915914,0.113273106323836,0.09242529534398888,0.10562890896455872,0.1674774148714385,0.043085476025017375,0.06323835997220292,0.009728978457261988,0.103544127866574,0.009728978457261988,0.001389854065323141,0.16122307157748436,1439.0
16278,44.166818,-78.102834,5750.0,0.0016207455429497568,0.0,0.009724473257698542,0.09562398703403566,0.12965964343598055,0.06482982171799027,0.08427876823338736,0.19611021069692058,0.04700162074554295,0.09076175040518639,0.011345218800648298,0.1053484602917342,0.011345218800648298,0.0,0.15235008103727715,617.0
16278,44.166818,-78.102834,6250.0,0.003289473684210526,0.0,0.008223684210526315,0.07730263157894737,0.19572368421052633,0.08881578947368421,0.09375,0.15953947368421054,0.06085526315789474,0.07236842105263158,0.008223684210526315,0.11348684210526316,0.004934210526315789,0.0,0.11348684210526316,608.0
16278,44.166818,-78.102834,6750.0,0.0,0.0,0.00975609756097561,0.08780487804878048,0.2780487804878049,0.0475609756097561,0.09268292682926829,0.1353658536585366,0.05365853658536585,0.05609756097560976,0.007317073170731708,0.08048780487804878,0.004878048780487805,0.0,0.14634146341463414,820.0
16278,44.166818,-78.102834,7250.0,0.0009832841691248771,0.0029498525073746312,0.003933136676499509,0.176007866273353,0.20058997050147492,0.029498525073746312,0.13077679449360866,0.1248770894788594,0.03736479842674533,0.05604719764011799,0.008849557522123894,0.0855457227138643,0.0029498525073746312,0.0009832841691248771,0.13864306784660768,1017.0
16278,44.166818,-78.102834,7750.0,0.0012300123001230013,0.0024600246002460025,0.006150061500615006,0.3234932349323493,0.15006150061500614,0.07380073800738007,0.12546125461254612,0.05289052890528905,0.03567035670356704,0.03936039360393604,0.0036900369003690036,0.033210332103321034,0.008610086100861008,0.0024600246002460025,0.14145141451414514,813.0
16278,44.166818,-78.102834,8750.0,0.006053268765133172,0.002421307506053269,0.007263922518159807,0.42857142857142855,0.09079903147699758,0.10290556900726393,0.15254237288135594,0.00847457627118644,0.029055690072639227,0.035108958837772396,0.004842615012106538,0.009685230024213076,0.004842615012106538,0.007263922518159807,0.11016949152542373,826.0
16278,44.166818,-78.102834,9250.0,0.014742014742014743,0.009828009828009828,0.009828009828009828,0.4742014742014742,0.012285012285012284,0.18796068796068796,0.12162162162162163,0.0036855036855036856,0.020884520884520884,0.045454545454545456,0.006142506142506142,0.007371007371007371,0.0036855036855036856,0.022113022113022112,0.060196560196560195,814.0
16278,44.166818,-78.102834,9750.0,0.07685098406747891,0.023430178069353328,0.020618556701030927,0.36457357075913777,0.006560449859418931,0.17150890346766634,0.11715089034676664,0.0,0.01780693533270853,0.04498594189315839,0.004686035613870665,0.0028116213683223993,0.0037488284910965324,0.02999062792877226,0.11527647610121837,1067.0
16278,44.166818,-78.102834,10250.0,0.09026128266033254,0.028503562945368172,0.019002375296912115,0.38717339667458434,0.011876484560570071,0.12589073634204276,0.16389548693586697,0.0,0.0166270783847981,0.026128266033254157,0.0023752969121140144,0.014251781472684086,0.0023752969121140144,0.019002375296912115,0.09263657957244656,421.0
16278,44.166818,-78.102834,10750.0,0.21982758620689655,0.009698275862068966,0.018318965517241378,0.3081896551724138,0.010775862068965518,0.11422413793103449,0.07543103448275862,0.0010775862068965517,0.01293103448275862,0.008620689655172414,0.0021551724137931034,0.008620689655172414,0.008620689655172414,0.01939655172413793,0.18211206896551724,928.0
16278,44.166818,-78.102834,11250.0,0.25646794150731156,0.008998875140607425,0.04274465691788527,0.3205849268841395,0.010123734533183352,0.06074240719910011,0.09561304836895389,0.0011248593925759281,0.008998875140607425,0.01687289088863892,0.003374578177727784,0.006749156355455568,0.00562429696287964,0.013498312710911136,0.1484814398200225,889.0
16278,44.166818,-78.102834,11750.0,0.1926605504587156,0.0,0.03669724770642202,0.37155963302752293,0.01834862385321101,0.0871559633027523,0.10550458715596331,0.0,0.013761467889908258,0.027522935779816515,0.013761467889908258,0.0,0.0,0.013761467889908258,0.11926605504587157,218.0
16278,44.166818,-78.102834,12250.0,0.20647419072615922,0.0026246719160104987,0.017497812773403325,0.2432195975503062,0.004374453193350831,0.033245844269466314,0.07699037620297462,0.0008748906386701663,0.015748031496062992,0.02099737532808399,0.0017497812773403325,0.0017497812773403325,0.009623797025371828,0.014873140857392825,0.34995625546806647,1143.0
16278,44.166818,-78.102834,12750.0,0.22234891676168758,0.002280501710376283,0.0011402508551881414,0.24971493728620298,0.0068415051311288486,0.055872291904218926,0.04789053591790194,0.0,0.012542759407069556,0.012542759407069556,0.0034207525655644243,0.0011402508551881414,0.01710376282782212,0.013683010262257697,0.35347776510832385,877.0
16278,44.166818,-78.102834,13250.0,0.35181975736568455,0.0017331022530329288,0.0,0.17677642980935876,0.0,0.03466204506065858,0.03292894280762565,0.0,0.01733102253032929,0.006932409012131715,0.0034662045060658577,0.0,0.01386481802426343,0.0034662045060658577,0.35701906412478335,577.0
16278,44.166818,-78.102834,13750.0,0.17914438502673796,0.0053475935828877,0.0035650623885918,0.2281639928698752,0.004456327985739751,0.03832442067736185,0.07308377896613191,0.0,0.07754010695187166,0.011586452762923352,0.0053475935828877,0.0053475935828877,0.0106951871657754,0.013368983957219251,0.34402852049910876,1122.0
16278,44.166818,-78.102834,14250.0,0.21204188481675393,0.003926701570680628,0.0,0.2879581151832461,0.0013089005235602095,0.0824607329842932,0.0549738219895288,0.0013089005235602095,0.031413612565445025,0.013089005235602094,0.002617801047120419,0.0013089005235602095,0.01832460732984293,0.013089005235602094,0.2761780104712042,764.0
16278,44.166818,-78.102834,14750.0,0.2840909090909091,0.0,0.0,0.1856060606060606,0.0,0.07575757575757576,0.10984848484848485,0.0,0.01893939393939394,0.0,0.007575757575757576,0.0,0.06060606060606061,0.011363636363636364,0.24621212121212122,264.0
17672,43.95,-79.43,250.0,0.004932182490752158,0.0036991368680641184,0.0012330456226880395,0.218249075215783,0.07274969173859433,0.08754623921085081,0.10234278668310727,0.04932182490752158,0.011097410604192354,0.04808877928483354,0.011097410604192354,0.04808877928483354,0.004932182490752158,0.006165228113440197,0.33045622688039455,811.0
17672,43.95,-79.43,750.0,0.0069767441860465115,0.0034883720930232558,0.0034883720930232558,0.35348837209302325,0.06279069767441861,0.10348837209302325,0.12790697674418605,0.06395348837209303,0.018604651162790697,0.04534883720930233,0.015116279069767442,0.05465116279069768,0.004651162790697674,0.002325581395348837,0.13372093023255813,860.0
17672,43.95,-79.43,1250.0,0.004792332268370607,0.0,0.001597444089456869,0.1869009584664537,0.10063897763578275,0.09584664536741214,0.12939297124600638,0.1389776357827476,0.022364217252396165,0.1182108626198083,0.007987220447284345,0.06070287539936102,0.009584664536741214,0.006389776357827476,0.11661341853035144,626.0
17672,43.95,-79.43,1750.0,0.0029296875,0.0,0.0048828125,0.0888671875,0.0908203125,0.0869140625,0.1083984375,0.2509765625,0.041015625,0.099609375,0.0087890625,0.09765625,0.0078125,0.0,0.111328125,1024.0
17672,43.95,-79.43,2250.0,0.0016181229773462784,0.0,0.0016181229773462784,0.10194174757281553,0.0970873786407767,0.09223300970873786,0.08576051779935275,0.2168284789644013,0.05339805825242718,0.11326860841423948,0.006472491909385114,0.11003236245954692,0.014563106796116505,0.003236245954692557,0.10194174757281553,618.0
17672,43.95,-79.43,2750.0,0.004807692307692308,0.004807692307692308,0.0,0.11057692307692307,0.10817307692307693,0.08653846153846154,0.06490384615384616,0.2644230769230769,0.028846153846153848,0.0889423076923077,0.004807692307692308,0.11057692307692307,0.016826923076923076,0.002403846153846154,0.10336538461538461,416.0
17672,43.95,-79.43,3250.0,0.0024479804161566705,0.0012239902080783353,0.0,0.12851897184822522,0.08078335373317014,0.11260709914320685,0.07588739290085679,0.23133414932680538,0.04039167686658507,0.10403916768665851,0.019583843329253364,0.09791921664626684,0.006119951040391677,0.0,0.09914320685434516,817.0
17672,43.95,-79.43,3750.0,0.004920049200492005,0.0,0.0,0.20418204182041821,0.04551045510455105,0.06642066420664207,0.0984009840098401,0.22386223862238622,0.03567035670356704,0.0984009840098401,0.00984009840098401,0.09348093480934809,0.006150061500615006,0.0024600246002460025,0.11070110701107011,813.0
17672,43.95,-79.43,4250.0,0.0048543689320388345,0.0,0.0,0.20388349514563106,0.019417475728155338,0.0825242718446602,0.10436893203883495,0.15048543689320387,0.0703883495145631,0.07281553398058252,0.012135922330097087,0.09466019417475728,0.0024271844660194173,0.009708737864077669,0.17233009708737865,412.0
17672,43.95,-79.43,4750.0,0.009708737864077669,0.0,0.0,0.18932038834951456,0.009708737864077669,0.05339805825242718,0.1262135922330097,0.17475728155339806,0.043689320388349516,0.13592233009708737,0.0048543689320388345,0.13106796116504854,0.014563106796116505,0.0048543689320388345,0.10194174757281553,206.0
17672,43.95,-79.43,5250.0,0.0024752475247524753,0.0049504950495049506,0.0049504950495049506,0.31435643564356436,0.03712871287128713,0.06435643564356436,0.15594059405940594,0.14603960396039603,0.017326732673267328,0.10148514851485149,0.019801980198019802,0.05693069306930693,0.0,0.0,0.07425742574257425,404.0
17672,43.95,-79.43,5750.0,0.00245398773006135,0.0,0.0,0.13374233128834356,0.11288343558282209,0.08098159509202454,0.09570552147239264,0.17177914110429449,0.04539877300613497,0.11779141104294479,0.012269938650306749,0.11288343558282209,0.007361963190184049,0.001226993865030675,0.10552147239263804,815.0
17672,43.95,-79.43,6250.0,0.004987531172069825,0.0,0.0024937655860349127,0.16209476309226933,0.16708229426433915,0.04987531172069826,0.0798004987531172,0.14214463840399003,0.04738154613466334,0.12468827930174564,0.014962593516209476,0.1172069825436409,0.0,0.0,0.08728179551122195,401.0
17672,43.95,-79.43,6750.0,0.0,0.0,0.0,0.1411192214111922,0.1654501216545012,0.051094890510948905,0.1362530413625304,0.18248175182481752,0.043795620437956206,0.07542579075425791,0.014598540145985401,0.08759124087591241,0.009732360097323601,0.0024330900243309003,0.09002433090024331,411.0
17672,43.95,-79.43,7250.0,0.0,0.0,0.0,0.17733990147783252,0.15270935960591134,0.019704433497536946,0.10837438423645321,0.1625615763546798,0.04433497536945813,0.1477832512315271,0.0049261083743842365,0.09852216748768473,0.0049261083743842365,0.0,0.07881773399014778,203.0
17672,43.95,-79.43,7750.0,0.0016233766233766235,0.0,0.0016233766233766235,0.18993506493506493,0.1444805194805195,0.017857142857142856,0.11038961038961038,0.2012987012987013,0.037337662337662336,0.0762987012987013,0.008116883116883116,0.09090909090909091,0.008116883116883116,0.0,0.11201298701298701,616.0
17672,43.95,-79.43,8250.0,0.0024630541871921183,0.0049261083743842365,0.0024630541871921183,0.3620689655172414,0.11330049261083744,0.019704433497536946,0.10591133004926108,0.13054187192118227,0.019704433497536946,0.05665024630541872,0.007389162561576354,0.07635467980295567,0.0,0.0,0.09852216748768473,406.0
17672,43.95,-79.43,8750.0,0.001639344262295082,0.003278688524590164,0.003278688524590164,0.4344262295081967,0.07704918032786885,0.03278688524590164,0.12622950819672132,0.09672131147540984,0.01639344262295082,0.04590163934426229,0.006557377049180328,0.05573770491803279,0.004918032786885246,0.0,0.09508196721311475,610.0
17672,43.95,-79.43,9750.0,0.0024691358024691358,0.0024691358024691358,0.0049382716049382715,0.6938271604938272,0.0024691358024691358,0.0345679012345679,0.11604938271604938,0.0,0.019753086419753086,0.01728395061728395,0.007407407407407408,0.009876543209876543,0.0,0.0049382716049382715,0.08395061728395062,405.0
17672,43.95,-79.43,10250.0,0.0024752475247524753,0.0049504950495049506,0.0024752475247524753,0.7772277227722773,0.0,0.03217821782178218,0.07920792079207921,0.0,0.0,0.03217821782178218,0.0049504950495049506,0.019801980198019802,0.0024752475247524753,0.0,0.04207920792079208,404.0
17672,43.95,-79.43,10750.0,0.056418642681929684,0.013082583810302535,0.009811937857726901,0.6279640228945217,0.01553556827473426,0.053147996729354045,0.09566639411283728,0.004905968928863451,0.017170891251022075,0.024529844644317254,0.004088307440719542,0.009811937857726901,0.0008176614881439084,0.0,0.06704824202780049,1223.0
17672,43.95,-79.43,11750.0,0.08866995073891626,0.024630541871921183,0.04926108374384237,0.5862068965517241,0.0,0.024630541871921183,0.11330049261083744,0.0,0.0,0.019704433497536946,0.014778325123152709,0.0,0.0,0.0049261083743842365,0.07389162561576355,203.0
17672,43.95,-79.43,12250.0,0.18578352180936994,0.025848142164781908,0.008077544426494346,0.5525040387722132,0.0,0.07431340872374798,0.06462035541195477,0.0,0.004846526655896607,0.017770597738287562,0.0016155088852988692,0.0016155088852988692,0.0,0.0016155088852988692,0.061389337641357025,619.0
17672,43.95,-79.43,12750.0,0.7684049079754601,0.0,0.0015337423312883436,0.12883435582822086,0.0,0.013803680981595092,0.006134969325153374,0.0,0.0,0.0,0.0015337423312883436,0.0,0.0,0.0,0.07975460122699386,652.0
17672,43.95,-79.43,13250.0,0.2894135567402894,0.0015232292460015233,0.003808073115003808,0.15003808073115005,0.0007616146230007616,0.02513328255902513,0.04112718964204113,0.0,0.039603960396039604,0.005331302361005331,0.002284843869002285,0.0007616146230007616,0.00456968773800457,0.0007616146230007616,0.43488194973343486,1313.0
17672,43.95,-79.43,13750.0,0.2764976958525346,0.00576036866359447,0.0,0.20506912442396313,0.0,0.02880184331797235,0.06336405529953917,0.0,0.055299539170506916,0.002304147465437788,0.001152073732718894,0.002304147465437788,0.010368663594470046,0.004608294930875576,0.3444700460829493,868.0
17672,43.95,-79.43,14250.0,0.29692832764505117,0.006825938566552901,0.0,0.23208191126279865,0.0,0.020477815699658702,0.07508532423208192,0.0,0.020477815699658702,0.0,0.0,0.0,0.0,0.0,0.34812286689419797,293.0
17672,43.95,-79.43,14750.0,0.15730337078651685,0.0028089887640449437,0.0,0.21067415730337077,0.0014044943820224719,0.02247191011235955,0.07584269662921349,0.0,0.01544943820224719,0.009831460674157303,0.0,0.0028089887640449437,0.004213483146067416,0.0014044943820224719,0.4957865168539326,712.0
17880,42.82454,-72.42867,250.0,0.003979891076665271,0.0006284038542103058,0.00041893590280687055,0.08860494344365312,0.07519899455383326,0.3418516966904064,0.0854629241726016,0.033514872224549644,0.010054461667364893,0.005027230833682447,0.005446166736489317,0.08294930875576037,0.005446166736489317,0.005446166736489317,0.2559698366149979,2387.0
17880,42.82454,-72.42867,750.0,0.006837606837606838,0.0010683760683760685,0.00042735042735042735,0.1361111111111111,0.0735042735042735,0.2726495726495726,0.10341880341880341,0.07136752136752136,0.01282051282051282,0.0038461538461538464,0.0038461538461538464,0.07008547008547009,0.008974358974358974,0.0017094017094017094,0.23333333333333334,2340.0
17880,42.82454,-72.42867,1250.0,0.005154639175257732,0.0006723442402510085,0.0,0.0979381443298969,0.09255939040788884,0.39623487225459436,0.07261317794710892,0.15015688032272523,0.00941281936351412,0.0022411474675033617,0.0062752129090094125,0.0502017032720753,0.002689376961004034,0.0,0.11385029134917078,2231.0
17880,42.82454,-72.42867,1750.0,0.001740341106856944,0.0003480682213713888,0.0,0.08179603202227637,0.11138183083884441,0.3828750435085277,0.07935955447267665,0.056387051862164986,0.006265227984684998,0.003480682213713888,0.006265227984684998,0.04594500522102332,0.006265227984684998,0.0006961364427427776,0.2171945701357466,1436.5
17880,42.82454,-72.42867,2250.0,0.0016574585635359116,0.004972375690607734,0.0,0.0867403314917127,0.20939226519337018,0.23093922651933702,0.1005524861878453,0.2022099447513812,0.011049723756906077,0.0055248618784530384,0.0022099447513812156,0.049723756906077346,0.0077348066298342545,0.0022099447513812156,0.08508287292817679,905.0
17880,42.82454,-72.42867,2750.0,0.0006305170239596469,0.0,0.0,0.12042875157629256,0.1614123581336696,0.19167717528373265,0.12610340479192939,0.19672131147540983,0.013871374527112233,0.013871374527112233,0.005044136191677175,0.05296343001261034,0.005044136191677175,0.0037831021437578815,0.10844892812105927,793.0
17880,42.82454,-72.42867,3250.0,0.0009857072449482504,0.0004928536224741252,0.0,0.09314933464760966,0.11286347954657466,0.17052735337604732,0.10054213898472154,0.14687037949728932,0.015771315919172007,0.007885657959586003,0.005914243469689502,0.03548546081813701,0.002957121734844751,0.0009857072449482504,0.3055692459339576,1014.5
17880,42.82454,-72.42867,3750.0,0.0,0.0004233700254022015,0.002540220152413209,0.10922946655376799,0.04191363251481795,0.12616426756985605,0.14225232853513972,0.09229466553767993,0.01100762066045724,0.007620660457239628,0.005080440304826418,0.08806096528365792,0.004233700254022015,0.001693480101608806,0.3674851820491109,1181.0
17880,42.82454,-72.42867,4250.0,0.001530221882172915,0.0,0.0,0.03519510328997705,0.019127773527161437,0.06426931905126243,0.11935730680948738,0.06426931905126243,0.010711553175210406,0.0045906656465187455,0.0,0.036725325172149964,0.00306044376434583,0.001530221882172915,0.6396327467482785,653.5
17880,42.82454,-72.42867,4750.0,0.001224739742804654,0.0,0.0,0.12155541947336192,0.08848744641763626,0.09185548071034905,0.12308634415186773,0.08450704225352113,0.01837109614206981,0.003674219228413962,0.005511328842620943,0.11451316595223515,0.004286589099816289,0.003674219228413962,0.3392529087568892,1633.0
17880,42.82454,-72.42867,5750.0,0.006887052341597796,0.0,0.0,0.10881542699724518,0.2066115702479339,0.162534435261708,0.1763085399449036,0.1487603305785124,0.027548209366391185,0.0,0.0027548209366391185,0.07162534435261708,0.005509641873278237,0.0,0.08264462809917356,363.0
17880,42.82454,-72.42867,6250.0,0.0045045045045045045,0.0,0.0,0.060810810810810814,0.20270270270270271,0.18468468468468469,0.13288288288288289,0.14864864864864866,0.013513513513513514,0.0,0.0045045045045045045,0.17792792792792791,0.0045045045045045045,0.0,0.06531531531531531,444.0
17880,42.82454,-72.42867,6750.0,0.011876484560570071,0.004750593824228029,0.0,0.17339667458432304,0.22802850356294538,0.1543942992874109,0.1496437054631829,0.09026128266033254,0.023752969121140142,0.004750593824228029,0.0,0.028503562945368172,0.0166270783847981,0.0023752969121140144,0.11163895486935867,421.0
17880,42.82454,-72.42867,7250.0,0.01,0.0,0.0,0.2057142857142857,0.13,0.24857142857142858,0.19142857142857142,0.06285714285714286,0.008571428571428572,0.017142857142857144,0.0,0.02,0.008571428571428572,0.008571428571428572,0.08857142857142856,350.0
17880,42.82454,-72.42867,7750.0,0.0036880927291886197,0.002107481559536354,0.0,0.33877766069546894,0.0642781875658588,0.06743940990516333,0.19810326659641728,0.001053740779768177,0.003161222339304531,0.005268703898840885,0.001053740779768177,0.0136986301369863,0.005268703898840885,0.001053740779768177,0.2950474183350896,949.0
17880,42.82454,-72.42867,8250.0,0.004253673627223511,0.0019334880123743233,0.0,0.45591647331786544,0.03750966744006187,0.10208816705336426,0.18174787316318639,0.0,0.002320185614849188,0.0038669760247486465,0.0007733952049497294,0.013147718484145398,0.005413766434648105,0.0015467904098994587,0.18948182521268367,1293.0
17880,42.82454,-72.42867,9250.0,0.011025358324145534,0.005512679162072767,0.002205071664829107,0.5226019845644984,0.004410143329658214,0.0926130099228225,0.269018743109151,0.0,0.004410143329658214,0.008820286659316428,0.002205071664829107,0.017640573318632856,0.004410143329658214,0.002205071664829107,0.05292171995589857,453.5
17880,42.82454,-72.42867,9750.0,0.05590650663297536,0.03979785217940619,0.002526847757422615,0.46778269109286164,0.0018951358180669614,0.14024005053695515,0.036007580543272265,0.0,0.006948831332912192,0.003158559696778269,0.0,0.005685407454200884,0.02337334175615919,0.015792798483891344,0.20088439671509792,1583.0
17880,42.82454,-72.42867,10250.0,0.20068027210884354,0.06349206349206349,0.009070294784580499,0.1893424036281179,0.0,0.23356009070294784,0.031746031746031744,0.0,0.015873015873015872,0.006802721088435374,0.0022675736961451248,0.0022675736961451248,0.08163265306122448,0.018140589569160998,0.14512471655328799,441.0
17880,42.82454,-72.42867,10750.0,0.3669222343921139,0.08214676889375684,0.017524644030668127,0.17524644030668127,0.00547645125958379,0.1380065717415115,0.013143483023001095,0.0,0.004381161007667032,0.004381161007667032,0.002190580503833516,0.0,0.07228915662650602,0.004381161007667032,0.11391018619934283,456.5
17880,42.82454,-72.42867,11250.0,0.311046511627907,0.11046511627906977,0.0,0.21075581395348839,0.0014534883720930232,0.1744186046511628,0.02616279069767442,0.0,0.00872093023255814,0.0,0.0,0.0,0.0436046511627907,0.02616279069767442,0.0872093023255814,344.0
17880,42.82454,-72.42867,11750.0,0.33964646464646464,0.06944444444444445,0.005050505050505051,0.1414141414141414,0.0025252525252525255,0.12626262626262627,0.03282828282828283,0.0,0.0,0.0,0.0,0.0025252525252525255,0.017676767676767676,0.0,0.26262626262626265,396.0
17880,42.82454,-72.42867,12250.0,0.3157162726008345,0.12795549374130738,0.0,0.16968011126564672,0.0,0.15577190542420027,0.0027816411682892906,0.0,0.0027816411682892906,0.0,0.0,0.0,0.0027816411682892906,0.03337969401947149,0.18915159944367177,359.5
17880,42.82454,-72.42867,12750.0,0.47520184544405997,0.025374855824682813,0.0,0.08650519031141868,0.0,0.08996539792387544,0.0392156862745098,0.002306805074971165,0.01384083044982699,0.00461361014994233,0.002306805074971165,0.0,0.01384083044982699,0.011534025374855825,0.23529411764705882,433.5
17880,42.82454,-72.42867,13250.0,0.525096525096525,0.016602316602316602,0.0007722007722007722,0.08764478764478764,0.0,0.077992277992278,0.040154440154440155,0.0,0.007722007722007722,0.0007722007722007722,0.0,0.0,0.003088803088803089,0.02471042471042471,0.21544401544401545,1295.0
17880,42.82454,-72.42867,14250.0,0.25818349469801755,0.003227293683725219,0.0018441678192715537,0.09866297833102812,0.0,0.058091286307053944,0.04702627939142462,0.0,0.010142923005993546,0.0027662517289073307,0.0027662517289073307,0.0,0.018441678192715538,0.006454587367450438,0.49239280774550487,1084.5
17880,42.82454,-72.42867,14750.0,0.527891156462585,0.005442176870748299,0.0,0.09115646258503401,0.0,0.09795918367346938,0.04625850340136054,0.0,0.027210884353741496,0.005442176870748299,0.005442176870748299,0.0,0.005442176870748299,0.029931972789115645,0.15782312925170067,367.5
19937,41.757238,-86.522242,250.0,0.013127666557269446,0.0118148999015425,0.009189366590088613,0.007548408270429931,0.0,0.019035116508040694,0.1798490318345914,0.06038726616343945,0.054479816212668196,0.05382343288480473,0.03675746636035445,0.12208729898260584,0.006563833278634723,0.006563833278634723,0.4187725631768953,1523.5
19937,41.757238,-86.522242,750.0,0.004340277777777778,0.008680555555555556,0.008680555555555556,0.006076388888888889,0.0,0.013888888888888888,0.1996527777777778,0.08333333333333333,0.1371527777777778,0.07465277777777778,0.019097222222222224,0.1440972222222222,0.001736111111111111,0.008680555555555556,0.2899305555555556,576.0
19937,41.757238,-86.522242,1250.0,0.014077163712200209,0.024504692387904068,0.01981230448383733,0.006256517205422315,0.0,0.01251303441084463,0.21689259645464026,0.15849843587069865,0.1261730969760167,0.08654848800834203,0.01981230448383733,0.10010427528675704,0.0031282586027111575,0.021897810218978103,0.1897810218978102,959.0
19937,41.757238,-86.522242,1750.0,0.0029607698001480384,0.006661732050333087,0.023686158401184307,0.0,0.0,0.014803849000740192,0.29015544041450775,0.15099925980754997,0.14655810510732792,0.07549962990377498,0.02220577350111029,0.08586232420429311,0.005921539600296077,0.007401924500370096,0.16728349370836418,675.5
19937,41.757238,-86.522242,2250.0,0.00783435926133184,0.003357582540570789,0.03581421376608842,0.005036373810856184,0.0,0.006715165081141578,0.4017907106883044,0.024622271964185788,0.09289311695579183,0.027979854504756575,0.05036373810856184,0.12534974818130945,0.002238388360380526,0.01790710688304421,0.19809736989367654,893.5
19937,41.757238,-86.522242,2750.0,0.005079006772009029,0.006772009029345372,0.01805869074492099,0.011851015801354402,0.0,0.004514672686230248,0.4469525959367946,0.028216704288939052,0.0835214446952596,0.034988713318284424,0.07223476297968397,0.09706546275395034,0.0,0.011286681715575621,0.17945823927765236,886.0
19937,41.757238,-86.522242,3250.0,0.0030821917808219177,0.013013698630136987,0.01780821917808219,0.008561643835616438,0.0,0.00821917808219178,0.3041095890410959,0.10068493150684932,0.10684931506849316,0.05684931506849315,0.052054794520547946,0.1095890410958904,0.0006849315068493151,0.00410958904109589,0.21438356164383562,1460.0
19937,41.757238,-86.522242,3750.0,0.003457216940363008,0.00864304235090752,0.018150388936905792,0.00432152117545376,0.0,0.003457216940363008,0.28694900605012963,0.10025929127052723,0.10890233362143474,0.07087294727744166,0.05358686257562662,0.12273120138288678,0.003457216940363008,0.003457216940363008,0.21175453759723423,1157.0
19937,41.757238,-86.522242,4250.0,0.00035612535612535614,0.007834757834757835,0.022792022792022793,0.006766381766381766,0.0,0.007834757834757835,0.31339031339031337,0.12464387464387465,0.07264957264957266,0.08831908831908832,0.054843304843304845,0.09544159544159544,0.0007122507122507123,0.004273504273504274,0.20014245014245013,1404.0
19937,41.757238,-86.522242,4750.0,0.0031605562579013905,0.008006742520016857,0.02781289506953224,0.002739148756847872,0.0,0.005478297513695744,0.28866413822166037,0.1344289928360725,0.07332490518331226,0.08091024020227561,0.05099030762747577,0.11420143278550358,0.001685630004214075,0.0058997050147492625,0.2026970080067425,2373.0
19937,41.757238,-86.522242,5250.0,0.0056685561853951315,0.016005335111703902,0.020673557852617538,0.003334444814938313,0.0,0.0040013337779259755,0.3587862620873625,0.10803601200400133,0.06935645215071691,0.06535511837279093,0.04534844948316105,0.10403467822607536,0.003334444814938313,0.003334444814938313,0.19273091030343448,1499.5
19937,41.757238,-86.522242,5750.0,0.008014425966740133,0.009216589861751152,0.005209376878381086,0.004207573632538569,0.0,0.004407934281707073,0.3225806451612903,0.18954117411340413,0.06131035864556201,0.13704668403125625,0.05850530955720296,0.05329593267882188,0.0016028851933480265,0.0012021638950110197,0.14385894610298539,2495.5
19937,41.757238,-86.522242,6250.0,0.0018587360594795538,0.015613382899628252,0.0037174721189591076,0.004089219330855019,0.0,0.0037174721189591076,0.3338289962825279,0.1687732342007435,0.058736059479553904,0.14869888475836432,0.05055762081784387,0.06394052044609666,0.0,0.001486988847583643,0.1449814126394052,1345.0
19937,41.757238,-86.522242,6750.0,0.004181600955794504,0.011648745519713262,0.0,0.0032855436081242534,0.0,0.0035842293906810036,0.3428912783751493,0.09737156511350059,0.08183990442054959,0.16666666666666666,0.06212664277180406,0.06332138590203107,0.0005973715651135006,0.0,0.16248506571087215,1674.0
19937,41.757238,-86.522242,7250.0,0.00065302568567697,0.01066608619939051,0.0,0.0056595559425337396,0.0,0.0034828036569438396,0.37222464083587287,0.05703090988245538,0.07575097953852851,0.18197649107531563,0.06399651719634306,0.06617326948193296,0.0017414018284719198,0.0008707009142359599,0.15977361776229865,2297.0
19937,41.757238,-86.522242,7750.0,0.00040535062829347385,0.02432103769760843,0.0016214025131738954,0.005674908796108634,0.0,0.004053506282934738,0.44102148358329957,0.005674908796108634,0.07620591811917309,0.13862991487636805,0.054316984191325496,0.06728820429671666,0.0,0.0024321037697608433,0.1783542764491285,1233.5
19937,41.757238,-86.522242,8250.0,0.0016606698034874066,0.017437032936617768,0.0005535566011624688,0.010517575422086908,0.0,0.00498200941046222,0.4472737337392748,0.0066426792139496265,0.06310545253252145,0.13672848048712982,0.05701632991973429,0.05923055632438417,0.0,0.0005535566011624688,0.19429836700802658,1806.5
19937,41.757238,-86.522242,8750.0,0.002151694459386767,0.022054868208714364,0.002151694459386767,0.007530930607853685,0.0,0.004303388918773534,0.4658418504572351,0.006455083378160301,0.054868208714362564,0.1172673480365788,0.052716514254975796,0.078536847767617,0.0,0.0010758472296933835,0.18504572350726198,929.5
19937,41.757238,-86.522242,9250.0,0.015093374264517779,0.03172166794576618,0.0025581990278843694,0.0235354310565362,0.0,0.0020465592223074956,0.41391660271169095,0.0061396776669224865,0.05321053977999488,0.10539779994883602,0.06293169608595549,0.059861857252494245,0.0,0.0020465592223074956,0.2215400358147864,1954.5
19937,41.757238,-86.522242,9750.0,0.020638820638820637,0.012285012285012284,0.0009828009828009828,0.019656019656019656,0.0,0.0,0.4068796068796069,0.005896805896805897,0.04914004914004914,0.11302211302211303,0.06781326781326781,0.0628992628992629,0.0009828009828009828,0.0029484029484029483,0.23685503685503687,1017.5
19937,41.757238,-86.522242,10250.0,0.03588471082267608,0.04218362282878412,0.001908761213972132,0.03550295857988166,0.0003817522427944264,0.007253292613094102,0.3210536361901126,0.003054017942355411,0.04542851689253674,0.13361328497804925,0.05611757969078068,0.053063561748425275,0.0034357701851498376,0.0034357701851498376,0.25768276388623784,2619.5
19937,41.757238,-86.522242,10750.0,0.058512646281615704,0.053227633069082674,0.005285013212533031,0.1589278973197433,0.00037750094375235937,0.04228010570026425,0.16194790486976218,0.0022650056625141564,0.06681766704416761,0.1392978482446206,0.02982257455643639,0.027935069837674593,0.001887504718761797,0.0033975084937712344,0.2480181200453001,2649.0
19937,41.757238,-86.522242,11250.0,0.26278928136419,0.1120584652862363,0.014616321559074299,0.24147381242387334,0.0006090133982947625,0.015834348355663823,0.05602923264311815,0.0006090133982947625,0.05968331303288672,0.02984165651644336,0.007308160779537149,0.0060901339829476245,0.007308160779537149,0.001218026796589525,0.18453105968331304,1642.0
19937,41.757238,-86.522242,11750.0,0.35944257568476695,0.19221528111484862,0.015377222489187891,0.09082172032676598,0.0019221528111484864,0.0038443056222969728,0.06439211917347429,0.0,0.03940413262854397,0.009610764055742432,0.011532916866890917,0.008649687650168188,0.0028832292167227293,0.009610764055742432,0.19029312830370015,1040.5
19937,41.757238,-86.522242,12250.0,0.2609308885754584,0.11424541607898449,0.011283497884344146,0.009873060648801129,0.0,0.0028208744710860366,0.11847672778561354,0.005641748942172073,0.11847672778561354,0.02538787023977433,0.02538787023977433,0.031029619181946404,0.0,0.014104372355430184,0.2623413258110014,354.5
19937,41.757238,-86.522242,12750.0,0.14788732394366197,0.12253521126760564,0.005633802816901409,0.3971830985915493,0.0,0.09577464788732394,0.04507042253521127,0.0,0.01971830985915493,0.016901408450704224,0.008450704225352112,0.01971830985915493,0.0,0.0,0.12112676056338029,355.0
19937,41.757238,-86.522242,13250.0,0.34081346423562414,0.025245441795231416,0.011220196353436185,0.011220196353436185,0.0,0.016830294530154277,0.08695652173913043,0.0,0.10378681626928471,0.014025245441795231,0.016830294530154277,0.019635343618513323,0.002805049088359046,0.0,0.3506311360448808,356.5
19937,41.757238,-86.522242,13750.0,0.3183673469387755,0.03945578231292517,0.00816326530612245,0.013605442176870748,0.0,0.0,0.07891156462585033,0.0,0.21768707482993196,0.027210884353741496,0.00816326530612245,0.024489795918367346,0.0,0.0027210884353741495,0.2612244897959184,367.5
19937,41.757238,-86.522242,14250.0,0.38240698208543866,0.04455672944418925,0.016995865870463943,0.02365640790078089,0.00045934772622875517,0.003215434083601286,0.07165824529168581,0.002756086357372531,0.09875976113918236,0.01929260450160772,0.011024345429490124,0.016536518144235186,0.005052824988516307,0.01929260450160772,0.28433624253559947,2177.0
19937,41.757238,-86.522242,14750.0,0.44789227166276346,0.025175644028103045,0.007611241217798595,0.012295081967213115,0.0,0.004098360655737705,0.06381733021077284,0.000585480093676815,0.10655737704918032,0.014637002341920375,0.014637002341920375,0.01288056206088993,0.000585480093676815,0.013466042154566744,0.27576112412177983,1708.0
20515,41.097272,-74.640604,250.0,0.0,0.0,0.007342143906020558,0.09397944199706314,0.055800293685756244,0.09691629955947137,0.46402349486049926,0.013215859030837005,0.016152716593245228,0.005873715124816446,0.10866372980910426,0.007342143906020558,0.0,0.0,0.13069016152716592,681.0
20515,41.097272,-74.640604,750.0,0.0,0.0,0.01141552511415525,0.04680365296803653,0.08105022831050228,0.10273972602739725,0.5559360730593608,0.017123287671232876,0.01141552511415525,0.01141552511415525,0.09018264840182648,0.0182648401826484,0.00684931506849315,0.0,0.04680365296803653,876.0
20515,41.097272,-74.640604,1250.0,0.0,0.0,0.00904392764857881,0.08914728682170543,0.06632213608957795,0.09646856158484066,0.5753660637381568,0.013350559862187769,0.0103359173126615,0.009905254091300603,0.082687338501292,0.009474590869939707,0.007321274763135229,0.0,0.0305770887166236,2322.0
20515,41.097272,-74.640604,1750.0,0.0,0.0,0.009845288326300985,0.09423347398030943,0.07876230661040788,0.09282700421940929,0.5049226441631505,0.02390998593530239,0.009845288326300985,0.014064697609001406,0.13361462728551335,0.005625879043600563,0.0028129395218002813,0.0,0.029535864978902954,711.0
20515,41.097272,-74.640604,2250.0,0.0,0.0,0.010517799352750809,0.07766990291262135,0.05177993527508091,0.10355987055016182,0.5453074433656958,0.032362459546925564,0.006472491909385114,0.00889967637540453,0.10517799352750809,0.012135922330097087,0.0040453074433656954,0.0,0.042071197411003236,1236.0
20515,41.097272,-74.640604,2750.0,0.0,0.0,0.008547008547008548,0.1014957264957265,0.04807692307692308,0.09081196581196581,0.5566239316239316,0.022435897435897436,0.008547008547008548,0.008547008547008548,0.11645299145299146,0.00641025641025641,0.004273504273504274,0.0,0.027777777777777776,936.0
20515,41.097272,-74.640604,3250.0,0.0,0.0,0.008595988538681949,0.06160458452722063,0.02865329512893983,0.09025787965616046,0.6160458452722063,0.02005730659025788,0.008595988538681949,0.01002865329512894,0.08739255014326648,0.014326647564469915,0.01002865329512894,0.0,0.044412607449856735,698.0
20515,41.097272,-74.640604,3750.0,0.0,0.0,0.009531374106433678,0.06751389992057188,0.019062748212867357,0.11437648927720413,0.5480540111199365,0.020651310563939634,0.011914217633042097,0.016679904686258934,0.1453534551231136,0.006354249404289118,0.006354249404289118,0.0,0.03415409054805401,1259.0
20515,41.097272,-74.640604,4250.0,0.0,0.0,0.00919732441471572,0.09698996655518395,0.00919732441471572,0.09531772575250837,0.5894648829431438,0.029264214046822744,0.01254180602006689,0.01588628762541806,0.06521739130434782,0.01588628762541806,0.007525083612040134,0.0,0.05351170568561873,1196.0
20515,41.097272,-74.640604,4750.0,0.0,0.0,0.013628620102214651,0.0919931856899489,0.020442930153321975,0.08006814310051108,0.58603066439523,0.030664395229982964,0.0017035775127768314,0.020442930153321975,0.09540034071550256,0.008517887563884156,0.0034071550255536627,0.0,0.04770017035775128,587.0
20515,41.097272,-74.640604,5250.0,0.0,0.0,0.010869565217391304,0.07065217391304347,0.02282608695652174,0.07065217391304347,0.6260869565217392,0.02717391304347826,0.008695652173913044,0.020652173913043477,0.0891304347826087,0.009782608695652175,0.006521739130434782,0.0,0.03695652173913044,920.0
20515,41.097272,-74.640604,5750.0,0.0,0.0,0.005537098560354375,0.042081949058693245,0.059800664451827246,0.06866002214839424,0.6312292358803987,0.0221483942414175,0.004429678848283499,0.0221483942414175,0.08748615725359911,0.014396456256921373,0.006644518272425249,0.0,0.035437430786267994,903.0
20515,41.097272,-74.640604,6250.0,0.0,0.0,0.015178050204319907,0.03911266783420899,0.10741389375364857,0.0694687682428488,0.5983654407472271,0.02276707530647986,0.009340338587273789,0.023350846468184472,0.05137186223000584,0.012259194395796848,0.004670169293636894,0.0,0.046701692936368944,1713.0
20515,41.097272,-74.640604,6750.0,0.0,0.0,0.008257638315441783,0.04789430222956235,0.10982658959537572,0.05037159372419488,0.6672171758876961,0.01568951279933939,0.00990916597853014,0.023947151114781174,0.01568951279933939,0.006606110652353427,0.002477291494632535,0.0,0.042113955408753095,1211.0
20515,41.097272,-74.640604,7250.0,0.0,0.0,0.01652892561983471,0.05785123966942149,0.08987603305785125,0.07334710743801653,0.6115702479338843,0.01652892561983471,0.015495867768595042,0.022727272727272728,0.03409090909090909,0.012396694214876033,0.006198347107438017,0.0,0.04338842975206612,968.0
20515,41.097272,-74.640604,7750.0,0.0,0.0,0.019672131147540985,0.036065573770491806,0.11147540983606558,0.06885245901639345,0.5934426229508196,0.02622950819672131,0.019672131147540985,0.03278688524590164,0.022950819672131147,0.01639344262295082,0.006557377049180328,0.0,0.04590163934426229,305.0
20515,41.097272,-74.640604,8250.0,0.0,0.0,0.014659685863874346,0.05968586387434555,0.061780104712041886,0.028272251308900525,0.7581151832460733,0.014659685863874346,0.010471204188481676,0.012565445026178011,0.007329842931937173,0.005235602094240838,0.0,0.0,0.027225130890052355,955.0
20515,41.097272,-74.640604,8750.0,0.0,0.0,0.011176857330703484,0.09270216962524655,0.0611439842209073,0.07363576594345825,0.6607495069033531,0.011176857330703484,0.006574621959237344,0.011176857330703484,0.023011176857330704,0.007889546351084813,0.006574621959237344,0.0,0.03418803418803419,1521.0
20515,41.097272,-74.640604,9250.0,0.0,0.0,0.007861635220125786,0.26572327044025157,0.05188679245283019,0.06132075471698113,0.5550314465408805,0.006289308176100629,0.006289308176100629,0.0110062893081761,0.0,0.0015723270440251573,0.006289308176100629,0.0,0.026729559748427674,636.0
20515,41.097272,-74.640604,9750.0,0.0,0.0,0.006493506493506494,0.2922077922077922,0.00974025974025974,0.04220779220779221,0.6168831168831169,0.0,0.0,0.012987012987012988,0.0,0.003246753246753247,0.0,0.0,0.016233766233766232,308.0
20515,41.097272,-74.640604,10250.0,0.0,0.0,0.013874066168623266,0.4204909284951974,0.05336179295624333,0.0576307363927428,0.3927427961579509,0.0010672358591248667,0.004268943436499467,0.013874066168623266,0.0,0.0021344717182497333,0.0064034151547491995,0.0,0.03415154749199573,937.0
20515,41.097272,-74.640604,10750.0,0.007593014426727411,0.0,0.010630220197418374,0.4715261958997722,0.1017463933181473,0.11009870918754745,0.23158694001518604,0.002277904328018223,0.009111617312072893,0.019741837509491267,0.0030372057706909645,0.009111617312072893,0.009870918754745633,0.0,0.01366742596810934,1317.0
20515,41.097272,-74.640604,11250.0,0.031545741324921134,0.0,0.011041009463722398,0.5993690851735016,0.007886435331230283,0.2192429022082019,0.055205047318611984,0.0,0.0015772870662460567,0.015772870662460567,0.0015772870662460567,0.006309148264984227,0.033123028391167195,0.0,0.017350157728706624,634.0
20515,41.097272,-74.640604,11750.0,0.03732162458836443,0.0021953896816684962,0.014270032930845226,0.5093304061470911,0.036223929747530186,0.08562019758507135,0.18221734357848518,0.007683863885839737,0.009879253567508232,0.01646542261251372,0.003293084522502744,0.010976948408342482,0.043907793633369926,0.0,0.04061470911086718,911.0
20515,41.097272,-74.640604,12250.0,0.18796992481203006,0.0021482277121374865,0.03544575725026853,0.518796992481203,0.0,0.12567132116004295,0.06874328678839957,0.0021482277121374865,0.008592910848549946,0.0010741138560687433,0.0010741138560687433,0.0021482277121374865,0.02040816326530612,0.0,0.02577873254564984,931.0
39474,46.31815400000001,-69.06188,250.0,0.13384484228473997,0.017902813299232736,0.008525149190110827,0.17817561807331628,0.013640238704177323,0.44671781756180734,0.030690537084398978,0.0392156862745098,0.0034100596760443308,0.005967604433077579,0.0,0.0076726342710997444,0.014492753623188406,0.011935208866155157,0.08780903665814152,1173.0
39474,46.31815400000001,-69.06188,750.0,0.11027568922305764,0.010025062656641603,0.010025062656641603,0.18546365914786966,0.012531328320802004,0.5162907268170426,0.03258145363408521,0.045112781954887216,0.007518796992481203,0.005012531328320802,0.002506265664160401,0.002506265664160401,0.007518796992481203,0.002506265664160401,0.05012531328320802,399.0
39474,46.31815400000001,-69.06188,1250.0,0.08283433133732535,0.010978043912175649,0.008982035928143712,0.1506986027944112,0.09181636726546906,0.47904191616766467,0.028942115768463075,0.0658682634730539,0.008982035928143712,0.003992015968063872,0.0,0.011976047904191617,0.011976047904191617,0.005988023952095809,0.03792415169660679,1002.0
39474,46.31815400000001,-69.06188,1750.0,0.03185247275775356,0.01173512154233026,0.008382229673093043,0.11902766135792121,0.09388097233864208,0.5423302598491199,0.02347024308466052,0.08717518860016764,0.010058675607711651,0.010896898575020955,0.0008382229673093043,0.00586756077116513,0.0075440067057837385,0.0,0.04694048616932104,1193.0
39474,46.31815400000001,-69.06188,2250.0,0.012626262626262626,0.015151515151515152,0.0025252525252525255,0.12878787878787878,0.09090909090909091,0.5303030303030303,0.015151515151515152,0.07828282828282829,0.005050505050505051,0.010101010101010102,0.0,0.0025252525252525255,0.030303030303030304,0.0,0.07828282828282829,396.0
39474,46.31815400000001,-69.06188,2750.0,0.018229166666666668,0.0026041666666666665,0.005208333333333333,0.15364583333333334,0.036458333333333336,0.5442708333333334,0.03125,0.1015625,0.010416666666666666,0.0078125,0.0026041666666666665,0.005208333333333333,0.015625,0.0,0.06510416666666667,384.0
39474,46.31815400000001,-69.06188,3750.0,0.016221374045801526,0.013358778625954198,0.0057251908396946565,0.21946564885496184,0.042938931297709926,0.5362595419847328,0.019083969465648856,0.0715648854961832,0.012404580152671756,0.003816793893129771,0.0,0.006679389312977099,0.009541984732824428,0.0028625954198473282,0.04007633587786259,1048.0
39474,46.31815400000001,-69.06188,4250.0,0.02465986394557823,0.00510204081632653,0.0017006802721088435,0.22704081632653061,0.016156462585034014,0.532312925170068,0.05272108843537415,0.04931972789115646,0.021258503401360544,0.0017006802721088435,0.0,0.01870748299319728,0.01445578231292517,0.002551020408163265,0.03231292517006803,1176.0
39474,46.31815400000001,-69.06188,4750.0,0.013267626990144048,0.013267626990144048,0.002274450341167551,0.22100075815011372,0.01023502653525398,0.586429112964367,0.05534495830174375,0.024260803639120546,0.0155420773313116,0.006065200909780136,0.0,0.009476876421531463,0.017058377558756634,0.001516300227445034,0.024260803639120546,2638.0
39474,46.31815400000001,-69.06188,5250.0,0.012354152367879203,0.0061770761839396015,0.0061770761839396015,0.18943033630748113,0.1338366506520247,0.5545641729581332,0.030199039121482498,0.011667810569663692,0.015099519560741249,0.0068634179821551134,0.0,0.012354152367879203,0.0061770761839396015,0.0,0.015099519560741249,1457.0
39474,46.31815400000001,-69.06188,5750.0,0.008796622097114707,0.005629838142153413,0.0031667839549612948,0.20513722730471498,0.1741731175228712,0.5021111893033076,0.025686136523574946,0.01688951442646024,0.007037297677691766,0.005981703026038001,0.0003518648838845883,0.011963406052076003,0.014074595355383532,0.0017593244194229415,0.017241379310344827,2842.0
39474,46.31815400000001,-69.06188,6250.0,0.011160714285714286,0.011160714285714286,0.002232142857142857,0.35267857142857145,0.05915178571428571,0.3794642857142857,0.08816964285714286,0.010044642857142858,0.017857142857142856,0.013392857142857142,0.0,0.014508928571428572,0.008928571428571428,0.002232142857142857,0.029017857142857144,896.0
39474,46.31815400000001,-69.06188,6750.0,0.02147820593809223,0.020846493998736577,0.003790271636133923,0.28427037271004424,0.07012002526847758,0.4333543903979785,0.05811749842072015,0.00505369551484523,0.037271004421983576,0.008843967150979154,0.0006317119393556538,0.005685407454200884,0.022109917877447885,0.002526847757422615,0.025900189513581806,1583.0
39474,46.31815400000001,-69.06188,7250.0,0.030373831775700934,0.014018691588785047,0.002336448598130841,0.45794392523364486,0.035046728971962614,0.25116822429906543,0.09579439252336448,0.005841121495327103,0.02102803738317757,0.017523364485981307,0.0,0.008177570093457943,0.016355140186915886,0.008177570093457943,0.036214953271028034,856.0
39474,46.31815400000001,-69.06188,7750.0,0.03341067285382831,0.012993039443155453,0.005568445475638051,0.4032482598607889,0.026450116009280742,0.32436194895591647,0.0839907192575406,0.005104408352668214,0.019025522041763342,0.01345707656612529,0.0013921113689095127,0.007424593967517401,0.016705336426914155,0.01345707656612529,0.03341067285382831,2155.0
39474,46.31815400000001,-69.06188,8250.0,0.038461538461538464,0.027777777777777776,0.010683760683760684,0.36324786324786323,0.014957264957264958,0.4081196581196581,0.05128205128205128,0.004273504273504274,0.00641025641025641,0.008547008547008548,0.0,0.004273504273504274,0.03205128205128205,0.004273504273504274,0.02564102564102564,468.0
39474,46.31815400000001,-69.06188,8750.0,0.04862023653088042,0.011826544021024968,0.00788436268068331,0.3915900131406045,0.006570302233902759,0.41392904073587383,0.03416557161629435,0.001314060446780552,0.010512483574244415,0.006570302233902759,0.0,0.003942181340341655,0.02759526938239159,0.005256241787122208,0.030223390275952694,761.0
39474,46.31815400000001,-69.06188,9250.0,0.0535279805352798,0.0413625304136253,0.009732360097323601,0.40145985401459855,0.009732360097323601,0.30413625304136255,0.05596107055961071,0.0,0.0170316301703163,0.014598540145985401,0.0,0.0024330900243309003,0.051094890510948905,0.004866180048661801,0.0340632603406326,411.0
39474,46.31815400000001,-69.06188,9750.0,0.058056872037914695,0.0509478672985782,0.005924170616113744,0.29739336492890994,0.004739336492890996,0.45260663507109006,0.041469194312796206,0.0,0.009478672985781991,0.0035545023696682463,0.0,0.002369668246445498,0.031990521327014215,0.02132701421800948,0.02014218009478673,844.0
39474,46.31815400000001,-69.06188,10250.0,0.05944055944055944,0.045454545454545456,0.0017482517482517483,0.1346153846153846,0.0034965034965034965,0.5437062937062938,0.03146853146853147,0.0,0.013986013986013986,0.0017482517482517483,0.0017482517482517483,0.0,0.11538461538461539,0.006993006993006993,0.04020979020979021,572.0
39474,46.31815400000001,-69.06188,10750.0,0.03322259136212625,0.02547065337763012,0.013289036544850499,0.2691029900332226,0.004429678848283499,0.49058693244739754,0.05537098560354374,0.0011074197120708748,0.009966777408637873,0.01107419712070875,0.0,0.0011074197120708748,0.03875968992248062,0.008859357696566999,0.03765227021040975,903.0
39474,46.31815400000001,-69.06188,11250.0,0.05083088954056696,0.03714565004887586,0.013685239491691105,0.09775171065493646,0.004887585532746823,0.541544477028348,0.03128054740957967,0.0,0.010752688172043012,0.0039100684261974585,0.0,0.0009775171065493646,0.12903225806451613,0.02346041055718475,0.05474095796676442,1023.0
39474,46.31815400000001,-69.06188,11750.0,0.20481927710843373,0.0,0.0017211703958691911,0.14802065404475043,0.0017211703958691911,0.32358003442340794,0.08089500860585198,0.0,0.008605851979345954,0.0017211703958691911,0.0,0.0017211703958691911,0.0757314974182444,0.013769363166953529,0.13769363166953527,581.0
39474,46.31815400000001,-69.06188,12250.0,0.2,0.03164556962025317,0.010126582278481013,0.1189873417721519,0.0037974683544303796,0.37721518987341773,0.035443037974683546,0.0,0.0037974683544303796,0.0037974683544303796,0.0012658227848101266,0.0,0.11645569620253164,0.012658227848101266,0.08481012658227848,790.0
39474,46.31815400000001,-69.06188,12750.0,0.08081101675609009,0.00549895127143609,0.011202149304382663,0.14269778549376655,0.0012019136350424598,0.21163892314822813,0.042098399805180015,0.0,0.00785564467348013,0.003927822336740065,0.013354595944916219,0.0,0.08282991743717448,0.09242165958349373,0.30446122061006936,1272.97
39474,46.31815400000001,-69.06188,13250.0,0.21887550200803213,0.010040160642570281,0.010040160642570281,0.11847389558232932,0.03614457831325301,0.25100401606425704,0.0642570281124498,0.004016064257028112,0.008032128514056224,0.002008032128514056,0.0,0.006024096385542169,0.040160642570281124,0.024096385542168676,0.20682730923694778,498.0
39474,46.31815400000001,-69.06188,13750.0,0.14752567693744165,0.012138188608776844,0.0028011204481792717,0.15219421101774042,0.0009337068160597573,0.3716153127917834,0.009337068160597572,0.0018674136321195146,0.003734827264239029,0.0009337068160597573,0.0018674136321195146,0.0,0.014005602240896359,0.035480859010270774,0.24556489262371614,1071.0
39474,46.31815400000001,-69.06188,14250.0,0.025735294117647058,0.0055147058823529415,0.001838235294117647,0.058823529411764705,0.001838235294117647,0.46691176470588236,0.011029411764705883,0.0,0.0,0.0,0.003676470588235294,0.0,0.011029411764705883,0.04963235294117647,0.3639705882352941,544.0
40111,34.16699,-80.77682200000001,250.0,0.0,0.0,0.0,0.7974300831443688,0.0,0.0015117157974300832,0.1360544217687075,0.0,0.0,0.0030234315948601664,0.012093726379440665,0.0,0.0015117157974300832,0.0,0.04837490551776266,661.5
40111,34.16699,-80.77682200000001,750.0,0.0,0.0,0.0,0.662992125984252,0.0,0.0031496062992125984,0.24251968503937008,0.0,0.006299212598425197,0.0,0.025196850393700787,0.0031496062992125984,0.0031496062992125984,0.0,0.05354330708661417,317.5
40111,34.16699,-80.77682200000001,1250.0,0.0,0.0,0.0,0.7063071738083775,0.0,0.0019258545979778526,0.18006740491092924,0.0009629272989889263,0.0,0.0038517091959557053,0.012518054886856042,0.0009629272989889263,0.002888781896966779,0.0,0.09051516610495908,1038.5
40111,34.16699,-80.77682200000001,1750.0,0.0,0.0,0.0,0.6988906497622821,0.0,0.009508716323296355,0.19334389857369255,0.0,0.003169572107765452,0.0,0.006339144215530904,0.0,0.009508716323296355,0.0,0.07923930269413629,315.5
40111,34.16699,-80.77682200000001,2250.0,0.0,0.0,0.0,0.7262830482115086,0.0,0.0,0.17729393468118196,0.0,0.0,0.0,0.02177293934681182,0.0,0.003110419906687403,0.0,0.07153965785381027,321.5
40111,34.16699,-80.77682200000001,2750.0,0.0,0.0,0.0,0.7134099616858237,0.0,0.0015325670498084292,0.19770114942528735,0.0,0.0030651340996168583,0.0030651340996168583,0.012260536398467433,0.0015325670498084292,0.0,0.0,0.06743295019157088,652.5
40111,34.16699,-80.77682200000001,3250.0,0.0,0.0,0.0,0.7380952380952381,0.0,0.0,0.1836734693877551,0.0,0.0,0.006802721088435374,0.013605442176870748,0.0,0.003401360544217687,0.0,0.05442176870748299,294.0
40111,34.16699,-80.77682200000001,3750.0,0.0,0.0,0.0,0.8218978102189781,0.0,0.0,0.11678832116788321,0.0,0.0,0.0,0.014598540145985401,0.0,0.0,0.0,0.04671532846715328,342.5
40111,34.16699,-80.77682200000001,4250.0,0.0,0.0,0.0,0.6774193548387096,0.0,0.0030721966205837174,0.2119815668202765,0.0,0.0030721966205837174,0.0,0.009216589861751152,0.0,0.0,0.0,0.09523809523809523,325.5
40111,34.16699,-80.77682200000001,4750.0,0.0,0.0,0.0,0.6451612903225806,0.0,0.0032258064516129032,0.1774193548387097,0.0,0.0032258064516129032,0.0,0.012903225806451613,0.0,0.0,0.0,0.15806451612903225,310.0
40111,34.16699,-80.77682200000001,5250.0,0.0,0.0,0.0,0.6018808777429467,0.0,0.001567398119122257,0.1896551724137931,0.0,0.004702194357366771,0.004702194357366771,0.006269592476489028,0.0,0.003134796238244514,0.0,0.18808777429467086,638.0
40111,34.16699,-80.77682200000001,5750.0,0.0,0.0,0.0,0.6536796536796536,0.0,0.0,0.15873015873015872,0.0,0.002886002886002886,0.002886002886002886,0.005772005772005772,0.0,0.0,0.0,0.17604617604617603,346.5
40111,34.16699,-80.77682200000001,6250.0,0.0,0.0,0.0,0.4644628099173554,0.0,0.0,0.38016528925619836,0.0,0.006611570247933884,0.003305785123966942,0.01652892561983471,0.0,0.0,0.0,0.12892561983471074,302.5
40111,34.16699,-80.77682200000001,6750.0,0.0,0.0,0.0,0.4978858350951374,0.0,0.0,0.36257928118393234,0.0010570824524312897,0.0021141649048625794,0.0021141649048625794,0.010570824524312896,0.0010570824524312897,0.0021141649048625794,0.0,0.12050739957716702,946.0
40111,34.16699,-80.77682200000001,7250.0,0.0,0.0,0.0,0.2467948717948718,0.0,0.0,0.5865384615384616,0.003205128205128205,0.0,0.003205128205128205,0.009615384615384616,0.0,0.00641025641025641,0.0,0.14423076923076922,312.0
40111,34.16699,-80.77682200000001,7750.0,0.0,0.0,0.0,0.28024502297090353,0.0,0.0,0.5972434915773354,0.009188361408882083,0.01225114854517611,0.0030627871362940277,0.01225114854517611,0.0030627871362940277,0.0030627871362940277,0.0,0.07963246554364471,326.5
40111,34.16699,-80.77682200000001,8250.0,0.000608457560085184,0.0,0.0,0.30757529662306055,0.0,0.0042592029205962886,0.5676909035594767,0.004867660480681472,0.005476118040766657,0.008518405841192577,0.018253726802555523,0.0,0.005476118040766657,0.0,0.07727411013081838,1643.5
40111,34.16699,-80.77682200000001,8750.0,0.0,0.0,0.0,0.3486238532110092,0.0015290519877675841,0.0061162079510703364,0.5168195718654435,0.00764525993883792,0.0030581039755351682,0.0045871559633027525,0.0382262996941896,0.0015290519877675841,0.0061162079510703364,0.0,0.06574923547400612,654.0
40111,34.16699,-80.77682200000001,9250.0,0.0009760858955588092,0.0,0.0,0.13323572474377746,0.0019521717911176184,0.007808687164470474,0.5466081015129332,0.0527086383601757,0.006832601268911664,0.008784773060029283,0.07515861395802831,0.0009760858955588092,0.013665202537823329,0.0,0.15129331381161543,1024.5
40111,34.16699,-80.77682200000001,9750.0,0.0,0.0,0.0,0.12258064516129032,0.0,0.0032258064516129032,0.5129032258064516,0.07741935483870968,0.0064516129032258064,0.012903225806451613,0.0967741935483871,0.0,0.016129032258064516,0.0,0.15161290322580645,310.0
40111,34.16699,-80.77682200000001,10750.0,0.0,0.0,0.0,0.29833333333333334,0.0033333333333333335,0.005,0.585,0.006666666666666667,0.0,0.006666666666666667,0.03333333333333333,0.0,0.0033333333333333335,0.0,0.058333333333333334,600.0
40111,34.16699,-80.77682200000001,11250.0,0.008449304174950299,0.0,0.0,0.05815109343936382,0.002982107355864811,0.006958250497017893,0.5337972166998012,0.06461232604373758,0.009940357852882704,0.012922465208747515,0.11530815109343936,0.003976143141153081,0.008946322067594433,0.0,0.17395626242544732,1006.0
40111,34.16699,-80.77682200000001,11750.0,0.008695652173913044,0.0,0.0,0.06536731634182909,0.004197901049475262,0.005397301349325337,0.5283358320839581,0.046776611694152925,0.006596701649175412,0.020989505247376312,0.127736131934033,0.0023988005997001498,0.011394302848575712,0.0,0.17211394302848576,1667.5
40111,34.16699,-80.77682200000001,12250.0,0.010355029585798817,0.0,0.0,0.11735700197238659,0.0009861932938856016,0.0039447731755424065,0.5187376725838264,0.03254437869822485,0.0039447731755424065,0.01282051282051282,0.13856015779092704,0.0019723865877712033,0.010848126232741617,0.0,0.14792899408284024,2028.0
40111,34.16699,-80.77682200000001,12750.0,0.015188633023027927,0.0,0.0,0.19598236158745713,0.0009799118079372856,0.004899559039686428,0.46055854973052424,0.002939735423811857,0.006859382655560999,0.008819206271435572,0.14012738853503184,0.0,0.004899559039686428,0.0,0.15874571288584027,1020.5
40111,34.16699,-80.77682200000001,13250.0,0.03695881731784583,0.0,0.0,0.22914466737064415,0.0010559662090813093,0.006335797254487857,0.4033790918690602,0.006335797254487857,0.005279831045406547,0.007391763463569166,0.13727560718057022,0.004223864836325237,0.007391763463569166,0.0,0.15522703273495247,947.0
40111,34.16699,-80.77682200000001,13750.0,0.14354066985645933,0.0,0.0,0.34290271132376393,0.0,0.009569377990430622,0.2711323763955343,0.03508771929824561,0.003189792663476874,0.012759170653907496,0.09569377990430622,0.003189792663476874,0.003189792663476874,0.0,0.07974481658692185,313.5
40111,34.16699,-80.77682200000001,14250.0,0.11195158850226929,0.0,0.0,0.3040847201210287,0.0,0.0030257186081694403,0.3237518910741301,0.006051437216338881,0.006051437216338881,0.0030257186081694403,0.09682299546142209,0.0,0.012102874432677761,0.0,0.13313161875945537,330.5
40111,34.16699,-80.77682200000001,14750.0,0.08742107819329771,0.003885381253035454,0.0,0.2773190869354055,0.0,0.0029140359397765905,0.348712967459932,0.006799417192812044,0.008742107819329771,0.009713453132588635,0.1039339485186984,0.0029140359397765905,0.008742107819329771,0.0,0.1389023797960175,1029.5
40791,42.37758,-73.095044,250.0,0.004231052244297278,0.0,0.0,0.039735099337748346,0.13925680647534952,0.26968359087564386,0.14827078734363502,0.09860191317144959,0.030537159676232523,0.023178807947019868,0.020235467255334805,0.03090507726269316,0.01582045621780721,0.0,0.17954378219278883,2718.0
40791,42.37758,-73.095044,750.0,0.006172839506172839,0.0004409171075837742,0.0,0.03218694885361552,0.2768959435626102,0.22134038800705466,0.11199294532627865,0.17724867724867724,0.027336860670194002,0.01146384479717813,0.031746031746031744,0.027336860670194002,0.012345679012345678,0.0,0.06349206349206349,1134.0
40791,42.37758,-73.095044,1250.0,0.0027100271002710027,0.0,0.0,0.04878048780487805,0.2565492321589883,0.27100271002710025,0.14272809394760613,0.12104787714543812,0.01987353206865402,0.012646793134598013,0.03071364046973803,0.02168021680216802,0.009033423667570008,0.0,0.06323396567299007,553.5
40791,42.37758,-73.095044,1750.0,0.0014577259475218659,0.0,0.0,0.03158406219630709,0.2857142857142857,0.17589893100097181,0.13119533527696792,0.19047619047619047,0.013605442176870748,0.01749271137026239,0.022351797862001945,0.038872691933916424,0.008746355685131196,0.0,0.0826044703595724,1029.0
40791,42.37758,-73.095044,2250.0,0.0057361376673040155,0.0,0.0,0.032504780114722756,0.2982791586998088,0.21223709369024857,0.11663479923518165,0.17973231357552583,0.0248565965583174,0.032504780114722756,0.0038240917782026767,0.03824091778202677,0.0019120458891013384,0.0,0.05353728489483748,523.0
40791,42.37758,-73.095044,2750.0,0.009000473709142587,0.0009474182851729038,0.0,0.041212695405021316,0.27143533870203695,0.1989578398863098,0.0994789199431549,0.15158692562766463,0.022738038844149693,0.018948365703458078,0.028422548555187114,0.038844149692089054,0.007579346281383231,0.0,0.11084793936522976,1055.5
40791,42.37758,-73.095044,3250.0,0.007101642254771416,0.0,0.0,0.047936085219707054,0.24811362627607633,0.20772303595206393,0.11540168664003551,0.19174434087882822,0.016866400355082113,0.016866400355082113,0.036395916555703504,0.03994673768308921,0.006213936972924989,0.0,0.06569019085663559,1126.5
40791,42.37758,-73.095044,4250.0,0.0019005384859043396,0.0012670256572695597,0.0,0.10516312955337345,0.09217611656636047,0.20589166930630345,0.21286031042128603,0.17801710484637315,0.024073487488121634,0.019005384859043396,0.031042128603104215,0.04054482103262591,0.0063351282863477985,0.0,0.0817231548938866,1578.5
40791,42.37758,-73.095044,4750.0,0.0,0.0,0.0,0.033554922443811336,0.23266856600189934,0.22158911047799937,0.10383032605254827,0.23615068059512503,0.02025957581513137,0.014561570117125673,0.021525799303577082,0.035454257676479896,0.0025324469768914213,0.0,0.0778727445394112,1579.5
40791,42.37758,-73.095044,5250.0,0.0009523809523809524,0.0,0.0,0.023174603174603174,0.31873015873015875,0.206984126984127,0.11365079365079366,0.2019047619047619,0.018412698412698412,0.020317460317460317,0.015873015873015872,0.029206349206349208,0.0012698412698412698,0.0006349206349206349,0.04888888888888889,1575.0
40791,42.37758,-73.095044,5750.0,0.0,0.0,0.0,0.02389600458803288,0.3750716880137641,0.1861976677499522,0.11546549416937488,0.15561078187727012,0.01949913974383483,0.01567577900974957,0.016440451156566623,0.02714586121200535,0.0026763525138596826,0.0003823360734085261,0.06193844389218123,2615.5
40791,42.37758,-73.095044,6750.0,0.001905366783105748,0.0,0.0,0.018736106700539854,0.33852016513178784,0.1676722769133058,0.12257859637980312,0.19371228961575104,0.024769768180374723,0.015878056525881232,0.01841854557002223,0.03810733566211496,0.0012702445220704986,0.0006351222610352493,0.057796125754207686,1574.5
40791,42.37758,-73.095044,7250.0,0.0,0.0,0.0,0.019502988361119848,0.4564328405158855,0.13715004718464927,0.10128971374646115,0.18244731047499213,0.011953444479396037,0.012582573136206355,0.018244731047499213,0.02516514627241271,0.0006291286568103177,0.0,0.03460207612456748,1589.5
40791,42.37758,-73.095044,7750.0,0.0033567287152883735,0.0,0.0,0.020903265181568507,0.3333841928593225,0.18065303631370155,0.10100701861458651,0.2236801953005798,0.022886786695148,0.02197131522734208,0.011595971925541654,0.03753433018004272,0.00366188587122368,0.0003051571559353067,0.039060115959719255,3277.0
40791,42.37758,-73.095044,8250.0,0.0009407337723424271,0.0,0.0,0.028222013170272814,0.42897460018814676,0.15051740357478832,0.08090310442144873,0.18438381937911572,0.005644402634054563,0.015051740357478834,0.016933207902163686,0.028222013170272814,0.0037629350893697085,0.0,0.05644402634054563,531.5
40791,42.37758,-73.095044,8750.0,0.0015812776723592662,0.0,0.0,0.030360531309297913,0.42852624920936117,0.1555977229601518,0.08918406072106262,0.18785578747628084,0.013282732447817837,0.018342820999367487,0.001265022137887413,0.028462998102466792,0.0018975332068311196,0.0,0.04364326375711575,1581.0
40791,42.37758,-73.095044,9250.0,0.003793266951161688,0.0,0.0,0.06401137980085349,0.42484589853010907,0.15267899478425795,0.10810810810810811,0.13560929350403034,0.018018018018018018,0.016121384542437174,0.0,0.024656235182550973,0.0,0.0,0.05215742057847321,1054.5
40791,42.37758,-73.095044,9750.0,0.000968054211035818,0.0,0.0,0.0696999031945789,0.3059051306873185,0.2671829622458858,0.1122942884801549,0.13746369796708616,0.011616650532429816,0.013552758954501452,0.001936108422071636,0.02904162633107454,0.0,0.0,0.05033881897386254,516.5
40791,42.37758,-73.095044,10250.0,0.006490496059341678,0.0,0.0,0.20259619842373666,0.3764487714418173,0.06768660176170607,0.18173388966156698,0.03708854891052388,0.025961984237366714,0.012980992118683357,0.0018544274455261937,0.04450625869262865,0.004636068613815485,0.0,0.03801576263328697,1078.5
40791,42.37758,-73.095044,11750.0,0.7125435540069687,0.0,0.0,0.14111498257839722,0.0,0.010452961672473868,0.017421602787456445,0.0,0.003484320557491289,0.005226480836236934,0.0017421602787456446,0.005226480836236934,0.010452961672473868,0.0,0.09233449477351917,574.0
40791,42.37758,-73.095044,12250.0,0.40436241610738255,0.00041946308724832214,0.0,0.3309563758389262,0.03355704697986577,0.026006711409395974,0.10151006711409397,0.006711409395973154,0.008389261744966443,0.00587248322147651,0.0050335570469798654,0.0025167785234899327,0.0025167785234899327,0.0,0.07214765100671142,1192.0
40791,42.37758,-73.095044,13250.0,0.4147940074906367,0.0,0.0,0.19101123595505617,0.0,0.02153558052434457,0.023408239700374533,0.0,0.0,0.0009363295880149813,0.0,0.006554307116104869,0.012172284644194757,0.0,0.3295880149812734,1068.0
40791,42.37758,-73.095044,14250.0,0.19688385269121814,0.002124645892351275,0.0,0.32082152974504247,0.0,0.025495750708215296,0.007082152974504249,0.0,0.0,0.00424929178470255,0.0028328611898017,0.00424929178470255,0.0226628895184136,0.0028328611898017,0.41076487252124644,706.0
40793,42.619884,-71.086996,250.0,0.007272090068778201,0.0,0.0028036973759144874,0.1704560389013011,0.04853901082051956,0.13124808340999694,0.4029438822447102,0.026810356157182285,0.007534936697770184,0.009988171901695361,0.018486879572436152,0.014106102422569764,0.0224295790073159,0.0006133088009812941,0.1367678626188286,11413.5
40793,42.619884,-71.086996,750.0,0.007111935683364255,0.0,0.002937538651824366,0.11131725417439703,0.08194186765615337,0.11301793444650587,0.4880952380952381,0.04638218923933209,0.0095856524427953,0.009894867037724181,0.027056277056277056,0.012523191094619666,0.02829313543599258,0.0009276437847866419,0.06091527520098949,6468.0
40793,42.619884,-71.086996,1250.0,0.003784075990423971,0.0,0.0012356166499343578,0.10950652560043246,0.07954282183952428,0.10857981311298169,0.5175689242412541,0.04865240559116534,0.010657193605683837,0.010348289443200247,0.026565757973588695,0.012973974824310758,0.024094524673719978,0.0010811645686925632,0.04540891188508765,6474.5
40793,42.619884,-71.086996,1750.0,0.0010395841663334666,0.0,0.0009596161535385846,0.10843662534986005,0.05773690523790484,0.0970811675329868,0.5277888844462215,0.057576969212315074,0.011035585765693723,0.009916033586565374,0.026869252299080368,0.014234306277489004,0.03246701319472211,0.0003198720511795282,0.05453818472610956,6252.5
40793,42.619884,-71.086996,2250.0,0.0013128528291978469,0.0,0.0023631350925561244,0.12839700669554943,0.0651175003282132,0.10345280294079033,0.5135880267821977,0.0609163712747801,0.007614546409347512,0.0073519758435079425,0.01680451621373244,0.013653669423657607,0.03045818563739005,0.0007877116975187081,0.04818169883156098,3808.5
40793,42.619884,-71.086996,2750.0,0.001013831559128105,0.0,0.001303497718878992,0.11883554203780143,0.06010572814830907,0.09312767035991021,0.5290752407849952,0.05344340647403867,0.01057281483090738,0.009848649431530162,0.022738793540444637,0.017814468824679557,0.03128394525309581,0.00014483307987544355,0.05069157795640524,6904.5
40793,42.619884,-71.086996,3250.0,0.0013739858675739336,0.00026171159382360636,0.0014394137660298351,0.13667887987437843,0.045930384716042924,0.08400942161737765,0.5290499869144203,0.05535200209369275,0.010991886940591469,0.010206752159120648,0.020675215912064903,0.019890081130594085,0.030096833289714735,0.0015702695629416384,0.05247317456163308,7642.0
40793,42.619884,-71.086996,3750.0,0.0003699593044765076,0.0,0.0014798372179060304,0.09470958194598594,0.029596744358120607,0.09174990751017388,0.5871254162042175,0.05327413984461709,0.008879023307436182,0.01072881982981872,0.015168331483536811,0.01849796522382538,0.02885682574916759,0.0011098779134295228,0.058453570107288196,2703.0
40793,42.619884,-71.086996,4250.0,0.0036900369003690036,0.0,0.0,0.09225092250922509,0.023985239852398525,0.09040590405904059,0.584870848708487,0.052583025830258305,0.012915129151291513,0.008302583025830259,0.03228782287822878,0.01107011070110701,0.03413284132841329,0.0027675276752767526,0.0507380073800738,1084.0
40793,42.619884,-71.086996,4750.0,0.002680965147453083,0.0,0.0008936550491510277,0.08445040214477212,0.023681858802502235,0.09785522788203753,0.5455764075067024,0.07015192135835567,0.020107238605898123,0.013404825737265416,0.030831099195710455,0.02680965147453083,0.02770330652368186,0.0008936550491510277,0.054959785522788206,2238.0
40793,42.619884,-71.086996,5250.0,0.0024708789269325803,0.0,0.00035298270384751147,0.056477232615601836,0.08859865866572537,0.08718672785033534,0.5372396752559124,0.056124249911754326,0.018708083303918106,0.017649135192375574,0.01941404871161313,0.021531944934698198,0.03141546064242852,0.0014119308153900459,0.06141899046946699,2833.0
40793,42.619884,-71.086996,5750.0,0.00031201248049921997,0.0,0.0,0.0483619344773791,0.08861154446177848,0.05054602184087364,0.5822152886115445,0.07269890795631825,0.0124804992199688,0.0109204368174727,0.011544461778471139,0.022464898595943836,0.037753510140405615,0.00187207488299532,0.060218408736349455,3205.0
40793,42.619884,-71.086996,6250.0,0.0005906674542232723,0.0,0.0005906674542232723,0.04370939161252215,0.09450679267572357,0.052569403425871235,0.5924394565859421,0.07147076196101594,0.010632014176018901,0.021264028352037802,0.008860011813349085,0.017129356172474897,0.03366804489072652,0.0011813349084465446,0.05138806851742469,1693.0
40793,42.619884,-71.086996,6750.0,0.0,0.0,0.0,0.08274231678486997,0.10638297872340426,0.09219858156028368,0.5130023640661938,0.07407407407407407,0.01024428684003152,0.017336485421591805,0.0007880220646178094,0.018124507486209612,0.03152088258471237,0.0015760441292356187,0.05200945626477541,1269.0
40793,42.619884,-71.086996,7250.0,0.0011309018942606728,0.0002827254735651682,0.0,0.14560361888606163,0.10206389595702572,0.09951936669493922,0.4608425219112242,0.05456601639807747,0.0073508623126943735,0.011591744416171897,0.0014136273678258412,0.016398077466779758,0.03618886061634153,0.0011309018942606728,0.06191687871077184,3537.0
40793,42.619884,-71.086996,7750.0,0.0005966587112171838,0.0,0.0,0.21897374701670644,0.06264916467780429,0.09904534606205251,0.43854415274463004,0.02684964200477327,0.003579952267303103,0.011336515513126491,0.0017899761336515514,0.012529832935560859,0.04713603818615752,0.002386634844868735,0.07458233890214797,1676.0
40793,42.619884,-71.086996,8250.0,0.0027803521779425394,0.0004633920296570899,0.0,0.34522706209453197,0.05375347544022243,0.10426320667284522,0.3396663577386469,0.0074142724745134385,0.007877664504170528,0.0074142724745134385,0.0018535681186283596,0.009267840593141797,0.04494902687673772,0.0037071362372567192,0.07136237256719184,2158.0
40793,42.619884,-71.086996,8750.0,0.0008726003490401396,0.0008726003490401396,0.0004363001745200698,0.3944153577661431,0.04101221640488656,0.08464223385689354,0.31980802792321117,0.0034904013961605585,0.003926701570680628,0.009162303664921465,0.0013089005235602095,0.009162303664921465,0.054537521815008726,0.0013089005235602095,0.07504363001745201,2292.0
40793,42.619884,-71.086996,9250.0,0.0029239766081871343,0.0,0.0,0.4111111111111111,0.03684210526315789,0.07192982456140351,0.3087719298245614,0.004093567251461989,0.004678362573099415,0.004678362573099415,0.0023391812865497076,0.007017543859649123,0.06900584795321638,0.004678362573099415,0.07192982456140351,1710.0
40793,42.619884,-71.086996,9750.0,0.0053811659192825115,0.004484304932735426,0.0,0.368609865470852,0.07533632286995516,0.06816143497757847,0.3381165919282511,0.0026905829596412557,0.008968609865470852,0.008968609865470852,0.0017937219730941704,0.011659192825112108,0.02780269058295964,0.004484304932735426,0.07354260089686099,1115.0
40793,42.619884,-71.086996,10250.0,0.03941782898726501,0.012734990903577926,0.02304426925409339,0.4026682838083687,0.04790782292298363,0.10309278350515463,0.23044269254093389,0.0,0.010915706488781079,0.014554275318374773,0.001212856276531231,0.007883565797453002,0.03699211643420255,0.004851425106124924,0.06428138265615524,1649.0
40793,42.619884,-71.086996,10750.0,0.014985590778097982,0.007492795389048991,0.002881844380403458,0.5515850144092219,0.014985590778097982,0.138328530259366,0.13948126801152738,0.0011527377521613833,0.007492795389048991,0.0005763688760806917,0.0011527377521613833,0.0069164265129683,0.04092219020172911,0.009798270893371758,0.0622478386167147,1735.0
40793,42.619884,-71.086996,11250.0,0.2850356294536817,0.012470308788598575,0.0035629453681710215,0.40320665083135393,0.016033254156769598,0.07007125890736342,0.11401425178147269,0.0,0.0059382422802850355,0.0035629453681710215,0.0005938242280285036,0.0017814726840855108,0.037410926365795724,0.0035629453681710215,0.04275534441805225,1684.0
40793,42.619884,-71.086996,11750.0,0.5891891891891892,0.06486486486486487,0.018018018018018018,0.12972972972972974,0.0,0.025225225225225224,0.014414414414414415,0.0018018018018018018,0.0009009009009009009,0.0,0.002702702702702703,0.0009009009009009009,0.06126126126126126,0.008108108108108109,0.08288288288288288,1110.0
40793,42.619884,-71.086996,13250.0,0.5657894736842105,0.012280701754385965,0.010087719298245614,0.19649122807017544,0.0004385964912280702,0.04429824561403509,0.02324561403508772,0.0004385964912280702,0.002631578947368421,0.0008771929824561404,0.0004385964912280702,0.0,0.03640350877192983,0.0043859649122807015,0.10219298245614035,2280.0
40793,42.619884,-71.086996,13750.0,0.4682698730794923,0.002004008016032064,0.0,0.12758851035404142,0.0,0.07481629926519706,0.01736806947227789,0.0,0.004008016032064128,0.0,0.002004008016032064,0.0,0.006012024048096192,0.03807615230460922,0.25985303941215765,1497.0
40799,42.079818,-71.961482,250.0,0.0077187619411539935,0.0004585403133358808,0.0,0.13030187237294613,0.046159724875812,0.14925487199082918,0.29132594573939624,0.030722200993504013,0.015361100496752007,0.009094382881161635,0.02850592281238059,0.017348108521207488,0.02399694306457776,0.0026748184944593045,0.24707680550248376,13085.0
40799,42.079818,-71.961482,750.0,0.004269854824935952,0.0,0.0,0.1981212638770282,0.06148590947907771,0.15883859948761742,0.32365499573014517,0.1067463706233988,0.014517506404782237,0.008539709649871904,0.018787361229718188,0.012809564474807857,0.012809564474807857,0.0,0.07941929974380871,1171.0
40799,42.079818,-71.961482,1250.0,0.004722550177095631,0.0011806375442739079,0.0,0.18417945690672963,0.08559622195985832,0.15702479338842976,0.3577331759149941,0.07792207792207792,0.015938606847697757,0.010035419126328217,0.03364817001180637,0.012987012987012988,0.007674144037780401,0.0,0.051357733175914994,1694.0
40799,42.079818,-71.961482,1750.0,0.0024398745207389336,0.0003485535029627048,0.0,0.15824329034506796,0.08295573370512374,0.17253398396653885,0.3206692227256884,0.12513070756361103,0.01742767514813524,0.012199372603694667,0.03276402927849425,0.013593586615545486,0.015684907633321716,0.0003485535029627048,0.04566050888811433,2869.0
40799,42.079818,-71.961482,2250.0,0.0005747126436781609,0.0005747126436781609,0.0,0.09655172413793103,0.06321839080459771,0.09540229885057472,0.4471264367816092,0.1454022988505747,0.021839080459770115,0.010344827586206896,0.03620689655172414,0.020689655172413793,0.021839080459770115,0.0005747126436781609,0.039655172413793106,1740.0
40799,42.079818,-71.961482,2750.0,0.0004512635379061372,0.0004512635379061372,0.0,0.07310469314079422,0.04557761732851986,0.08167870036101083,0.5112815884476535,0.08077617328519855,0.02391696750902527,0.009927797833935019,0.04648014440433213,0.019855595667870037,0.03203971119133574,0.0036101083032490976,0.07084837545126353,2216.0
40799,42.079818,-71.961482,3250.0,0.0,0.000882223202470225,0.0,0.07366563740626378,0.036612262902514334,0.09131010145566829,0.5209528010586678,0.08822232024702249,0.0211733568592854,0.012792236435818262,0.04014115571239524,0.018526687251874726,0.038376709307454786,0.00176444640494045,0.055580061755624174,2267.0
40799,42.079818,-71.961482,3750.0,0.0018359853121175031,0.0,0.0,0.0777233782129743,0.014687882496940025,0.07711138310893513,0.5605875152998776,0.06303549571603427,0.02386780905752754,0.00795593635250918,0.052019583843329255,0.020195838433292534,0.03549571603427173,0.0030599755201958386,0.06242350061199511,1634.0
40799,42.079818,-71.961482,4250.0,0.0007412898443291327,0.00037064492216456633,0.0,0.06486286137879911,0.009636767976278725,0.07190511489992588,0.5492957746478874,0.06263899184581172,0.019644180874722018,0.011860637509266123,0.056338028169014086,0.03039288361749444,0.04262416604892513,0.002223869532987398,0.07746478873239436,2698.0
40799,42.079818,-71.961482,5250.0,0.0008025682182985554,0.0,0.0,0.052568218298555375,0.03330658105939005,0.08747993579454254,0.4947833065810594,0.0790529695024077,0.024077046548956663,0.016853932584269662,0.06982343499197431,0.027287319422150885,0.03290529695024077,0.006821829855537721,0.07423756019261638,2492.0
40799,42.079818,-71.961482,5750.0,0.0007312614259597807,0.0,0.0,0.04680073126142596,0.06581352833638025,0.0720292504570384,0.5016453382084095,0.09396709323583181,0.024497257769652652,0.017184643510054845,0.04570383912248629,0.018647166361974405,0.038025594149908595,0.0007312614259597807,0.07422303473491773,2735.0
40799,42.079818,-71.961482,6250.0,0.00044682752457551384,0.0,0.0,0.05138516532618409,0.10500446827524576,0.06166219839142091,0.4874888293118856,0.10902591599642537,0.014745308310991957,0.01742627345844504,0.021447721179624665,0.021894548704200177,0.03261840929401251,0.00044682752457551384,0.07640750670241286,2238.0
40799,42.079818,-71.961482,6750.0,0.0,0.0,0.0,0.042722664735698766,0.09087617668356264,0.0666183924692252,0.49167270094134685,0.15242577842143373,0.013396089790007242,0.019188993482983346,0.005792903692976104,0.01991310644460536,0.03258508327299059,0.0010861694424330196,0.06372194062273714,2762.0
40799,42.079818,-71.961482,7250.0,0.00046860356138706655,0.0,0.0,0.04358013120899719,0.07685098406747891,0.07122774133083412,0.49203373945641987,0.16635426429240863,0.014526710402999063,0.014058106841611996,0.0032802249297094657,0.018275538894095594,0.026710402999062792,0.0014058106841611997,0.07122774133083412,2134.0
40799,42.079818,-71.961482,7750.0,0.0007382798080472499,0.0,0.0,0.10262089331856773,0.05204872646733112,0.07641196013289037,0.5769656699889258,0.04724990771502399,0.009597637504614249,0.016611295681063124,0.0022148394241417496,0.022886674049464747,0.030269472129937247,0.0011074197120708748,0.06127722406792174,2709.0
40799,42.079818,-71.961482,8250.0,0.00612369871402327,0.0,0.0,0.14084507042253522,0.052663808940600125,0.08695652173913043,0.5094917330067361,0.034292712798530314,0.010410287813839559,0.011635027556644213,0.001837109614206981,0.017146356399265157,0.04286589099816289,0.000612369871402327,0.08511941212492345,1633.0
40799,42.079818,-71.961482,8750.0,0.003766478342749529,0.0006277463904582549,0.0,0.17765222849968612,0.05398618957940992,0.096045197740113,0.47206528562460764,0.01820464532328939,0.008160703075957313,0.007532956685499058,0.0018832391713747645,0.013182674199623353,0.037037037037037035,0.0018832391713747645,0.10797237915881984,1593.0
40799,42.079818,-71.961482,9250.0,0.004580152671755725,0.0003053435114503817,0.0003053435114503817,0.23541984732824428,0.08122137404580153,0.08366412213740458,0.39938931297709923,0.010381679389312977,0.019236641221374046,0.014045801526717557,0.002137404580152672,0.012519083969465649,0.03419847328244275,0.0024427480916030535,0.10015267175572519,3275.0
40799,42.079818,-71.961482,9750.0,0.0036068530207394047,0.0,0.0,0.21881574992485722,0.05049594229035167,0.06883077847911032,0.41268409978960024,0.008415990381725278,0.015028554253080854,0.012022843402464683,0.0012022843402464682,0.013525698827772768,0.07664562669071236,0.003907424105801022,0.11481815449353772,3327.0
40799,42.079818,-71.961482,10250.0,0.006437768240343348,0.0011921793037672865,0.0,0.4184549356223176,0.15426800190748688,0.05793991416309013,0.22532188841201717,0.002145922746781116,0.015498330948974726,0.012637100619933238,0.0009537434430138292,0.015021459227467811,0.02074391988555079,0.0033381020505484026,0.06604673342870768,4194.0
40799,42.079818,-71.961482,10750.0,0.00832387438516837,0.0026485054861899358,0.0011350737797956867,0.4211123723041998,0.13658721150208097,0.082103670071888,0.20923193340900492,0.00681044267877412,0.01324252743094968,0.010972379871358306,0.0011350737797956867,0.01664774877033674,0.02648505486189936,0.007188800605372683,0.05637533106318578,2643.0
40799,42.079818,-71.961482,11250.0,0.01998730964467005,0.017766497461928935,0.005710659898477157,0.4600253807106599,0.06789340101522842,0.09708121827411167,0.19828680203045684,0.007296954314720812,0.010786802030456852,0.006345177664974619,0.0015862944162436548,0.018401015228426396,0.018083756345177664,0.007296954314720812,0.06345177664974619,3152.0
40799,42.079818,-71.961482,11750.0,0.13110047846889952,0.04019138755980861,0.003827751196172249,0.3473684210526316,0.0861244019138756,0.14258373205741626,0.08038277511961722,0.0009569377990430622,0.015311004784688996,0.009569377990430622,0.0,0.00861244019138756,0.07655502392344497,0.014354066985645933,0.0430622009569378,1045.0
40799,42.079818,-71.961482,12250.0,0.23179650238473767,0.043879173290937996,0.013354531001589825,0.334181240063593,0.02448330683624801,0.11287758346581876,0.07440381558028616,0.0019077901430842607,0.007631160572337043,0.005723370429252782,0.0012718600953895071,0.0069952305246422895,0.06613672496025437,0.006677265500794912,0.06868044515103339,3145.0
40799,42.079818,-71.961482,12750.0,0.237200259235256,0.0304601425793908,0.01101749837977965,0.25858716785482827,0.004536616979909268,0.1101749837977965,0.11406351263771873,0.0,0.009721322099805573,0.0012961762799740765,0.0,0.010369410239792612,0.1471160077770577,0.01101749837977965,0.05443940375891121,1543.0
40799,42.079818,-71.961482,13250.0,0.3087621696801113,0.055632823365785816,0.018776077885952713,0.24200278164116829,0.009735744089012517,0.1474269819193324,0.031988873435326845,0.0006954102920723226,0.006954102920723227,0.004172461752433936,0.0006954102920723226,0.0013908205841446453,0.09248956884561892,0.008344923504867872,0.07093184979137691,1438.0
40799,42.079818,-71.961482,13750.0,0.4477329974811083,0.044710327455919394,0.003778337531486146,0.2663727959697733,0.0006297229219143577,0.03589420654911839,0.04345088161209068,0.001889168765743073,0.011964735516372796,0.001889168765743073,0.0,0.0006297229219143577,0.010075566750629723,0.003778337531486146,0.12720403022670027,1588.0
40799,42.079818,-71.961482,14250.0,0.45353159851301117,0.0037174721189591076,0.0037174721189591076,0.15985130111524162,0.0,0.031598513011152414,0.0724907063197026,0.0018587360594795538,0.024163568773234202,0.0037174721189591076,0.0037174721189591076,0.0037174721189591076,0.007434944237918215,0.020446096654275093,0.2100371747211896,538.0
40803,41.563886,-70.63587199999999,250.0,0.006286703809667219,0.0004517391959042313,0.0,0.11304773377503388,0.019838879686794157,0.06821261858153893,0.419891582592983,0.02190935100135522,0.009110073784068664,0.005797319680770968,0.01829543743412137,0.023001054058123777,0.007227827134467701,0.00037644932992019273,0.28655322993525073,13282.0
40803,41.563886,-70.63587199999999,750.0,0.006837377664566296,0.0010725298297358896,0.0,0.09250569781472047,0.02667917951468025,0.08231666443222953,0.5351923850382089,0.03700227912588819,0.009920900925056979,0.009384636010189034,0.03458908700898244,0.03096929883362381,0.008312106180453143,0.0005362649148679448,0.12468159270679716,3729.5
40803,41.563886,-70.63587199999999,1250.0,0.0032993401319736052,0.0,0.0,0.10212957408518296,0.027144571085782842,0.08218356328734253,0.5458908218356329,0.03839232153569286,0.009298140371925615,0.005698860227954409,0.03389322135572886,0.01979604079184163,0.007798440311937612,0.0,0.1244751049790042,3334.0
40803,41.563886,-70.63587199999999,1750.0,0.0015627872770729914,0.0,0.0,0.08595330023901453,0.026659312373598087,0.07740393454679169,0.5160875160875161,0.049825335539621256,0.007722007722007722,0.006067291781577496,0.03254274682846112,0.012134583563154992,0.00882515168229454,0.00018385732671446958,0.17503217503217502,5439.0
40803,41.563886,-70.63587199999999,2250.0,0.0015479876160990713,0.0,0.0,0.06346749226006192,0.0173374613003096,0.0978328173374613,0.5306501547987617,0.06377708978328174,0.01238390092879257,0.00804953560371517,0.02786377708978328,0.00804953560371517,0.0037151702786377707,0.0006191950464396285,0.16470588235294117,1615.0
40803,41.563886,-70.63587199999999,2750.0,0.0018814675446848542,0.0,0.0006271558482282847,0.05863907180934462,0.023204766384446535,0.07902163687676388,0.5148949513954217,0.10410787080589526,0.006898714330511132,0.01317027281279398,0.022577610536218252,0.017560363750391973,0.01066164941988084,0.0,0.14675446848541862,1594.5
40803,41.563886,-70.63587199999999,3250.0,0.000573641187437258,0.000286820593718629,0.000286820593718629,0.06353076150867633,0.018069697404273628,0.08260433099096515,0.44428509967015634,0.19102251541660692,0.007457335436684354,0.006596873655528467,0.01634877384196185,0.01434102968593145,0.010325541373870643,0.000286820593718629,0.14398393804675175,3486.5
40803,41.563886,-70.63587199999999,3750.0,0.0006439841150584952,0.00042932274337233016,0.0,0.06396908876247719,0.0074058173231726955,0.06525705699259418,0.3825265643447462,0.2784157990769561,0.012021036814425245,0.011162391327680585,0.017602232478265537,0.014811634646345391,0.009230438982505099,0.0,0.13652463239240098,4658.5
40803,41.563886,-70.63587199999999,4250.0,0.0006607201850016518,0.0,0.0003303600925008259,0.0700363396101751,0.005285761480013214,0.06838453914767097,0.36174430128840435,0.3138420878757846,0.009250082590023126,0.005946481665014866,0.017178724810042945,0.016187644532540468,0.007598282127518996,0.0009910802775024777,0.1225635943178064,3027.0
40803,41.563886,-70.63587199999999,4750.0,0.0016492578339747114,0.0002748763056624519,0.0,0.057724024189114896,0.013194062671797692,0.06899395272127543,0.40214403518416714,0.302913688840022,0.007146783947223749,0.007696536558548653,0.015667949422759758,0.011819681143485432,0.00577240241891149,0.0002748763056624519,0.10472787245739418,3638.0
40803,41.563886,-70.63587199999999,5250.0,0.0012048192771084338,0.00030120481927710846,0.0,0.053614457831325305,0.018674698795180723,0.053614457831325305,0.4852409638554217,0.22379518072289156,0.008734939759036145,0.008433734939759036,0.014457831325301205,0.012951807228915663,0.012048192771084338,0.002710843373493976,0.10421686746987951,3320.0
40803,41.563886,-70.63587199999999,5750.0,0.0014480162177816392,0.0002896032435563278,0.0002896032435563278,0.051259774109470024,0.03069794381697075,0.05328699681436432,0.5855777584708949,0.13061106284390386,0.008398494063133507,0.008977700550246163,0.007240081088908196,0.011004923255140457,0.020851433536055605,0.0002896032435563278,0.08977700550246162,3453.0
40803,41.563886,-70.63587199999999,6250.0,0.0025157232704402514,0.0,0.0,0.08553459119496855,0.035849056603773584,0.029559748427672956,0.6270440251572327,0.052830188679245285,0.006289308176100629,0.010062893081761006,0.005031446540880503,0.011320754716981131,0.0389937106918239,0.0006289308176100629,0.09433962264150944,1590.0
40803,41.563886,-70.63587199999999,6750.0,0.0,0.0,0.0,0.09622641509433963,0.03962264150943396,0.026415094339622643,0.6537735849056604,0.040566037735849055,0.007547169811320755,0.006603773584905661,0.0047169811320754715,0.009433962264150943,0.05188679245283019,0.0,0.06320754716981132,1060.0
40803,41.563886,-70.63587199999999,7250.0,0.001834189288334556,0.0,0.0,0.1210564930300807,0.03851797505502568,0.04952311078503301,0.5986793837123991,0.039251650770359504,0.009170946441672781,0.012472487160674981,0.007703595011005136,0.014306676449009537,0.0359501100513573,0.0011005135730007337,0.07043286867204696,2726.0
40803,41.563886,-70.63587199999999,7750.0,0.00028653295128939826,0.0,0.00028653295128939826,0.15272206303724928,0.03810888252148997,0.04842406876790831,0.5538681948424069,0.03524355300859599,0.006303724928366762,0.009169054441260744,0.003151862464183381,0.007449856733524355,0.04183381088825215,0.0014326647564469914,0.1017191977077364,3490.0
40803,41.563886,-70.63587199999999,8250.0,0.002457002457002457,0.000819000819000819,0.0,0.19656019656019655,0.0343980343980344,0.049959049959049956,0.4856674856674857,0.0475020475020475,0.009009009009009009,0.00819000819000819,0.003276003276003276,0.010647010647010647,0.06142506142506143,0.000819000819000819,0.08927108927108927,1221.0
40803,41.563886,-70.63587199999999,8750.0,0.001975633849193283,0.0006585446163977609,0.0,0.250576226539348,0.022719789265722753,0.03951267698386566,0.4761277576555812,0.007573263088574251,0.007243990780375371,0.008890352321369773,0.0013170892327955218,0.006256173855778729,0.03819558775107013,0.00032927230819888045,0.13862364175172867,3037.0
40803,41.563886,-70.63587199999999,9250.0,0.003927242662257131,0.0010334849111202976,0.0,0.29495659363373294,0.02149648615130219,0.037205456800330716,0.441091360066143,0.0047540305911533695,0.00847457627118644,0.0062009094667217855,0.0018602728400165358,0.005374121537825548,0.019429516329061595,0.0008267879288962381,0.15336916081025218,4838.0
40803,41.563886,-70.63587199999999,9750.0,0.0025252525252525255,0.0,0.0,0.3872053872053872,0.027777777777777776,0.04250841750841751,0.36658249158249157,0.005050505050505051,0.010942760942760943,0.007996632996632997,0.00042087542087542086,0.005471380471380472,0.013888888888888888,0.0,0.12962962962962962,2376.0
40803,41.563886,-70.63587199999999,10250.0,0.0032102728731942215,0.0,0.0,0.3306581059390048,0.01765650080256822,0.03531300160513644,0.42536115569823435,0.0016051364365971107,0.0032102728731942215,0.006420545746388443,0.004815409309791332,0.0016051364365971107,0.019261637239165328,0.0,0.1508828250401284,623.0
40803,41.563886,-70.63587199999999,10750.0,0.013059701492537313,0.0037313432835820895,0.0,0.621268656716418,0.024253731343283583,0.061567164179104475,0.14925373134328357,0.0,0.0037313432835820895,0.005597014925373134,0.0018656716417910447,0.0018656716417910447,0.007462686567164179,0.0018656716417910447,0.1044776119402985,536.0
40803,41.563886,-70.63587199999999,11250.0,0.021404109589041095,0.005136986301369863,0.0,0.5933219178082192,0.023116438356164382,0.06934931506849315,0.12585616438356165,0.0,0.004280821917808219,0.0059931506849315065,0.0008561643835616438,0.0025684931506849314,0.016267123287671232,0.003424657534246575,0.1284246575342466,1168.0
40803,41.563886,-70.63587199999999,12250.0,0.08885017421602788,0.008710801393728223,0.003484320557491289,0.5435540069686411,0.006968641114982578,0.1132404181184669,0.03484320557491289,0.0017421602787456446,0.006968641114982578,0.003484320557491289,0.0017421602787456446,0.003484320557491289,0.078397212543554,0.0,0.10452961672473868,574.0
40803,41.563886,-70.63587199999999,13250.0,0.1925133689839572,0.023172905525846704,0.0196078431372549,0.45276292335115864,0.017825311942959002,0.1622103386809269,0.026737967914438502,0.0017825311942959,0.0071301247771836,0.0017825311942959,0.0,0.0017825311942959,0.062388591800356503,0.0,0.030303030303030304,561.0
40803,41.563886,-70.63587199999999,13750.0,0.25,0.03518518518518519,0.0,0.3074074074074074,0.0,0.14074074074074075,0.03518518518518519,0.0,0.003703703703703704,0.0,0.0,0.001851851851851852,0.18888888888888888,0.001851851851851852,0.03518518518518519,540.0
40803,41.563886,-70.63587199999999,14250.0,0.14711191335740073,0.0009025270758122744,0.0,0.6146209386281588,0.0009025270758122744,0.027978339350180504,0.04422382671480144,0.007220216606498195,0.005415162454873646,0.0036101083032490976,0.0,0.0009025270758122744,0.05776173285198556,0.0018050541516245488,0.08754512635379061,1108.0
40854,42.17522,-72.702,250.0,0.007012437152685896,0.00013231013495633765,0.00013231013495633765,0.1549351680338714,0.04802857898915057,0.18999735379730087,0.34572638264091027,0.03453294522360413,0.020508070918232337,0.011775602011114052,0.02103731145805769,0.009394019581899974,0.00674781688277322,0.003043133103995766,0.14699655993649113,7558.0
40854,42.17522,-72.702,750.0,0.0038958376050850932,0.0,0.0002050440844781628,0.16342013532909574,0.09144966167726061,0.13696944843141276,0.39881074431002667,0.056797211400451096,0.017633791265122,0.010867336477342629,0.031166700840680746,0.011482468730777117,0.010047160139429977,0.002255484929259791,0.06499897477957761,4877.0
40854,42.17522,-72.702,1250.0,0.0043586550435865505,0.0,0.0,0.1780821917808219,0.09153175591531756,0.12017434620174346,0.3804483188044832,0.074719800747198,0.0161892901618929,0.014321295143212951,0.036737235367372355,0.010585305105853052,0.00560398505603985,0.0018679950186799503,0.06537982565379825,1606.0
40854,42.17522,-72.702,1750.0,0.003211009174311927,0.0,0.0,0.20458715596330276,0.07752293577981652,0.12247706422018349,0.3908256880733945,0.061467889908256884,0.018807339449541285,0.011009174311926606,0.038073394495412846,0.012844036697247707,0.007339449541284404,0.001834862385321101,0.05,2180.0
40854,42.17522,-72.702,2250.0,0.0024479804161566705,0.0,0.0,0.18512851897184823,0.06701346389228886,0.12484700122399021,0.4130966952264382,0.06578947368421052,0.02539779681762546,0.011015911872705019,0.028151774785801713,0.010709914320685434,0.0073439412484700125,0.0,0.059057527539779685,3268.0
40854,42.17522,-72.702,2750.0,0.001344688480502017,0.0,0.0,0.19811743612729718,0.06633796503809951,0.10578216046615867,0.4043030031376065,0.09995517705064993,0.019722097714029583,0.012998655311519497,0.03765127745405648,0.012102196324518153,0.003585835948005379,0.0017929179740026895,0.03630658897355446,2231.0
40854,42.17522,-72.702,3250.0,0.0013327410039982231,0.0,0.0,0.17503331852509996,0.05553087516659263,0.11461572634384717,0.42425588627276767,0.08529542425588628,0.028431808085295423,0.009329187027987561,0.0368725011106175,0.014215904042647711,0.006219458018658374,0.0,0.04886717014660151,2251.0
40854,42.17522,-72.702,3750.0,0.0037105751391465678,0.0,0.0,0.1805813234384663,0.06988249845392702,0.10822510822510822,0.4056895485466914,0.0847247990105133,0.008658008658008658,0.014842300556586271,0.04143475572047001,0.01422387136672851,0.006184291898577613,0.0012368583797155227,0.06060606060606061,1617.0
40854,42.17522,-72.702,4250.0,0.0013309671694764862,0.0,0.0,0.14374445430346053,0.05545696539485359,0.10780834072759539,0.43123336291038156,0.10070984915705412,0.019077196095829637,0.01730257320319432,0.047471162377994675,0.01064773735581189,0.003992901508429458,0.0008873114463176575,0.06033717834960071,2254.0
40854,42.17522,-72.702,4750.0,0.0005777007510109763,0.0,0.0,0.1317157712305026,0.049104563835932986,0.11554015020219527,0.4436741767764298,0.11438474870017332,0.02484113229347198,0.01386481802426343,0.03870595031773541,0.008665511265164644,0.008087810514153668,0.0011554015020219526,0.04968226458694396,1731.0
40854,42.17522,-72.702,5250.0,0.0010857763300760044,0.0,0.0,0.14694173000361926,0.08070937386898298,0.0988056460369164,0.41983351429605503,0.10712993123416577,0.0249728555917481,0.01737242128121607,0.02714440825190011,0.007962359753890699,0.006152732537097358,0.0007238508867173362,0.06116539992761491,2763.0
40854,42.17522,-72.702,5750.0,0.0012300123001230013,0.0,0.0,0.15334153341533416,0.1049610496104961,0.09471094710947109,0.4050840508405084,0.0963509635096351,0.02009020090200902,0.021730217302173022,0.024190241902419023,0.015170151701517014,0.004920049200492005,0.0008200082000820008,0.05740057400574006,2439.0
40854,42.17522,-72.702,6250.0,0.0,0.0,0.0,0.12418300653594772,0.1328976034858388,0.10457516339869281,0.3681917211328976,0.12636165577342048,0.02178649237472767,0.023965141612200435,0.013071895424836602,0.008714596949891068,0.010893246187363835,0.002178649237472767,0.06318082788671024,459.0
40854,42.17522,-72.702,6750.0,0.0,0.0,0.0,0.2098360655737705,0.10491803278688525,0.07540983606557378,0.39344262295081966,0.07540983606557378,0.006557377049180328,0.013114754098360656,0.0,0.022950819672131147,0.01639344262295082,0.0,0.08196721311475409,305.0
40854,42.17522,-72.702,7250.0,0.0,0.0,0.0,0.16460176991150444,0.13333333333333333,0.08849557522123894,0.4330383480825959,0.0743362831858407,0.010619469026548672,0.015339233038348082,0.0035398230088495575,0.016519174041297935,0.0058997050147492625,0.0,0.054277286135693215,847.5
40854,42.17522,-72.702,7750.0,0.0025380710659898475,0.0,0.0,0.19543147208121828,0.11421319796954314,0.06345177664974619,0.39847715736040606,0.06091370558375635,0.02030456852791878,0.017766497461928935,0.005076142131979695,0.025380710659898477,0.007614213197969543,0.0,0.08883248730964467,394.0
40854,42.17522,-72.702,8250.0,0.0,0.0,0.0,0.21384750219106047,0.12532865907099036,0.07449605609114812,0.3987730061349693,0.058720420683610865,0.021034180543382998,0.017528483786152498,0.007011393514460999,0.016652059596844872,0.007887817703768623,0.0008764241893076249,0.057843996494303246,1141.0
40854,42.17522,-72.702,8750.0,0.003003003003003003,0.0,0.0,0.3054483054483054,0.10896610896610896,0.07207207207207207,0.3938223938223938,0.031746031746031744,0.006006006006006006,0.010296010296010296,0.003432003432003432,0.01287001287001287,0.006006006006006006,0.0,0.04633204633204633,1165.5
40854,42.17522,-72.702,9250.0,0.003676470588235294,0.0,0.0,0.5036764705882353,0.12254901960784313,0.05392156862745098,0.22549019607843138,0.0,0.0,0.00980392156862745,0.0,0.01715686274509804,0.0,0.0024509803921568627,0.061274509803921566,408.0
40854,42.17522,-72.702,9750.0,0.01288659793814433,0.001288659793814433,0.001288659793814433,0.5064432989690721,0.09149484536082474,0.03608247422680412,0.21778350515463918,0.002577319587628866,0.014175257731958763,0.011597938144329897,0.0,0.011597938144329897,0.01288659793814433,0.001288659793814433,0.07860824742268041,776.0
40854,42.17522,-72.702,10250.0,0.01366120218579235,0.00546448087431694,0.00273224043715847,0.5765027322404371,0.03825136612021858,0.06830601092896176,0.16939890710382513,0.0,0.01912568306010929,0.01639344262295082,0.00273224043715847,0.01092896174863388,0.01639344262295082,0.0,0.060109289617486336,366.0
40854,42.17522,-72.702,10750.0,0.03669724770642202,0.006880733944954129,0.0,0.5963302752293578,0.11697247706422019,0.05963302752293578,0.10779816513761468,0.0,0.0045871559633027525,0.0045871559633027525,0.0045871559633027525,0.020642201834862386,0.006880733944954129,0.0022935779816513763,0.03211009174311927,436.0
40854,42.17522,-72.702,11250.0,0.007190265486725664,0.0022123893805309734,0.0,0.5591814159292036,0.06637168141592921,0.05420353982300885,0.2168141592920354,0.0011061946902654867,0.00331858407079646,0.011061946902654867,0.0022123893805309734,0.01327433628318584,0.004424778761061947,0.0,0.0586283185840708,904.0
40854,42.17522,-72.702,11750.0,0.16184971098265896,0.025433526011560695,0.0,0.5167630057803468,0.013872832369942197,0.13872832369942195,0.057803468208092484,0.0,0.0023121387283236996,0.016184971098265895,0.0,0.006936416184971098,0.03005780346820809,0.0,0.03005780346820809,432.5
40854,42.17522,-72.702,12250.0,0.4261326329612607,0.0479317137229153,0.010505581089954037,0.18975705843729482,0.007879185817465528,0.10505581089954039,0.04596191726854892,0.003939592908732764,0.005252790544977019,0.0026263952724885093,0.0,0.0026263952724885093,0.07091267235718976,0.011818778726198293,0.0695994747209455,761.5
40854,42.17522,-72.702,12750.0,0.3765432098765432,0.0030864197530864196,0.0,0.15123456790123457,0.0,0.040123456790123455,0.06481481481481481,0.0030864197530864196,0.009259259259259259,0.0,0.0,0.0,0.006172839506172839,0.015432098765432098,0.33024691358024694,324.0
40854,42.17522,-72.702,13750.0,0.20284697508896798,0.014234875444839857,0.0,0.19217081850533807,0.0,0.1494661921708185,0.03558718861209965,0.0,0.0,0.0071174377224199285,0.0,0.0,0.0,0.0,0.398576512455516,140.5
40875,42.108152,-73.43755999999999,250.0,0.0,0.0,0.0,0.11284513805522209,0.19207683073229292,0.148859543817527,0.24129651860744297,0.056422569027611044,0.04321728691476591,0.014405762304921969,0.05162064825930372,0.03481392557022809,0.003601440576230492,0.0,0.10084033613445378,833.0
40875,42.108152,-73.43755999999999,750.0,0.0,0.0,0.0,0.09941520467836257,0.2046783625730994,0.09941520467836257,0.20760233918128654,0.11988304093567251,0.03508771929824561,0.005847953216374269,0.029239766081871343,0.03508771929824561,0.0,0.0,0.16374269005847952,342.0
40875,42.108152,-73.43755999999999,1250.0,0.0,0.0,0.0,0.12341772151898735,0.22784810126582278,0.10443037974683544,0.20569620253164558,0.09177215189873418,0.03639240506329114,0.020569620253164556,0.04272151898734177,0.03481012658227848,0.0,0.0,0.11234177215189874,632.0
40875,42.108152,-73.43755999999999,1750.0,0.0,0.0,0.0,0.13245033112582782,0.24503311258278146,0.10264900662251655,0.2052980132450331,0.11589403973509933,0.023178807947019868,0.016556291390728478,0.09271523178807947,0.006622516556291391,0.0,0.0,0.059602649006622516,302.0
40875,42.108152,-73.43755999999999,2250.0,0.0,0.0,0.0,0.13751375137513752,0.20132013201320131,0.1111111111111111,0.23872387238723872,0.08800880088008801,0.0352035203520352,0.0176017601760176,0.04400440044004401,0.034103410341034104,0.0,0.0,0.0924092409240924,909.0
40875,42.108152,-73.43755999999999,2750.0,0.0,0.0,0.0,0.18518518518518517,0.16498316498316498,0.10101010101010101,0.1717171717171717,0.10101010101010101,0.07744107744107744,0.013468013468013467,0.037037037037037035,0.03367003367003367,0.0,0.0,0.11447811447811448,297.0
40875,42.108152,-73.43755999999999,3250.0,0.0,0.0,0.0,0.24915824915824916,0.08080808080808081,0.13804713804713806,0.23232323232323232,0.10437710437710437,0.03367003367003367,0.02356902356902357,0.050505050505050504,0.06397306397306397,0.0,0.0,0.02356902356902357,297.0
40875,42.108152,-73.43755999999999,3750.0,0.0,0.0014749262536873156,0.0,0.16371681415929204,0.07227138643067847,0.11946902654867257,0.3053097345132743,0.10619469026548672,0.0471976401179941,0.01032448377581121,0.05457227138643068,0.06637168141592921,0.0014749262536873156,0.0,0.051622418879056046,678.0
40875,42.108152,-73.43755999999999,4250.0,0.024302788844621514,0.0,0.0,0.07689243027888447,0.0804780876494024,0.17888446215139442,0.3282868525896414,0.11713147410358565,0.02390438247011952,0.01195219123505976,0.07290836653386454,0.030677290836653385,0.004780876494023904,0.0007968127490039841,0.04900398406374502,2510.0
40875,42.108152,-73.43755999999999,4750.0,0.011180124223602485,0.0,0.0,0.03540372670807453,0.1937888198757764,0.17701863354037267,0.2701863354037267,0.16273291925465838,0.02111801242236025,0.016149068322981366,0.03850931677018633,0.029192546583850933,0.004968944099378882,0.0,0.03975155279503106,1610.0
40875,42.108152,-73.43755999999999,5250.0,0.011436170212765957,0.0,0.0,0.022340425531914895,0.23164893617021276,0.1797872340425532,0.23829787234042554,0.1726063829787234,0.022340425531914895,0.015691489361702126,0.03563829787234043,0.022340425531914895,0.006914893617021276,0.0,0.040957446808510635,3760.0
40875,42.108152,-73.43755999999999,5750.0,0.023593466424682397,0.0,0.0,0.030852994555353903,0.25226860254083483,0.13793103448275862,0.2595281306715064,0.15063520871143377,0.012704174228675136,0.012704174228675136,0.04900181488203267,0.029038112522686024,0.0,0.0,0.041742286751361164,551.0
40875,42.108152,-73.43755999999999,6250.0,0.0012012012012012011,0.0,0.0,0.024624624624624624,0.2606606606606607,0.1837837837837838,0.20960960960960962,0.18678678678678678,0.026426426426426425,0.021621621621621623,0.03063063063063063,0.014414414414414415,0.0036036036036036037,0.0,0.03663663663663664,1665.0
40875,42.108152,-73.43755999999999,6750.0,0.008960573476702509,0.0,0.0,0.012544802867383513,0.2974910394265233,0.1971326164874552,0.13799283154121864,0.21863799283154123,0.01971326164874552,0.010752688172043012,0.044802867383512544,0.014336917562724014,0.0017921146953405018,0.0,0.035842293906810034,558.0
40875,42.108152,-73.43755999999999,7250.0,0.007373271889400922,0.0,0.0,0.03225806451612903,0.22119815668202766,0.19631336405529953,0.2119815668202765,0.2350230414746544,0.011981566820276499,0.012903225806451613,0.020276497695852536,0.011059907834101382,0.004608294930875576,0.0,0.035023041474654376,1085.0
40875,42.108152,-73.43755999999999,7750.0,0.0,0.0,0.0,0.04411764705882353,0.32563025210084034,0.04831932773109244,0.21218487394957983,0.22478991596638656,0.03361344537815126,0.014705882352941176,0.03571428571428571,0.031512605042016806,0.0021008403361344537,0.0,0.0273109243697479,476.0
40875,42.108152,-73.43755999999999,8250.0,0.018628281117696866,0.000846740050804403,0.0,0.09822184589331075,0.16003386960203217,0.14140558848433532,0.3420829805249788,0.11939034716342083,0.018628281117696866,0.012701100762066046,0.012701100762066046,0.017781541066892465,0.012701100762066046,0.0,0.04487722269263336,1181.0
40875,42.108152,-73.43755999999999,8750.0,0.009499136442141624,0.0,0.0,0.06044905008635579,0.2392055267702936,0.13385146804835923,0.3177892918825561,0.13212435233160622,0.011226252158894647,0.01468048359240069,0.0051813471502590676,0.013816925734024179,0.0034542314335060447,0.0,0.05872193436960276,1158.0
40875,42.108152,-73.43755999999999,9250.0,0.09615384615384616,0.013461538461538462,0.0,0.06538461538461539,0.17692307692307693,0.16923076923076924,0.3038461538461538,0.0673076923076923,0.013461538461538462,0.019230769230769232,0.0038461538461538464,0.011538461538461539,0.0,0.0,0.05961538461538462,520.0
40875,42.108152,-73.43755999999999,9750.0,0.04828850855745721,0.007334963325183374,0.0,0.17665036674816625,0.16503667481662593,0.1387530562347188,0.3416870415647922,0.023227383863080684,0.011613691931540342,0.012836185819070905,0.003667481662591687,0.014669926650366748,0.01039119804400978,0.0,0.04584352078239609,1636.0
40875,42.108152,-73.43755999999999,10750.0,0.15700267618198038,0.007136485280999108,0.0,0.25958965209634255,0.11150758251561106,0.09188224799286351,0.296164139161463,0.0044603033006244425,0.015165031222123104,0.015165031222123104,0.003568242640499554,0.008028545941123996,0.007136485280999108,0.0,0.0231935771632471,1121.0
40875,42.108152,-73.43755999999999,11750.0,0.08944543828264759,0.04114490161001789,0.0,0.4776386404293381,0.03220035778175313,0.13416815742397137,0.09302325581395349,0.017889087656529516,0.017889087656529516,0.008944543828264758,0.008944543828264758,0.03041144901610018,0.028622540250447227,0.0,0.01967799642218247,559.0
40875,42.108152,-73.43755999999999,12750.0,0.3302286198137172,0.08975444538526672,0.0,0.2464013547840813,0.01100762066045724,0.1363251481795089,0.0279424216765453,0.002540220152413209,0.002540220152413209,0.000846740050804403,0.0,0.004233700254022015,0.09822184589331075,0.0,0.04995766299745978,1181.0
40875,42.108152,-73.43755999999999,13250.0,0.203281677301732,0.04740200546946217,0.0,0.37101185050136737,0.01731996353691887,0.13309024612579762,0.10027347310847767,0.006381039197812215,0.016408386508659983,0.0018231540565177757,0.004557885141294439,0.01276207839562443,0.024612579762989972,0.0,0.061075660893345485,1097.0
40875,42.108152,-73.43755999999999,13750.0,0.5536945812807882,0.008866995073891626,0.0,0.21083743842364533,0.0009852216748768472,0.04827586206896552,0.07192118226600985,0.0019704433497536944,0.012807881773399015,0.0009852216748768472,0.002955665024630542,0.0,0.014778325123152709,0.0,0.07192118226600985,1015.0
40914,44.36008,-72.37352,250.0,0.07462427243506212,0.006515506906437321,0.0023455824863174357,0.09590826166275736,0.08835027365129007,0.32169229432716534,0.03492311701850404,0.09981756580661975,0.01563721657544957,0.011032925028233864,0.0026930761879940925,0.029363217791677526,0.03023195204586917,0.0011293545304491355,0.18573538354617322,11511.0
40914,44.36008,-72.37352,750.0,0.05973813420621931,0.0019094380796508457,0.0005455537370430987,0.05782869612656847,0.1950354609929078,0.32951445717403166,0.038188761593016915,0.14266230223677032,0.015548281505728314,0.012547735951991271,0.0035460992907801418,0.03873431533006001,0.00900163666121113,0.0,0.09519912711402073,3666.0
40914,44.36008,-72.37352,1250.0,0.050324899764966124,0.0017973178487487903,0.00027651043826904464,0.05751417115996129,0.14019079220240563,0.3431494538918844,0.03207521083920918,0.17198949260334578,0.015761094981335544,0.020461772431909303,0.0033181252592285357,0.03262823171574727,0.01659062629614268,0.0,0.1139223005668464,3616.5
40914,44.36008,-72.37352,1750.0,0.01477286716730272,0.0008617505847593254,0.000738643358365136,0.04210267142681275,0.15289917518158316,0.3163855718330666,0.04308752923796627,0.18909269974147483,0.02831466207066355,0.019450941770281914,0.003200787886248923,0.041856456974024375,0.0184660839591284,0.0004924289055767574,0.1282777299027453,4061.5
40914,44.36008,-72.37352,2250.0,0.006440186765416197,0.0004830140074062148,0.0009660280148124296,0.0392851392690388,0.1535984543551763,0.33134760908066335,0.03638705522460151,0.1925615842859443,0.028014812429560457,0.014812429560457254,0.0028980840444372885,0.04991144743197553,0.009660280148124296,0.0006440186765416197,0.13298985670584446,3105.5
40914,44.36008,-72.37352,2750.0,0.004174024723069513,0.0024080911863862578,0.00032107882485150104,0.051693690801091666,0.11237758869802536,0.33006903194734305,0.03820838015732862,0.2087012361534757,0.02151228126505057,0.017338256541981057,0.0032107882485150102,0.03949269545673463,0.007705891796436025,0.0,0.16278696419971103,3114.5
40914,44.36008,-72.37352,3250.0,0.0023820867079561697,0.0009528346831824678,0.0009528346831824678,0.04525964745116722,0.11624583134826108,0.3878037160552644,0.03668413530252501,0.18627918056217246,0.02429728442115293,0.015245354930919485,0.003811338732729871,0.03668413530252501,0.007146260123868509,0.0,0.1362553596950929,2099.0
40914,44.36008,-72.37352,3750.0,0.0019102196752626551,0.0005730659025787965,0.0,0.049665711556829036,0.07067812798471824,0.38739255014326646,0.03858643744030563,0.22578796561604583,0.023304680038204392,0.017956064947468958,0.002292263610315186,0.03629417382999045,0.006876790830945559,0.00038204393505253105,0.13829990448901625,2617.5
40914,44.36008,-72.37352,4250.0,0.0024394820791893415,0.0015012197410395947,0.0007506098705197974,0.07618690185775943,0.05404391067742541,0.37755676487145806,0.04616250703696754,0.1692625258022143,0.0285231750797523,0.015012197410395946,0.004128354287858885,0.04954025145430663,0.010883843122537061,0.0,0.16400825670857572,2664.5
40914,44.36008,-72.37352,4750.0,0.0025284450063211127,0.0012642225031605564,0.0,0.08343868520859671,0.02654867256637168,0.4361567635903919,0.04740834386852086,0.20606826801517067,0.035398230088495575,0.01580278128950695,0.006321112515802781,0.04424778761061947,0.00695322376738306,0.0,0.08786346396965866,1582.0
40914,44.36008,-72.37352,5250.0,0.001103230890464933,0.00031520882584712374,0.0,0.056422379826635144,0.01702127659574468,0.5014972419227738,0.03372734436564224,0.17903861308116628,0.024901497241922775,0.02206461780929866,0.0034672970843183607,0.04097714736012608,0.010717100078802206,0.0,0.10874704491725769,3172.5
40914,44.36008,-72.37352,5750.0,0.0009482268158543523,0.0,0.0,0.034136165370756685,0.16233643087426514,0.4547695808837474,0.030722548833681015,0.16726721031670774,0.015550919780011378,0.02010240849611227,0.0022757443580504457,0.026171060117580126,0.0037929072634174093,0.0,0.08192679688981605,2636.5
40914,44.36008,-72.37352,6250.0,0.0006321112515802782,0.0,0.0006321112515802782,0.039506953223767384,0.19058154235145386,0.42035398230088494,0.040455120101137804,0.15391908975979773,0.02307206068268015,0.021175726927939318,0.0031605562579013905,0.03697850821744627,0.0050568900126422255,0.0,0.06447534766118837,3164.0
40914,44.36008,-72.37352,6750.0,0.0005754843660080568,0.0001918281220026856,0.0005754843660080568,0.043353155572606945,0.219643199693075,0.41780164972184924,0.03644734318051026,0.13370420103587186,0.015154421638212161,0.018031843468252446,0.001342796854018799,0.031076155764435065,0.005179359294072511,0.0,0.07692307692307693,5213.0
40914,44.36008,-72.37352,7250.0,0.0022675736961451248,0.0,0.0011337868480725624,0.07142857142857142,0.29081632653061223,0.42290249433106575,0.03458049886621315,0.05668934240362812,0.010770975056689343,0.022108843537414966,0.0017006802721088435,0.030045351473922902,0.006235827664399093,0.0,0.04931972789115646,1764.0
40914,44.36008,-72.37352,7750.0,0.0004968944099378882,0.0002484472049689441,0.0007453416149068323,0.10037267080745342,0.2959006211180124,0.39602484472049687,0.02906832298136646,0.04472049689440994,0.017391304347826087,0.017142857142857144,0.001987577639751553,0.029316770186335404,0.0044720496894409935,0.0,0.062111801242236024,4025.0
40914,44.36008,-72.37352,8250.0,0.0019120458891013384,0.0,0.0,0.22179732313575526,0.32887189292543023,0.15678776290630975,0.13001912045889102,0.019120458891013385,0.015296367112810707,0.017208413001912046,0.0,0.0497131931166348,0.0,0.0,0.05927342256214149,523.0
40914,44.36008,-72.37352,8750.0,0.0013568521031207597,0.0033921302578018998,0.0006784260515603799,0.32360922659430125,0.21777476255088196,0.2781546811397558,0.07259158751696065,0.016960651289009497,0.011533242876526458,0.0067842605156037995,0.0,0.025101763907734057,0.0033921302578018998,0.0,0.03867028493894165,1474.0
40914,44.36008,-72.37352,9250.0,0.0019083969465648854,0.0019083969465648854,0.0,0.5534351145038168,0.18893129770992367,0.09541984732824428,0.0648854961832061,0.013358778625954198,0.01717557251908397,0.0057251908396946565,0.0019083969465648854,0.019083969465648856,0.0019083969465648854,0.0,0.03435114503816794,524.0
40914,44.36008,-72.37352,9750.0,0.0018832391713747645,0.0018832391713747645,0.0018832391713747645,0.544256120527307,0.10734463276836158,0.0903954802259887,0.15819209039548024,0.0018832391713747645,0.013182674199623353,0.01694915254237288,0.0,0.03389830508474576,0.003766478342749529,0.0,0.02448210922787194,531.0
40914,44.36008,-72.37352,10250.0,0.008119925046845722,0.0037476577139287947,0.003123048094940662,0.5415365396627108,0.08931917551530294,0.0730793254216115,0.1405371642723298,0.004996876951905059,0.027482823235477825,0.010618363522798251,0.0012492192379762648,0.033728919425359154,0.006246096189881324,0.0,0.056214865708931916,1601.0
40914,44.36008,-72.37352,10750.0,0.0038684719535783366,0.0038684719535783366,0.005802707930367505,0.4932301740812379,0.05415860735009671,0.10638297872340426,0.17794970986460348,0.017408123791102514,0.017408123791102514,0.03868471953578337,0.0,0.013539651837524178,0.007736943907156673,0.0,0.059961315280464215,517.0
40914,44.36008,-72.37352,11250.0,0.028391167192429023,0.03659305993690852,0.013249211356466877,0.4334384858044164,0.0056782334384858045,0.21324921135646688,0.09589905362776026,0.004416403785488959,0.031545741324921134,0.01829652996845426,0.0018927444794952682,0.017034700315457414,0.02965299684542587,0.0,0.07066246056782334,1585.0
40914,44.36008,-72.37352,11750.0,0.17037037037037037,0.003703703703703704,0.044444444444444446,0.29814814814814816,0.007407407407407408,0.12407407407407407,0.046296296296296294,0.0,0.03148148148148148,0.005555555555555556,0.0,0.007407407407407408,0.1925925925925926,0.009259259259259259,0.05925925925925926,540.0
40914,44.36008,-72.37352,12750.0,0.08128544423440454,0.005671077504725898,0.017958412098298678,0.27882797731569,0.004725897920604915,0.3052930056710775,0.07088846880907372,0.003780718336483932,0.020793950850661626,0.01606805293005671,0.0,0.006616257088846881,0.06332703213610585,0.0,0.12476370510396975,1058.0
40914,44.36008,-72.37352,13250.0,0.2827586206896552,0.0017241379310344827,0.008620689655172414,0.2810344827586207,0.0034482758620689655,0.1482758620689655,0.010344827586206896,0.0017241379310344827,0.0017241379310344827,0.0034482758620689655,0.0,0.008620689655172414,0.11896551724137931,0.0017241379310344827,0.12758620689655173,580.0
40914,44.36008,-72.37352,14250.0,0.18710832587287377,0.0008952551477170994,0.0026857654431512983,0.3169203222918532,0.05729632945389436,0.18173679498657117,0.02954341987466428,0.050134288272157566,0.01432408236347359,0.008057296329453895,0.0008952551477170994,0.007162041181736795,0.023276633840644583,0.0,0.11996418979409132,1117.0
40914,44.36008,-72.37352,14750.0,0.4038800705467372,0.007054673721340388,0.0,0.3527336860670194,0.003527336860670194,0.07054673721340388,0.003527336860670194,0.0,0.008818342151675485,0.0,0.003527336860670194,0.0,0.014109347442680775,0.0,0.13227513227513227,567.0
40988,42.675740000000005,-72.19332,250.0,0.028017842207973237,0.0019514914970727628,0.002927237245609144,0.165597992751603,0.14218009478672985,0.21243378868134932,0.1272651240591023,0.10036241984945637,0.01366044047950934,0.008921103986618344,0.00766657373850014,0.02076944521884583,0.011430164482854754,0.0039029829941455256,0.15291329802063006,7174.0
40988,42.675740000000005,-72.19332,750.0,0.014768752429071124,0.000388651379712398,0.001165954139137194,0.08511465215701516,0.2510687912942091,0.21764477263894286,0.11659541391371939,0.19782355227361056,0.014380101049358725,0.008550330353672756,0.008938981733385153,0.028371550719005052,0.005441119315973571,0.001554605518849592,0.04819277108433735,2573.0
40988,42.675740000000005,-72.19332,1750.0,0.011650485436893204,0.001941747572815534,0.001941747572815534,0.1029126213592233,0.23300970873786409,0.1650485436893204,0.10679611650485436,0.21359223300970873,0.02330097087378641,0.013592233009708738,0.009708737864077669,0.031067961165048542,0.013592233009708738,0.003883495145631068,0.06796116504854369,515.0
40988,42.675740000000005,-72.19332,2250.0,0.007696007696007696,0.000962000962000962,0.0,0.14959114959114958,0.21212121212121213,0.13756613756613756,0.13660413660413662,0.2222222222222222,0.022126022126022125,0.008658008658008658,0.00913900913900914,0.024531024531024532,0.013468013468013467,0.0,0.05531505531505532,2079.0
40988,42.675740000000005,-72.19332,2750.0,0.0032637075718015664,0.0013054830287206266,0.0006527415143603133,0.1671018276762402,0.20822454308093996,0.12336814621409922,0.13968668407310705,0.22519582245430808,0.018276762402088774,0.008485639686684074,0.010443864229765013,0.026762402088772844,0.007832898172323759,0.0006527415143603133,0.0587467362924282,1532.0
40988,42.675740000000005,-72.19332,3250.0,0.003238341968911917,0.0012953367875647669,0.0006476683937823834,0.1567357512953368,0.125,0.13018134715025906,0.24676165803108807,0.18264248704663213,0.02266839378238342,0.009715025906735751,0.011658031088082901,0.029145077720207253,0.014896373056994818,0.0019430051813471502,0.06347150259067358,1544.0
40988,42.675740000000005,-72.19332,3750.0,0.004437869822485207,0.0019723865877712033,0.0,0.20759368836291914,0.08925049309664694,0.11883629191321499,0.2593688362919132,0.16765285996055226,0.02564102564102564,0.009368836291913214,0.01873767258382643,0.02514792899408284,0.010355029585798817,0.0034516765285996054,0.05818540433925049,2028.0
40988,42.675740000000005,-72.19332,4250.0,0.0024342745861733205,0.0004868549172346641,0.0,0.18938656280428431,0.04771178188899708,0.14703018500486856,0.2736124634858812,0.16601752677702045,0.024829600778967866,0.014605647517039922,0.01314508276533593,0.03894839337877313,0.014605647517039922,0.005842259006815969,0.06134371957156767,2054.0
40988,42.675740000000005,-72.19332,4750.0,0.0019749835418038184,0.0006583278472679394,0.0,0.17972350230414746,0.03489137590520079,0.12705727452271232,0.34430546412113233,0.1421988150098749,0.028966425279789335,0.009874917709019092,0.013824884792626729,0.028308097432521395,0.019749835418038184,0.007241606319947334,0.061224489795918366,1519.0
40988,42.675740000000005,-72.19332,5250.0,0.0,0.0,0.0,0.10714285714285714,0.22007722007722008,0.13513513513513514,0.22876447876447875,0.14864864864864866,0.02027027027027027,0.017374517374517374,0.016409266409266408,0.03088803088803089,0.013513513513513514,0.007722007722007722,0.05405405405405406,1036.0
40988,42.675740000000005,-72.19332,5750.0,0.0014785608674223755,0.0,0.0,0.08920650566781665,0.18876293740758995,0.16609167077378018,0.20995564317397733,0.19418432725480533,0.019714144898965006,0.01429275505174963,0.009364218827008379,0.032528339083292265,0.01429275505174963,0.001971414489896501,0.05815672745194677,2029.0
40988,42.675740000000005,-72.19332,6250.0,0.0009770395701025891,0.0,0.0,0.07278944797264289,0.32633121641426477,0.13238886174890083,0.1533952125061065,0.20322423058133854,0.008793356130923302,0.010258915486077186,0.0073277967757694185,0.021983390327308255,0.014167073766487542,0.0029311187103077674,0.045432340009770394,2047.0
40988,42.675740000000005,-72.19332,6750.0,0.0023410066328521262,0.0007803355442840422,0.0,0.10651580179477176,0.23605150214592274,0.1591884510339446,0.17518532969176745,0.2052282481467031,0.01404603979711276,0.012875536480686695,0.0046820132657042525,0.01872805306281701,0.005072181037846274,0.0039016777214202106,0.05540382364416699,2563.0
40988,42.675740000000005,-72.19332,7250.0,0.0030864197530864196,0.00038580246913580245,0.0,0.13773148148148148,0.19753086419753085,0.15393518518518517,0.21489197530864199,0.18209876543209877,0.011574074074074073,0.014660493827160493,0.0023148148148148147,0.024305555555555556,0.005787037037037037,0.0011574074074074073,0.050540123456790126,2592.0
40988,42.675740000000005,-72.19332,7750.0,0.0019047619047619048,0.0,0.0,0.3161904761904762,0.13523809523809524,0.13142857142857142,0.21904761904761905,0.08190476190476191,0.01904761904761905,0.013333333333333334,0.0,0.022857142857142857,0.0038095238095238095,0.0019047619047619048,0.05333333333333334,525.0
40988,42.675740000000005,-72.19332,8250.0,0.001937984496124031,0.001937984496124031,0.00048449612403100775,0.2999031007751938,0.17199612403100775,0.10174418604651163,0.24854651162790697,0.07412790697674419,0.014534883720930232,0.011143410852713179,0.0014534883720930232,0.018410852713178296,0.007267441860465116,0.00048449612403100775,0.046027131782945735,2064.0
40988,42.675740000000005,-72.19332,8750.0,0.004016064257028112,0.0,0.0,0.38755020080321284,0.11044176706827309,0.060240963855421686,0.3132530120481928,0.008032128514056224,0.02610441767068273,0.014056224899598393,0.0,0.012048192771084338,0.006024096385542169,0.006024096385542169,0.05220883534136546,498.0
40988,42.675740000000005,-72.19332,9250.0,0.007208387942332897,0.001310615989515072,0.0,0.40825688073394495,0.10615989515072084,0.08387942332896461,0.22870249017038008,0.0327653997378768,0.022935779816513763,0.011140235910878113,0.001310615989515072,0.01834862385321101,0.007863695937090432,0.00327653997378768,0.06684141546526867,1526.0
40988,42.675740000000005,-72.19332,9750.0,0.0053816046966731895,0.002446183953033268,0.0009784735812133072,0.5552837573385518,0.10371819960861056,0.06898238747553816,0.175146771037182,0.0,0.0136986301369863,0.009295499021526418,0.0,0.012720156555772993,0.004892367906066536,0.003424657534246575,0.04403131115459882,2044.0
40988,42.675740000000005,-72.19332,10250.0,0.013658536585365854,0.003902439024390244,0.000975609756097561,0.6136585365853658,0.0448780487804878,0.06341463414634146,0.16390243902439025,0.0,0.014634146341463415,0.006829268292682927,0.001951219512195122,0.010731707317073172,0.013658536585365854,0.003902439024390244,0.04390243902439024,1025.0
40988,42.675740000000005,-72.19332,10750.0,0.01089108910891089,0.006930693069306931,0.0,0.5326732673267327,0.030693069306930693,0.10792079207920792,0.1792079207920792,0.0,0.01782178217821782,0.01287128712871287,0.0009900990099009901,0.01287128712871287,0.023762376237623763,0.0029702970297029703,0.060396039603960394,1010.0
40988,42.675740000000005,-72.19332,11250.0,0.2641509433962264,0.06415094339622641,0.03962264150943396,0.25471698113207547,0.016981132075471698,0.15471698113207547,0.035849056603773584,0.0,0.007547169811320755,0.005660377358490566,0.0,0.0,0.06415094339622641,0.011320754716981131,0.08113207547169811,530.0
40988,42.675740000000005,-72.19332,11750.0,0.0621301775147929,0.03057199211045365,0.005917159763313609,0.504930966469428,0.0039447731755424065,0.16173570019723865,0.0611439842209073,0.0019723865877712033,0.01775147928994083,0.008875739644970414,0.0009861932938856016,0.010848126232741617,0.05029585798816568,0.01873767258382643,0.0601577909270217,1014.0
40988,42.675740000000005,-72.19332,12750.0,0.348294434470377,0.08797127468581688,0.0017953321364452424,0.22082585278276481,0.0,0.04308797127468582,0.05385996409335727,0.0017953321364452424,0.017953321364452424,0.003590664272890485,0.0017953321364452424,0.0017953321364452424,0.026929982046678635,0.03052064631956912,0.15978456014362658,557.0
40988,42.675740000000005,-72.19332,13750.0,0.1748768472906404,0.0049261083743842365,0.0,0.3842364532019704,0.0,0.03201970443349754,0.0049261083743842365,0.0,0.0,0.0,0.0,0.0024630541871921183,0.07142857142857142,0.0,0.3251231527093596,406.0
40988,42.675740000000005,-72.19332,14250.0,0.32892249527410206,0.043478260869565216,0.011342155009451797,0.2438563327032136,0.003780718336483932,0.10396975425330812,0.034026465028355386,0.001890359168241966,0.00945179584120983,0.005671077504725898,0.0,0.003780718336483932,0.0661625708884688,0.011342155009451797,0.1323251417769376,529.0
40992,43.29136,-71.17873999999999,250.0,0.02807848443843031,0.0013531799729364006,0.0010148849797023004,0.13464140730717186,0.2236129905277402,0.260148849797023,0.08660351826792964,0.13734776725304465,0.009472259810554804,0.008457374830852503,0.005751014884979702,0.02131258457374831,0.016238159675236806,0.0,0.06596752368064952,2956.0
40992,43.29136,-71.17873999999999,750.0,0.01637107776261937,0.0,0.0,0.10914051841746249,0.29195088676671216,0.23328785811732605,0.09549795361527967,0.14870395634379263,0.009549795361527967,0.005457025920873124,0.005457025920873124,0.019099590723055934,0.023192360163710776,0.0,0.04229195088676671,733.0
40992,43.29136,-71.17873999999999,1250.0,0.008871989860583017,0.0012674271229404308,0.0,0.12547528517110265,0.27756653992395436,0.2256020278833967,0.11533586818757921,0.15842839036755388,0.0038022813688212928,0.0012674271229404308,0.005069708491761723,0.016476552598225603,0.017743979721166033,0.0,0.043092522179974654,789.0
40992,43.29136,-71.17873999999999,1750.0,0.004332755632582322,0.0,0.0,0.12564991334488734,0.30675909878682844,0.19150779896013864,0.09878682842287695,0.1854419410745234,0.01733102253032929,0.008665511265164644,0.004332755632582322,0.014731369150779897,0.012131715771230503,0.0,0.030329289428076257,1154.0
40992,43.29136,-71.17873999999999,2250.0,0.0016129032258064516,0.0008064516129032258,0.0,0.16693548387096774,0.26048387096774195,0.17983870967741936,0.11048387096774194,0.1629032258064516,0.014516129032258065,0.0064516129032258064,0.0024193548387096775,0.035483870967741936,0.010483870967741936,0.0008064516129032258,0.0467741935483871,1240.0
40992,43.29136,-71.17873999999999,2750.0,0.0,0.0,0.0,0.185378590078329,0.2297650130548303,0.2245430809399478,0.10182767624020887,0.1814621409921671,0.01174934725848564,0.0013054830287206266,0.007832898172323759,0.0195822454308094,0.013054830287206266,0.0,0.02349869451697128,766.0
40992,43.29136,-71.17873999999999,3250.0,0.0,0.0,0.0,0.19586374695863748,0.21532846715328466,0.18369829683698297,0.15206812652068127,0.15571776155717762,0.01824817518248175,0.004866180048661801,0.0036496350364963502,0.030413625304136254,0.015815085158150853,0.0,0.024330900243309004,822.0
40992,43.29136,-71.17873999999999,3750.0,0.0,0.0,0.0,0.2736077481840194,0.2009685230024213,0.15738498789346247,0.12590799031476999,0.1694915254237288,0.007263922518159807,0.009685230024213076,0.002421307506053269,0.01694915254237288,0.021791767554479417,0.0,0.014527845036319613,413.0
40992,43.29136,-71.17873999999999,4250.0,0.004111842105263158,0.0,0.0,0.29605263157894735,0.08552631578947369,0.15625,0.21792763157894737,0.14884868421052633,0.014802631578947368,0.005756578947368421,0.004934210526315789,0.024671052631578948,0.02549342105263158,0.0,0.015625,1216.0
40992,43.29136,-71.17873999999999,4750.0,0.0047789725209080045,0.0,0.0,0.22461170848267623,0.13381123058542413,0.16965352449223417,0.2162485065710872,0.14456391875746716,0.019115890083632018,0.009557945041816009,0.008363201911589008,0.021505376344086023,0.03106332138590203,0.0,0.016726403823178016,837.0
40992,43.29136,-71.17873999999999,5250.0,0.0032921810699588477,0.0008230452674897119,0.0,0.26337448559670784,0.14238683127572016,0.18189300411522633,0.1654320987654321,0.15637860082304528,0.005761316872427984,0.0032921810699588477,0.007407407407407408,0.018930041152263374,0.03209876543209877,0.0,0.018930041152263374,1215.0
40992,43.29136,-71.17873999999999,5750.0,0.001267962806424345,0.0008453085376162299,0.00042265426880811494,0.22865595942519018,0.25232459847844463,0.1437024513947591,0.158072696534235,0.12848689771766694,0.009721048182586645,0.009298393913778529,0.00507185122569738,0.02197802197802198,0.018174133558748945,0.00042265426880811494,0.021555367709213864,2366.0
40992,43.29136,-71.17873999999999,6250.0,0.0024554941682013503,0.0006138735420503376,0.0,0.1694290976058932,0.3259668508287293,0.13136893799877225,0.13259668508287292,0.1289134438305709,0.01780233271945979,0.014732965009208104,0.003069367710251688,0.02578268876611418,0.019030079803560467,0.0,0.028238182934315532,1629.0
40992,43.29136,-71.17873999999999,6750.0,0.0,0.0008090614886731392,0.0,0.18122977346278318,0.28236245954692557,0.1488673139158576,0.19093851132686085,0.11407766990291263,0.00889967637540453,0.009708737864077669,0.0016181229773462784,0.020226537216828478,0.014563106796116505,0.0,0.02669902912621359,1236.0
40992,43.29136,-71.17873999999999,7250.0,0.0,0.0,0.0,0.15137614678899083,0.38990825688073394,0.13761467889908258,0.12155963302752294,0.12385321100917432,0.01834862385321101,0.013761467889908258,0.0,0.01834862385321101,0.009174311926605505,0.0,0.016055045871559634,436.0
40992,43.29136,-71.17873999999999,7750.0,0.003968253968253968,0.0007936507936507937,0.0015873015873015873,0.34365079365079365,0.21825396825396826,0.12063492063492064,0.18015873015873016,0.06428571428571428,0.009523809523809525,0.010317460317460317,0.0031746031746031746,0.014285714285714285,0.009523809523809525,0.0,0.01984126984126984,1260.0
40992,43.29136,-71.17873999999999,8250.0,0.00702576112412178,0.00234192037470726,0.0,0.3981264637002342,0.2107728337236534,0.10070257611241218,0.16393442622950818,0.04215456674473068,0.00702576112412178,0.01405152224824356,0.00234192037470726,0.01639344262295082,0.01873536299765808,0.0,0.01639344262295082,427.0
40992,43.29136,-71.17873999999999,8750.0,0.00798175598631699,0.004561003420752566,0.0,0.5324971493728621,0.09578107183580388,0.08665906499429875,0.1904218928164196,0.0034207525655644243,0.010262257696693273,0.01596351197263398,0.002280501710376283,0.00798175598631699,0.020524515393386546,0.0,0.021664766248574687,877.0
40992,43.29136,-71.17873999999999,9250.0,0.017557861133280128,0.0031923383878691143,0.0003990422984836393,0.5666400638467678,0.07940941739824421,0.1005586592178771,0.150438946528332,0.0051875498802873106,0.009577015163607342,0.006783719074221868,0.0003990422984836393,0.007182761372705506,0.01636073423782921,0.0,0.036312849162011177,2506.0
40992,43.29136,-71.17873999999999,9750.0,0.02784503631961259,0.009685230024213076,0.0012106537530266344,0.6464891041162227,0.0387409200968523,0.08353510895883777,0.14164648910411623,0.002421307506053269,0.0036319612590799033,0.0,0.0012106537530266344,0.0012106537530266344,0.015738498789346248,0.0,0.026634382566585957,826.0
40992,43.29136,-71.17873999999999,10250.0,0.0319634703196347,0.0045662100456621,0.005707762557077625,0.6381278538812786,0.0273972602739726,0.09931506849315068,0.136986301369863,0.0045662100456621,0.005707762557077625,0.007990867579908675,0.001141552511415525,0.0045662100456621,0.003424657534246575,0.0,0.028538812785388126,876.0
40992,43.29136,-71.17873999999999,11250.0,0.081377151799687,0.017996870109546165,0.004694835680751174,0.6377151799687011,0.005477308294209703,0.11658841940532082,0.08763693270735524,0.000782472613458529,0.003129890453834116,0.004694835680751174,0.000782472613458529,0.006259780907668232,0.012519561815336464,0.0,0.02034428794992175,1278.0
40992,43.29136,-71.17873999999999,12250.0,0.1339066339066339,0.036855036855036855,0.04176904176904177,0.49017199017199015,0.007371007371007371,0.11916461916461916,0.056511056511056514,0.0,0.006142506142506142,0.007371007371007371,0.0,0.002457002457002457,0.045454545454545456,0.0012285012285012285,0.051597051597051594,814.0
40992,43.29136,-71.17873999999999,13250.0,0.7227488151658767,0.002369668246445498,0.002369668246445498,0.15165876777251186,0.002369668246445498,0.03317535545023697,0.014218009478672985,0.0,0.0,0.002369668246445498,0.0,0.0,0.002369668246445498,0.004739336492890996,0.061611374407582936,422.0
40992,43.29136,-71.17873999999999,13750.0,0.13,0.0,0.0,0.35,0.01,0.03,0.08,0.0,0.0,0.0,0.0,0.01,0.02,0.0,0.37,100.0
40992,43.29136,-71.17873999999999,14250.0,0.24285714285714285,0.004761904761904762,0.007142857142857143,0.1761904761904762,0.0,0.22857142857142856,0.030952380952380953,0.0,0.004761904761904762,0.002380952380952381,0.0,0.0,0.004761904761904762,0.0,0.2976190476190476,420.0
48685,41.834212,-88.381654,250.0,0.0,0.0,0.0,0.02202486678507993,0.0021314387211367673,0.011367673179396092,0.33037300177619894,0.004262877442273535,0.01492007104795737,0.021314387211367674,0.023090586145648313,0.009236234458259326,0.004262877442273535,0.0,0.5570159857904086,1407.5
48685,41.834212,-88.381654,750.0,0.0,0.0,0.0016680567139282735,0.027522935779816515,0.0,0.015012510425354461,0.31526271893244373,0.003336113427856547,0.006672226855713094,0.016680567139282735,0.021684737281067557,0.015012510425354461,0.0050041701417848205,0.0,0.5721434528773979,599.5
48685,41.834212,-88.381654,1250.0,0.0018796992481203006,0.0,0.0,0.05451127819548872,0.0,0.013157894736842105,0.4116541353383459,0.0018796992481203006,0.020676691729323307,0.039473684210526314,0.03759398496240601,0.011278195488721804,0.005639097744360902,0.0,0.40225563909774437,532.0
48685,41.834212,-88.381654,1750.0,0.0014619883040935672,0.0,0.0,0.04239766081871345,0.0,0.0029239766081871343,0.3333333333333333,0.0029239766081871343,0.017543859649122806,0.03508771929824561,0.03508771929824561,0.017543859649122806,0.008771929824561403,0.0,0.5029239766081871,342.0
48685,41.834212,-88.381654,2250.0,0.0,0.0,0.0,0.04586129753914989,0.0,0.020134228187919462,0.3512304250559284,0.0044742729306487695,0.02237136465324385,0.04138702460850112,0.05592841163310962,0.0022371364653243847,0.006711409395973154,0.0,0.44966442953020136,447.0
48685,41.834212,-88.381654,2750.0,0.002369668246445498,0.001184834123222749,0.0,0.037914691943127965,0.0,0.016587677725118485,0.3495260663507109,0.0,0.03317535545023697,0.014218009478672985,0.02132701421800948,0.005924170616113744,0.018957345971563982,0.002369668246445498,0.49644549763033174,422.0
48685,41.834212,-88.381654,3250.0,0.001800720288115246,0.0,0.0,0.05402160864345738,0.0,0.010804321728691477,0.3469387755102041,0.0012004801920768306,0.014405762304921969,0.03361344537815126,0.027611044417767107,0.0024009603841536613,0.008403361344537815,0.0024009603841536613,0.4963985594237695,833.0
48685,41.834212,-88.381654,3750.0,0.0017740981667652277,0.0,0.0,0.04376108811354228,0.0,0.007884880741178789,0.3987778434851173,0.005125172481766214,0.026020106445890007,0.04316972205795387,0.02956830277942046,0.009067612852355609,0.0035481963335304554,0.002365464222353637,0.42893751232012617,2536.5
48685,41.834212,-88.381654,4250.0,0.0,0.0,0.0023584905660377358,0.054245283018867926,0.0,0.018867924528301886,0.35377358490566035,0.009433962264150943,0.01179245283018868,0.030660377358490566,0.02830188679245283,0.008254716981132075,0.009433962264150943,0.0,0.47287735849056606,424.0
48685,41.834212,-88.381654,4750.0,0.006075334143377886,0.001215066828675577,0.0,0.05710814094775213,0.0,0.009720534629404616,0.36938031591737547,0.012150668286755772,0.01701093560145808,0.02916160388821385,0.03402187120291616,0.007290400972053463,0.002430133657351154,0.002430133657351154,0.4520048602673147,411.5
48685,41.834212,-88.381654,5250.0,0.001722356183258698,0.0,0.0,0.049948329314502236,0.0006889424733034792,0.0020668274199104374,0.38511884257664486,0.002755769893213917,0.013089906992766104,0.033069238718567,0.019634860489149156,0.004822597313124354,0.006200482259731312,0.003444712366517396,0.47743713399931104,1451.5
48685,41.834212,-88.381654,5750.0,0.001145475372279496,0.0,0.0,0.049484536082474224,0.002290950744558992,0.005040091638029783,0.334020618556701,0.008247422680412371,0.020618556701030927,0.05223367697594502,0.021534936998854524,0.008018327605956471,0.006414662084765177,0.003665521191294387,0.4872852233676976,2182.5
48685,41.834212,-88.381654,6250.0,0.001451378809869376,0.0,0.0,0.040638606676342524,0.000725689404934688,0.001451378809869376,0.42053701015965167,0.010159651669085631,0.023222060957910014,0.08381712626995645,0.04499274310595065,0.011248185776487663,0.006531204644412192,0.0043541364296081275,0.3508708272859216,1378.0
48685,41.834212,-88.381654,6750.0,0.0022766078542970974,0.0,0.0,0.040978941377347755,0.0011383039271485487,0.005691519635742743,0.44621513944223107,0.004553215708594195,0.022766078542970972,0.07854297097324986,0.03813318155947638,0.02731929425156517,0.004553215708594195,0.0011383039271485487,0.32669322709163345,878.5
48685,41.834212,-88.381654,7250.0,0.0015412278448497304,0.0007706139224248652,0.0,0.03673259696891857,0.0005137426149499101,0.0010274852298998202,0.4117647058823529,0.0015412278448497304,0.016439763678397123,0.10531723606473158,0.04032879527356794,0.023118417672745955,0.0030824556896994607,0.0005137426149499101,0.35730798869766245,1946.5
48685,41.834212,-88.381654,7750.0,0.0024154589371980675,0.0,0.0,0.043478260869565216,0.0,0.0024154589371980675,0.4082125603864734,0.0,0.026570048309178744,0.0893719806763285,0.050724637681159424,0.016908212560386472,0.004830917874396135,0.0024154589371980675,0.3526570048309179,414.0
48685,41.834212,-88.381654,8250.0,0.0005506607929515419,0.0,0.0,0.039647577092511016,0.0,0.0027533039647577094,0.37857929515418504,0.0016519823788546256,0.02753303964757709,0.15143171806167402,0.04460352422907489,0.02395374449339207,0.003303964757709251,0.0011013215859030838,0.3248898678414097,1816.0
48685,41.834212,-88.381654,8750.0,0.009828009828009828,0.0,0.0,0.033169533169533166,0.0,0.002457002457002457,0.40663390663390664,0.0,0.014742014742014743,0.11425061425061425,0.04176904176904177,0.02457002457002457,0.004914004914004914,0.004914004914004914,0.34275184275184273,407.0
48685,41.834212,-88.381654,9250.0,0.0052415679124886054,0.0,0.0,0.04238833181403829,0.00045578851412944393,0.0027347310847766638,0.4427985414767548,0.0013673655423883319,0.04831358249772106,0.1515496809480401,0.03919781221513218,0.03441203281677302,0.0031905195989061076,0.0009115770282588879,0.22743846855059252,2194.0
48685,41.834212,-88.381654,9750.0,0.0020008003201280513,0.0,0.0008003201280512205,0.03721488595438175,0.0,0.003201280512204882,0.4001600640256102,0.0,0.046418567426970786,0.19687875150060025,0.03361344537815126,0.03961584633853541,0.004001600640256103,0.004001600640256103,0.23209283713485393,1249.5
48685,41.834212,-88.381654,10250.0,0.0059031877213695395,0.0,0.004722550177095631,0.030696576151121605,0.0,0.010625737898465172,0.3022432113341204,0.0,0.09090909090909091,0.18890200708382526,0.0295159386068477,0.03541912632821724,0.0070838252656434475,0.004722550177095631,0.2892561983471074,847.0
48685,41.834212,-88.381654,11250.0,0.013150831991411701,0.007246376811594203,0.0042941492216854536,0.030327428878153515,0.0,0.03837895866881374,0.2713365539452496,0.0,0.15942028985507245,0.2471819645732689,0.01878690284487386,0.0190552871712292,0.016639828234031134,0.008051529790660225,0.16612989801395597,1863.0
48685,41.834212,-88.381654,11750.0,0.17790317790317792,0.0495990495990496,0.02494802494802495,0.049005049005049005,0.000594000594000594,0.11523611523611524,0.09682209682209682,0.0,0.10692010692010692,0.10395010395010396,0.00594000594000594,0.007425007425007425,0.0683100683100683,0.05405405405405406,0.1392931392931393,1683.5
48685,41.834212,-88.381654,12250.0,0.04722010662604722,0.051028179741051026,0.007616146230007616,0.048743335872048744,0.0,0.10357958872810358,0.15841584158415842,0.0015232292460015233,0.16755521706016754,0.15232292460015232,0.00913937547600914,0.015232292460015232,0.0715917745620716,0.010662604722010662,0.15536938309215537,656.5
48685,41.834212,-88.381654,12750.0,0.27353266888150607,0.05094130675526024,0.0221483942414175,0.006644518272425249,0.0,0.008859357696566999,0.132890365448505,0.0,0.10852713178294573,0.042081949058693245,0.006644518272425249,0.006644518272425249,0.046511627906976744,0.053156146179401995,0.24141749723145073,451.5
48685,41.834212,-88.381654,13250.0,0.31846635367762127,0.025821596244131457,0.00782472613458529,0.011737089201877934,0.0,0.028169014084507043,0.0892018779342723,0.0,0.09702660406885759,0.050078247261345854,0.001564945226917058,0.002347417840375587,0.06572769953051644,0.10172143974960876,0.20031298904538342,639.0
48685,41.834212,-88.381654,13750.0,0.21957419764855418,0.05910390848427073,0.009850651414045123,0.0038131553860819827,0.0,0.005719733079122974,0.09659993644741023,0.0006355258976803305,0.2440419447092469,0.02605656180489355,0.0069907848744836356,0.0038131553860819827,0.01334604385128694,0.05910390848427073,0.2513504925325707,1573.5
48685,41.834212,-88.381654,14750.0,0.5508384631713013,0.007217151347909149,0.0237741456166419,0.004669921460411802,0.0,0.005943536404160475,0.04372744640203778,0.0,0.12651241774570154,0.00764168966249204,0.0021226915729144554,0.004245383145828911,0.009764381235406495,0.04118021651454044,0.1723625557206538,2355.5
66703,34.2872,-78.5108,250.0,0.0,0.0,0.0,0.7759484609878311,0.0007158196134574087,0.002863278453829635,0.07015032211882606,0.0014316392269148174,0.0,0.0014316392269148174,0.03722261989978525,0.0,0.005010737294201861,0.0,0.10522548317823908,1397.0
66703,34.2872,-78.5108,750.0,0.0,0.0,0.0,0.7535014005602241,0.0,0.0,0.06722689075630252,0.0028011204481792717,0.0,0.0,0.03081232492997199,0.0028011204481792717,0.0,0.0,0.14285714285714285,357.0
66703,34.2872,-78.5108,1750.0,0.0,0.0,0.0,0.8218390804597702,0.0028735632183908046,0.0,0.07471264367816093,0.0028735632183908046,0.0,0.0028735632183908046,0.028735632183908046,0.0,0.0,0.0,0.06609195402298851,348.0
66703,34.2872,-78.5108,2750.0,0.0,0.0,0.0,0.680379746835443,0.0,0.012658227848101266,0.1550632911392405,0.0,0.0,0.0,0.028481012658227847,0.0031645569620253164,0.0031645569620253164,0.0,0.11708860759493671,316.0
66703,34.2872,-78.5108,3250.0,0.0,0.0,0.0,0.7275641025641025,0.0,0.00641025641025641,0.1282051282051282,0.0,0.0,0.00641025641025641,0.041666666666666664,0.003205128205128205,0.003205128205128205,0.0,0.08333333333333333,312.0
66703,34.2872,-78.5108,4250.0,0.0,0.0,0.0,0.6666666666666666,0.0,0.0,0.1858974358974359,0.0,0.0,0.01282051282051282,0.028846153846153848,0.0,0.0,0.0,0.10576923076923077,312.0
66703,34.2872,-78.5108,5750.0,0.0,0.0,0.0,0.6729559748427673,0.006289308176100629,0.0031446540880503146,0.18553459119496854,0.0031446540880503146,0.0,0.006289308176100629,0.050314465408805034,0.0,0.0,0.0,0.07232704402515723,318.0
66703,34.2872,-78.5108,6750.0,0.0,0.0,0.0,0.36585365853658536,0.005420054200542005,0.0027100271002710027,0.4092140921409214,0.016260162601626018,0.0,0.013550135501355014,0.04878048780487805,0.0027100271002710027,0.008130081300813009,0.0,0.12737127371273713,369.0
66703,34.2872,-78.5108,7250.0,0.0,0.0,0.0,0.17006802721088435,0.015873015873015872,0.018140589569160998,0.5782312925170068,0.0,0.013605442176870748,0.013605442176870748,0.049886621315192746,0.0,0.0022675736961451248,0.0,0.1383219954648526,441.0
66703,34.2872,-78.5108,7750.0,0.0013245033112582781,0.0,0.0,0.20927152317880796,0.013245033112582781,0.005298013245033113,0.5311258278145695,0.018543046357615896,0.003973509933774834,0.011920529801324504,0.05033112582781457,0.0,0.009271523178807948,0.0,0.1456953642384106,755.0
66703,34.2872,-78.5108,8250.0,0.0025974025974025974,0.0,0.0,0.14545454545454545,0.025974025974025976,0.015584415584415584,0.522077922077922,0.023376623376623377,0.005194805194805195,0.01038961038961039,0.05194805194805195,0.0025974025974025974,0.007792207792207792,0.0,0.18701298701298702,385.0
66703,34.2872,-78.5108,8750.0,0.002717391304347826,0.0,0.0,0.09646739130434782,0.02309782608695652,0.019021739130434784,0.46059782608695654,0.08559782608695653,0.006793478260869565,0.019021739130434784,0.058423913043478264,0.009510869565217392,0.01358695652173913,0.0,0.20516304347826086,736.0
66703,34.2872,-78.5108,9250.0,0.002638522427440633,0.0,0.0,0.09036939313984169,0.017810026385224276,0.018469656992084433,0.470976253298153,0.12730870712401055,0.0032981530343007917,0.023746701846965697,0.05474934036939314,0.0006596306068601583,0.016490765171503958,0.0,0.17348284960422164,1516.0
66703,34.2872,-78.5108,9750.0,0.0025020850708924102,0.0,0.0,0.060884070058381985,0.009174311926605505,0.010842368640533779,0.5045871559633027,0.11259382819015847,0.007506255212677231,0.01834862385321101,0.05337781484570475,0.0016680567139282735,0.022518765638031693,0.0,0.19599666388657214,1199.0
66703,34.2872,-78.5108,10250.0,0.0,0.0,0.0,0.05714285714285714,0.002380952380952381,0.016666666666666666,0.45,0.19047619047619047,0.009523809523809525,0.02142857142857143,0.05476190476190476,0.002380952380952381,0.014285714285714285,0.0,0.18095238095238095,420.0
66703,34.2872,-78.5108,10750.0,0.002699055330634278,0.0,0.0,0.04588394062078273,0.002699055330634278,0.017543859649122806,0.4993252361673414,0.14709851551956815,0.014844804318488529,0.018893387314439947,0.04183535762483131,0.005398110661268556,0.017543859649122806,0.0,0.1862348178137652,741.0
66703,34.2872,-78.5108,11250.0,0.006938421509106678,0.0026019080659150044,0.0,0.12142237640936687,0.0,0.012142237640936688,0.424978317432784,0.14137033824804857,0.005203816131830009,0.02515177797051171,0.05290546400693842,0.0008673026886383347,0.024284475281873375,0.0,0.1821335646140503,1153.0
66703,34.2872,-78.5108,11750.0,0.0,0.0,0.0,0.013793103448275862,0.006896551724137931,0.011494252873563218,0.4735632183908046,0.17471264367816092,0.013793103448275862,0.020689655172413793,0.05747126436781609,0.004597701149425287,0.01839080459770115,0.0,0.2045977011494253,435.0
66703,34.2872,-78.5108,13250.0,0.005917159763313609,0.0,0.0,0.3905325443786982,0.005917159763313609,0.008875739644970414,0.2455621301775148,0.05029585798816568,0.0,0.0029585798816568047,0.04142011834319527,0.0,0.026627218934911243,0.0,0.22189349112426035,338.0
66703,34.2872,-78.5108,14250.0,0.0,0.0,0.0,0.2818991097922849,0.002967359050445104,0.020771513353115726,0.37091988130563797,0.08011869436201781,0.002967359050445104,0.020771513353115726,0.03560830860534125,0.0,0.02373887240356083,0.0,0.16023738872403562,337.0
