site_id,lat,lon,Picea,Abies,Larix,Pinus,Tsuga,Betula,Quercus,Fagus,Fraxinus,Ulmus,Carya,Acer,Alnus,Populus,Other
34,43.15,-91.28,0.0,0.0,0.0,0.06711409395973154,0.0,0.003355704697986577,0.1476510067114094,0.0,0.0,0.003355704697986577,0.08389261744966443,0.013422818791946308,0.0,0.0,0.6812080536912751
35,42.8,-91.38,0.0,0.0,0.0,0.05373134328358209,0.0,0.014925373134328358,0.14328358208955225,0.0,0.0029850746268656717,0.03582089552238806,0.014925373134328358,0.008955223880597015,0.0,0.0,0.7253731343283583
36,42.55,-91.28,0.0,0.0,0.0,0.026470588235294117,0.0,0.0029411764705882353,0.13823529411764707,0.0,0.0029411764705882353,0.008823529411764706,0.011764705882352941,0.020588235294117647,0.0,0.0,0.788235294117647
37,42.58,-90.95,0.0,0.0,0.0,0.021538461538461538,0.0,0.0,0.16,0.0,0.0,0.04,0.009230769230769232,0.009230769230769232,0.0,0.0,0.76
38,42.3,-89.93,0.0,0.0,0.0,0.02564102564102564,0.0,0.016025641025641024,0.19230769230769232,0.0,0.0,0.003205128205128205,0.09935897435897435,0.003205128205128205,0.0,0.0,0.6602564102564102
39,42.3,-90.12,0.0,0.0,0.0,0.01808785529715762,0.0,0.012919896640826873,0.16020671834625322,0.0,0.0103359173126615,0.01808785529715762,0.01808785529715762,0.01808785529715762,0.0,0.0,0.7441860465116279
40,42.27,-90.28,0.006134969325153374,0.006134969325153374,0.0,0.1165644171779141,0.0,0.0,0.11349693251533742,0.0,0.0,0.006134969325153374,0.009202453987730062,0.018404907975460124,0.0,0.0,0.7239263803680982
41,42.27,-90.08,0.003937007874015748,0.0,0.0,0.011811023622047244,0.0,0.0,0.32677165354330706,0.0,0.0,0.015748031496062992,0.05511811023622047,0.007874015748031496,0.0,0.007874015748031496,0.5708661417322834
42,42.32,-90.1,0.0037313432835820895,0.0,0.0,0.055970149253731345,0.0,0.022388059701492536,0.35074626865671643,0.0,0.0,0.033582089552238806,0.029850746268656716,0.033582089552238806,0.0037313432835820895,0.0,0.4664179104477612
43,42.32,-89.93,0.00392156862745098,0.0,0.0,0.023529411764705882,0.0,0.00784313725490196,0.6039215686274509,0.0,0.0,0.01568627450980392,0.027450980392156862,0.01568627450980392,0.0,0.0,0.30196078431372547
44,42.33,-90.12,0.0,0.0,0.0,0.024630541871921183,0.0,0.0049261083743842365,0.5714285714285714,0.0,0.0049261083743842365,0.014778325123152709,0.04926108374384237,0.019704433497536946,0.0,0.0,0.3103448275862069
45,42.77,-89.87,0.0,0.0,0.0,0.01524390243902439,0.0,0.003048780487804878,0.24390243902439024,0.0,0.0,0.012195121951219513,0.01524390243902439,0.0,0.0,0.0,0.7103658536585366
46,43.65,-90.92,0.0,0.0,0.0,0.025157232704402517,0.0,0.0,0.1540880503144654,0.0,0.006289308176100629,0.04716981132075472,0.03773584905660377,0.0,0.0,0.0,0.7295597484276729
47,43.52,-90.78,0.0027548209366391185,0.0,0.0,0.011019283746556474,0.0,0.008264462809917356,0.12947658402203857,0.0,0.0,0.011019283746556474,0.03856749311294766,0.008264462809917356,0.0,0.0,0.790633608815427
48,43.68,-90.73,0.007220216606498195,0.0,0.0,0.02888086642599278,0.0,0.032490974729241874,0.2851985559566787,0.0,0.0036101083032490976,0.05776173285198556,0.039711191335740074,0.018050541516245487,0.0,0.0,0.5270758122743683
49,43.58,-90.38,0.0,0.0,0.0,0.0440251572327044,0.0,0.025157232704402517,0.3553459119496855,0.0,0.006289308176100629,0.07861635220125786,0.08490566037735849,0.025157232704402517,0.0,0.0,0.3805031446540881
50,43.4,-90.5,0.0,0.0,0.0,0.05177993527508091,0.0,0.0,0.2750809061488673,0.0,0.009708737864077669,0.09061488673139159,0.12944983818770225,0.0,0.0,0.0,0.44336569579288027
51,42.62,-90.58,0.0,0.0,0.0,0.012345679012345678,0.0,0.0030864197530864196,0.3888888888888889,0.0,0.0030864197530864196,0.033950617283950615,0.015432098765432098,0.0,0.0,0.0,0.5432098765432098
52,42.65,-90.67,0.0,0.0,0.0,0.1038961038961039,0.0,0.0,0.09415584415584416,0.0,0.0,0.00974025974025974,0.032467532467532464,0.0,0.0,0.012987012987012988,0.7467532467532467
53,42.72,-90.47,0.0,0.0,0.0,0.06504065040650407,0.0,0.008130081300813009,0.10840108401084012,0.0,0.0,0.0,0.02710027100271003,0.005420054200542005,0.0,0.0,0.7859078590785907
54,43.75,-91.47,0.0023923444976076554,0.0,0.0,0.050239234449760764,0.0,0.009569377990430622,0.07416267942583732,0.0,0.0,0.007177033492822967,0.019138755980861243,0.007177033492822967,0.0,0.0,0.8301435406698564
55,43.67,-91.05,0.0,0.0,0.0,0.028070175438596492,0.0,0.0023391812865497076,0.06666666666666667,0.0,0.0011695906432748538,0.004678362573099415,0.010526315789473684,0.010526315789473684,0.0,0.0,0.8760233918128655
56,42.88,-89.88,0.0,0.0,0.0,0.04778156996587031,0.0,0.013651877133105802,0.23890784982935154,0.0,0.0,0.05802047781569966,0.023890784982935155,0.0034129692832764505,0.0,0.0,0.6143344709897611
57,42.7,-90.55,0.0,0.0,0.0,0.020905923344947737,0.0,0.003484320557491289,0.1672473867595819,0.0,0.003484320557491289,0.03484320557491289,0.017421602787456445,0.003484320557491289,0.0,0.006968641114982578,0.7421602787456446
58,43.1,-89.92,0.004464285714285714,0.0,0.0,0.022321428571428572,0.0,0.026785714285714284,0.49107142857142855,0.0,0.008928571428571428,0.049107142857142856,0.05357142857142857,0.004464285714285714,0.004464285714285714,0.0,0.33482142857142855
59,43.08,-89.92,0.0,0.0,0.0,0.016025641025641024,0.0,0.0,0.18269230769230768,0.0,0.0,0.019230769230769232,0.016025641025641024,0.01282051282051282,0.003205128205128205,0.0,0.75
60,43.17,-89.78,0.0,0.0,0.0,0.12549019607843137,0.0,0.027450980392156862,0.2980392156862745,0.0,0.00392156862745098,0.027450980392156862,0.0392156862745098,0.00392156862745098,0.0,0.0,0.4745098039215686
61,43.03,-89.8,0.0,0.0,0.0,0.016233766233766232,0.0,0.0,0.1396103896103896,0.0,0.0,0.012987012987012988,0.003246753246753247,0.012987012987012988,0.0,0.0,0.814935064935065
62,43.08,-89.83,0.0,0.0,0.0,0.027131782945736434,0.0,0.003875968992248062,0.3682170542635659,0.0,0.003875968992248062,0.0,0.023255813953488372,0.007751937984496124,0.0,0.0,0.5658914728682171
63,43.03,-89.87,0.0,0.0,0.0,0.020161290322580645,0.0,0.06451612903225806,0.4153225806451613,0.0,0.0,0.036290322580645164,0.016129032258064516,0.004032258064516129,0.0,0.0,0.4435483870967742
64,43.08,-89.88,0.0,0.0,0.0,0.03864734299516908,0.0,0.014492753623188406,0.3961352657004831,0.0,0.01932367149758454,0.0821256038647343,0.024154589371980676,0.004830917874396135,0.00966183574879227,0.0,0.4106280193236715
65,43.05,-89.87,0.0,0.0,0.0,0.06086956521739131,0.0,0.02608695652173913,0.4043478260869565,0.0,0.004347826086956522,0.02608695652173913,0.06086956521739131,0.013043478260869565,0.0,0.0,0.4043478260869565
66,43.07,-89.85,0.0,0.0,0.0,0.038834951456310676,0.0,0.024271844660194174,0.3883495145631068,0.0,0.024271844660194174,0.014563106796116505,0.043689320388349516,0.019417475728155338,0.009708737864077669,0.02912621359223301,0.4077669902912621
67,43.72,-90.38,0.0,0.0,0.0,0.03968253968253968,0.0,0.03439153439153439,0.2275132275132275,0.0,0.007936507936507936,0.05555555555555555,0.03439153439153439,0.005291005291005291,0.005291005291005291,0.0,0.58994708994709
71,45.2,-91.28,0.0,0.0,0.0,0.23839009287925697,0.0030959752321981426,0.1021671826625387,0.18575851393188855,0.0,0.01238390092879257,0.043343653250773995,0.01238390092879257,0.021671826625386997,0.01238390092879257,0.01238390092879257,0.3560371517027864
72,43.42,-88.0,0.0,0.0,0.0,0.016181229773462782,0.003236245954692557,0.1488673139158576,0.19741100323624594,0.006472491909385114,0.012944983818770227,0.08414239482200647,0.012944983818770227,0.0,0.02912621359223301,0.006472491909385114,0.48220064724919093
73,43.33,-88.2,0.002347417840375587,0.0,0.004694835680751174,0.0539906103286385,0.004694835680751174,0.03286384976525822,0.3403755868544601,0.002347417840375587,0.025821596244131457,0.04460093896713615,0.007042253521126761,0.025821596244131457,0.007042253521126761,0.002347417840375587,0.4460093896713615
74,43.28,-88.38,0.003246753246753247,0.0,0.006493506493506494,0.08116883116883117,0.0,0.032467532467532464,0.22077922077922077,0.003246753246753247,0.025974025974025976,0.05844155844155844,0.01948051948051948,0.006493506493506494,0.03571428571428571,0.0,0.5064935064935064
75,43.15,-88.43,0.006688963210702341,0.0,0.0,0.026755852842809364,0.0,0.010033444816053512,0.33444816053511706,0.0,0.016722408026755852,0.07023411371237458,0.030100334448160536,0.010033444816053512,0.006688963210702341,0.006688963210702341,0.4816053511705686
76,42.93,-88.05,0.0,0.0,0.0,0.05517241379310345,0.0,0.03793103448275862,0.5241379310344828,0.0034482758620689655,0.006896551724137931,0.006896551724137931,0.027586206896551724,0.0034482758620689655,0.02413793103448276,0.0,0.3103448275862069
77,42.8,-88.55,0.0,0.0,0.0,0.03934426229508197,0.006557377049180328,0.019672131147540985,0.6262295081967213,0.0,0.003278688524590164,0.022950819672131147,0.009836065573770493,0.0,0.013114754098360656,0.0,0.25901639344262295
78,45.15,-88.18,0.0038461538461538464,0.0,0.0019230769230769232,0.29423076923076924,0.019230769230769232,0.1346153846153846,0.1596153846153846,0.007692307692307693,0.0038461538461538464,0.01730769230769231,0.0038461538461538464,0.01730769230769231,0.03653846153846154,0.038461538461538464,0.26153846153846155
79,45.32,-88.8,0.01079136690647482,0.0035971223021582736,0.01079136690647482,0.24100719424460432,0.039568345323741004,0.17985611510791366,0.10431654676258993,0.0035971223021582736,0.02158273381294964,0.03237410071942446,0.0,0.014388489208633094,0.046762589928057555,0.01079136690647482,0.2805755395683453
80,45.48,-88.17,0.014354066985645933,0.006379585326953748,0.0,0.5486443381180224,0.0430622009569378,0.11483253588516747,0.06379585326953748,0.004784688995215311,0.007974481658692184,0.01594896331738437,0.004784688995215311,0.011164274322169059,0.03987240829346093,0.011164274322169059,0.11323763955342903
81,45.7,-87.62,0.024691358024691357,0.0049382716049382715,0.0049382716049382715,0.08641975308641975,0.08148148148148149,0.2839506172839506,0.03950617283950617,0.0024691358024691358,0.019753086419753086,0.0345679012345679,0.0,0.009876543209876543,0.06666666666666667,0.024691358024691357,0.3160493827160494
82,46.07,-87.83,0.037815126050420166,0.008403361344537815,0.004201680672268907,0.4264705882352941,0.06932773109243698,0.21428571428571427,0.03571428571428571,0.004201680672268907,0.0021008403361344537,0.018907563025210083,0.0,0.029411764705882353,0.025210084033613446,0.008403361344537815,0.11554621848739496
83,46.3,-87.53,0.037333333333333336,0.013333333333333334,0.008,0.44533333333333336,0.021333333333333333,0.23733333333333334,0.04,0.005333333333333333,0.005333333333333333,0.010666666666666666,0.0,0.013333333333333334,0.032,0.0,0.13066666666666665
84,46.05,-87.97,0.026525198938992044,0.005305039787798408,0.0,0.4350132625994695,0.0,0.2572944297082228,0.042440318302387266,0.0,0.007957559681697613,0.021220159151193633,0.002652519893899204,0.015915119363395226,0.05305039787798409,0.026525198938992044,0.10610079575596817
85,46.57,-88.22,0.06229508196721312,0.0,0.003278688524590164,0.3836065573770492,0.009836065573770493,0.3016393442622951,0.022950819672131147,0.0,0.0,0.0,0.0,0.022950819672131147,0.029508196721311476,0.009836065573770493,0.1540983606557377
86,46.57,-88.45,0.05198019801980198,0.0049504950495049506,0.007425742574257425,0.5396039603960396,0.022277227722772276,0.2103960396039604,0.024752475247524754,0.0,0.0024752475247524753,0.017326732673267328,0.0,0.019801980198019802,0.034653465346534656,0.0024752475247524753,0.06188118811881188
87,46.6,-88.85,0.019444444444444445,0.008333333333333333,0.001388888888888889,0.15833333333333333,0.09583333333333334,0.3347222222222222,0.03333333333333333,0.0,0.0125,0.016666666666666666,0.001388888888888889,0.05,0.03194444444444444,0.0375,0.1986111111111111
88,46.35,-88.88,0.03145695364238411,0.006622516556291391,0.0016556291390728477,0.30960264900662254,0.029801324503311258,0.3162251655629139,0.033112582781456956,0.0033112582781456954,0.0016556291390728477,0.006622516556291391,0.0,0.009933774834437087,0.08609271523178808,0.0033112582781456954,0.1605960264900662
89,46.15,-88.88,0.011655011655011656,0.006993006993006993,0.0,0.49184149184149184,0.053613053613053616,0.28205128205128205,0.02564102564102564,0.0,0.0,0.02097902097902098,0.0,0.009324009324009324,0.018648018648018648,0.0,0.07925407925407925
90,46.08,-88.62,0.009966777408637873,0.0,0.0,0.44518272425249167,0.023255813953488372,0.31561461794019935,0.046511627906976744,0.0,0.0033222591362126247,0.023255813953488372,0.0,0.036544850498338874,0.016611295681063124,0.0,0.07973421926910298
91,46.18,-89.07,0.027510316368638238,0.016506189821182942,0.002751031636863824,0.2585969738651995,0.08528198074277854,0.390646492434663,0.03163686382393398,0.001375515818431912,0.005502063273727648,0.023383768913342505,0.001375515818431912,0.033012379642365884,0.023383768913342505,0.0041265474552957355,0.09491059147180192
92,46.25,-89.42,0.03170731707317073,0.01951219512195122,0.0024390243902439024,0.33170731707317075,0.06097560975609756,0.23414634146341465,0.01707317073170732,0.0,0.01707317073170732,0.00975609756097561,0.0,0.03170731707317073,0.03414634146341464,0.01951219512195122,0.1902439024390244
93,46.48,-89.95,0.02857142857142857,0.006349206349206349,0.0,0.3746031746031746,0.06349206349206349,0.273015873015873,0.047619047619047616,0.0,0.012698412698412698,0.0031746031746031746,0.0,0.01904761904761905,0.06031746031746032,0.0,0.1111111111111111
94,46.42,-90.4,0.024390243902439025,0.005420054200542005,0.0027100271002710027,0.15447154471544716,0.11924119241192412,0.3116531165311653,0.04065040650406504,0.0,0.005420054200542005,0.01084010840108401,0.0027100271002710027,0.032520325203252036,0.04878048780487805,0.02168021680216802,0.21951219512195122
95,46.28,-90.58,0.017326732673267328,0.022277227722772276,0.024752475247524754,0.36633663366336633,0.03712871287128713,0.21534653465346534,0.01485148514851485,0.0,0.0049504950495049506,0.017326732673267328,0.0,0.017326732673267328,0.06683168316831684,0.01485148514851485,0.1806930693069307
96,46.27,-90.17,0.056716417910447764,0.029850746268656716,0.01791044776119403,0.3164179104477612,0.08656716417910448,0.20298507462686566,0.04776119402985075,0.0,0.0029850746268656717,0.01791044776119403,0.0029850746268656717,0.005970149253731343,0.03283582089552239,0.008955223880597015,0.1701492537313433
97,46.15,-89.97,0.0220125786163522,0.012578616352201259,0.009433962264150943,0.33962264150943394,0.0220125786163522,0.2861635220125786,0.050314465408805034,0.0,0.0031446540880503146,0.018867924528301886,0.0,0.006289308176100629,0.05345911949685535,0.0220125786163522,0.1540880503144654
98,45.9,-90.08,0.029082774049217,0.0044742729306487695,0.0044742729306487695,0.31543624161073824,0.06935123042505593,0.21923937360178972,0.035794183445190156,0.0022371364653243847,0.008948545861297539,0.013422818791946308,0.006711409395973154,0.0044742729306487695,0.08277404921700224,0.006711409395973154,0.19686800894854586
99,46.15,-90.63,0.019417475728155338,0.012944983818770227,0.003236245954692557,0.511326860841424,0.045307443365695796,0.22006472491909385,0.012944983818770227,0.0,0.006472491909385114,0.019417475728155338,0.0,0.003236245954692557,0.042071197411003236,0.003236245954692557,0.10032362459546926
100,46.35,-91.35,0.009868421052631578,0.013157894736842105,0.0,0.34210526315789475,0.0,0.2598684210526316,0.12828947368421054,0.0,0.0,0.009868421052631578,0.0,0.006578947368421052,0.05592105263157895,0.013157894736842105,0.1611842105263158
101,46.05,-91.72,0.030232558139534883,0.009302325581395349,0.0069767441860465115,0.3488372093023256,0.0069767441860465115,0.19069767441860466,0.08372093023255814,0.002325581395348837,0.011627906976744186,0.011627906976744186,0.0,0.004651162790697674,0.023255813953488372,0.044186046511627906,0.2255813953488372
102,46.22,-91.8,0.0136986301369863,0.0045662100456621,0.00228310502283105,0.589041095890411,0.00228310502283105,0.08904109589041095,0.091324200913242,0.0,0.0045662100456621,0.0136986301369863,0.0,0.00228310502283105,0.05707762557077625,0.0,0.13013698630136986
103,45.63,-91.58,0.006557377049180328,0.003278688524590164,0.0,0.19672131147540983,0.006557377049180328,0.17704918032786884,0.18032786885245902,0.0,0.036065573770491806,0.07213114754098361,0.003278688524590164,0.019672131147540985,0.003278688524590164,0.003278688524590164,0.29180327868852457
104,45.82,-91.47,0.008695652173913044,0.0,0.0,0.5217391304347826,0.0,0.23768115942028986,0.08695652173913043,0.0,0.0,0.002898550724637681,0.0,0.005797101449275362,0.03188405797101449,0.002898550724637681,0.10144927536231885
105,45.9,-90.97,0.022321428571428572,0.013392857142857142,0.002232142857142857,0.39285714285714285,0.05803571428571429,0.25223214285714285,0.05357142857142857,0.0,0.004464285714285714,0.015625,0.002232142857142857,0.0,0.020089285714285716,0.011160714285714286,0.15178571428571427
106,45.83,-90.62,0.016706443914081145,0.007159904534606206,0.011933174224343675,0.2840095465393795,0.07159904534606205,0.1909307875894988,0.050119331742243436,0.002386634844868735,0.007159904534606206,0.014319809069212411,0.002386634844868735,0.014319809069212411,0.06443914081145585,0.021479713603818614,0.24105011933174225
107,45.6,-90.3,0.027439024390243903,0.006097560975609756,0.012195121951219513,0.4451219512195122,0.06402439024390244,0.20121951219512196,0.027439024390243903,0.0,0.006097560975609756,0.018292682926829267,0.0,0.009146341463414634,0.036585365853658534,0.003048780487804878,0.14329268292682926
108,45.3,-90.32,0.009771986970684038,0.013029315960912053,0.006514657980456026,0.254071661237785,0.10749185667752444,0.23127035830618892,0.09771986970684039,0.0,0.009771986970684038,0.009771986970684038,0.0,0.006514657980456026,0.04560260586319218,0.013029315960912053,0.19543973941368079
109,43.6,-88.2,0.006825938566552901,0.0,0.0034129692832764505,0.04436860068259386,0.0034129692832764505,0.08873720136518772,0.3003412969283277,0.006825938566552901,0.027303754266211604,0.05802047781569966,0.023890784982935155,0.020477815699658702,0.023890784982935155,0.0034129692832764505,0.3890784982935154
110,43.87,-88.22,0.0,0.003278688524590164,0.0,0.16065573770491803,0.003278688524590164,0.04918032786885246,0.28852459016393445,0.006557377049180328,0.03278688524590164,0.05901639344262295,0.019672131147540985,0.013114754098360656,0.03278688524590164,0.003278688524590164,0.32786885245901637
111,43.85,-87.87,0.005797101449275362,0.0,0.005797101449275362,0.2608695652173913,0.0,0.0463768115942029,0.17391304347826086,0.011594202898550725,0.03188405797101449,0.03188405797101449,0.002898550724637681,0.011594202898550725,0.034782608695652174,0.008695652173913044,0.3739130434782609
112,44.07,-87.73,0.0,0.0031746031746031746,0.006349206349206349,0.1523809523809524,0.0,0.10476190476190476,0.17142857142857143,0.009523809523809525,0.044444444444444446,0.07301587301587302,0.015873015873015872,0.015873015873015872,0.031746031746031744,0.0031746031746031746,0.3682539682539683
113,44.15,-88.07,0.0031645569620253164,0.0,0.006329113924050633,0.17721518987341772,0.006329113924050633,0.04746835443037975,0.18037974683544303,0.0031645569620253164,0.022151898734177215,0.06329113924050633,0.006329113924050633,0.022151898734177215,0.05063291139240506,0.00949367088607595,0.40189873417721517
114,44.28,-87.73,0.012048192771084338,0.0030120481927710845,0.006024096385542169,0.27710843373493976,0.024096385542168676,0.07530120481927711,0.1355421686746988,0.04216867469879518,0.03614457831325301,0.0391566265060241,0.0,0.015060240963855422,0.024096385542168676,0.015060240963855422,0.29518072289156627
115,44.42,-87.87,0.014184397163120567,0.0070921985815602835,0.0,0.24822695035460993,0.03900709219858156,0.06382978723404255,0.11702127659574468,0.03900709219858156,0.031914893617021274,0.0425531914893617,0.0,0.028368794326241134,0.014184397163120567,0.02127659574468085,0.3333333333333333
116,45.57,-89.7,0.021806853582554516,0.012461059190031152,0.0,0.4392523364485981,0.01557632398753894,0.11214953271028037,0.0778816199376947,0.0,0.009345794392523364,0.012461059190031152,0.0,0.012461059190031152,0.028037383177570093,0.037383177570093455,0.22118380062305296
117,45.42,-89.48,0.009732360097323601,0.012165450121654502,0.0024330900243309003,0.18248175182481752,0.09002433090024331,0.2749391727493917,0.072992700729927,0.0024330900243309003,0.0072992700729927005,0.024330900243309004,0.0,0.029197080291970802,0.029197080291970802,0.0170316301703163,0.24574209245742093
118,45.13,-90.65,0.00904977375565611,0.004524886877828055,0.00904977375565611,0.3733031674208145,0.11085972850678733,0.14705882352941177,0.04751131221719457,0.0,0.029411764705882353,0.033936651583710405,0.0,0.013574660633484163,0.027149321266968326,0.006787330316742082,0.18778280542986425
119,45.57,-92.0,0.0,0.0029411764705882353,0.0,0.6176470588235294,0.0029411764705882353,0.07647058823529412,0.1,0.0,0.020588235294117647,0.011764705882352941,0.0,0.01764705882352941,0.014705882352941176,0.0029411764705882353,0.1323529411764706
120,42.1,-78.75,0.005988023952095809,0.0,0.0,0.07784431137724551,0.08383233532934131,0.17365269461077845,0.15269461077844312,0.017964071856287425,0.02694610778443114,0.005988023952095809,0.017964071856287425,0.03592814371257485,0.0,0.005988023952095809,0.39520958083832336
121,41.75,-79.17,0.002777777777777778,0.0,0.0,0.013888888888888888,0.26666666666666666,0.2,0.10555555555555556,0.025,0.005555555555555556,0.011111111111111112,0.008333333333333333,0.008333333333333333,0.05555555555555555,0.013888888888888888,0.2833333333333333
122,41.62,-78.75,0.0,0.0,0.0,0.005865102639296188,0.0967741935483871,0.2903225806451613,0.08211143695014662,0.03519061583577713,0.020527859237536656,0.011730205278592375,0.008797653958944282,0.07624633431085044,0.002932551319648094,0.005865102639296188,0.36363636363636365
123,41.73,-78.42,0.0064516129032258064,0.0,0.0,0.016129032258064516,0.035483870967741936,0.0935483870967742,0.08064516129032258,0.0,0.00967741935483871,0.012903225806451613,0.0064516129032258064,0.035483870967741936,0.0032258064516129032,0.00967741935483871,0.6903225806451613
124,41.83,-77.95,0.0,0.0,0.0,0.015432098765432098,0.11419753086419752,0.15432098765432098,0.06790123456790123,0.015432098765432098,0.009259259259259259,0.012345679012345678,0.009259259259259259,0.015432098765432098,0.0030864197530864196,0.0030864197530864196,0.5802469135802469
125,41.72,-77.77,0.0030303030303030303,0.0,0.0,0.030303030303030304,0.0696969696969697,0.23939393939393938,0.10909090909090909,0.030303030303030304,0.030303030303030304,0.006060606060606061,0.0,0.08787878787878788,0.006060606060606061,0.0,0.3878787878787879
126,41.87,-77.05,0.0029940119760479044,0.0,0.0,0.008982035928143712,0.038922155688622756,0.06287425149700598,0.04491017964071856,0.008982035928143712,0.0029940119760479044,0.005988023952095809,0.0,0.014970059880239521,0.0029940119760479044,0.0029940119760479044,0.8023952095808383
127,41.73,-77.3,0.0,0.0,0.0,0.041916167664670656,0.02694610778443114,0.038922155688622756,0.0658682634730539,0.0029940119760479044,0.008982035928143712,0.0,0.020958083832335328,0.0029940119760479044,0.0,0.0029940119760479044,0.7874251497005988
128,41.88,-76.72,0.0,0.0,0.0,0.018666666666666668,0.058666666666666666,0.14133333333333334,0.096,0.010666666666666666,0.04533333333333334,0.0026666666666666666,0.016,0.02666666666666667,0.005333333333333333,0.010666666666666666,0.568
129,41.9,-76.23,0.005763688760806916,0.0,0.0,0.025936599423631124,0.2680115273775216,0.2564841498559078,0.1239193083573487,0.03170028818443804,0.005763688760806916,0.0,0.01729106628242075,0.0345821325648415,0.03170028818443804,0.002881844380403458,0.19596541786743515
130,41.58,-76.17,0.002976190476190476,0.0,0.0,0.041666666666666664,0.05357142857142857,0.17857142857142858,0.125,0.017857142857142856,0.017857142857142856,0.008928571428571428,0.011904761904761904,0.03869047619047619,0.023809523809523808,0.005952380952380952,0.4732142857142857
131,41.52,-76.6,0.005509641873278237,0.0,0.0,0.011019283746556474,0.06336088154269973,0.21487603305785125,0.15977961432506887,0.01652892561983471,0.024793388429752067,0.005509641873278237,0.011019283746556474,0.024793388429752067,0.008264462809917356,0.01928374655647383,0.43526170798898073
132,41.48,-77.03,0.0020408163265306124,0.0,0.0,0.00816326530612245,0.07346938775510205,0.5102040816326531,0.17551020408163265,0.02857142857142857,0.014285714285714285,0.006122448979591836,0.004081632653061225,0.04081632653061224,0.006122448979591836,0.0,0.1306122448979592
133,41.3,-76.58,0.005934718100890208,0.0,0.0,0.032640949554896145,0.0830860534124629,0.14836795252225518,0.1394658753709199,0.02967359050445104,0.008902077151335312,0.008902077151335312,0.005934718100890208,0.02373887240356083,0.050445103857566766,0.005934718100890208,0.456973293768546
134,41.12,-76.5225,0.0,0.0,0.0,0.013245033112582781,0.04304635761589404,0.08609271523178808,0.10264900662251655,0.0,0.013245033112582781,0.0,0.0,0.009933774834437087,0.04304635761589404,0.0,0.6887417218543046
135,40.83,-76.37,0.0,0.0,0.0,0.07300884955752213,0.061946902654867256,0.12168141592920353,0.1902654867256637,0.0,0.022123893805309734,0.0022123893805309734,0.0,0.033185840707964605,0.27654867256637167,0.0,0.21902654867256638
136,40.62,-76.05,0.0025,0.0,0.0,0.0325,0.02,0.0825,0.1725,0.0025,0.0275,0.0025,0.01,0.005,0.0725,0.0,0.57
137,40.07,-75.83,0.003125,0.0,0.0,0.028125,0.00625,0.028125,0.196875,0.003125,0.040625,0.0125,0.04375,0.003125,0.05,0.0,0.584375
138,40.23,-75.53,0.0,0.003115264797507788,0.003115264797507788,0.028037383177570093,0.003115264797507788,0.01557632398753894,0.09657320872274143,0.0,0.024922118380062305,0.003115264797507788,0.006230529595015576,0.09034267912772585,0.006230529595015576,0.021806853582554516,0.6978193146417445
139,40.33,-75.48,0.0029154518950437317,0.0,0.0,0.043731778425655975,0.0,0.037900874635568516,0.21865889212827988,0.008746355685131196,0.12244897959183673,0.0058309037900874635,0.03206997084548105,0.011661807580174927,0.0058309037900874635,0.0,0.5102040816326531
140,40.45,-75.52,0.002785515320334262,0.0,0.002785515320334262,0.022284122562674095,0.005571030640668524,0.0947075208913649,0.13370473537604458,0.002785515320334262,0.04456824512534819,0.0,0.013927576601671309,0.013927576601671309,0.04178272980501393,0.002785515320334262,0.6183844011142061
141,40.85,-75.8,0.0029940119760479044,0.0,0.0,0.04491017964071856,0.029940119760479042,0.17065868263473055,0.2874251497005988,0.005988023952095809,0.005988023952095809,0.008982035928143712,0.0,0.011976047904191617,0.12275449101796407,0.005988023952095809,0.3023952095808383
142,40.82,-76.05,0.0,0.0,0.0025252525252525255,0.03282828282828283,0.045454545454545456,0.07828282828282829,0.17676767676767677,0.005050505050505051,0.017676767676767676,0.007575757575757576,0.0025252525252525255,0.017676767676767676,0.050505050505050504,0.007575757575757576,0.5555555555555556
143,41.05,-75.93,0.0,0.0,0.0,0.03561643835616438,0.04657534246575343,0.0958904109589041,0.36164383561643837,0.010958904109589041,0.005479452054794521,0.0,0.00821917808219178,0.00821917808219178,0.030136986301369864,0.0,0.3972602739726027
144,41.18,-75.75,0.0031847133757961785,0.0,0.0,0.10828025477707007,0.07006369426751592,0.18152866242038215,0.2929936305732484,0.012738853503184714,0.022292993630573247,0.0,0.009554140127388535,0.01592356687898089,0.08280254777070063,0.006369426751592357,0.1942675159235669
145,41.27,-76.08,0.006006006006006006,0.003003003003003003,0.0,0.02702702702702703,0.04504504504504504,0.14414414414414414,0.3213213213213213,0.009009009009009009,0.02702702702702703,0.006006006006006006,0.018018018018018018,0.015015015015015015,0.006006006006006006,0.015015015015015015,0.35735735735735735
146,41.6,-75.75,0.0,0.0,0.0,0.016129032258064516,0.04838709677419355,0.16129032258064516,0.11935483870967742,0.00967741935483871,0.00967741935483871,0.02258064516129032,0.00967741935483871,0.01935483870967742,0.054838709677419356,0.012903225806451613,0.5161290322580645
147,41.78,-75.53,0.009404388714733543,0.0,0.0,0.12852664576802508,0.050156739811912224,0.15047021943573669,0.11285266457680251,0.012539184952978056,0.01567398119122257,0.009404388714733543,0.003134796238244514,0.0438871473354232,0.018808777429467086,0.0,0.445141065830721
148,42.02,-75.45,0.011494252873563218,0.0,0.0,0.0421455938697318,0.044061302681992334,0.16091954022988506,0.06704980842911877,0.0019157088122605363,0.4846743295019157,0.0,0.005747126436781609,0.034482758620689655,0.0,0.0,0.1475095785440613
149,42.2,-75.93,0.0,0.0,0.0,0.03508771929824561,0.03216374269005848,0.13450292397660818,0.10526315789473684,0.017543859649122806,0.023391812865497075,0.011695906432748537,0.008771929824561403,0.008771929824561403,0.008771929824561403,0.011695906432748537,0.6023391812865497
150,42.25,-76.05,0.0,0.0,0.0,0.07395498392282958,0.06109324758842444,0.13504823151125403,0.14790996784565916,0.01607717041800643,0.022508038585209004,0.028938906752411574,0.006430868167202572,0.05144694533762058,0.03858520900321544,0.0,0.4180064308681672
151,42.22,-77.27,0.002421307506053269,0.0,0.002421307506053269,0.012106537530266344,0.09685230024213075,0.08232445520581114,0.08232445520581114,0.009685230024213076,0.012106537530266344,0.014527845036319613,0.004842615012106538,0.021791767554479417,0.17191283292978207,0.007263922518159807,0.4794188861985472
152,42.48,-77.57,0.013605442176870748,0.0,0.0,0.06462585034013606,0.05102040816326531,0.05442176870748299,0.11564625850340136,0.05102040816326531,0.030612244897959183,0.02040816326530612,0.006802721088435374,0.04421768707482993,0.023809523809523808,0.027210884353741496,0.4965986394557823
153,42.23,-77.98,0.013333333333333334,0.008,0.005333333333333333,0.02666666666666667,0.06666666666666667,0.07733333333333334,0.11466666666666667,0.013333333333333334,0.018666666666666668,0.016,0.010666666666666666,0.02666666666666667,0.008,0.016,0.5786666666666667
154,42.23,-78.32,0.011940298507462687,0.0,0.0,0.014925373134328358,0.041791044776119404,0.056716417910447764,0.0626865671641791,0.0029850746268656717,0.01791044776119403,0.0029850746268656717,0.01791044776119403,0.03283582089552239,0.050746268656716415,0.0,0.6865671641791045
155,41.55,-74.07,0.005917159763313609,0.0,0.0,0.0650887573964497,0.020710059171597635,0.07692307692307693,0.23668639053254437,0.014792899408284023,0.05029585798816568,0.020710059171597635,0.020710059171597635,0.020710059171597635,0.020710059171597635,0.005917159763313609,0.4408284023668639
156,42.2,-74.05,0.027777777777777776,0.011111111111111112,0.0,0.025,0.09722222222222222,0.25,0.15555555555555556,0.06388888888888888,0.03611111111111111,0.011111111111111112,0.019444444444444445,0.019444444444444445,0.05277777777777778,0.005555555555555556,0.225
157,43.55,-73.82,0.03355704697986577,0.003355704697986577,0.0,0.10738255033557047,0.174496644295302,0.2953020134228188,0.09395973154362416,0.03355704697986577,0.006711409395973154,0.010067114093959731,0.010067114093959731,0.026845637583892617,0.016778523489932886,0.0,0.18791946308724833
158,43.97,-74.13,0.11572700296735905,0.032640949554896145,0.002967359050445104,0.050445103857566766,0.04451038575667656,0.3798219584569733,0.04747774480712166,0.06528189910979229,0.01483679525222552,0.011869436201780416,0.0,0.03560830860534125,0.02967359050445104,0.002967359050445104,0.1661721068249258
159,42.93,-73.78,0.013245033112582781,0.006622516556291391,0.0,0.09933774834437085,0.08609271523178808,0.1423841059602649,0.17549668874172186,0.04304635761589404,0.016556291390728478,0.023178807947019868,0.016556291390728478,0.023178807947019868,0.052980132450331126,0.013245033112582781,0.28807947019867547
160,44.52,-74.03,0.06914893617021277,0.026595744680851064,0.0,0.11702127659574468,0.02127659574468085,0.4867021276595745,0.018617021276595744,0.02127659574468085,0.0026595744680851063,0.007978723404255319,0.0,0.0398936170212766,0.026595744680851064,0.010638297872340425,0.15159574468085107
161,44.15,-73.75,0.13622291021671826,0.015479876160990712,0.0,0.009287925696594427,0.05263157894736842,0.5944272445820433,0.015479876160990712,0.015479876160990712,0.009287925696594427,0.0,0.0030959752321981426,0.018575851393188854,0.07120743034055728,0.009287925696594427,0.04953560371517028
162,43.98,-74.45,0.0911854103343465,0.00303951367781155,0.0,0.03951367781155015,0.05167173252279635,0.39209726443769,0.0425531914893617,0.08814589665653495,0.0243161094224924,0.0121580547112462,0.00303951367781155,0.0547112462006079,0.030395136778115502,0.0060790273556231,0.16109422492401215
163,44.45,-74.25,0.09523809523809523,0.011904761904761904,0.0,0.07142857142857142,0.05654761904761905,0.42857142857142855,0.03869047619047619,0.044642857142857144,0.023809523809523808,0.008928571428571428,0.0,0.03571428571428571,0.03273809523809524,0.002976190476190476,0.1488095238095238
164,43.23,-73.72,0.02158273381294964,0.0,0.0,0.0683453237410072,0.0683453237410072,0.20503597122302158,0.15827338129496402,0.03597122302158273,0.014388489208633094,0.01079136690647482,0.014388489208633094,0.007194244604316547,0.01079136690647482,0.0035971223021582736,0.381294964028777
165,44.32,-74.42,0.09574468085106383,0.01773049645390071,0.0035460992907801418,0.10283687943262411,0.05673758865248227,0.3546099290780142,0.02127659574468085,0.0673758865248227,0.0070921985815602835,0.0070921985815602835,0.0035460992907801418,0.028368794326241134,0.04609929078014184,0.031914893617021274,0.15602836879432624
166,43.43,-74.05,0.06422018348623854,0.01529051987767584,0.0,0.04281345565749235,0.06116207951070336,0.37003058103975534,0.06116207951070336,0.12844036697247707,0.01529051987767584,0.01529051987767584,0.0061162079510703364,0.03363914373088685,0.04281345565749235,0.0,0.1437308868501529
167,43.78,-74.25,0.07407407407407407,0.0291005291005291,0.005291005291005291,0.03439153439153439,0.031746031746031744,0.328042328042328,0.037037037037037035,0.07671957671957672,0.015873015873015872,0.015873015873015872,0.0026455026455026454,0.037037037037037035,0.042328042328042326,0.042328042328042326,0.2275132275132275
168,44.08,-74.52,0.1569767441860465,0.014534883720930232,0.005813953488372093,0.046511627906976744,0.0377906976744186,0.4186046511627907,0.040697674418604654,0.029069767441860465,0.011627906976744186,0.00872093023255814,0.005813953488372093,0.02616279069767442,0.055232558139534885,0.005813953488372093,0.13662790697674418
169,43.38,-74.3,0.10526315789473684,0.014619883040935672,0.0,0.04678362573099415,0.0847953216374269,0.35964912280701755,0.049707602339181284,0.05555555555555555,0.02046783625730994,0.017543859649122806,0.005847953216374269,0.04093567251461988,0.06725146198830409,0.0,0.13157894736842105
170,43.92,-73.7,0.07612456747404844,0.010380622837370242,0.0034602076124567475,0.04844290657439446,0.058823529411764705,0.356401384083045,0.05536332179930796,0.08304498269896193,0.01730103806228374,0.02422145328719723,0.0,0.01384083044982699,0.03460207612456748,0.006920415224913495,0.21107266435986158
171,44.8,-71.17,0.07479224376731301,0.04709141274238227,0.0,0.11357340720221606,0.030470914127423823,0.5235457063711911,0.030470914127423823,0.024930747922437674,0.0,0.002770083102493075,0.002770083102493075,0.01662049861495845,0.027700831024930747,0.0,0.10526315789473684
172,43.02,-72.15,0.0392156862745098,0.0056022408963585435,0.0,0.15966386554621848,0.03361344537815126,0.2969187675070028,0.11484593837535013,0.022408963585434174,0.01680672268907563,0.008403361344537815,0.0,0.022408963585434174,0.025210084033613446,0.0,0.2549019607843137
173,44.7,-72.28,0.12624584717607973,0.023255813953488372,0.0,0.07973421926910298,0.023255813953488372,0.3853820598006645,0.053156146179401995,0.04983388704318937,0.029900332225913623,0.0033222591362126247,0.0,0.03322259136212625,0.029900332225913623,0.0,0.16279069767441862
174,44.07,-72.58,0.046511627906976744,0.014534883720930232,0.0029069767441860465,0.09883720930232558,0.11337209302325581,0.32848837209302323,0.04941860465116279,0.0436046511627907,0.00872093023255814,0.023255813953488372,0.00872093023255814,0.020348837209302327,0.023255813953488372,0.0,0.2180232558139535
175,43.28,-73.0,0.01818181818181818,0.0,0.0,0.07878787878787878,0.15151515151515152,0.33636363636363636,0.09696969696969697,0.07575757575757576,0.021212121212121213,0.03636363636363636,0.00909090909090909,0.048484848484848485,0.021212121212121213,0.0,0.10606060606060606
176,41.45,-71.95,0.0,0.0,0.0,0.05128205128205128,0.022435897435897436,0.17307692307692307,0.41025641025641024,0.00641025641025641,0.03205128205128205,0.016025641025641024,0.057692307692307696,0.009615384615384616,0.02564102564102564,0.0,0.1955128205128205
177,41.87,-71.9,0.009230769230769232,0.0,0.0,0.08307692307692308,0.003076923076923077,0.19692307692307692,0.3476923076923077,0.003076923076923077,0.003076923076923077,0.006153846153846154,0.033846153846153845,0.012307692307692308,0.024615384615384615,0.0,0.27692307692307694
178,41.77,-76.58,0.005449591280653951,0.0,0.0,0.15258855585831063,0.10626702997275204,0.11716621253405994,0.16076294277929154,0.04087193460490463,0.021798365122615803,0.01907356948228883,0.005449591280653951,0.010899182561307902,0.04904632152588556,0.008174386920980926,0.3024523160762943
179,45.18,-70.45,0.19047619047619047,0.06031746031746032,0.009523809523809525,0.15555555555555556,0.03492063492063492,0.3682539682539683,0.02857142857142857,0.006349206349206349,0.0031746031746031746,0.006349206349206349,0.0,0.0,0.0761904761904762,0.0031746031746031746,0.05714285714285714
180,45.95333,-75.87,0.00186219739292365,0.0,0.0,0.12476722532588454,0.1601489757914339,0.21042830540037244,0.15083798882681565,0.0595903165735568,0.0186219739292365,0.0037243947858473,0.00186219739292365,0.01675977653631285,0.00558659217877095,0.00186219739292365,0.24394785847299813
181,41.9,-75.32,0.0,0.0,0.006688963210702341,0.10367892976588629,0.23411371237458195,0.19732441471571907,0.08361204013377926,0.010033444816053512,0.023411371237458192,0.013377926421404682,0.013377926421404682,0.016722408026755852,0.033444816053511704,0.0,0.26421404682274247
182,46.62,-68.02,0.14240506329113925,0.05063291139240506,0.006329113924050633,0.11708860759493671,0.03164556962025317,0.3259493670886076,0.028481012658227847,0.00949367088607595,0.015822784810126583,0.0031645569620253164,0.0,0.022151898734177215,0.08544303797468354,0.0031645569620253164,0.15822784810126583
183,47.03,-68.2,0.2765957446808511,0.1033434650455927,0.0,0.3130699088145897,0.02127659574468085,0.14285714285714285,0.02127659574468085,0.0,0.0,0.00303951367781155,0.00303951367781155,0.0060790273556231,0.02735562310030395,0.0,0.08206686930091185
184,47.2,-68.47,0.08206686930091185,0.03951367781155015,0.0,0.06382978723404255,0.0,0.2857142857142857,0.02127659574468085,0.0182370820668693,0.02127659574468085,0.00911854103343465,0.0,0.0121580547112462,0.10030395136778116,0.02127659574468085,0.3252279635258359
185,46.77,-68.47,0.1941747572815534,0.13592233009708737,0.009708737864077669,0.1488673139158576,0.022653721682847898,0.2168284789644013,0.009708737864077669,0.019417475728155338,0.0,0.009708737864077669,0.0,0.009708737864077669,0.0970873786407767,0.0,0.1262135922330097
186,46.03,-68.17,0.28034682080924855,0.08959537572254335,0.0,0.18208092485549132,0.023121387283236993,0.18497109826589594,0.017341040462427744,0.02023121387283237,0.002890173410404624,0.002890173410404624,0.0,0.014450867052023121,0.15895953757225434,0.0,0.023121387283236993
187,45.63,-68.62,0.14457831325301204,0.03313253012048193,0.0,0.1536144578313253,0.05120481927710843,0.37349397590361444,0.03614457831325301,0.02710843373493976,0.0030120481927710845,0.006024096385542169,0.0,0.02108433734939759,0.0391566265060241,0.0,0.11144578313253012
188,45.37,-68.48,0.12058823529411765,0.03529411764705882,0.0029411764705882353,0.20588235294117646,0.13529411764705881,0.3176470588235294,0.0058823529411764705,0.008823529411764706,0.014705882352941176,0.008823529411764706,0.0,0.011764705882352941,0.03235294117647059,0.0,0.1
189,44.23,-70.03,0.10828025477707007,0.009554140127388535,0.009554140127388535,0.3248407643312102,0.09554140127388536,0.18789808917197454,0.06687898089171974,0.009554140127388535,0.012738853503184714,0.01592356687898089,0.0,0.0,0.022292993630573247,0.0031847133757961785,0.1337579617834395
190,44.8,-70.15,0.14596273291925466,0.037267080745341616,0.006211180124223602,0.13664596273291926,0.040372670807453416,0.3447204968944099,0.037267080745341616,0.027950310559006212,0.012422360248447204,0.006211180124223602,0.003105590062111801,0.006211180124223602,0.043478260869565216,0.0,0.15217391304347827
191,41.88,-74.08,0.00997506234413965,0.007481296758104738,0.0,0.06982543640897755,0.029925187032418952,0.12718204488778054,0.19201995012468828,0.007481296758104738,0.034912718204488775,0.04488778054862843,0.032418952618453865,0.017456359102244388,0.007481296758104738,0.007481296758104738,0.4114713216957606
192,42.6,-74.05,0.007481296758104738,0.0,0.0,0.11221945137157108,0.0399002493765586,0.1371571072319202,0.08728179551122195,0.0,0.0399002493765586,0.004987531172069825,0.017456359102244388,0.007481296758104738,0.029925187032418952,0.004987531172069825,0.5112219451371571
193,43.65,-74.4,0.14795918367346939,0.02295918367346939,0.002551020408163265,0.04081632653061224,0.04081632653061224,0.3086734693877551,0.02040816326530612,0.061224489795918366,0.007653061224489796,0.015306122448979591,0.002551020408163265,0.05357142857142857,0.08163265306122448,0.0,0.19387755102040816
194,43.13,-74.05,0.08,0.024444444444444446,0.0,0.12666666666666668,0.07555555555555556,0.18,0.08222222222222222,0.09111111111111111,0.022222222222222223,0.013333333333333334,0.011111111111111112,0.05333333333333334,0.02,0.0044444444444444444,0.21555555555555556
195,48.15,-91.12,0.09227467811158799,0.011802575107296138,0.001072961373390558,0.4978540772532189,0.0,0.12446351931330472,0.033261802575107295,0.0,0.013948497854077254,0.008583690987124463,0.001072961373390558,0.00536480686695279,0.04184549356223176,0.0203862660944206,0.148068669527897
196,46.185826,-89.70308200000001,0.011764705882352941,0.014705882352941176,0.0029411764705882353,0.28823529411764703,0.06764705882352941,0.22941176470588234,0.041176470588235294,0.0,0.011764705882352941,0.011764705882352941,0.0029411764705882353,0.020588235294117647,0.023529411764705882,0.01764705882352941,0.25588235294117645
197,46.25,-89.9,0.02743142144638404,0.007481296758104738,0.004987531172069825,0.10972568578553615,0.09226932668329177,0.3940149625935162,0.034912718204488775,0.0,0.014962593516209476,0.004987531172069825,0.0,0.014962593516209476,0.034912718204488775,0.0024937655860349127,0.256857855361596
198,42.28,-73.88,0.008547008547008548,0.0,0.0,0.02849002849002849,0.042735042735042736,0.11396011396011396,0.23931623931623933,0.02849002849002849,0.03133903133903134,0.03133903133903134,0.014245014245014245,0.02564102564102564,0.014245014245014245,0.002849002849002849,0.4188034188034188
199,44.5,-89.5,0.0,0.0,0.0,0.07929515418502203,0.0022026431718061676,0.028634361233480177,0.5066079295154186,0.0,0.006607929515418502,0.019823788546255508,0.00881057268722467,0.0022026431718061676,0.013215859030837005,0.004405286343612335,0.32819383259911894
216,41.05,-74.25,0.0,0.00202020202020202,0.0,0.028282828282828285,0.00404040404040404,0.15151515151515152,0.30707070707070705,0.00202020202020202,0.022222222222222223,0.024242424242424242,0.022222222222222223,0.020202020202020204,0.030303030303030304,0.0,0.38585858585858585
242,45.0,-99.0,0.0,0.0,0.0,0.07179487179487179,0.0,0.0,0.005128205128205128,0.0,0.005128205128205128,0.0,0.0,0.0,0.0,0.0,0.9179487179487179
243,43.45,-95.55,0.0028089887640449437,0.0,0.0,0.047752808988764044,0.0,0.008426966292134831,0.07303370786516854,0.0,0.014044943820224719,0.011235955056179775,0.0028089887640449437,0.0056179775280898875,0.0,0.0,0.8342696629213483
571,42.7,-73.53,0.012618296529968454,0.0,0.0,0.09779179810725552,0.05993690851735016,0.1829652996845426,0.24921135646687698,0.04100946372239748,0.022082018927444796,0.028391167192429023,0.006309148264984227,0.025236593059936908,0.04100946372239748,0.012618296529968454,0.22082018927444794
572,42.47,-73.68,0.0,0.0,0.0,0.06609195402298851,0.022988505747126436,0.20402298850574713,0.19540229885057472,0.017241379310344827,0.04597701149425287,0.034482758620689655,0.020114942528735632,0.040229885057471264,0.0,0.04310344827586207,0.3103448275862069
573,42.53,-73.58,0.009708737864077669,0.003236245954692557,0.003236245954692557,0.12297734627831715,0.04854368932038835,0.13592233009708737,0.19741100323624594,0.038834951456310676,0.022653721682847898,0.019417475728155338,0.03559870550161812,0.03559870550161812,0.003236245954692557,0.012944983818770227,0.3106796116504854
574,41.810798,-73.293048,0.006423982869379015,0.0,0.0021413276231263384,0.08779443254817987,0.032119914346895075,0.20556745182012848,0.2569593147751606,0.017130620985010708,0.017130620985010708,0.014989293361884369,0.027837259100642397,0.023554603854389723,0.0,0.006423982869379015,0.3019271948608137
575,42.65,-73.43,0.05120481927710843,0.0,0.0,0.08132530120481928,0.0963855421686747,0.21987951807228914,0.1144578313253012,0.06325301204819277,0.02710843373493976,0.018072289156626505,0.018072289156626505,0.04819277108433735,0.0,0.0030120481927710845,0.25903614457831325
576,42.53,-73.52,0.008426966292134831,0.0,0.0,0.07865168539325842,0.028089887640449437,0.17134831460674158,0.17696629213483145,0.011235955056179775,0.033707865168539325,0.016853932584269662,0.028089887640449437,0.042134831460674156,0.0,0.02247191011235955,0.38202247191011235
577,42.65,-74.05,0.003367003367003367,0.0,0.0,0.10774410774410774,0.037037037037037035,0.15824915824915825,0.12457912457912458,0.02356902356902357,0.026936026936026935,0.037037037037037035,0.0,0.04040404040404041,0.0,0.05387205387205387,0.3872053872053872
578,42.51667,-72.2125,0.06221198156682028,0.002304147465437788,0.0,0.07142857142857142,0.029953917050691243,0.2350230414746544,0.1152073732718894,0.013824884792626729,0.004608294930875576,0.01152073732718894,0.009216589861751152,0.002304147465437788,0.0,0.0,0.4423963133640553
579,42.63333,-73.6,0.011627906976744186,0.0,0.0,0.061046511627906974,0.01744186046511628,0.1569767441860465,0.22674418604651161,0.029069767441860465,0.005813953488372093,0.014534883720930232,0.01744186046511628,0.029069767441860465,0.0029069767441860465,0.00872093023255814,0.4186046511627907
580,36.9,-89.53,0.0,0.0,0.0,0.020377358490566037,0.0,0.0037735849056603774,0.10339622641509434,0.0007547169811320754,0.018113207547169812,0.02339622641509434,0.01509433962264151,0.0,0.0015094339622641509,0.0,0.8135849056603773
581,35.8,-88.63,0.0,0.0,0.0,0.03461538461538462,0.0,0.0057692307692307696,0.2865384615384615,0.011538461538461539,0.013461538461538462,0.023076923076923078,0.025,0.0057692307692307696,0.0057692307692307696,0.0,0.5884615384615385
582,36.02,-87.98,0.0,0.0,0.0,0.18421052631578946,0.0,0.0,0.10394736842105264,0.0,0.018421052631578946,0.006578947368421052,0.02894736842105263,0.0,0.003947368421052632,0.0,0.6539473684210526
583,36.02,-83.42,0.0,0.006006006006006006,0.0,0.35435435435435436,0.003003003003003003,0.018018018018018018,0.37237237237237236,0.0,0.003003003003003003,0.024024024024024024,0.10810810810810811,0.0,0.0,0.0,0.1111111111111111
584,34.63,-81.92,0.0,0.0,0.0,0.27041742286751363,0.0018148820326678765,0.030852994555353903,0.16152450090744103,0.0018148820326678765,0.012704174228675136,0.003629764065335753,0.021778584392014518,0.0,0.036297640653357534,0.0,0.4591651542649728
585,34.53,-82.82,0.0,0.0,0.0,0.10194624652455977,0.0,0.010194624652455977,0.13623725671918444,0.0027803521779425394,0.006487488415199258,0.0027803521779425394,0.012048192771084338,0.0,0.0037071362372567192,0.0,0.7238183503243745
586,34.39,-83.23,0.0,0.0,0.0,0.2675521821631879,0.0,0.017077798861480076,0.22960151802656548,0.0,0.0018975332068311196,0.007590132827324478,0.015180265654648957,0.0,0.0056925996204933585,0.0,0.45540796963946867
588,34.1,-86.12,0.0,0.0,0.0,0.3672566371681416,0.0,0.0,0.16150442477876106,0.0022123893805309734,0.011061946902654867,0.004424778761061947,0.017699115044247787,0.0,0.0,0.0,0.4358407079646018
591,35.42,-85.92,0.0,0.0,0.0,0.27360308285163776,0.0,0.0,0.08285163776493257,0.0,0.007707129094412331,0.0019267822736030828,0.007707129094412331,0.0,0.0019267822736030828,0.0,0.6242774566473989
604,34.15,-88.72,0.0,0.0,0.0,0.10089686098654709,0.0,0.004484304932735426,0.49327354260089684,0.0,0.011210762331838564,0.008968609865470852,0.033632286995515695,0.0,0.0,0.0,0.3475336322869955
605,34.31,-89.3,0.0,0.0,0.0,0.10077519379844961,0.0,0.001937984496124031,0.43410852713178294,0.0,0.013565891472868217,0.007751937984496124,0.005813953488372093,0.0,0.003875968992248062,0.0,0.4321705426356589
606,34.26,-90.28,0.0,0.0,0.0,0.020876826722338204,0.0,0.008350730688935281,0.10855949895615867,0.0,0.05010438413361169,0.010438413361169102,0.014613778705636743,0.0,0.0,0.0,0.7870563674321504
616,36.11,-80.17,0.0,0.0,0.0,0.4672897196261682,0.0,0.004672897196261682,0.20093457943925233,0.0,0.014018691588785047,0.009345794392523364,0.007009345794392523,0.002336448598130841,0.004672897196261682,0.0,0.2897196261682243
617,36.07,-79.05,0.0,0.0,0.0,0.23567921440261866,0.0,0.0,0.19148936170212766,0.0,0.0032733224222585926,0.019639934533551555,0.01309328968903437,0.0032733224222585926,0.0016366612111292963,0.0,0.5319148936170213
618,36.01,-78.03,0.0,0.0,0.0,0.5481481481481482,0.0,0.0,0.15308641975308643,0.0,0.0049382716049382715,0.007407407407407408,0.014814814814814815,0.0024691358024691358,0.0049382716049382715,0.0,0.2641975308641975
619,36.43,-77.63,0.0,0.0,0.0,0.5688487584650113,0.0,0.0,0.07223476297968397,0.0,0.002257336343115124,0.020316027088036117,0.009029345372460496,0.004514672686230248,0.004514672686230248,0.0,0.3182844243792325
620,35.77,-79.15,0.0,0.0,0.0,0.22774869109947643,0.0,0.0,0.36387434554973824,0.0,0.005235602094240838,0.060209424083769635,0.04712041884816754,0.007853403141361256,0.005235602094240838,0.0,0.28272251308900526
621,35.91,-78.55,0.0,0.0,0.0,0.31226053639846746,0.0,0.013409961685823755,0.13218390804597702,0.0019157088122605363,0.019157088122605363,0.034482758620689655,0.009578544061302681,0.007662835249042145,0.013409961685823755,0.0,0.4559386973180077
622,35.94,-76.53,0.0,0.0,0.0,0.20963855421686747,0.0,0.0024096385542168677,0.2819277108433735,0.004819277108433735,0.016867469879518072,0.00963855421686747,0.09156626506024096,0.00963855421686747,0.0,0.0,0.37349397590361444
623,34.73,-76.85,0.0,0.0,0.0,0.609504132231405,0.0,0.0,0.0371900826446281,0.0,0.002066115702479339,0.0,0.002066115702479339,0.0,0.002066115702479339,0.0,0.34710743801652894
624,34.5,-79.33,0.0,0.0,0.0,0.3410041841004184,0.0,0.0,0.1506276150627615,0.0,0.008368200836820083,0.0041841004184100415,0.012552301255230125,0.0041841004184100415,0.0020920502092050207,0.0041841004184100415,0.47280334728033474
630,34.51,-93.27,0.0,0.0,0.0,0.19832985386221294,0.0,0.010438413361169102,0.2881002087682672,0.0,0.04384133611691023,0.027139874739039668,0.04384133611691023,0.0041753653444676405,0.0,0.0,0.38413361169102295
631,34.54,-92.68,0.0,0.0,0.0,0.5243445692883895,0.0,0.003745318352059925,0.04868913857677903,0.0,0.02247191011235955,0.033707865168539325,0.0599250936329588,0.00749063670411985,0.0,0.0,0.299625468164794
658,34.63,-87.27,0.0,0.0,0.0,0.2850574712643678,0.0,0.004597701149425287,0.2850574712643678,0.004597701149425287,0.022988505747126436,0.01839080459770115,0.0367816091954023,0.0,0.006896551724137931,0.0,0.335632183908046
659,34.83,-91.48,0.0,0.0,0.0,0.05708661417322835,0.0,0.0,0.26968503937007876,0.001968503937007874,0.04330708661417323,0.04133858267716536,0.09645669291338582,0.0,0.0,0.0,0.49015748031496065
660,35.17,-91.75,0.0,0.0,0.0,0.03264604810996564,0.0,0.001718213058419244,0.3436426116838488,0.001718213058419244,0.058419243986254296,0.020618556701030927,0.044673539518900345,0.0,0.0,0.0,0.4965635738831615
661,35.18,-92.72,0.0,0.0,0.0,0.5173410404624278,0.0,0.002890173410404624,0.18208092485549132,0.0,0.05491329479768786,0.011560693641618497,0.05491329479768786,0.0,0.0,0.0,0.17630057803468208
662,35.78,-93.8,0.0,0.0,0.0,0.13825757575757575,0.0,0.005681818181818182,0.2840909090909091,0.0,0.03598484848484849,0.022727272727272728,0.043560606060606064,0.0,0.0,0.0,0.4696969696969697
663,36.1,-93.73,0.0,0.0,0.0,0.06944444444444445,0.0,0.003968253968253968,0.36706349206349204,0.0,0.057539682539682536,0.02976190476190476,0.041666666666666664,0.001984126984126984,0.001984126984126984,0.0,0.42658730158730157
664,36.43,-94.07,0.0,0.0,0.0,0.0397489539748954,0.0,0.0041841004184100415,0.46234309623430964,0.0,0.058577405857740586,0.010460251046025104,0.02092050209205021,0.0020920502092050207,0.0,0.0,0.401673640167364
665,35.23,-94.33,0.0,0.0,0.0,0.12698412698412698,0.0,0.001984126984126984,0.33134920634920634,0.0,0.05555555555555555,0.05555555555555555,0.03571428571428571,0.001984126984126984,0.003968253968253968,0.0,0.3869047619047619
666,34.73,-94.07,0.0,0.0,0.0,0.2759433962264151,0.0,0.0,0.2806603773584906,0.0,0.01650943396226415,0.05188679245283019,0.05660377358490566,0.0023584905660377358,0.0047169811320754715,0.0,0.3113207547169811
725,34.68,-78.6,0.0,0.0,0.0,0.630974434975917,0.0,0.007039644312708411,0.15783623564283067,0.001852537977028529,0.004816598740274175,0.005557613931085587,0.012226750648388292,0.0033345683586513525,0.004816598740274175,0.0,0.1715450166728418
726,34.65,-78.5,0.0,0.0,0.0,0.46293769895407005,0.002273760800363802,0.010914051841746248,0.15734424738517508,0.002728512960436562,0.0031832651205093224,0.009549795361527967,0.01318781264211005,0.006366530241018645,0.010459299681673489,0.0009095043201455207,0.32014552069122326
727,34.72,-78.63,0.0,0.0,0.0,0.5307503075030751,0.0,0.006150061500615006,0.1900369003690037,0.0012300123001230013,0.004305043050430504,0.004305043050430504,0.007995079950799507,0.004305043050430504,0.0024600246002460025,0.0018450184501845018,0.24661746617466174
728,34.6,-78.47,0.0,0.0,0.0,0.49731182795698925,0.00038402457757296467,0.008832565284178187,0.20276497695852536,0.002688172043010753,0.005376344086021506,0.008064516129032258,0.011904761904761904,0.0030721966205837174,0.006528417818740399,0.00038402457757296467,0.25268817204301075
729,34.59,-78.47,0.0,0.0,0.0,0.48318804483188044,0.0012453300124533001,0.00311332503113325,0.2191780821917808,0.0012453300124533001,0.0062266500622665,0.0043586550435865505,0.013075965130759652,0.0012453300124533001,0.00560398505603985,0.0043586550435865505,0.25716064757160645
730,43.986946,-74.242394,0.0796812749003984,0.05179282868525897,0.0,0.0796812749003984,0.06772908366533864,0.4581673306772908,0.0398406374501992,0.07171314741035857,0.0199203187250996,0.00796812749003984,0.0,0.035856573705179286,0.0199203187250996,0.00398406374501992,0.06374501992031872
731,44.132484,-73.967688,0.09666080843585237,0.040421792618629174,0.0017574692442882249,0.07205623901581722,0.026362038664323375,0.44815465729349735,0.0351493848857645,0.07205623901581722,0.005272407732864675,0.007029876977152899,0.007029876977152899,0.01054481546572935,0.028119507908611598,0.0017574692442882249,0.14762741652021089
732,44.398608,-74.287866,0.12044817927170869,0.03361344537815126,0.0056022408963585435,0.12324929971988796,0.15966386554621848,0.2801120448179272,0.056022408963585436,0.0700280112044818,0.011204481792717087,0.022408963585434174,0.008403361344537815,0.01680672268907563,0.0056022408963585435,0.0,0.08683473389355742
733,44.095356,-74.863294,0.08542713567839195,0.020100502512562814,0.0,0.06030150753768844,0.08040201005025126,0.49246231155778897,0.05025125628140704,0.07537688442211055,0.005025125628140704,0.02512562814070352,0.0,0.020100502512562814,0.01507537688442211,0.0,0.07035175879396985
734,43.839228,-73.594082,0.07236842105263158,0.013157894736842105,0.0,0.2565789473684211,0.0625,0.29276315789473684,0.05263157894736842,0.049342105263157895,0.01644736842105263,0.019736842105263157,0.0,0.02631578947368421,0.019736842105263157,0.006578947368421052,0.1118421052631579
735,44.329984,-73.900002,0.14835164835164835,0.03571428571428571,0.0,0.10714285714285714,0.0521978021978022,0.3901098901098901,0.04120879120879121,0.06043956043956044,0.01098901098901099,0.019230769230769232,0.0,0.02197802197802198,0.02197802197802198,0.0,0.09065934065934066
736,44.313704,-74.37695599999999,0.031413612565445025,0.015706806282722512,0.0,0.11518324607329843,0.18848167539267016,0.44502617801047123,0.010471204188481676,0.05759162303664921,0.0,0.010471204188481676,0.0,0.05235602094240838,0.005235602094240838,0.005235602094240838,0.06282722513089005
737,44.092274,-74.851216,0.10149253731343283,0.008955223880597015,0.0,0.05970149253731343,0.0626865671641791,0.3880597014925373,0.04477611940298507,0.0955223880597015,0.023880597014925373,0.011940298507462687,0.0,0.03582089552238806,0.011940298507462687,0.005970149253731343,0.14925373134328357
738,43.550405999999995,-73.97349,0.0684931506849315,0.0273972602739726,0.0,0.14383561643835616,0.07876712328767123,0.339041095890411,0.0547945205479452,0.07534246575342465,0.0136986301369863,0.017123287671232876,0.0,0.04452054794520548,0.0136986301369863,0.0,0.1232876712328767
739,43.654582000000005,-73.742572,0.06686046511627906,0.0029069767441860465,0.0,0.14825581395348839,0.08139534883720931,0.2703488372093023,0.07848837209302326,0.046511627906976744,0.011627906976744186,0.01744186046511628,0.0029069767441860465,0.02616279069767442,0.02616279069767442,0.0,0.22093023255813954
740,43.618196,-74.66325,0.1522491349480969,0.01730103806228374,0.0,0.05190311418685121,0.020761245674740483,0.42214532871972316,0.03633217993079585,0.05190311418685121,0.006920415224913495,0.01903114186851211,0.0034602076124567475,0.02249134948096886,0.012110726643598616,0.0017301038062283738,0.18166089965397925
741,44.038714000000006,-74.25317,0.11515151515151516,0.04242424242424243,0.004545454545454545,0.09545454545454546,0.08181818181818182,0.38484848484848483,0.03787878787878788,0.08484848484848485,0.012121212121212121,0.010606060606060607,0.0015151515151515152,0.022727272727272728,0.021212121212121213,0.0015151515151515152,0.08333333333333333
742,43.831658,-74.17103999999999,0.052884615384615384,0.014423076923076924,0.0,0.08173076923076923,0.08173076923076923,0.4326923076923077,0.04807692307692308,0.08173076923076923,0.014423076923076924,0.014423076923076924,0.0,0.057692307692307696,0.019230769230769232,0.004807692307692308,0.09615384615384616
743,44.312901999999994,-74.372102,0.0375,0.01875,0.0125,0.08125,0.1375,0.44375,0.03125,0.03125,0.025,0.00625,0.0,0.0375,0.0125,0.0125,0.1125
744,43.861148,-74.164002,0.035897435897435895,0.005128205128205128,0.0,0.1282051282051282,0.03076923076923077,0.5128205128205128,0.041025641025641026,0.07179487179487179,0.015384615384615385,0.015384615384615385,0.0,0.05128205128205128,0.015384615384615385,0.0,0.07692307692307693
745,44.142782,-73.74041199999999,0.13533834586466165,0.03759398496240601,0.0037593984962406013,0.13157894736842105,0.045112781954887216,0.3533834586466165,0.03383458646616541,0.018796992481203006,0.0037593984962406013,0.015037593984962405,0.0,0.022556390977443608,0.03007518796992481,0.0,0.16917293233082706
746,44.381974,-74.29865600000001,0.026455026455026454,0.015873015873015872,0.005291005291005291,0.031746031746031744,0.07936507936507936,0.6931216931216931,0.021164021164021163,0.05291005291005291,0.0,0.005291005291005291,0.0,0.031746031746031744,0.005291005291005291,0.005291005291005291,0.026455026455026454
747,43.831862,-73.70831799999999,0.04777070063694268,0.025477707006369428,0.0,0.2643312101910828,0.07643312101910828,0.2643312101910828,0.06369426751592357,0.11464968152866242,0.03503184713375796,0.006369426751592357,0.0031847133757961785,0.01592356687898089,0.006369426751592357,0.006369426751592357,0.07006369426751592
748,44.181964,-73.97021600000001,0.1529745042492918,0.0339943342776204,0.0028328611898017,0.1671388101983003,0.06515580736543909,0.32294617563739375,0.0226628895184136,0.0708215297450425,0.0,0.019830028328611898,0.0028328611898017,0.0339943342776204,0.014164305949008499,0.0056657223796034,0.08498583569405099
749,43.832062,-74.120826,0.037037037037037035,0.011111111111111112,0.0,0.05185185185185185,0.04814814814814815,0.6555555555555556,0.02962962962962963,0.040740740740740744,0.0,0.0,0.0,0.06296296296296296,0.018518518518518517,0.0,0.044444444444444446
750,44.123988,-74.467756,0.09319899244332494,0.02518891687657431,0.0,0.12342569269521411,0.07556675062972293,0.3778337531486146,0.030226700251889168,0.07556675062972293,0.015113350125944584,0.017632241813602016,0.0025188916876574307,0.030226700251889168,0.017632241813602016,0.0,0.11586901763224182
751,44.13,-74.2,0.05566218809980806,0.023032629558541268,0.0,0.0690978886756238,0.02495201535508637,0.3781190019193858,0.0345489443378119,0.061420345489443376,0.0,0.003838771593090211,0.0,0.01727447216890595,0.011516314779270634,0.003838771593090211,0.31669865642994244
752,44.122564,-73.97985800000001,0.13095238095238096,0.015873015873015872,0.003968253968253968,0.0873015873015873,0.04365079365079365,0.4642857142857143,0.05555555555555555,0.01984126984126984,0.007936507936507936,0.0,0.003968253968253968,0.015873015873015872,0.027777777777777776,0.007936507936507936,0.11507936507936507
753,44.588878,-74.61265,0.07446808510638298,0.01152482269503546,0.0,0.14184397163120568,0.13120567375886524,0.3342198581560284,0.057624113475177305,0.06205673758865248,0.02304964539007092,0.018617021276595744,0.0026595744680851063,0.022163120567375887,0.01773049645390071,0.0017730496453900709,0.10106382978723404
754,44.106814,-73.935608,0.059845559845559844,0.06177606177606178,0.0,0.08687258687258688,0.041505791505791506,0.4092664092664093,0.0472972972972973,0.06177606177606178,0.003861003861003861,0.01447876447876448,0.005791505791505791,0.010617760617760617,0.03185328185328185,0.0,0.16505791505791506
755,44.259604,-74.15165999999999,0.13609467455621302,0.029585798816568046,0.0,0.15384615384615385,0.20710059171597633,0.3076923076923077,0.011834319526627219,0.029585798816568046,0.005917159763313609,0.005917159763313609,0.0,0.011834319526627219,0.023668639053254437,0.0,0.07692307692307693
756,44.048486,-74.95309,0.16666666666666666,0.021367521367521368,0.0,0.10256410256410256,0.09829059829059829,0.3803418803418803,0.038461538461538464,0.05555555555555555,0.008547008547008548,0.01282051282051282,0.004273504273504274,0.008547008547008548,0.01282051282051282,0.0,0.08974358974358974
757,44.130742,-74.426268,0.07259528130671507,0.010889292196007259,0.0054446460980036296,0.07985480943738657,0.08166969147005444,0.49909255898366606,0.032667876588021776,0.09618874773139746,0.012704174228675136,0.007259528130671506,0.0018148820326678765,0.019963702359346643,0.014519056261343012,0.0,0.06533575317604355
758,44.43,-74.3,0.04516129032258064,0.03870967741935484,0.0,0.2064516129032258,0.05161290322580645,0.3741935483870968,0.0064516129032258064,0.05161290322580645,0.0064516129032258064,0.012903225806451613,0.0,0.05161290322580645,0.012903225806451613,0.0,0.14193548387096774
759,44.544302,-74.076458,0.06629834254143646,0.016574585635359115,0.008287292817679558,0.08839779005524862,0.03314917127071823,0.4972375690607735,0.019337016574585635,0.09116022099447514,0.022099447513812154,0.0055248618784530384,0.0,0.04696132596685083,0.011049723756906077,0.0027624309392265192,0.09116022099447514
760,44.142018,-74.968172,0.042328042328042326,0.010582010582010581,0.0,0.047619047619047616,0.06349206349206349,0.3915343915343915,0.12169312169312169,0.05291005291005291,0.010582010582010581,0.026455026455026454,0.0,0.07936507936507936,0.015873015873015872,0.005291005291005291,0.13227513227513227
761,44.041472,-73.602648,0.057692307692307696,0.023504273504273504,0.0,0.25,0.04700854700854701,0.3076923076923077,0.049145299145299144,0.042735042735042736,0.021367521367521368,0.01282051282051282,0.0,0.019230769230769232,0.029914529914529916,0.014957264957264958,0.12393162393162394
762,44.264042,-74.144684,0.10764430577223089,0.0421216848673947,0.0015600624024961,0.11076443057722309,0.13260530421216848,0.3494539781591264,0.0390015600624025,0.0811232449297972,0.0062402496099844,0.0093603744149766,0.0,0.0374414976599064,0.015600624024960999,0.0031201248049922,0.06396255850234009
763,44.189516,-74.305356,0.10068259385665529,0.032423208191126277,0.0017064846416382253,0.07849829351535836,0.09556313993174062,0.4300341296928328,0.023890784982935155,0.07337883959044368,0.013651877133105802,0.010238907849829351,0.0034129692832764505,0.034129692832764506,0.0017064846416382253,0.0017064846416382253,0.09897610921501707
764,44.124716,-73.73328599999999,0.1503267973856209,0.013071895424836602,0.0,0.11437908496732026,0.09477124183006536,0.3137254901960784,0.0457516339869281,0.06209150326797386,0.016339869281045753,0.006535947712418301,0.0032679738562091504,0.02287581699346405,0.02287581699346405,0.006535947712418301,0.12745098039215685
765,44.147978,-74.056184,0.11608623548922056,0.04809286898839138,0.0,0.07628524046434494,0.03150912106135987,0.4626865671641791,0.03648424543946932,0.04311774461028192,0.011608623548922056,0.01990049751243781,0.0,0.011608623548922056,0.014925373134328358,0.0,0.12769485903814262
766,44.019466,-74.22046800000001,0.12018489984591679,0.020030816640986132,0.0,0.09399075500770417,0.060092449922958396,0.41294298921417566,0.04930662557781202,0.06317411402157165,0.012326656394453005,0.012326656394453005,0.004622496147919877,0.03697996918335902,0.01694915254237288,0.004622496147919877,0.09244992295839753
767,44.096374,-73.82611399999999,0.11801242236024845,0.027950310559006212,0.0,0.08074534161490683,0.08695652173913043,0.38198757763975155,0.06832298136645963,0.049689440993788817,0.015527950310559006,0.009316770186335404,0.006211180124223602,0.012422360248447204,0.021739130434782608,0.0,0.12111801242236025
768,43.371114,-73.78982799999999,0.013201320132013201,0.006600660066006601,0.0,0.17491749174917492,0.07920792079207921,0.1485148514851485,0.08250825082508251,0.0165016501650165,0.009900990099009901,0.006600660066006601,0.0033003300330033004,0.0165016501650165,0.07260726072607261,0.006600660066006601,0.36303630363036304
769,44.502294,-73.88241400000001,0.09699453551912568,0.015027322404371584,0.001366120218579235,0.13524590163934427,0.06557377049180328,0.30191256830601093,0.06830601092896176,0.05737704918032787,0.020491803278688523,0.020491803278688523,0.004098360655737705,0.05191256830601093,0.023224043715846996,0.001366120218579235,0.1366120218579235
770,36.58333,-76.45833,0.0,0.0,0.0,0.08423913043478261,0.008152173913043478,0.0,0.1793478260869565,0.008152173913043478,0.0,0.010869565217391304,0.019021739130434784,0.019021739130434784,0.016304347826086956,0.0,0.654891304347826
771,36.16667,-76.68333,0.0,0.0,0.0,0.3431372549019608,0.0,0.00392156862745098,0.11764705882352941,0.0,0.00392156862745098,0.00980392156862745,0.0,0.0196078431372549,0.00980392156862745,0.0,0.492156862745098
814,40.98,-74.42,0.0031446540880503146,0.0,0.0,0.05660377358490566,0.015723270440251572,0.1289308176100629,0.39308176100628933,0.0031446540880503146,0.02830188679245283,0.0031446540880503146,0.0220125786163522,0.02830188679245283,0.03773584905660377,0.0,0.279874213836478
936,39.72,-89.58,0.0,0.0,0.0,0.01592356687898089,0.0,0.0031847133757961785,0.2770700636942675,0.0,0.012738853503184714,0.07643312101910828,0.012738853503184714,0.0031847133757961785,0.0031847133757961785,0.0,0.5955414012738853
937,40.65,-88.93,0.0,0.0,0.0,0.10333333333333333,0.0,0.0033333333333333335,0.30333333333333334,0.0033333333333333335,0.006666666666666667,0.016666666666666666,0.03,0.0,0.0033333333333333335,0.0,0.53
938,40.17,-87.65,0.0,0.0,0.0,0.032362459546925564,0.0,0.003236245954692557,0.1423948220064725,0.003236245954692557,0.04854368932038835,0.03559870550161812,0.016181229773462782,0.0,0.0,0.0,0.7184466019417476
939,39.83,-88.92,0.0,0.0,0.0,0.04416403785488959,0.0,0.0,0.21766561514195584,0.00946372239747634,0.00946372239747634,0.05362776025236593,0.028391167192429023,0.0,0.0031545741324921135,0.0,0.6340694006309149
940,39.42,-88.43,0.0,0.0,0.0,0.023178807947019868,0.0,0.006622516556291391,0.17549668874172186,0.006622516556291391,0.033112582781456956,0.016556291390728478,0.019867549668874173,0.006622516556291391,0.0033112582781456954,0.0,0.7086092715231788
941,38.57,-89.0,0.0,0.0,0.0,0.009146341463414634,0.0,0.03048780487804878,0.42073170731707316,0.0,0.024390243902439025,0.04878048780487805,0.06097560975609756,0.0,0.0,0.0,0.4054878048780488
942,37.75,-89.12,0.0,0.0,0.0,0.06349206349206349,0.0,0.025396825396825397,0.26031746031746034,0.0031746031746031746,0.04126984126984127,0.05714285714285714,0.025396825396825397,0.0,0.0,0.0,0.5238095238095238
943,39.22,-89.97,0.0,0.0,0.0,0.006493506493506494,0.0,0.00974025974025974,0.39935064935064934,0.0,0.016233766233766232,0.04220779220779221,0.025974025974025976,0.0,0.0,0.0,0.5
944,39.95,-90.22,0.0,0.0,0.0,0.024390243902439025,0.0,0.003048780487804878,0.18902439024390244,0.0,0.006097560975609756,0.07621951219512195,0.024390243902439025,0.006097560975609756,0.0,0.0,0.6707317073170732
945,39.67,-90.22,0.0,0.0,0.0,0.0165016501650165,0.0,0.0033003300330033004,0.28052805280528054,0.0033003300330033004,0.006600660066006601,0.026402640264026403,0.0231023102310231,0.0033003300330033004,0.0,0.0,0.636963696369637
946,40.55,-90.17,0.0,0.0,0.0,0.006666666666666667,0.0,0.0033333333333333335,0.4533333333333333,0.0033333333333333335,0.023333333333333334,0.0033333333333333335,0.023333333333333334,0.0033333333333333335,0.0,0.0,0.48
947,37.28,-89.83,0.0,0.0,0.0,0.0,0.0,0.008875739644970414,0.5088757396449705,0.0029585798816568047,0.0,0.05029585798816568,0.04142011834319527,0.0029585798816568047,0.0029585798816568047,0.0,0.3816568047337278
948,36.97055,-90.35313,0.0,0.0,0.0,0.0,0.0,0.01597444089456869,0.36741214057507987,0.003194888178913738,0.012779552715654952,0.01597444089456869,0.003194888178913738,0.0,0.0,0.0,0.5814696485623003
949,36.75,-91.67,0.0,0.0,0.0,0.015197568389057751,0.0,0.0,0.2857142857142857,0.0,0.00303951367781155,0.0,0.0060790273556231,0.0,0.0,0.0,0.6899696048632219
950,36.58,-92.28,0.0,0.0,0.0,0.15081967213114755,0.0,0.01639344262295082,0.3442622950819672,0.0,0.05573770491803279,0.02622950819672131,0.03934426229508197,0.0,0.003278688524590164,0.0,0.3639344262295082
951,37.3,-93.3,0.0,0.0,0.0,0.006622516556291391,0.0,0.0,0.18543046357615894,0.0,0.013245033112582781,0.023178807947019868,0.019867549668874173,0.0,0.0,0.0,0.7516556291390728
952,37.88,-93.33,0.0,0.0,0.0,0.0027397260273972603,0.0,0.0,0.4849315068493151,0.0027397260273972603,0.019178082191780823,0.024657534246575342,0.010958904109589041,0.0027397260273972603,0.0027397260273972603,0.0,0.44931506849315067
953,38.16675,-92.96597,0.0,0.0,0.0,0.08196721311475409,0.0,0.0,0.6327868852459017,0.0,0.013114754098360656,0.019672131147540985,0.03934426229508197,0.0,0.0,0.0,0.21311475409836064
954,37.92,-87.67,0.0,0.0,0.0,0.02287581699346405,0.0,0.006535947712418301,0.45751633986928103,0.0032679738562091504,0.006535947712418301,0.0392156862745098,0.042483660130718956,0.0032679738562091504,0.0032679738562091504,0.0,0.4150326797385621
955,37.67,-88.85,0.0,0.0,0.0,0.010830324909747292,0.0,0.010830324909747292,0.20938628158844766,0.007220216606498195,0.0,0.010830324909747292,0.010830324909747292,0.0,0.0,0.0,0.740072202166065
956,37.55,-85.73,0.0,0.0,0.0,0.013071895424836602,0.0,0.016339869281045753,0.22549019607843138,0.0032679738562091504,0.006535947712418301,0.0196078431372549,0.026143790849673203,0.00980392156862745,0.0032679738562091504,0.0,0.6764705882352942
957,37.22,-85.72,0.0,0.0,0.0,0.0,0.0,0.003472222222222222,0.052083333333333336,0.0,0.0,0.0,0.003472222222222222,0.0,0.0,0.0,0.9409722222222222
958,37.15,-85.95,0.0,0.0,0.0,0.020905923344947737,0.0,0.006968641114982578,0.20209059233449478,0.006968641114982578,0.003484320557491289,0.0313588850174216,0.027874564459930314,0.0,0.0,0.0,0.7003484320557491
959,37.15,-86.1,0.0,0.0,0.0,0.01060070671378092,0.0,0.007067137809187279,0.31802120141342755,0.04240282685512368,0.02120141342756184,0.028268551236749116,0.007067137809187279,0.0035335689045936395,0.007067137809187279,0.01060070671378092,0.5441696113074205
960,36.78,-86.83,0.0,0.0,0.0,0.0033333333333333335,0.0,0.0033333333333333335,0.03666666666666667,0.0,0.0,0.0033333333333333335,0.006666666666666667,0.0,0.0,0.0,0.9466666666666667
961,37.32,-87.22,0.0,0.0,0.0,0.03934426229508197,0.0,0.009836065573770493,0.34098360655737703,0.003278688524590164,0.006557377049180328,0.01639344262295082,0.03934426229508197,0.0,0.0,0.0,0.5442622950819672
962,37.35,-87.47,0.0,0.0,0.0,0.03678929765886288,0.0,0.016722408026755852,0.26421404682274247,0.010033444816053512,0.006688963210702341,0.030100334448160536,0.030100334448160536,0.006688963210702341,0.0,0.0,0.5986622073578596
963,37.8,-87.53,0.0,0.0,0.0,0.013559322033898305,0.0,0.006779661016949152,0.0847457627118644,0.003389830508474576,0.0,0.003389830508474576,0.010169491525423728,0.0,0.0,0.0,0.8779661016949153
964,37.6,-87.58,0.0,0.0,0.0,0.025806451612903226,0.0,0.0032258064516129032,0.33548387096774196,0.0,0.00967741935483871,0.05161290322580645,0.04838709677419355,0.0,0.0,0.0,0.5258064516129032
1020,49.28218,-91.27361,0.2531446540880503,0.0,0.0,0.5330188679245284,0.0,0.050314465408805034,0.0047169811320754715,0.0,0.0,0.0031446540880503146,0.0,0.0,0.0220125786163522,0.0,0.13364779874213836
1021,49.42222,-82.1688,0.43741209563994377,0.02390998593530239,0.0014064697609001407,0.12376933895921238,0.0,0.12376933895921238,0.0028129395218002813,0.0014064697609001407,0.0028129395218002813,0.005625879043600563,0.0,0.0014064697609001407,0.170182841068917,0.0,0.10548523206751055
1022,49.79568,-85.86885,0.38953488372093026,0.010174418604651164,0.0,0.2005813953488372,0.0,0.14970930232558138,0.01308139534883721,0.0014534883720930232,0.0,0.0014534883720930232,0.0,0.0,0.12790697674418605,0.0,0.10610465116279069
1115,35.48,-89.27,0.0,0.0,0.0,0.055401662049861494,0.0,0.002077562326869806,0.08379501385041552,0.0006925207756232687,0.0034626038781163434,0.018698060941828253,0.011772853185595568,0.002770083102493075,0.0,0.0,0.8213296398891967
1116,35.9,-87.78,0.0,0.0,0.0,0.1375921375921376,0.0,0.002457002457002457,0.5061425061425061,0.0,0.007371007371007371,0.022113022113022112,0.044226044226044224,0.002457002457002457,0.007371007371007371,0.0,0.2702702702702703
1117,35.95,-87.55,0.0,0.0,0.0,0.052770448548812667,0.0,0.0079155672823219,0.662269129287599,0.0,0.0,0.010554089709762533,0.036939313984168866,0.013192612137203167,0.002638522427440633,0.0,0.21372031662269128
1118,36.08,-86.3,0.0,0.0,0.0,0.060851926977687626,0.0,0.004056795131845842,0.2515212981744422,0.002028397565922921,0.032454361054766734,0.13995943204868155,0.05070993914807302,0.004056795131845842,0.0,0.0,0.4543610547667343
1119,35.43,-85.12,0.0,0.0,0.0,0.12448979591836734,0.0,0.0,0.3326530612244898,0.024489795918367346,0.024489795918367346,0.00816326530612245,0.04693877551020408,0.024489795918367346,0.0,0.0,0.4142857142857143
1120,36.23,-84.1,0.0,0.0,0.0,0.8207547169811321,0.0,0.0,0.09433962264150944,0.0,0.006289308176100629,0.0031446540880503146,0.0031446540880503146,0.006289308176100629,0.0,0.0,0.0660377358490566
1121,35.6,-83.8,0.0014771048744460858,0.0,0.0,0.19940915805022155,0.01772525849335303,0.01624815361890694,0.12112259970457903,0.0014771048744460858,0.014771048744460856,0.0,0.01772525849335303,0.0103397341211226,0.37813884785819796,0.0,0.22156573116691286
1122,35.63,-83.43,0.036011080332409975,0.002770083102493075,0.0,0.05817174515235457,0.024930747922437674,0.4626038781163435,0.16620498614958448,0.008310249307479225,0.002770083102493075,0.00554016620498615,0.002770083102493075,0.00554016620498615,0.0110803324099723,0.0,0.21329639889196675
1123,35.57,-83.5,0.015544041450777202,0.18134715025906736,0.0,0.18911917098445596,0.007772020725388601,0.12435233160621761,0.2616580310880829,0.0025906735751295338,0.0051813471502590676,0.0,0.023316062176165803,0.007772020725388601,0.04404145077720207,0.0,0.13730569948186527
1124,35.6,-83.47,0.07756232686980609,0.038781163434903045,0.0,0.18005540166204986,0.024930747922437674,0.29085872576177285,0.14958448753462603,0.008310249307479225,0.0221606648199446,0.0110803324099723,0.0110803324099723,0.00554016620498615,0.008310249307479225,0.0,0.17174515235457063
1125,35.55,-83.32,0.002849002849002849,0.005698005698005698,0.0,0.2564102564102564,0.042735042735042736,0.10826210826210826,0.21652421652421652,0.0,0.039886039886039885,0.005698005698005698,0.017094017094017096,0.008547008547008548,0.0,0.0,0.2962962962962963
1126,35.55,-83.17,0.008948545861297539,0.0,0.0,0.12304250559284116,0.017897091722595078,0.1789709172259508,0.38926174496644295,0.017897091722595078,0.011185682326621925,0.0044742729306487695,0.03355704697986577,0.013422818791946308,0.011185682326621925,0.0,0.19015659955257272
1127,35.63,-82.18,0.0,0.0,0.0,0.1844331641285956,0.00338409475465313,0.0338409475465313,0.3637901861252115,0.005076142131979695,0.00676818950930626,0.005076142131979695,0.01692047377326565,0.00676818950930626,0.030456852791878174,0.0,0.34348561759729274
1128,35.73,-81.78,0.0,0.0,0.0,0.31894934333958724,0.0,0.016885553470919325,0.26641651031894936,0.005628517823639775,0.005628517823639775,0.00375234521575985,0.0150093808630394,0.005628517823639775,0.013133208255159476,0.0,0.34896810506566606
1129,35.72,-81.47,0.0,0.0,0.0,0.24453280318091453,0.0,0.009940357852882704,0.34393638170974156,0.0,0.003976143141153081,0.007952286282306162,0.015904572564612324,0.0,0.013916500994035786,0.0,0.35984095427435386
1130,35.23,-80.72,0.0,0.0,0.0,0.24500907441016334,0.0,0.003629764065335753,0.21052631578947367,0.0,0.007259528130671506,0.007259528130671506,0.014519056261343012,0.007259528130671506,0.039927404718693285,0.0,0.4646098003629764
1131,36.03,-88.27,0.0,0.0,0.0,0.07625649913344887,0.0,0.0034662045060658577,0.1611785095320624,0.0,0.019064124783362217,0.05545927209705372,0.005199306759098787,0.005199306759098787,0.01386481802426343,0.0,0.6603119584055459
1164,44.26667,-71.31667,0.09513513513513513,0.016216216216216217,0.0,0.07783783783783783,0.04756756756756757,0.4345945945945946,0.06054054054054054,0.06918918918918919,0.004324324324324324,0.008648648648648649,0.0,0.036756756756756756,0.015135135135135135,0.0,0.13405405405405404
1165,44.26667,-71.31667,0.07766990291262135,0.05339805825242718,0.0,0.043689320388349516,0.0048543689320388345,0.5388349514563107,0.019417475728155338,0.024271844660194174,0.0048543689320388345,0.0,0.0,0.019417475728155338,0.014563106796116505,0.0048543689320388345,0.1941747572815534
1166,39.1,-79.6,0.014326647564469915,0.0,0.0,0.10888252148997135,0.011461318051575931,0.06876790830945559,0.40114613180515757,0.0057306590257879654,0.011461318051575931,0.02865329512893983,0.034383954154727794,0.0,0.0,0.0,0.3151862464183381
1167,39.1,-79.6,0.02511415525114155,0.0,0.0,0.04642313546423135,0.0121765601217656,0.2343987823439878,0.1902587519025875,0.0076103500761035,0.0167427701674277,0.015220700152207,0.0167427701674277,0.0197869101978691,0.0121765601217656,0.0015220700152207,0.4018264840182648
1168,39.1,-79.6,0.001763668430335097,0.001763668430335097,0.0,0.037037037037037035,0.003527336860670194,0.13580246913580246,0.14109347442680775,0.015873015873015872,0.010582010582010581,0.007054673721340388,0.012345679012345678,0.021164021164021163,0.014109347442680775,0.003527336860670194,0.5943562610229277
1169,39.65,-79.4,0.005,0.0,0.0,0.055,0.02,0.355,0.245,0.015,0.0,0.0,0.02,0.01,0.055,0.005,0.215
1172,44.57,-64.32,0.09507445589919816,0.0859106529209622,0.0,0.041237113402061855,0.033218785796105384,0.30011454753722794,0.056128293241695305,0.026345933562428408,0.0057273768613974796,0.001145475372279496,0.0,0.014891179839633447,0.13745704467353953,0.0,0.2027491408934708
1173,43.88,-66.08,0.055876685934489405,0.04238921001926782,0.0,0.0019267822736030828,0.025048169556840076,0.34104046242774566,0.038535645472061654,0.036608863198458574,0.005780346820809248,0.0019267822736030828,0.0,0.017341040462427744,0.10789980732177264,0.0,0.325626204238921
1174,44.12,-66.07,0.0691358024691358,0.04197530864197531,0.0,0.019753086419753086,0.022222222222222223,0.4,0.06419753086419754,0.04197530864197531,0.014814814814814815,0.0024691358024691358,0.0,0.01728395061728395,0.06172839506172839,0.0,0.24444444444444444
1175,44.1,-65.78,0.11960132890365449,0.08803986710963455,0.0,0.024916943521594685,0.026578073089700997,0.21262458471760798,0.044850498338870434,0.07641196013289037,0.0016611295681063123,0.0049833887043189366,0.0,0.009966777408637873,0.05647840531561462,0.0,0.3338870431893688
1176,44.82,-65.45,0.1492109038737446,0.04591104734576758,0.0,0.02582496413199426,0.04160688665710186,0.26255380200860834,0.035868005738880916,0.08751793400286945,0.014347202295552367,0.0,0.0,0.027259684361549498,0.05164992826398852,0.0,0.2582496413199426
1177,44.72,-65.32,0.0873634945397816,0.07956318252730109,0.0015600624024961,0.0078003120124804995,0.093603744149766,0.31201248049922,0.0390015600624025,0.078003120124805,0.0124804992199688,0.0046801872074883,0.0,0.0218408736349454,0.06396255850234009,0.0,0.1981279251170047
1178,44.73,-65.03,0.2785923753665689,0.12609970674486803,0.0,0.01466275659824047,0.07624633431085044,0.1598240469208211,0.020527859237536656,0.010263929618768328,0.0,0.001466275659824047,0.0,0.001466275659824047,0.07038123167155426,0.0,0.2404692082111437
1179,44.48,-64.8,0.08237547892720307,0.09578544061302682,0.0,0.038314176245210725,0.11685823754789272,0.3333333333333333,0.0421455938697318,0.06321839080459771,0.0019157088122605363,0.0019157088122605363,0.0,0.007662835249042145,0.032567049808429116,0.0,0.1839080459770115
1180,44.55,-63.67,0.22107438016528927,0.006198347107438017,0.0,0.07024793388429752,0.05991735537190083,0.3925619834710744,0.047520661157024795,0.026859504132231406,0.004132231404958678,0.004132231404958678,0.0,0.012396694214876033,0.08264462809917356,0.0,0.07231404958677685
1181,44.48,-63.57,0.154,0.01,0.006,0.072,0.052,0.278,0.03,0.034,0.006,0.002,0.0,0.008,0.15,0.0,0.198
1182,45.93,-60.32,0.09550561797752809,0.0749063670411985,0.0009363295880149813,0.03838951310861423,0.05149812734082397,0.36142322097378277,0.0149812734082397,0.10580524344569288,0.00749063670411985,0.0009363295880149813,0.0,0.003745318352059925,0.054307116104868915,0.0009363295880149813,0.1891385767790262
1183,44.92,-62.53,0.125,0.0196078431372549,0.0024509803921568627,0.0392156862745098,0.007352941176470588,0.3700980392156863,0.01715686274509804,0.03676470588235294,0.0024509803921568627,0.012254901960784314,0.0,0.022058823529411766,0.14215686274509803,0.0,0.2034313725490196
1184,45.12,-62.88,0.046153846153846156,0.0019230769230769232,0.0057692307692307696,0.038461538461538464,0.023076923076923078,0.5153846153846153,0.025,0.1423076923076923,0.0038461538461538464,0.0019230769230769232,0.0,0.0057692307692307696,0.032692307692307694,0.0,0.1576923076923077
1185,45.38,-63.55,0.08620689655172414,0.0049261083743842365,0.0024630541871921183,0.059113300492610835,0.09359605911330049,0.5073891625615764,0.009852216748768473,0.12315270935960591,0.0,0.0024630541871921183,0.0,0.019704433497536946,0.024630541871921183,0.0,0.0665024630541872
1186,45.37,-62.43,0.09271523178807947,0.002207505518763797,0.002207505518763797,0.024282560706401765,0.026490066225165563,0.5540838852097131,0.02869757174392936,0.0706401766004415,0.002207505518763797,0.0,0.0,0.0,0.037527593818984545,0.0,0.15894039735099338
1187,45.8,-63.67,0.1792452830188679,0.012578616352201259,0.0,0.1289308176100629,0.10062893081761007,0.29245283018867924,0.018867924528301886,0.018867924528301886,0.006289308176100629,0.0,0.0,0.009433962264150943,0.0880503144654088,0.0,0.14465408805031446
1188,45.55,-63.93,0.3120567375886525,0.002364066193853428,0.009456264775413711,0.07092198581560284,0.02364066193853428,0.2364066193853428,0.030732860520094562,0.028368794326241134,0.002364066193853428,0.002364066193853428,0.0,0.014184397163120567,0.0591016548463357,0.0,0.20803782505910165
1189,45.4,-64.47,0.09177215189873418,0.028481012658227847,0.0,0.04746835443037975,0.05063291139240506,0.6392405063291139,0.012658227848101266,0.07278481012658228,0.006329113924050633,0.006329113924050633,0.0,0.0,0.022151898734177215,0.0,0.022151898734177215
1190,45.67,-62.62,0.22163120567375885,0.01950354609929078,0.0070921985815602835,0.11347517730496454,0.13120567375886524,0.24645390070921985,0.01950354609929078,0.05673758865248227,0.010638297872340425,0.0,0.0,0.012411347517730497,0.04609929078014184,0.0,0.11524822695035461
1191,45.62,-61.83,0.10789473684210527,0.021052631578947368,0.0,0.06315789473684211,0.14473684210526316,0.38421052631578945,0.013157894736842105,0.08947368421052632,0.005263157894736842,0.002631578947368421,0.0,0.013157894736842105,0.039473684210526314,0.0,0.11578947368421053
1192,45.57,-62.13,0.1544943820224719,0.03651685393258427,0.0,0.1151685393258427,0.1853932584269663,0.24157303370786518,0.03651685393258427,0.11235955056179775,0.0056179775280898875,0.0056179775280898875,0.0,0.016853932584269662,0.033707865168539325,0.0,0.056179775280898875
1193,45.87,-61.12,0.12691466083150985,0.0350109409190372,0.0,0.05470459518599562,0.0962800875273523,0.3785557986870897,0.028446389496717725,0.16411378555798686,0.00437636761487965,0.002188183807439825,0.0,0.019693654266958426,0.0175054704595186,0.0,0.07221006564551423
1194,46.17,-60.92,0.1464968152866242,0.044585987261146494,0.0,0.03184713375796178,0.0031847133757961785,0.4140127388535032,0.01910828025477707,0.025477707006369428,0.009554140127388535,0.012738853503184714,0.0,0.01910828025477707,0.07643312101910828,0.0,0.19745222929936307
1195,46.27,-60.97,0.10550458715596331,0.027522935779816515,0.0,0.027522935779816515,0.01834862385321101,0.46788990825688076,0.022935779816513763,0.027522935779816515,0.009174311926605505,0.0,0.0,0.0,0.03211009174311927,0.0,0.26146788990825687
1196,46.38,-60.68,0.0539906103286385,0.011737089201877934,0.0,0.028169014084507043,0.014084507042253521,0.568075117370892,0.028169014084507043,0.023474178403755867,0.002347417840375587,0.0,0.0,0.011737089201877934,0.0539906103286385,0.0,0.20422535211267606
1256,42.33,-88.05,0.1791530944625407,0.0,0.0,0.006514657980456026,0.0,0.013029315960912053,0.3355048859934853,0.0,0.016286644951140065,0.003257328990228013,0.0,0.009771986970684038,0.013029315960912053,0.0,0.4234527687296417
1257,47.07343,-98.589976,0.004672897196261682,0.0,0.0,0.08411214953271028,0.0,0.014018691588785047,0.03271028037383177,0.0,0.06542056074766354,0.03271028037383177,0.0,0.0,0.037383177570093455,0.018691588785046728,0.7102803738317757
1258,49.47,-91.32,0.27439024390243905,0.018292682926829267,0.0,0.5487804878048781,0.0,0.039634146341463415,0.0,0.0,0.0,0.0,0.0,0.0,0.042682926829268296,0.003048780487804878,0.07317073170731707
1259,50.12,-90.78,0.5292307692307693,0.021538461538461538,0.0,0.36923076923076925,0.0,0.03076923076923077,0.0,0.0,0.0,0.003076923076923077,0.0,0.0,0.015384615384615385,0.0,0.03076923076923077
1260,50.23,-90.67,0.24429967426710097,0.019543973941368076,0.0,0.6188925081433225,0.0,0.0749185667752443,0.003257328990228013,0.0,0.003257328990228013,0.0,0.0,0.0,0.006514657980456026,0.0,0.029315960912052116
1261,50.42,-90.48,0.41509433962264153,0.012578616352201259,0.0,0.46855345911949686,0.0,0.03459119496855346,0.0,0.0,0.0,0.0031446540880503146,0.0,0.0,0.04716981132075472,0.0,0.018867924528301886
1262,50.95,-90.42,0.4131147540983607,0.09180327868852459,0.0,0.42295081967213116,0.0,0.03278688524590164,0.0,0.0,0.0,0.0,0.0,0.0,0.009836065573770493,0.0,0.029508196721311476
1263,51.35,-90.17,0.4422535211267606,0.008450704225352112,0.0028169014084507044,0.48732394366197185,0.0,0.011267605633802818,0.0028169014084507044,0.0,0.0,0.0028169014084507044,0.0,0.0,0.005633802816901409,0.0,0.036619718309859155
1264,50.07,-91.87,0.2523076923076923,0.009230769230769232,0.0,0.5723076923076923,0.0,0.033846153846153845,0.009230769230769232,0.0,0.003076923076923077,0.0,0.0,0.0,0.046153846153846156,0.0,0.07384615384615385
1265,50.02,-91.97,0.21212121212121213,0.008264462809917356,0.0,0.4214876033057851,0.0,0.09641873278236915,0.011019283746556474,0.0,0.0,0.011019283746556474,0.0027548209366391185,0.0,0.06887052341597796,0.0,0.16804407713498623
1266,49.68,-92.4,0.2152317880794702,0.0728476821192053,0.0,0.40728476821192056,0.0,0.076158940397351,0.009933774834437087,0.0,0.0,0.0033112582781456954,0.0,0.0033112582781456954,0.13245033112582782,0.0,0.07947019867549669
1267,49.55,-92.35,0.20364741641337386,0.02127659574468085,0.0,0.5258358662613982,0.0,0.060790273556231005,0.00303951367781155,0.0,0.0,0.0,0.0,0.0,0.12158054711246201,0.0,0.06382978723404255
1268,49.25,-91.2,0.12740384615384615,0.009615384615384616,0.002403846153846154,0.6442307692307693,0.0,0.03125,0.0,0.0,0.0,0.0,0.0,0.0,0.01201923076923077,0.0,0.17307692307692307
1269,48.93,-90.05,0.1838006230529595,0.06853582554517133,0.003115264797507788,0.42679127725856697,0.0,0.08099688473520249,0.006230529595015576,0.0,0.003115264797507788,0.003115264797507788,0.0,0.006230529595015576,0.12149532710280374,0.003115264797507788,0.09345794392523364
1270,49.22,-88.12,0.19686800894854586,0.0894854586129754,0.0,0.27740492170022374,0.0,0.27293064876957496,0.006711409395973154,0.0,0.0,0.0,0.0,0.0,0.06935123042505593,0.0022371364653243847,0.08501118568232663
1271,49.65,-87.25,0.3465346534653465,0.0297029702970297,0.0033003300330033004,0.528052805280528,0.0,0.026402640264026403,0.0,0.0,0.0,0.0033003300330033004,0.0,0.0,0.033003300330033,0.009900990099009901,0.019801980198019802
1272,49.72194,-85.15,0.5236686390532544,0.023668639053254437,0.0,0.2958579881656805,0.0,0.05621301775147929,0.0029585798816568047,0.0,0.0,0.0,0.0,0.0,0.05621301775147929,0.0,0.04142011834319527
1273,49.55,-83.02,0.4376899696048632,0.03343465045592705,0.0,0.24012158054711247,0.0,0.03343465045592705,0.0060790273556231,0.0,0.0,0.0,0.0,0.0,0.16717325227963525,0.0,0.08206686930091185
1274,49.25,-81.72,0.4044943820224719,0.056179775280898875,0.0056179775280898875,0.24157303370786518,0.0028089887640449437,0.028089887640449437,0.0056179775280898875,0.0,0.0,0.0028089887640449437,0.0,0.0028089887640449437,0.16853932584269662,0.0,0.08146067415730338
1275,48.55,-80.85,0.18933333333333333,0.050666666666666665,0.0,0.3466666666666667,0.0,0.09066666666666667,0.005333333333333333,0.0,0.0,0.0026666666666666666,0.0,0.0,0.18933333333333333,0.0,0.12533333333333332
1276,48.05,-80.1,0.08157099697885196,0.08459214501510574,0.0,0.6978851963746223,0.0,0.06042296072507553,0.012084592145015106,0.0030211480362537764,0.0,0.0,0.0,0.0,0.012084592145015106,0.0,0.04833836858006042
1277,48.33,-88.8,0.14501510574018128,0.02416918429003021,0.0,0.31419939577039274,0.0,0.3202416918429003,0.006042296072507553,0.0,0.0,0.0,0.0,0.0030211480362537764,0.09365558912386707,0.0,0.09365558912386707
1278,44.6,-79.5,0.00702576112412178,0.00702576112412178,0.0,0.3114754098360656,0.08899297423887588,0.13114754098360656,0.07494145199063232,0.0234192037470726,0.00936768149882904,0.06557377049180328,0.00468384074941452,0.01405152224824356,0.00234192037470726,0.00702576112412178,0.2529274004683841
1279,43.3,-80.33,0.04326923076923077,0.057692307692307696,0.0,0.10096153846153846,0.038461538461538464,0.03365384615384615,0.12980769230769232,0.09134615384615384,0.0,0.04807692307692308,0.0,0.09615384615384616,0.004807692307692308,0.0,0.3557692307692308
1280,43.95,-79.43,0.0025188916876574307,0.0025188916876574307,0.0,0.29974811083123426,0.07304785894206549,0.08564231738035265,0.09571788413098237,0.08312342569269521,0.015113350125944584,0.05289672544080604,0.010075566750629723,0.030226700251889168,0.012594458438287154,0.0,0.2367758186397985
1281,46.45,-79.47,0.0696969696969697,0.02727272727272727,0.00909090909090909,0.4,0.03939393939393939,0.2636363636363636,0.04242424242424243,0.0,0.012121212121212121,0.0,0.0030303030303030303,0.021212121212121213,0.021212121212121213,0.0,0.09090909090909091
1282,44.95,-79.28,0.02040816326530612,0.00510204081632653,0.0,0.4719387755102041,0.10459183673469388,0.11224489795918367,0.030612244897959183,0.03826530612244898,0.012755102040816327,0.017857142857142856,0.0,0.01020408163265306,0.03316326530612245,0.0,0.14285714285714285
1283,43.37,-79.88,0.0,0.004576659038901602,0.006864988558352402,0.2036613272311213,0.02517162471395881,0.07322654462242563,0.10983981693363844,0.029748283752860413,0.041189931350114416,0.041189931350114416,0.016018306636155607,0.018306636155606407,0.011441647597254004,0.009153318077803204,0.4096109839816934
1352,45.03333,-99.33333,0.0,0.0,0.0,0.031073446327683617,0.0,0.0,0.005649717514124294,0.0,0.002824858757062147,0.0,0.0,0.0,0.002824858757062147,0.0,0.9576271186440678
1355,44.88333,-97.46667,0.0,0.0,0.0,0.0029411764705882353,0.0,0.0,0.0029411764705882353,0.0,0.0,0.008823529411764706,0.0,0.0,0.0029411764705882353,0.0029411764705882353,0.9794117647058823
1387,35.59,-83.83,0.0,0.0,0.0,0.24092409240924093,0.0,0.026402640264026403,0.17491749174917492,0.0033003300330033004,0.0033003300330033004,0.006600660066006601,0.009900990099009901,0.009900990099009901,0.0033003300330033004,0.0,0.5214521452145214
1454,46.8,-68.07,0.270042194092827,0.07172995780590717,0.0,0.046413502109704644,0.03375527426160337,0.2616033755274262,0.012658227848101266,0.004219409282700422,0.0,0.008438818565400843,0.0,0.016877637130801686,0.0379746835443038,0.004219409282700422,0.2320675105485232
1455,46.38,-68.35,0.19239373601789708,0.035794183445190156,0.0,0.03355704697986577,0.024608501118568233,0.4228187919463087,0.006711409395973154,0.035794183445190156,0.0022371364653243847,0.0,0.0022371364653243847,0.03803131991051454,0.02237136465324385,0.0044742729306487695,0.1789709172259508
1456,46.55,-68.33,0.17732558139534885,0.04941860465116279,0.00872093023255814,0.005813953488372093,0.014534883720930232,0.22965116279069767,0.0,0.011627906976744186,0.011627906976744186,0.0,0.0,0.005813953488372093,0.15406976744186046,0.01744186046511628,0.313953488372093
1457,46.18,-68.38,0.1943231441048035,0.04585152838427948,0.002183406113537118,0.05458515283842795,0.03711790393013101,0.40829694323144106,0.008733624454148471,0.05021834061135371,0.013100436681222707,0.002183406113537118,0.0,0.008733624454148471,0.024017467248908297,0.0,0.15065502183406113
1458,46.143706,-68.723472,0.2835820895522388,0.09701492537313433,0.0,0.11567164179104478,0.04477611940298507,0.20149253731343283,0.029850746268656716,0.007462686567164179,0.0037313432835820895,0.0037313432835820895,0.0,0.018656716417910446,0.048507462686567165,0.0,0.1455223880597015
1459,46.37,-68.62,0.2198581560283688,0.03900709219858156,0.0,0.07801418439716312,0.03900709219858156,0.35106382978723405,0.010638297872340425,0.028368794326241134,0.0070921985815602835,0.0035460992907801418,0.0,0.0070921985815602835,0.028368794326241134,0.010638297872340425,0.1773049645390071
1460,46.63,-68.88,0.2508361204013378,0.06688963210702341,0.0,0.026755852842809364,0.013377926421404682,0.2508361204013378,0.006688963210702341,0.026755852842809364,0.0033444816053511705,0.006688963210702341,0.0,0.0033444816053511705,0.11036789297658862,0.006688963210702341,0.22742474916387959
1461,46.95,-68.85,0.29429429429429427,0.12012012012012012,0.0,0.021021021021021023,0.015015015015015015,0.3303303303303303,0.009009009009009009,0.02702702702702703,0.0,0.0,0.0,0.006006006006006006,0.03303303303303303,0.0,0.14414414414414414
1462,46.93,-68.53,0.31715210355987056,0.09385113268608414,0.0,0.04854368932038835,0.022653721682847898,0.343042071197411,0.016181229773462782,0.019417475728155338,0.0,0.0,0.0,0.009708737864077669,0.022653721682847898,0.0,0.10679611650485436
1463,47.28,-68.32,0.13445378151260504,0.056022408963585436,0.0028011204481792717,0.047619047619047616,0.008403361344537815,0.43137254901960786,0.0056022408963585435,0.047619047619047616,0.0056022408963585435,0.0028011204481792717,0.0,0.011204481792717087,0.047619047619047616,0.0056022408963585435,0.19327731092436976
1464,46.0,-68.63,0.29207920792079206,0.0594059405940594,0.0024752475247524753,0.034653465346534656,0.04950495049504951,0.24504950495049505,0.022277227722772276,0.034653465346534656,0.007425742574257425,0.0,0.0,0.01485148514851485,0.06683168316831684,0.0024752475247524753,0.16831683168316833
1465,45.785,-68.36778,0.3076923076923077,0.09230769230769231,0.0,0.018461538461538463,0.04923076923076923,0.24307692307692308,0.009230769230769232,0.04,0.009230769230769232,0.009230769230769232,0.0,0.018461538461538463,0.012307692307692308,0.0,0.19076923076923077
1466,45.78,-68.15,0.27808988764044945,0.09550561797752809,0.0,0.0056179775280898875,0.0449438202247191,0.22752808988764045,0.014044943820224719,0.019662921348314606,0.0056179775280898875,0.0,0.0,0.014044943820224719,0.0449438202247191,0.0056179775280898875,0.2443820224719101
1467,45.55,-68.13,0.09213483146067415,0.02247191011235955,0.0,0.02696629213483146,0.11235955056179775,0.3550561797752809,0.035955056179775284,0.056179775280898875,0.011235955056179775,0.0022471910112359553,0.0022471910112359553,0.02247191011235955,0.038202247191011236,0.0,0.22247191011235956
1468,45.35,-68.05,0.2202797202797203,0.03146853146853147,0.0,0.03146853146853147,0.07342657342657342,0.2692307692307692,0.013986013986013986,0.01048951048951049,0.0034965034965034965,0.0034965034965034965,0.0,0.01048951048951049,0.05944055944055944,0.0034965034965034965,0.2692307692307692
1469,45.77,-67.87,0.21971830985915494,0.09014084507042254,0.0028169014084507044,0.028169014084507043,0.0647887323943662,0.15492957746478872,0.011267605633802818,0.022535211267605635,0.0028169014084507044,0.005633802816901409,0.0,0.014084507042253521,0.10140845070422536,0.005633802816901409,0.27605633802816903
1470,45.41009,-67.80553,0.11581920903954802,0.0423728813559322,0.0,0.07909604519774012,0.0903954802259887,0.3389830508474576,0.02824858757062147,0.022598870056497175,0.002824858757062147,0.0,0.0,0.022598870056497175,0.0480225988700565,0.0,0.20903954802259886
1471,45.2,-67.63,0.192090395480226,0.05084745762711865,0.0,0.08757062146892655,0.07909604519774012,0.2344632768361582,0.025423728813559324,0.00847457627118644,0.005649717514124294,0.011299435028248588,0.0,0.011299435028248588,0.05084745762711865,0.002824858757062147,0.2401129943502825
1472,46.0,-67.92,0.14009661835748793,0.05314009661835749,0.004830917874396135,0.024154589371980676,0.06280193236714976,0.35507246376811596,0.016908212560386472,0.033816425120772944,0.007246376811594203,0.0024154589371980675,0.0,0.026570048309178744,0.043478260869565216,0.016908212560386472,0.21256038647342995
1473,46.95,-67.53,0.10273972602739725,0.06621004566210045,0.0,0.0182648401826484,0.02054794520547945,0.5547945205479452,0.0136986301369863,0.0410958904109589,0.0091324200913242,0.0,0.0,0.02511415525114155,0.0273972602739726,0.0045662100456621,0.11643835616438356
1474,47.03,-66.03,0.20224719101123595,0.1404494382022472,0.0,0.019662921348314606,0.0,0.4241573033707865,0.011235955056179775,0.011235955056179775,0.0,0.0028089887640449437,0.0056179775280898875,0.014044943820224719,0.0702247191011236,0.0028089887640449437,0.09550561797752809
1475,47.28,-67.98,0.15141955835962145,0.056782334384858045,0.0031545741324921135,0.03785488958990536,0.006309148264984227,0.4195583596214511,0.00946372239747634,0.025236593059936908,0.006309148264984227,0.0031545741324921135,0.0,0.006309148264984227,0.050473186119873815,0.015772870662460567,0.2082018927444795
1476,46.72,-67.77,0.16455696202531644,0.060759493670886074,0.002531645569620253,0.012658227848101266,0.02278481012658228,0.2607594936708861,0.015189873417721518,0.05063291139240506,0.010126582278481013,0.0,0.002531645569620253,0.02531645569620253,0.07088607594936709,0.02278481012658228,0.27848101265822783
1477,46.58,-67.63,0.13285024154589373,0.06038647342995169,0.0024154589371980675,0.033816425120772944,0.06038647342995169,0.4082125603864734,0.021739130434782608,0.021739130434782608,0.004830917874396135,0.004830917874396135,0.0,0.021739130434782608,0.021739130434782608,0.0,0.20531400966183574
1478,46.42,-66.95,0.14660831509846828,0.06564551422319474,0.00437636761487965,0.061269146608315096,0.030634573304157548,0.4288840262582057,0.019693654266958426,0.037199124726477024,0.0087527352297593,0.0,0.0,0.028446389496717725,0.0350109409190372,0.00437636761487965,0.12910284463894967
1479,46.18,-67.17,0.16287878787878787,0.041666666666666664,0.005681818181818182,0.08901515151515152,0.10795454545454546,0.4015151515151515,0.00946969696969697,0.045454545454545456,0.005681818181818182,0.0,0.0,0.015151515151515152,0.022727272727272728,0.005681818181818182,0.08712121212121213
1480,46.25,-67.65,0.08853118712273642,0.06237424547283702,0.0,0.026156941649899398,0.04225352112676056,0.40643863179074446,0.022132796780684104,0.03621730382293763,0.01006036217303823,0.004024144869215292,0.0,0.012072434607645875,0.06639839034205232,0.002012072434607646,0.22132796780684105
1481,46.02,-67.72,0.23421052631578948,0.12631578947368421,0.005263157894736842,0.02631578947368421,0.06315789473684211,0.22631578947368422,0.021052631578947368,0.013157894736842105,0.010526315789473684,0.007894736842105263,0.0,0.02894736842105263,0.03684210526315789,0.013157894736842105,0.1868421052631579
1482,45.93,-67.3,0.12299465240641712,0.01871657754010695,0.00267379679144385,0.01871657754010695,0.06684491978609626,0.4411764705882353,0.01871657754010695,0.053475935828877004,0.013368983957219251,0.0053475935828877,0.00267379679144385,0.0106951871657754,0.045454545454545456,0.008021390374331552,0.1711229946524064
1483,46.05,-67.03,0.1561822125813449,0.0455531453362256,0.0,0.04338394793926247,0.06073752711496746,0.31453362255965295,0.02386117136659436,0.06290672451193059,0.008676789587852495,0.0,0.0,0.015184381778741865,0.0368763557483731,0.004338394793926247,0.227765726681128
1484,45.63,-67.47,0.18115942028985507,0.028985507246376812,0.004830917874396135,0.014492753623188406,0.1859903381642512,0.2826086956521739,0.014492753623188406,0.014492753623188406,0.03864734299516908,0.00966183574879227,0.0,0.01932367149758454,0.04830917874396135,0.0,0.1570048309178744
1485,45.73,-67.02,0.2,0.031818181818181815,0.0,0.022727272727272728,0.05227272727272727,0.3090909090909091,0.01818181818181818,0.0022727272727272726,0.006818181818181818,0.011363636363636364,0.0,0.01818181818181818,0.07954545454545454,0.00909090909090909,0.23863636363636365
1486,45.03,-70.65,0.06227758007117438,0.02491103202846975,0.0017793594306049821,0.12455516014234876,0.09608540925266904,0.498220640569395,0.03914590747330961,0.030249110320284697,0.023131672597864767,0.0071174377224199285,0.0,0.01601423487544484,0.021352313167259787,0.0,0.05516014234875445
1487,45.25367,-69.92091,0.29313929313929316,0.04158004158004158,0.0,0.04573804573804574,0.06860706860706861,0.288981288981289,0.037422037422037424,0.018711018711018712,0.010395010395010396,0.008316008316008316,0.0,0.014553014553014554,0.029106029106029108,0.002079002079002079,0.14137214137214138
1488,45.12,-69.67,0.06964285714285715,0.0125,0.0,0.017857142857142856,0.06964285714285715,0.4375,0.033928571428571426,0.05178571428571429,0.0125,0.008928571428571428,0.0017857142857142857,0.033928571428571426,0.048214285714285716,0.0,0.2017857142857143
1489,44.9,-70.55,0.23249299719887956,0.09243697478991597,0.0,0.025210084033613446,0.03361344537815126,0.35014005602240894,0.022408963585434174,0.0056022408963585435,0.0,0.008403361344537815,0.0028011204481792717,0.01680672268907563,0.07563025210084033,0.0,0.13445378151260504
1490,44.87,-70.2,0.13186813186813187,0.038461538461538464,0.0,0.06043956043956044,0.07692307692307693,0.41483516483516486,0.054945054945054944,0.024725274725274724,0.005494505494505495,0.008241758241758242,0.0027472527472527475,0.027472527472527472,0.016483516483516484,0.0027472527472527475,0.1346153846153846
1491,44.58,-70.68,0.11851851851851852,0.06481481481481481,0.001851851851851852,0.04259259259259259,0.05740740740740741,0.40555555555555556,0.040740740740740744,0.022222222222222223,0.007407407407407408,0.005555555555555556,0.001851851851851852,0.027777777777777776,0.06851851851851852,0.0,0.13518518518518519
1492,44.59625,-70.24803,0.06162464985994398,0.03361344537815126,0.0028011204481792717,0.09243697478991597,0.08683473389355742,0.33613445378151263,0.05042016806722689,0.022408963585434174,0.0056022408963585435,0.014005602240896359,0.0,0.036414565826330535,0.06722689075630252,0.0028011204481792717,0.1876750700280112
1493,44.7,-70.45,0.09455587392550144,0.022922636103151862,0.0,0.05730659025787966,0.045845272206303724,0.335243553008596,0.025787965616045846,0.0028653295128939827,0.02005730659025788,0.008595988538681949,0.0,0.04297994269340974,0.17191977077363896,0.022922636103151862,0.1489971346704871
1494,44.47,-70.4,0.06753812636165578,0.013071895424836602,0.0,0.06535947712418301,0.054466230936819175,0.4466230936819172,0.04139433551198257,0.023965141612200435,0.010893246187363835,0.010893246187363835,0.0,0.017429193899782137,0.02832244008714597,0.002178649237472767,0.2178649237472767
1495,44.38,-70.65,0.05830903790087463,0.014577259475218658,0.0,0.06997084548104957,0.052478134110787174,0.39941690962099125,0.061224489795918366,0.03206997084548105,0.011661807580174927,0.014577259475218658,0.0029154518950437317,0.02040816326530612,0.023323615160349854,0.011661807580174927,0.22740524781341107
1496,44.2,-70.62,0.12237093690248566,0.01338432122370937,0.0,0.08795411089866156,0.08795411089866156,0.33460803059273425,0.08221797323135756,0.0248565965583174,0.01338432122370937,0.0057361376673040155,0.0,0.02676864244741874,0.022944550669216062,0.0019120458891013384,0.17590822179732313
1497,44.2,-70.23,0.0262582056892779,0.0087527352297593,0.002188183807439825,0.09409190371991247,0.045951859956236324,0.3085339168490153,0.10284463894967177,0.019693654266958426,0.019693654266958426,0.024070021881838075,0.0,0.019693654266958426,0.03938730853391685,0.010940919037199124,0.2778993435448578
1498,43.98,-70.35,0.04011461318051576,0.014326647564469915,0.0,0.2349570200573066,0.10315186246418338,0.2722063037249284,0.08022922636103152,0.025787965616045846,0.0057306590257879654,0.0057306590257879654,0.0,0.011461318051575931,0.014326647564469915,0.0057306590257879654,0.18624641833810887
1499,44.28,-69.87,0.06828193832599119,0.006607929515418502,0.0,0.08590308370044053,0.09691629955947137,0.27312775330396477,0.07268722466960352,0.039647577092511016,0.015418502202643172,0.004405286343612335,0.0,0.013215859030837005,0.05286343612334802,0.006607929515418502,0.2643171806167401
1500,44.1,-69.67,0.05263157894736842,0.017543859649122806,0.0,0.05012531328320802,0.11278195488721804,0.3308270676691729,0.12030075187969924,0.022556390977443608,0.012531328320802004,0.0,0.0,0.03007518796992481,0.03759398496240601,0.002506265664160401,0.21052631578947367
1501,44.25437,-69.53222,0.044270833333333336,0.018229166666666668,0.0026041666666666665,0.109375,0.0859375,0.3020833333333333,0.078125,0.041666666666666664,0.013020833333333334,0.0026041666666666665,0.0,0.015625,0.08333333333333333,0.0078125,0.1953125
1502,44.38577,-69.33466,0.08620689655172414,0.022988505747126436,0.0,0.08620689655172414,0.040229885057471264,0.2672413793103448,0.07758620689655173,0.011494252873563218,0.0028735632183908046,0.0,0.0028735632183908046,0.028735632183908046,0.020114942528735632,0.008620689655172414,0.3448275862068966
1503,44.36732,-69.60442,0.04642857142857143,0.014285714285714285,0.0,0.11071428571428571,0.06428571428571428,0.29642857142857143,0.125,0.02857142857142857,0.02857142857142857,0.0035714285714285713,0.0,0.04285714285714286,0.025,0.014285714285714285,0.2
1504,44.62,-69.83,0.05714285714285714,0.01818181818181818,0.007792207792207792,0.07792207792207792,0.06753246753246753,0.2831168831168831,0.05194805194805195,0.03116883116883117,0.025974025974025976,0.0,0.0,0.01038961038961039,0.07792207792207792,0.0,0.2909090909090909
1505,44.53,-69.57,0.09498680738786279,0.0158311345646438,0.0,0.06596306068601583,0.12928759894459102,0.3324538258575198,0.047493403693931395,0.026385224274406333,0.0079155672823219,0.0079155672823219,0.005277044854881266,0.010554089709762533,0.026385224274406333,0.005277044854881266,0.22427440633245382
1506,44.9,-69.9,0.07692307692307693,0.03418803418803419,0.0,0.09116809116809117,0.042735042735042736,0.41595441595441596,0.06837606837606838,0.02849002849002849,0.011396011396011397,0.011396011396011397,0.0,0.039886039886039885,0.03133903133903134,0.011396011396011397,0.13675213675213677
1507,45.12,-69.98,0.14392059553349876,0.02729528535980149,0.0,0.02729528535980149,0.02481389578163772,0.4441687344913151,0.02977667493796526,0.03225806451612903,0.009925558312655087,0.004962779156327543,0.0,0.03225806451612903,0.05955334987593052,0.004962779156327543,0.1588089330024814
1508,44.13,-70.1,0.08292682926829269,0.02926829268292683,0.0,0.11219512195121951,0.04390243902439024,0.25609756097560976,0.04878048780487805,0.026829268292682926,0.026829268292682926,0.00975609756097561,0.0024390243902439024,0.03414634146341464,0.03414634146341464,0.0,0.2926829268292683
1509,44.72901,-70.08804,0.07038123167155426,0.02346041055718475,0.0,0.09970674486803519,0.04105571847507331,0.3519061583577713,0.04985337243401759,0.017595307917888565,0.01466275659824047,0.008797653958944282,0.0,0.017595307917888565,0.07331378299120235,0.011730205278592375,0.21994134897360704
1510,44.72,-69.5,0.05223880597014925,0.017412935323383085,0.0,0.014925373134328358,0.07462686567164178,0.4502487562189055,0.05472636815920398,0.02736318407960199,0.014925373134328358,0.014925373134328358,0.0024875621890547263,0.0472636815920398,0.022388059701492536,0.0,0.2064676616915423
1511,44.41587,-69.79246,0.06842105263157895,0.007017543859649123,0.0,0.08771929824561403,0.07017543859649122,0.34035087719298246,0.05087719298245614,0.05789473684210526,0.017543859649122806,0.015789473684210527,0.0017543859649122807,0.021052631578947368,0.043859649122807015,0.008771929824561403,0.20877192982456141
1525,42.296646,-95.03033,0.002857142857142857,0.0,0.0,0.045714285714285714,0.0,0.002857142857142857,0.08285714285714285,0.0,0.005714285714285714,0.02,0.002857142857142857,0.008571428571428572,0.002857142857142857,0.008571428571428572,0.8171428571428572
1526,47.13,-99.23,0.007518796992481203,0.015037593984962405,0.012531328320802004,0.03258145363408521,0.0,0.0,0.007518796992481203,0.0,0.0,0.0,0.0,0.002506265664160401,0.002506265664160401,0.005012531328320802,0.9147869674185464
1527,46.9,-99.37,0.0,0.0,0.0,0.0835214446952596,0.0,0.0,0.004514672686230248,0.0,0.0,0.0,0.0,0.0,0.002257336343115124,0.0,0.909706546275395
1528,45.28,-93.9,0.015590200445434299,0.0,0.0022271714922048997,0.008908685968819599,0.0,0.08240534521158129,0.35634743875278396,0.0,0.0,0.0779510022271715,0.0,0.011135857461024499,0.013363028953229399,0.013363028953229399,0.41870824053452116
1529,45.27,-93.88,0.006593406593406593,0.0,0.002197802197802198,0.06153846153846154,0.0,0.04395604395604396,0.27912087912087913,0.0,0.0,0.07912087912087912,0.0,0.017582417582417582,0.017582417582417582,0.0,0.49230769230769234
1530,45.35,-94.02,0.0,0.0,0.0,0.044715447154471545,0.0,0.042682926829268296,0.1910569105691057,0.0,0.0,0.04878048780487805,0.0,0.006097560975609756,0.01016260162601626,0.0020325203252032522,0.6544715447154471
1531,45.33,-93.05,0.005780346820809248,0.0,0.02601156069364162,0.1069364161849711,0.0,0.06647398843930635,0.1416184971098266,0.0,0.0,0.031791907514450865,0.0,0.011560693641618497,0.02023121387283237,0.0,0.5895953757225434
1532,48.05,-90.42,0.07387862796833773,0.0,0.0,0.38522427440633245,0.0,0.28232189973614774,0.023746701846965697,0.0,0.0,0.002638522427440633,0.0,0.002638522427440633,0.10290237467018469,0.0,0.1266490765171504
1533,48.05,-90.48,0.0641025641025641,0.00641025641025641,0.002136752136752137,0.532051282051282,0.0,0.19444444444444445,0.017094017094017096,0.0,0.0,0.002136752136752137,0.0,0.002136752136752137,0.053418803418803416,0.0,0.12606837606837606
1534,48.05,-90.43,0.08977556109725686,0.00997506234413965,0.0,0.30673316708229426,0.0,0.2967581047381546,0.0199501246882793,0.0,0.0,0.0024937655860349127,0.0,0.0,0.11970074812967581,0.0,0.1546134663341646
1535,48.08,-90.32,0.09619686800894854,0.0022371364653243847,0.0044742729306487695,0.6062639821029083,0.0,0.09843400447427293,0.013422818791946308,0.0,0.0,0.0022371364653243847,0.0,0.0,0.07829977628635347,0.0,0.09843400447427293
1536,48.05,-90.47,0.13381995133819952,0.012165450121654502,0.004866180048661801,0.3381995133819951,0.0,0.20681265206812652,0.014598540145985401,0.0,0.0,0.009732360097323601,0.0,0.0024330900243309003,0.12408759124087591,0.009732360097323601,0.1435523114355231
1537,41.46,-71.95,0.0,0.0,0.0,0.046798029556650245,0.007389162561576354,0.11330049261083744,0.28078817733990147,0.012315270935960592,0.024630541871921183,0.019704433497536946,0.009852216748768473,0.007389162561576354,0.06157635467980296,0.0,0.41625615763546797
1700,45.3,-91.45,0.0018552875695732839,0.0,0.0,0.15584415584415584,0.0018552875695732839,0.12987012987012986,0.2077922077922078,0.0,0.012987012987012988,0.016697588126159554,0.0055658627087198514,0.0055658627087198514,0.06679035250463822,0.02040816326530612,0.3747680890538033
1710,44.45,-93.69444,0.001177856301531213,0.0,0.0,0.06831566548881036,0.0,0.015312131919905771,0.18610129564193167,0.0,0.001177856301531213,0.03651354534746761,0.007067137809187279,0.007067137809187279,0.009422850412249705,0.002355712603062426,0.6654888103651354
1726,35.08,-83.53,0.004123711340206186,0.0,0.0,0.11752577319587629,0.016494845360824743,0.07422680412371134,0.2618556701030928,0.0,0.0,0.0,0.026804123711340205,0.008247422680412371,0.018556701030927835,0.0,0.47216494845360824
1742,41.88,-70.65,0.012605042016806723,0.0,0.0,0.13445378151260504,0.01680672268907563,0.10084033613445378,0.35714285714285715,0.0,0.008403361344537815,0.01680672268907563,0.012605042016806723,0.008403361344537815,0.012605042016806723,0.008403361344537815,0.31092436974789917
1743,41.82444,-69.98616,0.0,0.004149377593360996,0.0,0.27800829875518673,0.008298755186721992,0.0954356846473029,0.1825726141078838,0.004149377593360996,0.012448132780082987,0.008298755186721992,0.012448132780082987,0.012448132780082987,0.008298755186721992,0.0,0.37344398340248963
1744,41.77,-70.02,0.0,0.0,0.0,0.228310502283105,0.0136986301369863,0.0547945205479452,0.2009132420091324,0.0045662100456621,0.0,0.0136986301369863,0.0,0.0091324200913242,0.0091324200913242,0.0,0.4657534246575342
1745,41.7,-70.08,0.004032258064516129,0.0,0.0,0.11693548387096774,0.004032258064516129,0.036290322580645164,0.21370967741935484,0.004032258064516129,0.004032258064516129,0.012096774193548387,0.0,0.008064516129032258,0.012096774193548387,0.0,0.5846774193548387
1746,41.7,-70.22,0.005221932114882507,0.0,0.0,0.09399477806788512,0.005221932114882507,0.06266318537859007,0.28720626631853785,0.0,0.005221932114882507,0.018276762402088774,0.013054830287206266,0.007832898172323759,0.015665796344647518,0.0026109660574412533,0.4830287206266319
1747,41.7,-70.35,0.0,0.0,0.0,0.0423728813559322,0.0,0.09322033898305085,0.2245762711864407,0.00423728813559322,0.00423728813559322,0.012711864406779662,0.00847457627118644,0.025423728813559324,0.029661016949152543,0.0,0.5550847457627118
1748,41.7,-70.45,0.0,0.0,0.0,0.1532567049808429,0.007662835249042145,0.06130268199233716,0.24521072796934865,0.01532567049808429,0.0,0.011494252873563218,0.01532567049808429,0.03065134099616858,0.038314176245210725,0.0038314176245210726,0.41762452107279696
1749,41.6,-70.53,0.0,0.0,0.0,0.08058608058608059,0.01098901098901099,0.05128205128205128,0.2454212454212454,0.014652014652014652,0.03663003663003663,0.007326007326007326,0.007326007326007326,0.018315018315018316,0.01098901098901099,0.0,0.5164835164835165
1750,41.65,-70.43,0.00974025974025974,0.0,0.0,0.14285714285714285,0.00974025974025974,0.08116883116883117,0.2532467532467532,0.006493506493506494,0.016233766233766232,0.01948051948051948,0.006493506493506494,0.025974025974025976,0.016233766233766232,0.006493506493506494,0.40584415584415584
1751,42.0,-70.03,0.0,0.0,0.0,0.18115942028985507,0.0,0.07246376811594203,0.18115942028985507,0.0036231884057971015,0.010869565217391304,0.0036231884057971015,0.010869565217391304,0.014492753623188406,0.025362318840579712,0.007246376811594203,0.4891304347826087
1752,42.07,-70.18,0.0,0.0026109660574412533,0.0,0.1566579634464752,0.007832898172323759,0.0783289817232376,0.30809399477806787,0.03655352480417755,0.013054830287206266,0.010443864229765013,0.0026109660574412533,0.02349869451697128,0.005221932114882507,0.013054830287206266,0.34203655352480417
1753,42.43872,-71.34080200000001,0.0036496350364963502,0.0036496350364963502,0.0,0.08759124087591241,0.0072992700729927005,0.18613138686131386,0.45985401459854014,0.0072992700729927005,0.010948905109489052,0.010948905109489052,0.0072992700729927005,0.032846715328467155,0.01824817518248175,0.0036496350364963502,0.16058394160583941
1811,36.17,-82.0,0.013805004314063849,0.0025884383088869713,0.0,0.010353753235547885,0.0,0.0,0.024158757549611734,0.0008628127696289905,0.0,0.0,0.0008628127696289905,0.0,0.0,0.0,0.9473684210526315
1812,36.17,-82.0,0.04017857142857143,0.026785714285714284,0.0,0.03125,0.013392857142857142,0.049107142857142856,0.07142857142857142,0.008928571428571428,0.0,0.0,0.03571428571428571,0.0,0.12946428571428573,0.0,0.59375
1813,36.0,-82.5,0.0,0.0,0.0,0.036923076923076927,0.006153846153846154,0.006153846153846154,0.08615384615384615,0.0,0.0,0.0,0.021538461538461538,0.009230769230769232,0.006153846153846154,0.0,0.8276923076923077
1846,35.58,-84.2,0.0,0.0,0.0,0.16898954703832753,0.0,0.003484320557491289,0.22473867595818817,0.0,0.01916376306620209,0.0156794425087108,0.027874564459930314,0.008710801393728223,0.0017421602787456446,0.0017421602787456446,0.5278745644599303
1876,45.034798,-93.631152,0.0,0.0,0.008948545861297539,0.015659955257270694,0.0,0.029082774049217,0.174496644295302,0.0,0.017897091722595078,0.09172259507829977,0.0044742729306487695,0.03803131991051454,0.0,0.0044742729306487695,0.6152125279642058
1878,48.098118,-92.011594,0.10602409638554217,0.0,0.0,0.4963855421686747,0.0,0.0746987951807229,0.016867469879518072,0.0,0.0024096385542168677,0.0024096385542168677,0.0,0.004819277108433735,0.04096385542168675,0.012048192771084338,0.2433734939759036
1895,45.13333,-93.73333,0.0030241935483870967,0.0,0.0,0.037298387096774195,0.0,0.014112903225806451,0.12298387096774194,0.0,0.006048387096774193,0.07459677419354839,0.0020161290322580645,0.010080645161290322,0.009072580645161291,0.0,0.7207661290322581
1907,49.0,-65.95,0.25675675675675674,0.04054054054054054,0.002702702702702703,0.07837837837837838,0.004054054054054054,0.11216216216216217,0.0013513513513513514,0.0,0.0013513513513513514,0.0,0.002702702702702703,0.0,0.4027027027027027,0.0,0.0972972972972973
1908,47.4,-71.11667,0.10232558139534884,0.19534883720930232,0.0,0.12558139534883722,0.0,0.31627906976744186,0.0,0.004651162790697674,0.0,0.0,0.004651162790697674,0.018604651162790697,0.06976744186046512,0.018604651162790697,0.14418604651162792
1909,47.4,-71.11667,0.013452914798206279,0.026905829596412557,0.0,0.17488789237668162,0.008968609865470852,0.18834080717488788,0.013452914798206279,0.017937219730941704,0.004484304932735426,0.03587443946188341,0.008968609865470852,0.017937219730941704,0.04484304932735426,0.0,0.4439461883408072
1910,46.7,-70.3,0.0916030534351145,0.007633587786259542,0.0,0.21374045801526717,0.0,0.1297709923664122,0.03816793893129771,0.007633587786259542,0.0,0.022900763358778626,0.0,0.015267175572519083,0.05343511450381679,0.0,0.4198473282442748
1911,45.45,-70.88333,0.0658682634730539,0.020958083832335328,0.0,0.18263473053892215,0.0,0.15868263473053892,0.03592814371257485,0.020958083832335328,0.09281437125748503,0.02694610778443114,0.0,0.017964071856287425,0.014970059880239521,0.0,0.36227544910179643
1912,47.55,-71.25,0.5124378109452736,0.08830845771144279,0.0012437810945273632,0.10696517412935323,0.0,0.13432835820895522,0.008706467661691543,0.008706467661691543,0.0012437810945273632,0.0,0.0,0.0,0.014925373134328358,0.0,0.12313432835820895
1913,47.46667,-71.13333,0.22565320665083136,0.12826603325415678,0.0023752969121140144,0.1377672209026128,0.0023752969121140144,0.17814726840855108,0.007125890736342043,0.0166270783847981,0.007125890736342043,0.011876484560570071,0.0,0.009501187648456057,0.0332541567695962,0.0,0.23990498812351543
1914,47.55,-71.25,0.11187607573149742,0.0378657487091222,0.0,0.18588640275387264,0.0017211703958691911,0.3373493975903614,0.01549053356282272,0.008605851979345954,0.0068846815834767644,0.0034423407917383822,0.0,0.0,0.1566265060240964,0.0017211703958691911,0.13253012048192772
1915,47.63333,-70.93333,0.5409836065573771,0.053864168618266976,0.0,0.13114754098360656,0.0,0.09601873536299765,0.00936768149882904,0.00468384074941452,0.00702576112412178,0.00936768149882904,0.0,0.00234192037470726,0.02576112412177986,0.00468384074941452,0.11475409836065574
1916,47.63333,-70.91667,0.1377049180327869,0.01639344262295082,0.0,0.23934426229508196,0.0,0.1737704918032787,0.013114754098360656,0.006557377049180328,0.009836065573770493,0.006557377049180328,0.0,0.0,0.04590163934426229,0.0,0.35081967213114756
1917,47.63333,-70.91667,0.5313351498637602,0.014986376021798364,0.0,0.19209809264305178,0.0,0.10490463215258855,0.006811989100817439,0.0,0.004087193460490463,0.0,0.0,0.008174386920980926,0.0326975476839237,0.0,0.10490463215258855
1918,47.15,-71.23333,0.10714285714285714,0.1913265306122449,0.0,0.14030612244897958,0.007653061224489796,0.16581632653061223,0.002551020408163265,0.00510204081632653,0.002551020408163265,0.00510204081632653,0.0,0.007653061224489796,0.030612244897959183,0.00510204081632653,0.32908163265306123
1919,47.0,-71.43333,0.09641873278236915,0.03305785123966942,0.0027548209366391185,0.1115702479338843,0.015151515151515152,0.4793388429752066,0.02066115702479339,0.023415977961432508,0.005509641873278237,0.008264462809917356,0.0,0.012396694214876033,0.026170798898071626,0.0027548209366391185,0.162534435261708
1920,47.08333,-71.36667,0.04371584699453552,0.02459016393442623,0.00273224043715847,0.09836065573770492,0.0,0.226775956284153,0.00273224043715847,0.01366120218579235,0.00546448087431694,0.00819672131147541,0.0,0.040983606557377046,0.03551912568306011,0.00273224043715847,0.49453551912568305
1921,47.4,-71.18333,0.17802197802197803,0.0945054945054945,0.0,0.12307692307692308,0.001098901098901099,0.29120879120879123,0.01098901098901099,0.012087912087912088,0.005494505494505495,0.006593406593406593,0.002197802197802198,0.006593406593406593,0.038461538461538464,0.0,0.22967032967032966
1922,47.41667,-71.2,0.15718157181571815,0.02710027100271003,0.0027100271002710027,0.1002710027100271,0.0,0.02981029810298103,0.008130081300813009,0.008130081300813009,0.005420054200542005,0.0,0.0027100271002710027,0.0,0.005420054200542005,0.0,0.6531165311653117
1923,49.28333,-73.83333,0.3172268907563025,0.004201680672268907,0.0,0.4369747899159664,0.0,0.10504201680672269,0.0063025210084033615,0.0,0.0,0.0,0.0,0.0021008403361344537,0.03361344537815126,0.0,0.09453781512605042
1924,48.9,-73.08333,0.19143576826196473,0.005037783375314861,0.0012594458438287153,0.5151133501259446,0.0,0.15491183879093198,0.0025188916876574307,0.0,0.0,0.0,0.0012594458438287153,0.0012594458438287153,0.07052896725440806,0.0,0.05667506297229219
1925,49.8,-74.55,0.3074141048824593,0.0162748643761302,0.0,0.4448462929475588,0.0,0.06690777576853527,0.0018083182640144665,0.0,0.003616636528028933,0.0,0.0018083182640144665,0.0,0.027124773960216998,0.0,0.1301989150090416
1926,49.36667,-76.7,0.45493562231759654,0.00715307582260372,0.0,0.3261802575107296,0.0,0.12017167381974249,0.0,0.0,0.002861230329041488,0.004291845493562232,0.0,0.001430615164520744,0.05150214592274678,0.0,0.031473533619456366
1927,48.25,-78.2,0.16129032258064516,0.01129032258064516,0.0,0.3919354838709677,0.0,0.09838709677419355,0.014516129032258065,0.0032258064516129032,0.02258064516129032,0.0016129032258064516,0.0,0.0016129032258064516,0.06129032258064516,0.025806451612903226,0.2064516129032258
1928,49.78333,-77.75,0.4758771929824561,0.015350877192982455,0.0,0.26535087719298245,0.0,0.07675438596491228,0.0043859649122807015,0.0,0.0,0.0021929824561403508,0.0,0.0043859649122807015,0.10964912280701754,0.0,0.046052631578947366
1929,49.65,-77.81667,0.19172113289760348,0.008714596949891068,0.0,0.5686274509803921,0.0,0.0915032679738562,0.008714596949891068,0.0,0.004357298474945534,0.004357298474945534,0.002178649237472767,0.0,0.05228758169934641,0.0,0.06753812636165578
1931,48.15,-77.75,0.1213235294117647,0.009191176470588236,0.0,0.40625,0.003676470588235294,0.17095588235294118,0.012867647058823529,0.0,0.0,0.0,0.0,0.001838235294117647,0.07720588235294118,0.0,0.19669117647058823
1932,43.71667,-79.35,0.1078838174273859,0.024896265560165973,0.0,0.24481327800829875,0.0,0.0912863070539419,0.006224066390041493,0.0,0.004149377593360996,0.002074688796680498,0.0,0.004149377593360996,0.04771784232365145,0.004149377593360996,0.46265560165975106
1933,47.71667,-76.31667,0.21339563862928349,0.0264797507788162,0.0,0.3052959501557632,0.0,0.21339563862928349,0.017133956386292833,0.0,0.0,0.006230529595015576,0.0,0.010903426791277258,0.021806853582554516,0.003115264797507788,0.1822429906542056
1938,48.9,-66.18333,0.24274406332453827,0.08839050131926121,0.0,0.10026385224274406,0.0,0.19656992084432717,0.002638522427440633,0.00395778364116095,0.0013192612137203166,0.0,0.0013192612137203166,0.002638522427440633,0.0633245382585752,0.005277044854881266,0.29155672823219
1939,48.9,-66.18333,0.2862903225806452,0.17338709677419356,0.0,0.1028225806451613,0.0,0.2701612903225806,0.0,0.0,0.0020161290322580645,0.0,0.0020161290322580645,0.016129032258064516,0.07661290322580645,0.0,0.07056451612903226
1940,48.9,-66.18333,0.13806451612903226,0.06451612903225806,0.0,0.10967741935483871,0.0012903225806451613,0.13161290322580646,0.005161290322580645,0.003870967741935484,0.003870967741935484,0.0,0.0,0.0,0.02193548387096774,0.0,0.52
1942,48.26667,-71.66667,0.3463302752293578,0.020642201834862386,0.0,0.37155963302752293,0.0045871559633027525,0.06422018348623854,0.006880733944954129,0.0,0.011467889908256881,0.0022935779816513763,0.009174311926605505,0.011467889908256881,0.034403669724770644,0.009174311926605505,0.10779816513761468
1944,48.0,-69.4,0.12272727272727273,0.0,0.0,0.07727272727272727,0.0,0.04090909090909091,0.01818181818181818,0.00909090909090909,0.022727272727272728,0.004545454545454545,0.0,0.013636363636363636,0.031818181818181815,0.00909090909090909,0.65
1946,48.98333,-65.53333,0.5330188679245284,0.05660377358490566,0.0,0.0660377358490566,0.0,0.0660377358490566,0.0,0.0,0.02122641509433962,0.0,0.0023584905660377358,0.0,0.007075471698113208,0.0,0.24764150943396226
1947,48.78333,-67.7,0.1423487544483986,0.02491103202846975,0.0,0.07295373665480427,0.0,0.2117437722419929,0.0035587188612099642,0.005338078291814947,0.0,0.0,0.0035587188612099642,0.0035587188612099642,0.07295373665480427,0.0,0.45907473309608543
1948,48.88333,-66.63333,0.2648648648648649,0.20270270270270271,0.0,0.07567567567567568,0.0,0.12972972972972974,0.002702702702702703,0.0,0.0,0.002702702702702703,0.0,0.0,0.0891891891891892,0.0,0.23243243243243245
1949,46.56667,-71.6,0.05785123966942149,0.003305785123966942,0.0,0.1371900826446281,0.011570247933884297,0.21322314049586777,0.047933884297520664,0.011570247933884297,0.05619834710743802,0.001652892561983471,0.0,0.023140495867768594,0.03140495867768595,0.013223140495867768,0.39173553719008264
1950,47.41667,-62.75,0.010101010101010102,0.005050505050505051,0.0,0.017676767676767676,0.0,0.005050505050505051,0.0025252525252525255,0.0,0.0,0.0,0.0,0.0,0.025252525252525252,0.0,0.9343434343434344
1951,50.25,-63.55,0.350253807106599,0.038917089678511,0.005076142131979695,0.06598984771573604,0.001692047377326565,0.1844331641285956,0.005076142131979695,0.005076142131979695,0.0,0.0,0.001692047377326565,0.005076142131979695,0.06937394247038917,0.001692047377326565,0.2656514382402707
1952,46.79,-71.33,0.04011461318051576,0.034383954154727794,0.0,0.03151862464183381,0.008595988538681949,0.44412607449856734,0.017191977077363897,0.022922636103151862,0.022922636103151862,0.008595988538681949,0.0,0.011461318051575931,0.02865329512893983,0.0,0.32951289398280803
1953,45.47,-72.87,0.019448946515397084,0.0016207455429497568,0.0016207455429497568,0.09886547811993517,0.11507293354943274,0.2917341977309562,0.02106969205834684,0.05348460291734198,0.02106969205834684,0.014586709886547812,0.0016207455429497568,0.0713128038897893,0.012965964343598054,0.0,0.2755267423014587
1954,47.42,-72.77,0.06891025641025642,0.03685897435897436,0.0016025641025641025,0.3333333333333333,0.00641025641025641,0.3798076923076923,0.01282051282051282,0.01282051282051282,0.008012820512820512,0.004807692307692308,0.0,0.01282051282051282,0.03205128205128205,0.003205128205128205,0.08653846153846154
1988,41.25,-70.13333,0.0,0.0,0.0,0.06232294617563739,0.0,0.0453257790368272,0.0764872521246459,0.0028328611898017,0.0056657223796034,0.0,0.0,0.0056657223796034,0.0056657223796034,0.0,0.7960339943342776
1989,41.28333,-70.00833,0.0,0.0,0.0,0.037037037037037035,0.0,0.06310013717421124,0.26886145404663925,0.010973936899862825,0.0027434842249657062,0.0,0.0027434842249657062,0.00823045267489712,0.013717421124828532,0.0,0.5925925925925926
1990,41.275,-70.01667,0.003129890453834116,0.0,0.0,0.09546165884194054,0.006259780907668232,0.081377151799687,0.39436619718309857,0.003129890453834116,0.0,0.006259780907668232,0.006259780907668232,0.0,0.01564945226917058,0.0,0.38810641627543035
1991,41.30833,-70.01667,0.0,0.0,0.0,0.037037037037037035,0.0,0.047619047619047616,0.1402116402116402,0.0026455026455026454,0.007936507936507936,0.0,0.007936507936507936,0.06613756613756613,0.010582010582010581,0.0,0.6798941798941799
1993,41.30833,-70.00833,0.0,0.0,0.0,0.034482758620689655,0.0,0.006896551724137931,0.09310344827586207,0.0034482758620689655,0.010344827586206896,0.0,0.006896551724137931,0.08275862068965517,0.0,0.0,0.7620689655172413
1994,41.25833,-70.18333,0.008683068017366137,0.0,0.0,0.15195369030390737,0.008683068017366137,0.06657018813314038,0.07814761215629522,0.002894356005788712,0.002894356005788712,0.01447178002894356,0.005788712011577424,0.002894356005788712,0.011577424023154847,0.0,0.6454413892908828
1995,41.275,-69.98333,0.0,0.0,0.0,0.0954653937947494,0.002386634844868735,0.10739856801909307,0.19809069212410502,0.0,0.002386634844868735,0.002386634844868735,0.00477326968973747,0.00954653937947494,0.00954653937947494,0.0,0.568019093078759
1997,41.275,-70.13333,0.0029154518950437317,0.0,0.0,0.04664723032069971,0.0,0.052478134110787174,0.22448979591836735,0.0029154518950437317,0.0,0.0029154518950437317,0.0029154518950437317,0.008746355685131196,0.0058309037900874635,0.0,0.6501457725947521
1998,41.28333,-70.01667,0.0,0.0,0.0,0.05710814094775213,0.0,0.05589307411907655,0.2503037667071689,0.0,0.004860267314702308,0.002430133657351154,0.009720534629404616,0.0,0.01701093560145808,0.0,0.6026731470230863
1999,41.28333,-70.01667,0.0,0.0,0.0,0.0891566265060241,0.0024096385542168677,0.05301204819277108,0.18795180722891566,0.004819277108433735,0.00963855421686747,0.004819277108433735,0.004819277108433735,0.004819277108433735,0.004819277108433735,0.0,0.6337349397590362
2018,42.0,-74.4,0.023679417122040074,0.058287795992714025,0.0,0.08378870673952642,0.051001821493624776,0.4772313296903461,0.19489981785063754,0.014571948998178506,0.029143897996357013,0.0018214936247723133,0.023679417122040074,0.030965391621129327,0.00546448087431694,0.0,0.00546448087431694
2020,42.0,-74.4,0.0,0.0,0.0,0.05291005291005291,0.029982363315696647,0.42680776014109345,0.06878306878306878,0.31216931216931215,0.001763668430335097,0.0,0.010582010582010581,0.08818342151675485,0.001763668430335097,0.0,0.007054673721340388
2037,45.86667,-88.63333,0.017361111111111112,0.013888888888888888,0.003472222222222222,0.13541666666666666,0.04513888888888889,0.22569444444444445,0.06944444444444445,0.003472222222222222,0.017361111111111112,0.017361111111111112,0.0,0.05555555555555555,0.06944444444444445,0.013888888888888888,0.3125
2038,45.85,-88.41667,0.00390625,0.01171875,0.0,0.2109375,0.078125,0.26171875,0.046875,0.00390625,0.01171875,0.03125,0.0078125,0.01953125,0.0390625,0.03125,0.2421875
2039,45.85,-88.36667,0.007380073800738007,0.0036900369003690036,0.0,0.12546125461254612,0.07380073800738007,0.3025830258302583,0.05904059040590406,0.0,0.014760147601476014,0.04059040590405904,0.007380073800738007,0.02214022140221402,0.055350553505535055,0.0036900369003690036,0.28413284132841327
2057,51.12,-84.05,0.6696428571428571,0.0017857142857142857,0.0017857142857142857,0.1732142857142857,0.0017857142857142857,0.06607142857142857,0.005357142857142857,0.0,0.0,0.0,0.0,0.0,0.044642857142857144,0.0017857142857142857,0.033928571428571426
2059,51.95,-82.7,0.36904761904761907,0.0,0.00510204081632653,0.1326530612244898,0.0,0.15136054421768708,0.00510204081632653,0.0,0.0,0.003401360544217687,0.0017006802721088435,0.0,0.10204081632653061,0.00510204081632653,0.22448979591836735
2060,51.38,-84.72,0.4592833876221498,0.0,0.003257328990228013,0.19543973941368079,0.0,0.12866449511400652,0.014657980456026058,0.0,0.0016286644951140066,0.009771986970684038,0.0,0.0016286644951140066,0.08143322475570032,0.0,0.10423452768729642
2100,51.474648,-92.3776,0.26740947075208915,0.013927576601671309,0.005571030640668524,0.34818941504178275,0.0,0.12256267409470752,0.011142061281337047,0.0,0.0,0.0,0.0,0.0,0.12256267409470752,0.002785515320334262,0.10584958217270195
2101,51.187684,-92.759276,0.3013698630136986,0.00821917808219178,0.0,0.44931506849315067,0.0,0.0410958904109589,0.005479452054794521,0.0,0.0,0.0027397260273972603,0.0,0.0,0.06575342465753424,0.0,0.12602739726027398
2102,51.039878,-92.600182,0.28820960698689957,0.006550218340611353,0.015283842794759825,0.39082969432314413,0.0,0.1222707423580786,0.006550218340611353,0.0,0.004366812227074236,0.002183406113537118,0.002183406113537118,0.0,0.08296943231441048,0.002183406113537118,0.07641921397379912
2103,51.160386,-93.703368,0.3127962085308057,0.0071090047393364926,0.0071090047393364926,0.523696682464455,0.0,0.04976303317535545,0.002369668246445498,0.0,0.0,0.002369668246445498,0.0,0.0,0.04028436018957346,0.0,0.054502369668246446
2104,51.052318,-94.068,0.2560240963855422,0.012048192771084338,0.0,0.5542168674698795,0.0,0.030120481927710843,0.006024096385542169,0.0,0.0030120481927710845,0.0,0.0,0.009036144578313253,0.06626506024096386,0.006024096385542169,0.0572289156626506
2105,50.996494,-93.871366,0.3356643356643357,0.018648018648018648,0.004662004662004662,0.4428904428904429,0.0,0.04895104895104895,0.013986013986013986,0.0,0.002331002331002331,0.0,0.0,0.0,0.055944055944055944,0.004662004662004662,0.07226107226107226
2106,50.996494,-93.871366,0.20918367346938777,0.002551020408163265,0.025510204081632654,0.4719387755102041,0.0,0.1096938775510204,0.00510204081632653,0.0,0.0,0.0,0.0,0.0,0.1096938775510204,0.0,0.0663265306122449
2107,50.996494,-93.871366,0.2926829268292683,0.012195121951219513,0.01951219512195122,0.47317073170731705,0.0,0.06097560975609756,0.004878048780487805,0.0,0.0024390243902439024,0.0,0.0,0.0,0.08292682926829269,0.0024390243902439024,0.04878048780487805
2108,50.923494,-93.77123,0.17341040462427745,0.0,0.002890173410404624,0.4653179190751445,0.0,0.13583815028901733,0.008670520231213872,0.0,0.0,0.002890173410404624,0.0,0.0,0.0953757225433526,0.005780346820809248,0.10982658959537572
2109,51.063976,-94.229442,0.2634920634920635,0.0031746031746031746,0.0,0.5904761904761905,0.0,0.012698412698412698,0.006349206349206349,0.0,0.0031746031746031746,0.0,0.0,0.0,0.02857142857142857,0.0,0.09206349206349207
2110,51.104665999999995,-91.487112,0.2863636363636364,0.00909090909090909,0.01818181818181818,0.5636363636363636,0.0,0.045454545454545456,0.004545454545454545,0.0,0.0,0.0,0.0,0.0,0.022727272727272728,0.0,0.05
2111,51.43333,-93.71667,0.07234042553191489,0.0,0.0,0.7148936170212766,0.0,0.1148936170212766,0.0,0.0,0.0,0.0,0.0,0.0,0.06382978723404255,0.0,0.03404255319148936
2112,51.32,-83.08,0.5409836065573771,0.0,0.0018214936247723133,0.20036429872495445,0.0018214936247723133,0.04371584699453552,0.0036429872495446266,0.0,0.0,0.0,0.0,0.0,0.03642987249544627,0.0,0.17122040072859745
2114,49.22,-80.7,0.29850746268656714,0.004975124378109453,0.0,0.13432835820895522,0.0,0.25870646766169153,0.03980099502487562,0.004975124378109453,0.0,0.0,0.0,0.009950248756218905,0.13432835820895522,0.0,0.11442786069651742
2116,50.0,-82.2,0.358974358974359,0.035897435897435895,0.0,0.1794871794871795,0.0,0.2,0.010256410256410256,0.0,0.0,0.0,0.0,0.0,0.005128205128205128,0.0,0.21025641025641026
2118,45.65,-64.92,0.10355987055016182,0.025889967637540454,0.0,0.10355987055016182,0.016181229773462782,0.540453074433657,0.03559870550161812,0.03559870550161812,0.012944983818770227,0.003236245954692557,0.0,0.022653721682847898,0.042071197411003236,0.0,0.05825242718446602
2119,45.58,-65.3,0.13870967741935483,0.012903225806451613,0.0032258064516129032,0.03225806451612903,0.0032258064516129032,0.5,0.02258064516129032,0.00967741935483871,0.012903225806451613,0.00967741935483871,0.0,0.0032258064516129032,0.11935483870967742,0.0032258064516129032,0.12903225806451613
2120,45.58,-65.58,0.17725752508361203,0.033444816053511704,0.0033444816053511705,0.06688963210702341,0.006688963210702341,0.39464882943143814,0.030100334448160536,0.023411371237458192,0.0033444816053511705,0.0,0.0,0.0033444816053511705,0.04013377926421405,0.0033444816053511705,0.2140468227424749
2121,45.92,-66.3,0.1118421052631579,0.009868421052631578,0.0,0.09539473684210527,0.046052631578947366,0.3717105263157895,0.023026315789473683,0.01644736842105263,0.006578947368421052,0.0,0.003289473684210526,0.013157894736842105,0.16776315789473684,0.006578947368421052,0.12828947368421054
2122,45.78,-66.87,0.14392059553349876,0.009925558312655087,0.0024813895781637717,0.1141439205955335,0.062034739454094295,0.4441687344913151,0.02977667493796526,0.02729528535980149,0.009925558312655087,0.0,0.0,0.009925558312655087,0.052109181141439205,0.0024813895781637717,0.09181141439205956
2123,46.02,-66.63,0.1437125748502994,0.023952095808383235,0.008982035928143712,0.09880239520958084,0.05389221556886228,0.4041916167664671,0.03293413173652695,0.05389221556886228,0.008982035928143712,0.0,0.0,0.020958083832335328,0.05389221556886228,0.017964071856287425,0.07784431137724551
2127,46.65,-65.55,0.10498687664041995,0.007874015748031496,0.005249343832020997,0.31496062992125984,0.04461942257217848,0.38320209973753283,0.015748031496062992,0.031496062992125984,0.007874015748031496,0.007874015748031496,0.0,0.0026246719160104987,0.03412073490813648,0.0,0.03937007874015748
2129,47.05,-65.9,0.1437908496732026,0.042483660130718956,0.0,0.19934640522875818,0.049019607843137254,0.4673202614379085,0.006535947712418301,0.0392156862745098,0.0032679738562091504,0.0032679738562091504,0.0,0.0032679738562091504,0.016339869281045753,0.0,0.026143790849673203
2130,47.62,-65.42,0.16470588235294117,0.03823529411764706,0.0,0.20294117647058824,0.011764705882352941,0.45294117647058824,0.0,0.029411764705882353,0.014705882352941176,0.008823529411764706,0.0,0.008823529411764706,0.020588235294117647,0.0,0.047058823529411764
2131,47.5,-65.75,0.06683168316831684,0.0297029702970297,0.0,0.21782178217821782,0.01485148514851485,0.5445544554455446,0.007425742574257425,0.012376237623762377,0.0049504950495049506,0.0049504950495049506,0.0,0.007425742574257425,0.0594059405940594,0.0,0.0297029702970297
2133,47.83,-66.18,0.08544303797468354,0.0189873417721519,0.0,0.08227848101265822,0.0,0.6677215189873418,0.022151898734177215,0.028481012658227847,0.0031645569620253164,0.0,0.0,0.022151898734177215,0.015822784810126583,0.006329113924050633,0.04746835443037975
2134,47.92,-66.62,0.06486486486486487,0.043243243243243246,0.0,0.02702702702702703,0.0,0.6756756756756757,0.002702702702702703,0.02972972972972973,0.005405405405405406,0.0,0.0,0.0,0.10270270270270271,0.002702702702702703,0.04594594594594595
2136,46.9,-67.4,0.15263157894736842,0.039473684210526314,0.002631578947368421,0.12631578947368421,0.010526315789473684,0.46842105263157896,0.015789473684210527,0.042105263157894736,0.005263157894736842,0.007894736842105263,0.0,0.013157894736842105,0.03684210526315789,0.0,0.07894736842105263
2138,47.33,-68.75,0.12804878048780488,0.13109756097560976,0.0,0.04878048780487805,0.003048780487804878,0.39939024390243905,0.012195121951219513,0.04878048780487805,0.01524390243902439,0.003048780487804878,0.003048780487804878,0.021341463414634148,0.08536585365853659,0.006097560975609756,0.09451219512195122
2140,47.42,-66.9,0.2809364548494983,0.10702341137123746,0.0,0.09698996655518395,0.0033444816053511705,0.36789297658862874,0.006688963210702341,0.006688963210702341,0.0,0.010033444816053512,0.0,0.006688963210702341,0.046822742474916385,0.006688963210702341,0.06020066889632107
2141,47.92,-67.75,0.20555555555555555,0.19444444444444445,0.0,0.05555555555555555,0.0,0.42777777777777776,0.011111111111111112,0.002777777777777778,0.005555555555555556,0.0,0.0,0.002777777777777778,0.030555555555555555,0.002777777777777778,0.06111111111111111
2263,42.98611,-91.50028,0.0,0.0,0.0,0.011111111111111112,0.0,0.0,0.08611111111111111,0.0,0.002777777777777778,0.013888888888888888,0.002777777777777778,0.011111111111111112,0.002777777777777778,0.0,0.8694444444444445
2271,38.28,-96.33,0.0,0.0,0.0,0.007444168734491315,0.0,0.0024813895781637717,0.12158808933002481,0.0,0.0024813895781637717,0.02729528535980149,0.0,0.0,0.0,0.0,0.8387096774193549
2272,37.12,-99.15,0.0,0.0,0.0,0.01006036217303823,0.0,0.0,0.060362173038229376,0.0,0.0,0.018108651911468814,0.0,0.0,0.002012072434607646,0.0,0.9094567404426559
2275,38.95,-99.33,0.0,0.0,0.0,0.006012024048096192,0.0,0.0,0.014028056112224449,0.0,0.0,0.012024048096192385,0.0,0.0,0.0,0.0,0.9679358717434869
2276,42.77,-97.42,0.0,0.0,0.0,0.00816326530612245,0.0,0.0,0.0,0.0,0.0,0.012244897959183673,0.0,0.0,0.0,0.0,0.9795918367346939
2277,43.08,-97.37,0.0,0.0,0.0,0.005272407732864675,0.0,0.0017574692442882249,0.015817223198594025,0.0,0.005272407732864675,0.019332161687170474,0.0,0.0017574692442882249,0.0035149384885764497,0.0,0.9472759226713533
2278,43.75,-96.17,0.0,0.0025906735751295338,0.0,0.018134715025906734,0.0,0.0,0.03367875647668394,0.0,0.025906735751295335,0.025906735751295335,0.0,0.015544041450777202,0.0,0.0,0.8782383419689119
2281,40.98,-93.75,0.0,0.0,0.0,0.006024096385542169,0.0,0.0,0.18674698795180722,0.0,0.0,0.0,0.07028112449799197,0.0,0.0,0.0,0.7369477911646586
2283,43.25,-84.92,0.0391304347826087,0.0,0.004347826086956522,0.26521739130434785,0.004347826086956522,0.04782608695652174,0.1565217391304348,0.043478260869565216,0.017391304347826087,0.06521739130434782,0.013043478260869565,0.021739130434782608,0.0,0.02608695652173913,0.2956521739130435
2315,44.18,-71.35,0.02981029810298103,0.06233062330623306,0.0,0.051490514905149054,0.04336043360433604,0.48509485094850946,0.02981029810298103,0.08672086720867209,0.03523035230352303,0.018970189701897018,0.0,0.008130081300813009,0.016260162601626018,0.0,0.13279132791327913
2519,51.25,-95.08,0.15315315315315314,0.004004004004004004,0.0,0.6846846846846847,0.0,0.043043043043043044,0.006006006006006006,0.0,0.0,0.003003003003003003,0.0,0.0,0.036036036036036036,0.004004004004004004,0.06606606606606606
2527,50.657419999999995,-99.89626,0.24404761904761904,0.0,0.015873015873015872,0.14285714285714285,0.0,0.19246031746031747,0.005952380952380952,0.0,0.003968253968253968,0.003968253968253968,0.0,0.003968253968253968,0.057539682539682536,0.015873015873015872,0.3134920634920635
2529,50.73428,-99.95266,0.1832512315270936,0.0,0.002955665024630542,0.09261083743842365,0.0,0.31724137931034485,0.012807881773399015,0.0,0.0,0.002955665024630542,0.0,0.0,0.1477832512315271,0.009852216748768473,0.23054187192118228
2531,49.4334,-96.3765,0.07512195121951219,0.0,0.0224390243902439,0.6380487804878049,0.0,0.02829268292682927,0.003902439024390244,0.0,0.001951219512195122,0.0,0.0,0.0,0.026341463414634145,0.003902439024390244,0.2
2539,50.47842,-97.66282,0.08453237410071943,0.0,0.0,0.4118705035971223,0.0,0.0341726618705036,0.014388489208633094,0.0,0.0,0.0017985611510791368,0.0,0.0035971223021582736,0.01618705035971223,0.01079136690647482,0.4226618705035971
2675,44.08306,-91.34639,0.0,0.0,0.0,0.07741935483870968,0.0,0.06129032258064516,0.1064516129032258,0.0,0.035483870967741936,0.1064516129032258,0.01935483870967742,0.0032258064516129032,0.08709677419354839,0.0,0.5032258064516129
2676,44.15167,-91.74806,0.006006006006006006,0.0,0.0,0.0960960960960961,0.003003003003003003,0.13813813813813813,0.21021021021021022,0.0,0.006006006006006006,0.042042042042042045,0.0,0.018018018018018018,0.006006006006006006,0.0,0.4744744744744745
2679,44.55472,-91.39222,0.014018691588785047,0.0,0.0,0.06074766355140187,0.0,0.037383177570093455,0.12149532710280374,0.0,0.0,0.018691588785046728,0.004672897196261682,0.004672897196261682,0.2850467289719626,0.0,0.4532710280373832
2680,44.58056,-92.04583,0.010273972602739725,0.003424657534246575,0.0,0.1506849315068493,0.010273972602739725,0.07876712328767123,0.14726027397260275,0.0,0.003424657534246575,0.05136986301369863,0.00684931506849315,0.0136986301369863,0.0136986301369863,0.0,0.5102739726027398
2681,44.59806,-92.02722,0.0028011204481792717,0.0,0.0,0.12605042016806722,0.008403361344537815,0.13165266106442577,0.22128851540616246,0.0,0.011204481792717087,0.047619047619047616,0.011204481792717087,0.0056022408963585435,0.03361344537815126,0.0,0.4005602240896359
2682,44.63444,-91.98667,0.0,0.0,0.0,0.0975609756097561,0.01084010840108401,0.07046070460704607,0.18699186991869918,0.0,0.008130081300813009,0.032520325203252036,0.01084010840108401,0.005420054200542005,0.024390243902439025,0.0027100271002710027,0.5501355013550135
2684,44.81944,-91.44333,0.0026954177897574125,0.005390835579514825,0.0,0.24797843665768193,0.005390835579514825,0.0673854447439353,0.22911051212938005,0.0,0.008086253369272238,0.029649595687331536,0.01078167115902965,0.0,0.07547169811320754,0.0,0.31805929919137466
2685,44.88389,-91.92889,0.003289473684210526,0.003289473684210526,0.0,0.11513157894736842,0.003289473684210526,0.06907894736842106,0.1875,0.0,0.029605263157894735,0.06907894736842106,0.003289473684210526,0.0,0.019736842105263157,0.0,0.4967105263157895
2693,45.42472,-91.4925,0.01483679525222552,0.002967359050445104,0.0,0.41543026706231456,0.0,0.22551928783382788,0.07418397626112759,0.0,0.0,0.02373887240356083,0.005934718100890208,0.0,0.03857566765578635,0.0,0.19881305637982197
2694,45.5,-91.1,0.0057553956834532375,0.0057553956834532375,0.0028776978417266188,0.2719424460431655,0.01870503597122302,0.16402877697841728,0.10215827338129496,0.0014388489208633094,0.011510791366906475,0.02014388489208633,0.0028776978417266188,0.01870503597122302,0.017266187050359712,0.008633093525179856,0.34820143884892085
2695,45.8,-89.7,0.011111111111111112,0.006666666666666667,0.0,0.42444444444444446,0.04888888888888889,0.20222222222222222,0.07111111111111111,0.0022222222222222222,0.0044444444444444444,0.006666666666666667,0.0022222222222222222,0.015555555555555555,0.02666666666666667,0.0,0.17777777777777778
2697,46.01,-89.69944,0.026871401151631478,0.005758157389635317,0.0,0.22264875239923224,0.011516314779270634,0.236084452975048,0.15355086372360843,0.0,0.015355086372360844,0.013435700575815739,0.0019193857965451055,0.005758157389635317,0.04990403071017274,0.0019193857965451055,0.255278310940499
2698,46.0,-89.7,0.010126582278481013,0.002531645569620253,0.0,0.4759493670886076,0.02531645569620253,0.2759493670886076,0.030379746835443037,0.0,0.0,0.010126582278481013,0.0,0.017721518987341773,0.012658227848101266,0.0,0.13924050632911392
2699,46.0,-89.7,0.014326647564469915,0.0057306590257879654,0.0,0.4584527220630373,0.09169054441260745,0.3237822349570201,0.03724928366762178,0.0,0.0028653295128939827,0.02005730659025788,0.0,0.0028653295128939827,0.014326647564469915,0.0,0.02865329512893983
2700,45.9,-89.5,0.04,0.008571428571428572,0.0,0.38,0.025714285714285714,0.24571428571428572,0.05142857142857143,0.0,0.008571428571428572,0.002857142857142857,0.0,0.008571428571428572,0.037142857142857144,0.0,0.19142857142857142
2702,46.0,-89.0,0.02522935779816514,0.013761467889908258,0.0,0.30963302752293576,0.0389908256880734,0.34174311926605505,0.06192660550458716,0.0,0.006880733944954129,0.016055045871559634,0.0,0.02522935779816514,0.022935779816513763,0.0,0.13761467889908258
2703,45.87472,-88.28333,0.019693654266958426,0.015317286652078774,0.0,0.3347921225382932,0.028446389496717725,0.22975929978118162,0.08096280087527352,0.0,0.0087527352297593,0.030634573304157548,0.002188183807439825,0.024070021881838075,0.0350109409190372,0.0,0.19037199124726478
2704,45.9,-88.2,0.011142061281337047,0.013927576601671309,0.0,0.4011142061281337,0.008356545961002786,0.16991643454038996,0.09749303621169916,0.0,0.016713091922005572,0.008356545961002786,0.0,0.008356545961002786,0.036211699164345405,0.005571030640668524,0.22284122562674094
2705,45.85778,-88.14194,0.001736111111111111,0.001736111111111111,0.0,0.15104166666666666,0.06597222222222222,0.1527777777777778,0.1232638888888889,0.015625,0.027777777777777776,0.07118055555555555,0.013888888888888888,0.022569444444444444,0.022569444444444444,0.0,0.3298611111111111
2707,45.7,-88.4,0.030612244897959183,0.00510204081632653,0.0,0.24489795918367346,0.11224489795918367,0.15816326530612246,0.08163265306122448,0.00510204081632653,0.00510204081632653,0.030612244897959183,0.0,0.04591836734693878,0.015306122448979591,0.01020408163265306,0.25510204081632654
2709,45.61639,-89.35361,0.028871391076115485,0.005249343832020997,0.0,0.5354330708661418,0.023622047244094488,0.1837270341207349,0.05774278215223097,0.0,0.005249343832020997,0.005249343832020997,0.005249343832020997,0.015748031496062992,0.01837270341207349,0.005249343832020997,0.11023622047244094
2711,45.48806,-89.01389,0.017142857142857144,0.005714285714285714,0.0,0.31238095238095237,0.013333333333333334,0.20761904761904762,0.0761904761904762,0.0,0.007619047619047619,0.03238095238095238,0.007619047619047619,0.02095238095238095,0.03428571428571429,0.005714285714285714,0.259047619047619
2712,45.43417,-88.94639,0.04871794871794872,0.01282051282051282,0.0,0.28205128205128205,0.09743589743589744,0.382051282051282,0.02564102564102564,0.0,0.0,0.010256410256410256,0.0,0.002564102564102564,0.023076923076923078,0.0,0.11538461538461539
2713,45.45528,-89.24139,0.006756756756756757,0.006756756756756757,0.0,0.3963963963963964,0.04504504504504504,0.2927927927927928,0.0472972972972973,0.0,0.0,0.02027027027027027,0.006756756756756757,0.02027027027027027,0.015765765765765764,0.0,0.14189189189189189
2714,45.38278,-89.25083,0.012605042016806723,0.0063025210084033615,0.0,0.36764705882352944,0.03571428571428571,0.28781512605042014,0.07563025210084033,0.004201680672268907,0.01680672268907563,0.03361344537815126,0.0,0.018907563025210083,0.025210084033613446,0.004201680672268907,0.11134453781512606
2716,45.04389,-88.52139,0.002688172043010753,0.002688172043010753,0.0,0.2956989247311828,0.04838709677419355,0.1693548387096774,0.09408602150537634,0.010752688172043012,0.005376344086021506,0.04032258064516129,0.002688172043010753,0.010752688172043012,0.03225806451612903,0.0,0.2849462365591398
2717,45.05139,-89.07444,0.015748031496062992,0.00984251968503937,0.0,0.25984251968503935,0.0984251968503937,0.23228346456692914,0.08070866141732283,0.0,0.013779527559055118,0.06692913385826772,0.005905511811023622,0.023622047244094488,0.013779527559055118,0.0,0.17913385826771652
2719,44.88472,-89.26333,0.007874015748031496,0.0015748031496062992,0.0,0.35118110236220473,0.023622047244094488,0.1700787401574803,0.10866141732283464,0.0031496062992125984,0.015748031496062992,0.02204724409448819,0.004724409448818898,0.028346456692913385,0.014173228346456693,0.0015748031496062992,0.247244094488189
2721,44.80139,-88.40417,0.0061162079510703364,0.0030581039755351682,0.0,0.19571865443425077,0.0,0.12232415902140673,0.11009174311926606,0.0,0.0,0.06116207951070336,0.0,0.0061162079510703364,0.012232415902140673,0.0,0.4831804281345566
2723,44.8,-88.9,0.0,0.0,0.0,0.1643002028397566,0.26369168356997974,0.2768762677484787,0.09634888438133875,0.005070993914807302,0.002028397565922921,0.06389452332657201,0.007099391480730223,0.018255578093306288,0.013184584178498986,0.0,0.08924949290060852
2724,44.68611,-88.65778,0.009195402298850575,0.0,0.009195402298850575,0.4,0.052873563218390804,0.15862068965517243,0.13793103448275862,0.016091954022988506,0.022988505747126436,0.03218390804597701,0.004597701149425287,0.027586206896551724,0.02528735632183908,0.0022988505747126436,0.10114942528735632
2725,44.56722,-88.98944,0.0,0.002369668246445498,0.0,0.16350710900473933,0.014218009478672985,0.10900473933649289,0.2037914691943128,0.002369668246445498,0.016587677725118485,0.05924170616113744,0.0071090047393364926,0.009478672985781991,0.03317535545023697,0.004739336492890996,0.3744075829383886
2727,44.54972,-88.92944,0.0049586776859504135,0.0,0.0,0.16198347107438016,0.008264462809917356,0.11074380165289256,0.19173553719008266,0.001652892561983471,0.023140495867768594,0.07107438016528926,0.008264462809917356,0.01652892561983471,0.023140495867768594,0.0,0.3785123966942149
2728,44.36583,-88.93111,0.0,0.0,0.0,0.16786079836233367,0.00511770726714432,0.12384851586489252,0.2835209825997953,0.0020470829068577278,0.01023541453428864,0.07983623336745138,0.01330603889457523,0.0020470829068577278,0.01842374616171955,0.0,0.2937563971340839
2729,44.34889,-88.86139,0.0,0.0,0.0,0.16477272727272727,0.017045454545454544,0.07102272727272728,0.17613636363636365,0.002840909090909091,0.008522727272727272,0.056818181818181816,0.011363636363636364,0.002840909090909091,0.03409090909090909,0.0,0.45454545454545453
2732,44.1,-89.3,0.0,0.0,0.0,0.05714285714285714,0.0,0.10158730158730159,0.4095238095238095,0.006349206349206349,0.006349206349206349,0.03492063492063492,0.012698412698412698,0.0031746031746031746,0.015873015873015872,0.0,0.3523809523809524
2733,43.93083,-89.29111,0.0022371364653243847,0.0,0.0,0.042505592841163314,0.0,0.0447427293064877,0.2751677852348993,0.0,0.0044742729306487695,0.017897091722595078,0.0022371364653243847,0.0,0.024608501118568233,0.0,0.5861297539149888
2736,43.1,-90.0,0.00273224043715847,0.0,0.0,0.0273224043715847,0.0,0.040983606557377046,0.34972677595628415,0.0,0.00273224043715847,0.0546448087431694,0.030054644808743168,0.00819672131147541,0.0,0.0,0.48360655737704916
2739,43.0,-90.0,0.0,0.0,0.0,0.006644518272425249,0.0,0.03986710963455149,0.4019933554817276,0.0,0.009966777408637873,0.019933554817275746,0.013289036544850499,0.0,0.0033222591362126247,0.0,0.5049833887043189
2740,43.0,-89.8,0.0,0.0,0.0,0.033783783783783786,0.0,0.037162162162162164,0.40878378378378377,0.0,0.0033783783783783786,0.016891891891891893,0.05067567567567568,0.0,0.0,0.0,0.44932432432432434
2741,43.1,-89.7,0.0,0.0,0.0,0.0391644908616188,0.0,0.013054830287206266,0.24281984334203655,0.0,0.0026109660574412533,0.010443864229765013,0.015665796344647518,0.005221932114882507,0.005221932114882507,0.0,0.6657963446475196
2742,43.1,-89.4,0.0,0.0,0.0,0.011695906432748537,0.0,0.023391812865497075,0.20175438596491227,0.0,0.005847953216374269,0.05847953216374269,0.0029239766081871343,0.02046783625730994,0.005847953216374269,0.0029239766081871343,0.6666666666666666
2744,43.0,-89.3,0.0021645021645021645,0.0,0.0,0.05627705627705628,0.0,0.032467532467532464,0.3246753246753247,0.0,0.010822510822510822,0.025974025974025976,0.012987012987012988,0.010822510822510822,0.006493506493506494,0.0,0.5173160173160173
2745,42.88583,-89.25722,0.005479452054794521,0.0,0.0,0.06575342465753424,0.0,0.0136986301369863,0.4547945205479452,0.0,0.0,0.019178082191780823,0.021917808219178082,0.010958904109589041,0.00821917808219178,0.0,0.4
2746,42.78278,-89.18028,0.0,0.0,0.0,0.015,0.0,0.02,0.305,0.0,0.01,0.005,0.005,0.0,0.005,0.0,0.635
2749,43.08139,-88.93167,0.0,0.0,0.0,0.09686609686609686,0.008547008547008548,0.022792022792022793,0.38461538461538464,0.0,0.002849002849002849,0.03418803418803419,0.02849002849002849,0.011396011396011397,0.008547008547008548,0.0,0.4017094017094017
2750,45.62,-84.01667,0.014095536413469069,0.007047768206734534,0.0015661707126076742,0.2826938136256852,0.09866875489428348,0.18794048551292092,0.056382145653876274,0.0548159749412686,0.02192638997650744,0.025841816758026624,0.0023492560689115116,0.028974158183241974,0.04698512137823023,0.003915426781519186,0.1667971808927173
2751,45.3,-84.73,0.00975609756097561,0.0024390243902439024,0.0,0.424390243902439,0.11951219512195121,0.1,0.05365853658536585,0.041463414634146344,0.007317073170731708,0.03170731707317073,0.0024390243902439024,0.07317073170731707,0.007317073170731708,0.01707317073170732,0.10975609756097561
2754,45.18,-85.28,0.002702702702702703,0.0,0.0,0.25135135135135134,0.13243243243243244,0.12972972972972974,0.06486486486486487,0.0945945945945946,0.005405405405405406,0.07837837837837838,0.005405405405405406,0.062162162162162166,0.03513513513513514,0.002702702702702703,0.13513513513513514
2756,44.98,-84.3,0.01348314606741573,0.0044943820224719105,0.0,0.48089887640449436,0.08764044943820225,0.1303370786516854,0.0696629213483146,0.015730337078651686,0.008988764044943821,0.011235955056179775,0.0044943820224719105,0.02247191011235955,0.015730337078651686,0.0,0.1348314606741573
2759,44.75,-85.72,0.0,0.0,0.0,0.2386634844868735,0.04295942720763723,0.0883054892601432,0.11217183770883055,0.07875894988066826,0.01909307875894988,0.0477326968973747,0.00477326968973747,0.045346062052505964,0.00477326968973747,0.016706443914081145,0.30071599045346065
2760,44.63667,-85.15611,0.0,0.00684931506849315,0.0,0.4680365296803653,0.0684931506849315,0.06621004566210045,0.07534246575342465,0.06621004566210045,0.0091324200913242,0.02511415525114155,0.00228310502283105,0.0273972602739726,0.01598173515981735,0.0045662100456621,0.1643835616438356
2764,44.43,-86.0,0.0,0.0,0.0,0.30454545454545456,0.1,0.07954545454545454,0.09090909090909091,0.06136363636363636,0.02727272727272727,0.07045454545454545,0.0022727272727272726,0.025,0.03636363636363636,0.01818181818181818,0.18409090909090908
2765,44.2,-85.97,0.002004008016032064,0.0,0.0,0.4248496993987976,0.04609218436873747,0.04809619238476954,0.15831663326653306,0.014028056112224449,0.004008016032064128,0.03807615230460922,0.002004008016032064,0.018036072144288578,0.02004008016032064,0.004008016032064128,0.22044088176352705
2766,44.32,-85.33,0.00558659217877095,0.002793296089385475,0.0,0.5223463687150838,0.04748603351955307,0.036312849162011177,0.10614525139664804,0.0335195530726257,0.00558659217877095,0.0223463687150838,0.0,0.013966480446927373,0.0111731843575419,0.0,0.19273743016759776
2768,44.25,-84.48,0.0048543689320388345,0.0048543689320388345,0.0,0.4053398058252427,0.0048543689320388345,0.055825242718446605,0.21844660194174756,0.0024271844660194173,0.01699029126213592,0.021844660194174758,0.007281553398058253,0.0412621359223301,0.02669902912621359,0.019417475728155338,0.16990291262135923
2769,44.42,-83.97,0.0025906735751295338,0.0,0.0,0.4378238341968912,0.03626943005181347,0.08808290155440414,0.12435233160621761,0.0,0.023316062176165803,0.03367875647668394,0.0051813471502590676,0.015544041450777202,0.023316062176165803,0.010362694300518135,0.19948186528497408
2770,43.98,-86.32,0.004132231404958678,0.002066115702479339,0.0,0.2975206611570248,0.030991735537190084,0.06611570247933884,0.1859504132231405,0.024793388429752067,0.014462809917355372,0.014462809917355372,0.008264462809917356,0.028925619834710745,0.010330578512396695,0.045454545454545456,0.2665289256198347
2771,43.85,-85.83,0.0,0.0,0.0,0.6005586592178771,0.0223463687150838,0.036312849162011177,0.1564245810055866,0.0223463687150838,0.0111731843575419,0.027932960893854747,0.00558659217877095,0.008379888268156424,0.0111731843575419,0.0,0.09776536312849161
2773,43.892714,-84.94226,0.0053475935828877,0.0,0.0,0.4411764705882353,0.016042780748663103,0.040106951871657755,0.22192513368983957,0.008021390374331552,0.0106951871657754,0.0213903743315508,0.0,0.016042780748663103,0.0106951871657754,0.0,0.20855614973262032
2775,43.98,-83.17,0.002320185614849188,0.0,0.0,0.3619489559164733,0.04640371229698376,0.07888631090487239,0.1368909512761021,0.07192575406032482,0.02088167053364269,0.06496519721577726,0.013921113689095127,0.03480278422273782,0.009280742459396751,0.0,0.15777262180974477
2776,43.7,-85.87,0.0,0.0024630541871921183,0.0,0.3842364532019704,0.012315270935960592,0.06157635467980296,0.22660098522167488,0.0024630541871921183,0.014778325123152709,0.024630541871921183,0.007389162561576354,0.022167487684729065,0.009852216748768473,0.0024630541871921183,0.229064039408867
2777,43.677906,-85.39495400000001,0.0,0.0,0.0,0.45734597156398105,0.03317535545023697,0.061611374407582936,0.15876777251184834,0.04976303317535545,0.014218009478672985,0.026066350710900472,0.0071090047393364926,0.0,0.009478672985781991,0.0071090047393364926,0.17535545023696683
2779,43.62,-84.73,0.004437869822485207,0.0014792899408284023,0.0,0.11834319526627218,0.0,0.03106508875739645,0.14053254437869822,0.0073964497041420114,0.01775147928994083,0.03550295857988166,0.005917159763313609,0.03106508875739645,0.0073964497041420114,0.03254437869822485,0.5665680473372781
2782,43.05,-83.82,0.002902757619738752,0.0,0.0,0.02902757619738752,0.001451378809869376,0.02177068214804064,0.11611030478955008,0.005805515239477504,0.033381712626995644,0.04354136429608128,0.008708272859216255,0.013062409288824383,0.005805515239477504,0.0043541364296081275,0.714078374455733
2784,43.17,-85.85,0.0,0.0,0.0,0.24507658643326038,0.006564551422319475,0.019693654266958426,0.20350109409190373,0.04814004376367615,0.0350109409190372,0.0437636761487965,0.010940919037199124,0.037199124726477024,0.015317286652078774,0.00437636761487965,0.3304157549234136
2785,43.27,-85.35,0.0051813471502590676,0.0,0.0,0.24611398963730569,0.010362694300518135,0.012953367875647668,0.22020725388601037,0.02072538860103627,0.02072538860103627,0.06994818652849741,0.0025906735751295338,0.025906735751295335,0.02072538860103627,0.023316062176165803,0.32124352331606215
2786,43.23,-85.05,0.0,0.0,0.0,0.23058823529411765,0.002352941176470588,0.04,0.21411764705882352,0.01411764705882353,0.01411764705882353,0.05176470588235294,0.007058823529411765,0.01647058823529412,0.007058823529411765,0.002352941176470588,0.4
2787,43.22,-83.47,0.0017301038062283738,0.0,0.0,0.2231833910034602,0.0017301038062283738,0.04498269896193772,0.14013840830449828,0.01384083044982699,0.031141868512110725,0.050173010380622836,0.00865051903114187,0.029411764705882353,0.031141868512110725,0.0328719723183391,0.39100346020761245
3059,46.185826,-89.70308200000001,0.017721518987341773,0.010126582278481013,0.007594936708860759,0.22531645569620254,0.05063291139240506,0.1949367088607595,0.030379746835443037,0.0,0.005063291139240506,0.005063291139240506,0.0,0.015189873417721518,0.05569620253164557,0.043037974683544304,0.3392405063291139
3075,42.28,-73.88,0.0,0.0,0.0,0.07455012853470437,0.010282776349614395,0.15167095115681234,0.3341902313624679,0.02056555269922879,0.06940874035989718,0.017994858611825194,0.04627249357326478,0.028277634961439587,0.0,0.017994858611825194,0.22879177377892032
3115,34.59,-78.47,0.0,0.0,0.0,0.5158245419211549,0.001665741254858412,0.002220988339811216,0.18600777345918934,0.0,0.008883953359244865,0.004441976679622432,0.012215435868961688,0.003886729594669628,0.006107717934480844,0.004441976679622432,0.2543031649083842
3117,44.122564,-73.97985800000001,0.1259259259259259,0.0345679012345679,0.0,0.06172839506172839,0.027160493827160494,0.4839506172839506,0.024691358024691357,0.024691358024691357,0.007407407407407408,0.019753086419753086,0.0,0.014814814814814815,0.022222222222222223,0.0,0.15308641975308643
3119,36.66667,-76.36667,0.0,0.0,0.0,0.11920529801324503,0.0,0.01545253863134658,0.37527593818984545,0.008830022075055188,0.006622516556291391,0.0,0.039735099337748346,0.006622516556291391,0.01545253863134658,0.0,0.41280353200883
3120,36.65,-76.47917,0.0,0.0,0.0,0.15088757396449703,0.0029585798816568047,0.008875739644970414,0.05917159763313609,0.0029585798816568047,0.0,0.0,0.008875739644970414,0.020710059171597635,0.0029585798816568047,0.0,0.742603550295858
3139,44.26667,-71.31667,0.04118404118404118,0.009009009009009009,0.0,0.05405405405405406,0.03088803088803089,0.5070785070785071,0.06435006435006435,0.03346203346203346,0.015444015444015444,0.005148005148005148,0.002574002574002574,0.018018018018018018,0.028314028314028315,0.0,0.19047619047619047
3141,35.90833,-90.10833,0.0,0.0,0.0,0.0058997050147492625,0.0,0.0,0.11799410029498525,0.0,0.02064896755162242,0.02064896755162242,0.008849557522123894,0.0058997050147492625,0.0,0.0,0.8200589970501475
3142,40.68056,-82.0625,0.0,0.0,0.0,0.012875536480686695,0.0,0.008583690987124463,0.2532188841201717,0.02145922746781116,0.017167381974248927,0.055793991416309016,0.03862660944206009,0.012875536480686695,0.0815450643776824,0.0,0.4978540772532189
3143,47.28,-92.62,0.028735632183908046,0.020114942528735632,0.014367816091954023,0.6264367816091954,0.0,0.09195402298850575,0.02586206896551724,0.0,0.0028735632183908046,0.008620689655172414,0.0,0.0,0.05459770114942529,0.0,0.12643678160919541
3144,49.58333,-93.75,0.12164948453608247,0.006185567010309278,0.0,0.6061855670103092,0.0,0.07010309278350516,0.008247422680412371,0.0,0.002061855670103093,0.0,0.0,0.0,0.06804123711340206,0.004123711340206186,0.1134020618556701
3145,47.175376,-95.167614,0.005780346820809248,0.014450867052023121,0.005780346820809248,0.5317919075144508,0.0,0.1416184971098266,0.06936416184971098,0.0,0.005780346820809248,0.005780346820809248,0.0,0.011560693641618497,0.03468208092485549,0.014450867052023121,0.15895953757225434
